2026-08-24 15:45:48 - root - INFO - ======================================================================
2026-08-24 15:45:48 - root - INFO - Logging initialized
2026-08-24 15:45:48 - root - INFO - Log file: ./logs\20260824_154546\vanguarddd_20260824_154546.log
2026-08-24 15:45:48 - root - INFO - Log level: DEBUG
2026-08-24 15:45:48 - root - INFO - ======================================================================
2026-08-24 15:45:48 - selenium.webdriver.common.selenium_manager - DEBUG - Selenium Manager binary found at: C:\Users\Mark Castro\AppData\Local\Programs\Python\Python311\Lib\site-packages\selenium\webdriver\common\windows\selenium-manager.exe
2026-08-24 15:45:48 - selenium.webdriver.common.selenium_manager - DEBUG - Executing process: C:\Users\Mark Castro\AppData\Local\Programs\Python\Python311\Lib\site-packages\selenium\webdriver\common\windows\selenium-manager.exe --browser chrome --debug --language-binding python --output json
2026-08-24 15:45:48 - selenium.webdriver.common.selenium_manager - DEBUG - chromedriver not found in PATH
2026-08-24 15:45:48 - selenium.webdriver.common.selenium_manager - DEBUG - chrome detected at C:\Program Files\Google\Chrome\Application\chrome.exe
2026-08-24 15:45:48 - selenium.webdriver.common.selenium_manager - DEBUG - Running command: wmic datafile where name='C:\\Program Files\\Google\\Chrome\\Application\\chrome.exe' get Version /value
2026-08-24 15:45:48 - selenium.webdriver.common.selenium_manager - DEBUG - Output: "\r\r\n\r\r\nVersion=151.0.7922.173\r\r\n\r\r\n\r\r\n\r"
2026-08-24 15:45:48 - selenium.webdriver.common.selenium_manager - DEBUG - Detected browser: chrome 151.0.7922.173
2026-08-24 15:45:48 - selenium.webdriver.common.selenium_manager - DEBUG - Required driver: chromedriver 151.0.7922.138
2026-08-24 15:45:48 - selenium.webdriver.common.selenium_manager - DEBUG - chromedriver 151.0.7922.138 already in the cache
2026-08-24 15:45:48 - selenium.webdriver.common.selenium_manager - DEBUG - Driver path: C:\Users\Mark Castro\.cache\selenium\chromedriver\win64\151.0.7922.138\chromedriver.exe
2026-08-24 15:45:48 - selenium.webdriver.common.selenium_manager - DEBUG - Browser path: C:\Program Files\Google\Chrome\Application\chrome.exe
2026-08-24 15:45:48 - selenium.webdriver.common.service - DEBUG - Started executable: `C:\Users\Mark Castro\.cache\selenium\chromedriver\win64\151.0.7922.138\chromedriver.exe` in a child process with pid: 7040 using 0 to output -3
2026-08-24 15:45:49 - selenium.webdriver.remote.remote_connection - DEBUG - POST http://localhost:63150/session {'capabilities': {'firstMatch': [{}], 'alwaysMatch': {'browserName': 'chrome', 'pageLoadStrategy': <PageLoadStrategy.normal: 'normal'>, 'browserVersion': None, 'goog:chromeOptions': {'extensions': [], 'binary': 'C:\\Program Files\\Google\\Chrome\\Application\\chrome.exe', 'args': ['--headless', '--disable-gpu', '--no-sandbox', '--disable-dev-shm-usage', '--window-size=1920,1080', '--user-agent=Mozilla/5.0 (Windows NT 10.0; Win64; x64) AppleWebKit/537.36 (KHTML, like Gecko) Chrome/120.0.0.0 Safari/537.36']}}}}
2026-08-24 15:45:49 - urllib3.connectionpool - DEBUG - Starting new HTTP connection (1): localhost:63150
2026-08-24 15:45:50 - urllib3.connectionpool - DEBUG - http://localhost:63150 "POST /session HTTP/1.1" 200 0
2026-08-24 15:45:50 - selenium.webdriver.remote.remote_connection - DEBUG - Remote response: status=200 | data={"value":{"capabilities":{"acceptInsecureCerts":false,"browserName":"chrome","browserVersion":"151.0.7922.173","chrome":{"chromedriverVersion":"151.0.7922.138 (41fa82442390a4d4456c78f2d69a832d5720cb27-refs/branch-heads/7922@{#2891})","userDataDir":"C:\\Users\\MARKCA~1\\AppData\\Local\\Temp\\scoped_dir7040_211682005"},"fedcm:accounts":true,"goog:chromeOptions":{"debuggerAddress":"localhost:63153"},"goog:processID":12744,"networkConnectionEnabled":false,"pageLoadStrategy":"normal","platformName":"windows","proxy":{},"setWindowRect":true,"strictFileInteractability":false,"timeouts":{"implicit":0,"pageLoad":300000,"script":30000},"unhandledPromptBehavior":"dismiss and notify","webauthn:extension:credBlob":true,"webauthn:extension:largeBlob":true,"webauthn:extension:minPinLength":true,"webauthn:extension:prf":true,"webauthn:virtualAuthenticators":true},"sessionId":"6c6a40017b19c636aa56c4a675a1a187"}} | headers=HTTPHeaderDict({'Content-Length': '908', 'Content-Type': 'application/json; charset=utf-8', 'cache-control': 'no-cache'})
2026-08-24 15:45:50 - selenium.webdriver.remote.remote_connection - DEBUG - Finished Request
2026-08-24 15:45:50 - selenium.webdriver.remote.remote_connection - DEBUG - POST http://localhost:63150/session/6c6a40017b19c636aa56c4a675a1a187/timeouts {'pageLoad': 60000}
2026-08-24 15:45:50 - urllib3.connectionpool - DEBUG - http://localhost:63150 "POST /session/6c6a40017b19c636aa56c4a675a1a187/timeouts HTTP/1.1" 200 0
2026-08-24 15:45:50 - selenium.webdriver.remote.remote_connection - DEBUG - Remote response: status=200 | data={"value":null} | headers=HTTPHeaderDict({'Content-Length': '14', 'Content-Type': 'application/json; charset=utf-8', 'cache-control': 'no-cache'})
2026-08-24 15:45:50 - selenium.webdriver.remote.remote_connection - DEBUG - Finished Request
2026-08-24 15:45:50 - scraper - INFO - Chrome driver initialized
2026-08-24 15:45:50 - scraper - INFO - 
======================================================================
Scraping VCIT: https://investor.vanguard.com/etf/profile/overview/vcit
======================================================================
2026-08-24 15:45:50 - scraper - INFO - Navigating to https://investor.vanguard.com/etf/profile/overview/vcit
2026-08-24 15:45:50 - selenium.webdriver.remote.remote_connection - DEBUG - POST http://localhost:63150/session/6c6a40017b19c636aa56c4a675a1a187/url {'url': 'https://investor.vanguard.com/etf/profile/overview/vcit'}
2026-08-24 15:45:54 - urllib3.connectionpool - DEBUG - http://localhost:63150 "POST /session/6c6a40017b19c636aa56c4a675a1a187/url HTTP/1.1" 200 0
2026-08-24 15:45:54 - selenium.webdriver.remote.remote_connection - DEBUG - Remote response: status=200 | data={"value":null} | headers=HTTPHeaderDict({'Content-Length': '14', 'Content-Type': 'application/json; charset=utf-8', 'cache-control': 'no-cache'})
2026-08-24 15:45:54 - selenium.webdriver.remote.remote_connection - DEBUG - Finished Request
2026-08-24 15:45:54 - selenium.webdriver.remote.remote_connection - DEBUG - POST http://localhost:63150/session/6c6a40017b19c636aa56c4a675a1a187/execute/sync {'script': "\n                var candidates = [\n                    document.querySelector('#onetrust-accept-btn...", 'args': []}
2026-08-24 15:45:55 - urllib3.connectionpool - DEBUG - http://localhost:63150 "POST /session/6c6a40017b19c636aa56c4a675a1a187/execute/sync HTTP/1.1" 200 0
2026-08-24 15:45:55 - selenium.webdriver.remote.remote_connection - DEBUG - Remote response: status=200 | data={"value":null} | headers=HTTPHeaderDict({'Content-Length': '14', 'Content-Type': 'application/json; charset=utf-8', 'cache-control': 'no-cache'})
2026-08-24 15:45:55 - selenium.webdriver.remote.remote_connection - DEBUG - Finished Request
2026-08-24 15:45:55 - selenium.webdriver.remote.remote_connection - DEBUG - POST http://localhost:63150/session/6c6a40017b19c636aa56c4a675a1a187/execute/sync {'script': "return document.querySelectorAll('[data-rpa-tag-id]').length > 0", 'args': []}
2026-08-24 15:45:55 - urllib3.connectionpool - DEBUG - http://localhost:63150 "POST /session/6c6a40017b19c636aa56c4a675a1a187/execute/sync HTTP/1.1" 200 0
2026-08-24 15:45:55 - selenium.webdriver.remote.remote_connection - DEBUG - Remote response: status=200 | data={"value":false} | headers=HTTPHeaderDict({'Content-Length': '15', 'Content-Type': 'application/json; charset=utf-8', 'cache-control': 'no-cache'})
2026-08-24 15:45:55 - selenium.webdriver.remote.remote_connection - DEBUG - Finished Request
2026-08-24 15:45:55 - selenium.webdriver.remote.remote_connection - DEBUG - POST http://localhost:63150/session/6c6a40017b19c636aa56c4a675a1a187/execute/sync {'script': "return document.querySelectorAll('[data-rpa-tag-id]').length > 0", 'args': []}
2026-08-24 15:45:55 - urllib3.connectionpool - DEBUG - http://localhost:63150 "POST /session/6c6a40017b19c636aa56c4a675a1a187/execute/sync HTTP/1.1" 200 0
2026-08-24 15:45:55 - selenium.webdriver.remote.remote_connection - DEBUG - Remote response: status=200 | data={"value":false} | headers=HTTPHeaderDict({'Content-Length': '15', 'Content-Type': 'application/json; charset=utf-8', 'cache-control': 'no-cache'})
2026-08-24 15:45:55 - selenium.webdriver.remote.remote_connection - DEBUG - Finished Request
2026-08-24 15:45:56 - selenium.webdriver.remote.remote_connection - DEBUG - POST http://localhost:63150/session/6c6a40017b19c636aa56c4a675a1a187/execute/sync {'script': "return document.querySelectorAll('[data-rpa-tag-id]').length > 0", 'args': []}
2026-08-24 15:45:56 - urllib3.connectionpool - DEBUG - http://localhost:63150 "POST /session/6c6a40017b19c636aa56c4a675a1a187/execute/sync HTTP/1.1" 200 0
2026-08-24 15:45:56 - selenium.webdriver.remote.remote_connection - DEBUG - Remote response: status=200 | data={"value":false} | headers=HTTPHeaderDict({'Content-Length': '15', 'Content-Type': 'application/json; charset=utf-8', 'cache-control': 'no-cache'})
2026-08-24 15:45:56 - selenium.webdriver.remote.remote_connection - DEBUG - Finished Request
2026-08-24 15:45:56 - selenium.webdriver.remote.remote_connection - DEBUG - POST http://localhost:63150/session/6c6a40017b19c636aa56c4a675a1a187/execute/sync {'script': "return document.querySelectorAll('[data-rpa-tag-id]').length > 0", 'args': []}
2026-08-24 15:45:56 - urllib3.connectionpool - DEBUG - http://localhost:63150 "POST /session/6c6a40017b19c636aa56c4a675a1a187/execute/sync HTTP/1.1" 200 0
2026-08-24 15:45:56 - selenium.webdriver.remote.remote_connection - DEBUG - Remote response: status=200 | data={"value":false} | headers=HTTPHeaderDict({'Content-Length': '15', 'Content-Type': 'application/json; charset=utf-8', 'cache-control': 'no-cache'})
2026-08-24 15:45:56 - selenium.webdriver.remote.remote_connection - DEBUG - Finished Request
2026-08-24 15:45:57 - selenium.webdriver.remote.remote_connection - DEBUG - POST http://localhost:63150/session/6c6a40017b19c636aa56c4a675a1a187/execute/sync {'script': "return document.querySelectorAll('[data-rpa-tag-id]').length > 0", 'args': []}
2026-08-24 15:45:57 - urllib3.connectionpool - DEBUG - http://localhost:63150 "POST /session/6c6a40017b19c636aa56c4a675a1a187/execute/sync HTTP/1.1" 200 0
2026-08-24 15:45:57 - selenium.webdriver.remote.remote_connection - DEBUG - Remote response: status=200 | data={"value":false} | headers=HTTPHeaderDict({'Content-Length': '15', 'Content-Type': 'application/json; charset=utf-8', 'cache-control': 'no-cache'})
2026-08-24 15:45:57 - selenium.webdriver.remote.remote_connection - DEBUG - Finished Request
2026-08-24 15:45:57 - selenium.webdriver.remote.remote_connection - DEBUG - POST http://localhost:63150/session/6c6a40017b19c636aa56c4a675a1a187/execute/sync {'script': "return document.querySelectorAll('[data-rpa-tag-id]').length > 0", 'args': []}
2026-08-24 15:45:57 - urllib3.connectionpool - DEBUG - http://localhost:63150 "POST /session/6c6a40017b19c636aa56c4a675a1a187/execute/sync HTTP/1.1" 200 0
2026-08-24 15:45:57 - selenium.webdriver.remote.remote_connection - DEBUG - Remote response: status=200 | data={"value":false} | headers=HTTPHeaderDict({'Content-Length': '15', 'Content-Type': 'application/json; charset=utf-8', 'cache-control': 'no-cache'})
2026-08-24 15:45:57 - selenium.webdriver.remote.remote_connection - DEBUG - Finished Request
2026-08-24 15:45:58 - selenium.webdriver.remote.remote_connection - DEBUG - POST http://localhost:63150/session/6c6a40017b19c636aa56c4a675a1a187/execute/sync {'script': "return document.querySelectorAll('[data-rpa-tag-id]').length > 0", 'args': []}
2026-08-24 15:45:58 - urllib3.connectionpool - DEBUG - http://localhost:63150 "POST /session/6c6a40017b19c636aa56c4a675a1a187/execute/sync HTTP/1.1" 200 0
2026-08-24 15:45:58 - selenium.webdriver.remote.remote_connection - DEBUG - Remote response: status=200 | data={"value":false} | headers=HTTPHeaderDict({'Content-Length': '15', 'Content-Type': 'application/json; charset=utf-8', 'cache-control': 'no-cache'})
2026-08-24 15:45:58 - selenium.webdriver.remote.remote_connection - DEBUG - Finished Request
2026-08-24 15:45:58 - selenium.webdriver.remote.remote_connection - DEBUG - POST http://localhost:63150/session/6c6a40017b19c636aa56c4a675a1a187/execute/sync {'script': "return document.querySelectorAll('[data-rpa-tag-id]').length > 0", 'args': []}
2026-08-24 15:45:58 - urllib3.connectionpool - DEBUG - http://localhost:63150 "POST /session/6c6a40017b19c636aa56c4a675a1a187/execute/sync HTTP/1.1" 200 0
2026-08-24 15:45:58 - selenium.webdriver.remote.remote_connection - DEBUG - Remote response: status=200 | data={"value":false} | headers=HTTPHeaderDict({'Content-Length': '15', 'Content-Type': 'application/json; charset=utf-8', 'cache-control': 'no-cache'})
2026-08-24 15:45:58 - selenium.webdriver.remote.remote_connection - DEBUG - Finished Request
2026-08-24 15:45:59 - selenium.webdriver.remote.remote_connection - DEBUG - POST http://localhost:63150/session/6c6a40017b19c636aa56c4a675a1a187/execute/sync {'script': "return document.querySelectorAll('[data-rpa-tag-id]').length > 0", 'args': []}
2026-08-24 15:45:59 - urllib3.connectionpool - DEBUG - http://localhost:63150 "POST /session/6c6a40017b19c636aa56c4a675a1a187/execute/sync HTTP/1.1" 200 0
2026-08-24 15:45:59 - selenium.webdriver.remote.remote_connection - DEBUG - Remote response: status=200 | data={"value":false} | headers=HTTPHeaderDict({'Content-Length': '15', 'Content-Type': 'application/json; charset=utf-8', 'cache-control': 'no-cache'})
2026-08-24 15:45:59 - selenium.webdriver.remote.remote_connection - DEBUG - Finished Request
2026-08-24 15:45:59 - selenium.webdriver.remote.remote_connection - DEBUG - POST http://localhost:63150/session/6c6a40017b19c636aa56c4a675a1a187/execute/sync {'script': "return document.querySelectorAll('[data-rpa-tag-id]').length > 0", 'args': []}
2026-08-24 15:46:01 - urllib3.connectionpool - DEBUG - http://localhost:63150 "POST /session/6c6a40017b19c636aa56c4a675a1a187/execute/sync HTTP/1.1" 200 0
2026-08-24 15:46:01 - selenium.webdriver.remote.remote_connection - DEBUG - Remote response: status=200 | data={"value":false} | headers=HTTPHeaderDict({'Content-Length': '15', 'Content-Type': 'application/json; charset=utf-8', 'cache-control': 'no-cache'})
2026-08-24 15:46:01 - selenium.webdriver.remote.remote_connection - DEBUG - Finished Request
2026-08-24 15:46:02 - selenium.webdriver.remote.remote_connection - DEBUG - POST http://localhost:63150/session/6c6a40017b19c636aa56c4a675a1a187/execute/sync {'script': "return document.querySelectorAll('[data-rpa-tag-id]').length > 0", 'args': []}
2026-08-24 15:46:02 - urllib3.connectionpool - DEBUG - http://localhost:63150 "POST /session/6c6a40017b19c636aa56c4a675a1a187/execute/sync HTTP/1.1" 200 0
2026-08-24 15:46:02 - selenium.webdriver.remote.remote_connection - DEBUG - Remote response: status=200 | data={"value":false} | headers=HTTPHeaderDict({'Content-Length': '15', 'Content-Type': 'application/json; charset=utf-8', 'cache-control': 'no-cache'})
2026-08-24 15:46:02 - selenium.webdriver.remote.remote_connection - DEBUG - Finished Request
2026-08-24 15:46:02 - selenium.webdriver.remote.remote_connection - DEBUG - POST http://localhost:63150/session/6c6a40017b19c636aa56c4a675a1a187/execute/sync {'script': "return document.querySelectorAll('[data-rpa-tag-id]').length > 0", 'args': []}
2026-08-24 15:46:02 - urllib3.connectionpool - DEBUG - http://localhost:63150 "POST /session/6c6a40017b19c636aa56c4a675a1a187/execute/sync HTTP/1.1" 200 0
2026-08-24 15:46:02 - selenium.webdriver.remote.remote_connection - DEBUG - Remote response: status=200 | data={"value":false} | headers=HTTPHeaderDict({'Content-Length': '15', 'Content-Type': 'application/json; charset=utf-8', 'cache-control': 'no-cache'})
2026-08-24 15:46:02 - selenium.webdriver.remote.remote_connection - DEBUG - Finished Request
2026-08-24 15:46:03 - selenium.webdriver.remote.remote_connection - DEBUG - POST http://localhost:63150/session/6c6a40017b19c636aa56c4a675a1a187/execute/sync {'script': "return document.querySelectorAll('[data-rpa-tag-id]').length > 0", 'args': []}
2026-08-24 15:46:03 - urllib3.connectionpool - DEBUG - http://localhost:63150 "POST /session/6c6a40017b19c636aa56c4a675a1a187/execute/sync HTTP/1.1" 200 0
2026-08-24 15:46:03 - selenium.webdriver.remote.remote_connection - DEBUG - Remote response: status=200 | data={"value":false} | headers=HTTPHeaderDict({'Content-Length': '15', 'Content-Type': 'application/json; charset=utf-8', 'cache-control': 'no-cache'})
2026-08-24 15:46:03 - selenium.webdriver.remote.remote_connection - DEBUG - Finished Request
2026-08-24 15:46:03 - selenium.webdriver.remote.remote_connection - DEBUG - POST http://localhost:63150/session/6c6a40017b19c636aa56c4a675a1a187/execute/sync {'script': "return document.querySelectorAll('[data-rpa-tag-id]').length > 0", 'args': []}
2026-08-24 15:46:03 - urllib3.connectionpool - DEBUG - http://localhost:63150 "POST /session/6c6a40017b19c636aa56c4a675a1a187/execute/sync HTTP/1.1" 200 0
2026-08-24 15:46:03 - selenium.webdriver.remote.remote_connection - DEBUG - Remote response: status=200 | data={"value":false} | headers=HTTPHeaderDict({'Content-Length': '15', 'Content-Type': 'application/json; charset=utf-8', 'cache-control': 'no-cache'})
2026-08-24 15:46:03 - selenium.webdriver.remote.remote_connection - DEBUG - Finished Request
2026-08-24 15:46:04 - selenium.webdriver.remote.remote_connection - DEBUG - POST http://localhost:63150/session/6c6a40017b19c636aa56c4a675a1a187/execute/sync {'script': "return document.querySelectorAll('[data-rpa-tag-id]').length > 0", 'args': []}
2026-08-24 15:46:04 - urllib3.connectionpool - DEBUG - http://localhost:63150 "POST /session/6c6a40017b19c636aa56c4a675a1a187/execute/sync HTTP/1.1" 200 0
2026-08-24 15:46:04 - selenium.webdriver.remote.remote_connection - DEBUG - Remote response: status=200 | data={"value":false} | headers=HTTPHeaderDict({'Content-Length': '15', 'Content-Type': 'application/json; charset=utf-8', 'cache-control': 'no-cache'})
2026-08-24 15:46:04 - selenium.webdriver.remote.remote_connection - DEBUG - Finished Request
2026-08-24 15:46:04 - selenium.webdriver.remote.remote_connection - DEBUG - POST http://localhost:63150/session/6c6a40017b19c636aa56c4a675a1a187/execute/sync {'script': "return document.querySelectorAll('[data-rpa-tag-id]').length > 0", 'args': []}
2026-08-24 15:46:04 - urllib3.connectionpool - DEBUG - http://localhost:63150 "POST /session/6c6a40017b19c636aa56c4a675a1a187/execute/sync HTTP/1.1" 200 0
2026-08-24 15:46:04 - selenium.webdriver.remote.remote_connection - DEBUG - Remote response: status=200 | data={"value":false} | headers=HTTPHeaderDict({'Content-Length': '15', 'Content-Type': 'application/json; charset=utf-8', 'cache-control': 'no-cache'})
2026-08-24 15:46:04 - selenium.webdriver.remote.remote_connection - DEBUG - Finished Request
2026-08-24 15:46:05 - selenium.webdriver.remote.remote_connection - DEBUG - POST http://localhost:63150/session/6c6a40017b19c636aa56c4a675a1a187/execute/sync {'script': "return document.querySelectorAll('[data-rpa-tag-id]').length > 0", 'args': []}
2026-08-24 15:46:05 - urllib3.connectionpool - DEBUG - http://localhost:63150 "POST /session/6c6a40017b19c636aa56c4a675a1a187/execute/sync HTTP/1.1" 200 0
2026-08-24 15:46:05 - selenium.webdriver.remote.remote_connection - DEBUG - Remote response: status=200 | data={"value":false} | headers=HTTPHeaderDict({'Content-Length': '15', 'Content-Type': 'application/json; charset=utf-8', 'cache-control': 'no-cache'})
2026-08-24 15:46:05 - selenium.webdriver.remote.remote_connection - DEBUG - Finished Request
2026-08-24 15:46:05 - selenium.webdriver.remote.remote_connection - DEBUG - POST http://localhost:63150/session/6c6a40017b19c636aa56c4a675a1a187/execute/sync {'script': "return document.querySelectorAll('[data-rpa-tag-id]').length > 0", 'args': []}
2026-08-24 15:46:05 - urllib3.connectionpool - DEBUG - http://localhost:63150 "POST /session/6c6a40017b19c636aa56c4a675a1a187/execute/sync HTTP/1.1" 200 0
2026-08-24 15:46:05 - selenium.webdriver.remote.remote_connection - DEBUG - Remote response: status=200 | data={"value":false} | headers=HTTPHeaderDict({'Content-Length': '15', 'Content-Type': 'application/json; charset=utf-8', 'cache-control': 'no-cache'})
2026-08-24 15:46:05 - selenium.webdriver.remote.remote_connection - DEBUG - Finished Request
2026-08-24 15:46:06 - selenium.webdriver.remote.remote_connection - DEBUG - POST http://localhost:63150/session/6c6a40017b19c636aa56c4a675a1a187/execute/sync {'script': "return document.querySelectorAll('[data-rpa-tag-id]').length > 0", 'args': []}
2026-08-24 15:46:06 - urllib3.connectionpool - DEBUG - http://localhost:63150 "POST /session/6c6a40017b19c636aa56c4a675a1a187/execute/sync HTTP/1.1" 200 0
2026-08-24 15:46:06 - selenium.webdriver.remote.remote_connection - DEBUG - Remote response: status=200 | data={"value":false} | headers=HTTPHeaderDict({'Content-Length': '15', 'Content-Type': 'application/json; charset=utf-8', 'cache-control': 'no-cache'})
2026-08-24 15:46:06 - selenium.webdriver.remote.remote_connection - DEBUG - Finished Request
2026-08-24 15:46:06 - selenium.webdriver.remote.remote_connection - DEBUG - POST http://localhost:63150/session/6c6a40017b19c636aa56c4a675a1a187/execute/sync {'script': "return document.querySelectorAll('[data-rpa-tag-id]').length > 0", 'args': []}
2026-08-24 15:46:06 - urllib3.connectionpool - DEBUG - http://localhost:63150 "POST /session/6c6a40017b19c636aa56c4a675a1a187/execute/sync HTTP/1.1" 200 0
2026-08-24 15:46:06 - selenium.webdriver.remote.remote_connection - DEBUG - Remote response: status=200 | data={"value":false} | headers=HTTPHeaderDict({'Content-Length': '15', 'Content-Type': 'application/json; charset=utf-8', 'cache-control': 'no-cache'})
2026-08-24 15:46:06 - selenium.webdriver.remote.remote_connection - DEBUG - Finished Request
2026-08-24 15:46:07 - selenium.webdriver.remote.remote_connection - DEBUG - POST http://localhost:63150/session/6c6a40017b19c636aa56c4a675a1a187/execute/sync {'script': "return document.querySelectorAll('[data-rpa-tag-id]').length > 0", 'args': []}
2026-08-24 15:46:07 - urllib3.connectionpool - DEBUG - http://localhost:63150 "POST /session/6c6a40017b19c636aa56c4a675a1a187/execute/sync HTTP/1.1" 200 0
2026-08-24 15:46:07 - selenium.webdriver.remote.remote_connection - DEBUG - Remote response: status=200 | data={"value":false} | headers=HTTPHeaderDict({'Content-Length': '15', 'Content-Type': 'application/json; charset=utf-8', 'cache-control': 'no-cache'})
2026-08-24 15:46:07 - selenium.webdriver.remote.remote_connection - DEBUG - Finished Request
2026-08-24 15:46:07 - selenium.webdriver.remote.remote_connection - DEBUG - POST http://localhost:63150/session/6c6a40017b19c636aa56c4a675a1a187/execute/sync {'script': "return document.querySelectorAll('[data-rpa-tag-id]').length > 0", 'args': []}
2026-08-24 15:46:07 - urllib3.connectionpool - DEBUG - http://localhost:63150 "POST /session/6c6a40017b19c636aa56c4a675a1a187/execute/sync HTTP/1.1" 200 0
2026-08-24 15:46:07 - selenium.webdriver.remote.remote_connection - DEBUG - Remote response: status=200 | data={"value":false} | headers=HTTPHeaderDict({'Content-Length': '15', 'Content-Type': 'application/json; charset=utf-8', 'cache-control': 'no-cache'})
2026-08-24 15:46:07 - selenium.webdriver.remote.remote_connection - DEBUG - Finished Request
2026-08-24 15:46:08 - selenium.webdriver.remote.remote_connection - DEBUG - POST http://localhost:63150/session/6c6a40017b19c636aa56c4a675a1a187/execute/sync {'script': "return document.querySelectorAll('[data-rpa-tag-id]').length > 0", 'args': []}
2026-08-24 15:46:08 - urllib3.connectionpool - DEBUG - http://localhost:63150 "POST /session/6c6a40017b19c636aa56c4a675a1a187/execute/sync HTTP/1.1" 200 0
2026-08-24 15:46:08 - selenium.webdriver.remote.remote_connection - DEBUG - Remote response: status=200 | data={"value":false} | headers=HTTPHeaderDict({'Content-Length': '15', 'Content-Type': 'application/json; charset=utf-8', 'cache-control': 'no-cache'})
2026-08-24 15:46:08 - selenium.webdriver.remote.remote_connection - DEBUG - Finished Request
2026-08-24 15:46:08 - selenium.webdriver.remote.remote_connection - DEBUG - POST http://localhost:63150/session/6c6a40017b19c636aa56c4a675a1a187/execute/sync {'script': "return document.querySelectorAll('[data-rpa-tag-id]').length > 0", 'args': []}
2026-08-24 15:46:08 - urllib3.connectionpool - DEBUG - http://localhost:63150 "POST /session/6c6a40017b19c636aa56c4a675a1a187/execute/sync HTTP/1.1" 200 0
2026-08-24 15:46:08 - selenium.webdriver.remote.remote_connection - DEBUG - Remote response: status=200 | data={"value":false} | headers=HTTPHeaderDict({'Content-Length': '15', 'Content-Type': 'application/json; charset=utf-8', 'cache-control': 'no-cache'})
2026-08-24 15:46:08 - selenium.webdriver.remote.remote_connection - DEBUG - Finished Request
2026-08-24 15:46:09 - selenium.webdriver.remote.remote_connection - DEBUG - POST http://localhost:63150/session/6c6a40017b19c636aa56c4a675a1a187/execute/sync {'script': "return document.querySelectorAll('[data-rpa-tag-id]').length > 0", 'args': []}
2026-08-24 15:46:09 - urllib3.connectionpool - DEBUG - http://localhost:63150 "POST /session/6c6a40017b19c636aa56c4a675a1a187/execute/sync HTTP/1.1" 200 0
2026-08-24 15:46:09 - selenium.webdriver.remote.remote_connection - DEBUG - Remote response: status=200 | data={"value":false} | headers=HTTPHeaderDict({'Content-Length': '15', 'Content-Type': 'application/json; charset=utf-8', 'cache-control': 'no-cache'})
2026-08-24 15:46:09 - selenium.webdriver.remote.remote_connection - DEBUG - Finished Request
2026-08-24 15:46:09 - selenium.webdriver.remote.remote_connection - DEBUG - POST http://localhost:63150/session/6c6a40017b19c636aa56c4a675a1a187/execute/sync {'script': "return document.querySelectorAll('[data-rpa-tag-id]').length > 0", 'args': []}
2026-08-24 15:46:09 - urllib3.connectionpool - DEBUG - http://localhost:63150 "POST /session/6c6a40017b19c636aa56c4a675a1a187/execute/sync HTTP/1.1" 200 0
2026-08-24 15:46:09 - selenium.webdriver.remote.remote_connection - DEBUG - Remote response: status=200 | data={"value":false} | headers=HTTPHeaderDict({'Content-Length': '15', 'Content-Type': 'application/json; charset=utf-8', 'cache-control': 'no-cache'})
2026-08-24 15:46:09 - selenium.webdriver.remote.remote_connection - DEBUG - Finished Request
2026-08-24 15:46:10 - selenium.webdriver.remote.remote_connection - DEBUG - POST http://localhost:63150/session/6c6a40017b19c636aa56c4a675a1a187/execute/sync {'script': "return document.querySelectorAll('[data-rpa-tag-id]').length > 0", 'args': []}
2026-08-24 15:46:10 - urllib3.connectionpool - DEBUG - http://localhost:63150 "POST /session/6c6a40017b19c636aa56c4a675a1a187/execute/sync HTTP/1.1" 200 0
2026-08-24 15:46:10 - selenium.webdriver.remote.remote_connection - DEBUG - Remote response: status=200 | data={"value":false} | headers=HTTPHeaderDict({'Content-Length': '15', 'Content-Type': 'application/json; charset=utf-8', 'cache-control': 'no-cache'})
2026-08-24 15:46:10 - selenium.webdriver.remote.remote_connection - DEBUG - Finished Request
2026-08-24 15:46:11 - selenium.webdriver.remote.remote_connection - DEBUG - POST http://localhost:63150/session/6c6a40017b19c636aa56c4a675a1a187/execute/sync {'script': "return document.querySelectorAll('[data-rpa-tag-id]').length > 0", 'args': []}
2026-08-24 15:46:11 - urllib3.connectionpool - DEBUG - http://localhost:63150 "POST /session/6c6a40017b19c636aa56c4a675a1a187/execute/sync HTTP/1.1" 200 0
2026-08-24 15:46:11 - selenium.webdriver.remote.remote_connection - DEBUG - Remote response: status=200 | data={"value":false} | headers=HTTPHeaderDict({'Content-Length': '15', 'Content-Type': 'application/json; charset=utf-8', 'cache-control': 'no-cache'})
2026-08-24 15:46:11 - selenium.webdriver.remote.remote_connection - DEBUG - Finished Request
2026-08-24 15:46:11 - selenium.webdriver.remote.remote_connection - DEBUG - POST http://localhost:63150/session/6c6a40017b19c636aa56c4a675a1a187/execute/sync {'script': "return document.querySelectorAll('[data-rpa-tag-id]').length > 0", 'args': []}
2026-08-24 15:46:11 - urllib3.connectionpool - DEBUG - http://localhost:63150 "POST /session/6c6a40017b19c636aa56c4a675a1a187/execute/sync HTTP/1.1" 200 0
2026-08-24 15:46:11 - selenium.webdriver.remote.remote_connection - DEBUG - Remote response: status=200 | data={"value":false} | headers=HTTPHeaderDict({'Content-Length': '15', 'Content-Type': 'application/json; charset=utf-8', 'cache-control': 'no-cache'})
2026-08-24 15:46:11 - selenium.webdriver.remote.remote_connection - DEBUG - Finished Request
2026-08-24 15:46:12 - selenium.webdriver.remote.remote_connection - DEBUG - POST http://localhost:63150/session/6c6a40017b19c636aa56c4a675a1a187/execute/sync {'script': "return document.querySelectorAll('[data-rpa-tag-id]').length > 0", 'args': []}
2026-08-24 15:46:12 - urllib3.connectionpool - DEBUG - http://localhost:63150 "POST /session/6c6a40017b19c636aa56c4a675a1a187/execute/sync HTTP/1.1" 200 0
2026-08-24 15:46:12 - selenium.webdriver.remote.remote_connection - DEBUG - Remote response: status=200 | data={"value":false} | headers=HTTPHeaderDict({'Content-Length': '15', 'Content-Type': 'application/json; charset=utf-8', 'cache-control': 'no-cache'})
2026-08-24 15:46:12 - selenium.webdriver.remote.remote_connection - DEBUG - Finished Request
2026-08-24 15:46:12 - selenium.webdriver.remote.remote_connection - DEBUG - POST http://localhost:63150/session/6c6a40017b19c636aa56c4a675a1a187/execute/sync {'script': "return document.querySelectorAll('[data-rpa-tag-id]').length > 0", 'args': []}
2026-08-24 15:46:12 - urllib3.connectionpool - DEBUG - http://localhost:63150 "POST /session/6c6a40017b19c636aa56c4a675a1a187/execute/sync HTTP/1.1" 200 0
2026-08-24 15:46:12 - selenium.webdriver.remote.remote_connection - DEBUG - Remote response: status=200 | data={"value":false} | headers=HTTPHeaderDict({'Content-Length': '15', 'Content-Type': 'application/json; charset=utf-8', 'cache-control': 'no-cache'})
2026-08-24 15:46:12 - selenium.webdriver.remote.remote_connection - DEBUG - Finished Request
2026-08-24 15:46:13 - selenium.webdriver.remote.remote_connection - DEBUG - POST http://localhost:63150/session/6c6a40017b19c636aa56c4a675a1a187/execute/sync {'script': "return document.querySelectorAll('[data-rpa-tag-id]').length > 0", 'args': []}
2026-08-24 15:46:13 - urllib3.connectionpool - DEBUG - http://localhost:63150 "POST /session/6c6a40017b19c636aa56c4a675a1a187/execute/sync HTTP/1.1" 200 0
2026-08-24 15:46:13 - selenium.webdriver.remote.remote_connection - DEBUG - Remote response: status=200 | data={"value":false} | headers=HTTPHeaderDict({'Content-Length': '15', 'Content-Type': 'application/json; charset=utf-8', 'cache-control': 'no-cache'})
2026-08-24 15:46:13 - selenium.webdriver.remote.remote_connection - DEBUG - Finished Request
2026-08-24 15:46:13 - selenium.webdriver.remote.remote_connection - DEBUG - POST http://localhost:63150/session/6c6a40017b19c636aa56c4a675a1a187/execute/sync {'script': "return document.querySelectorAll('[data-rpa-tag-id]').length > 0", 'args': []}
2026-08-24 15:46:13 - urllib3.connectionpool - DEBUG - http://localhost:63150 "POST /session/6c6a40017b19c636aa56c4a675a1a187/execute/sync HTTP/1.1" 200 0
2026-08-24 15:46:13 - selenium.webdriver.remote.remote_connection - DEBUG - Remote response: status=200 | data={"value":false} | headers=HTTPHeaderDict({'Content-Length': '15', 'Content-Type': 'application/json; charset=utf-8', 'cache-control': 'no-cache'})
2026-08-24 15:46:13 - selenium.webdriver.remote.remote_connection - DEBUG - Finished Request
2026-08-24 15:46:14 - selenium.webdriver.remote.remote_connection - DEBUG - POST http://localhost:63150/session/6c6a40017b19c636aa56c4a675a1a187/execute/sync {'script': "return document.querySelectorAll('[data-rpa-tag-id]').length > 0", 'args': []}
2026-08-24 15:46:14 - urllib3.connectionpool - DEBUG - http://localhost:63150 "POST /session/6c6a40017b19c636aa56c4a675a1a187/execute/sync HTTP/1.1" 200 0
2026-08-24 15:46:14 - selenium.webdriver.remote.remote_connection - DEBUG - Remote response: status=200 | data={"value":false} | headers=HTTPHeaderDict({'Content-Length': '15', 'Content-Type': 'application/json; charset=utf-8', 'cache-control': 'no-cache'})
2026-08-24 15:46:14 - selenium.webdriver.remote.remote_connection - DEBUG - Finished Request
2026-08-24 15:46:14 - selenium.webdriver.remote.remote_connection - DEBUG - POST http://localhost:63150/session/6c6a40017b19c636aa56c4a675a1a187/execute/sync {'script': "return document.querySelectorAll('[data-rpa-tag-id]').length > 0", 'args': []}
2026-08-24 15:46:14 - urllib3.connectionpool - DEBUG - http://localhost:63150 "POST /session/6c6a40017b19c636aa56c4a675a1a187/execute/sync HTTP/1.1" 200 0
2026-08-24 15:46:14 - selenium.webdriver.remote.remote_connection - DEBUG - Remote response: status=200 | data={"value":false} | headers=HTTPHeaderDict({'Content-Length': '15', 'Content-Type': 'application/json; charset=utf-8', 'cache-control': 'no-cache'})
2026-08-24 15:46:14 - selenium.webdriver.remote.remote_connection - DEBUG - Finished Request
2026-08-24 15:46:15 - selenium.webdriver.remote.remote_connection - DEBUG - POST http://localhost:63150/session/6c6a40017b19c636aa56c4a675a1a187/execute/sync {'script': "return document.querySelectorAll('[data-rpa-tag-id]').length > 0", 'args': []}
2026-08-24 15:46:15 - urllib3.connectionpool - DEBUG - http://localhost:63150 "POST /session/6c6a40017b19c636aa56c4a675a1a187/execute/sync HTTP/1.1" 200 0
2026-08-24 15:46:15 - selenium.webdriver.remote.remote_connection - DEBUG - Remote response: status=200 | data={"value":false} | headers=HTTPHeaderDict({'Content-Length': '15', 'Content-Type': 'application/json; charset=utf-8', 'cache-control': 'no-cache'})
2026-08-24 15:46:15 - selenium.webdriver.remote.remote_connection - DEBUG - Finished Request
2026-08-24 15:46:15 - selenium.webdriver.remote.remote_connection - DEBUG - POST http://localhost:63150/session/6c6a40017b19c636aa56c4a675a1a187/execute/sync {'script': "return document.querySelectorAll('[data-rpa-tag-id]').length > 0", 'args': []}
2026-08-24 15:46:15 - urllib3.connectionpool - DEBUG - http://localhost:63150 "POST /session/6c6a40017b19c636aa56c4a675a1a187/execute/sync HTTP/1.1" 200 0
2026-08-24 15:46:15 - selenium.webdriver.remote.remote_connection - DEBUG - Remote response: status=200 | data={"value":false} | headers=HTTPHeaderDict({'Content-Length': '15', 'Content-Type': 'application/json; charset=utf-8', 'cache-control': 'no-cache'})
2026-08-24 15:46:15 - selenium.webdriver.remote.remote_connection - DEBUG - Finished Request
2026-08-24 15:46:16 - selenium.webdriver.remote.remote_connection - DEBUG - POST http://localhost:63150/session/6c6a40017b19c636aa56c4a675a1a187/execute/sync {'script': "return document.querySelectorAll('[data-rpa-tag-id]').length > 0", 'args': []}
2026-08-24 15:46:16 - urllib3.connectionpool - DEBUG - http://localhost:63150 "POST /session/6c6a40017b19c636aa56c4a675a1a187/execute/sync HTTP/1.1" 200 0
2026-08-24 15:46:16 - selenium.webdriver.remote.remote_connection - DEBUG - Remote response: status=200 | data={"value":false} | headers=HTTPHeaderDict({'Content-Length': '15', 'Content-Type': 'application/json; charset=utf-8', 'cache-control': 'no-cache'})
2026-08-24 15:46:16 - selenium.webdriver.remote.remote_connection - DEBUG - Finished Request
2026-08-24 15:46:16 - selenium.webdriver.remote.remote_connection - DEBUG - POST http://localhost:63150/session/6c6a40017b19c636aa56c4a675a1a187/execute/sync {'script': "return document.querySelectorAll('[data-rpa-tag-id]').length > 0", 'args': []}
2026-08-24 15:46:16 - urllib3.connectionpool - DEBUG - http://localhost:63150 "POST /session/6c6a40017b19c636aa56c4a675a1a187/execute/sync HTTP/1.1" 200 0
2026-08-24 15:46:16 - selenium.webdriver.remote.remote_connection - DEBUG - Remote response: status=200 | data={"value":false} | headers=HTTPHeaderDict({'Content-Length': '15', 'Content-Type': 'application/json; charset=utf-8', 'cache-control': 'no-cache'})
2026-08-24 15:46:16 - selenium.webdriver.remote.remote_connection - DEBUG - Finished Request
2026-08-24 15:46:17 - selenium.webdriver.remote.remote_connection - DEBUG - POST http://localhost:63150/session/6c6a40017b19c636aa56c4a675a1a187/execute/sync {'script': "return document.querySelectorAll('[data-rpa-tag-id]').length > 0", 'args': []}
2026-08-24 15:46:17 - urllib3.connectionpool - DEBUG - http://localhost:63150 "POST /session/6c6a40017b19c636aa56c4a675a1a187/execute/sync HTTP/1.1" 200 0
2026-08-24 15:46:17 - selenium.webdriver.remote.remote_connection - DEBUG - Remote response: status=200 | data={"value":false} | headers=HTTPHeaderDict({'Content-Length': '15', 'Content-Type': 'application/json; charset=utf-8', 'cache-control': 'no-cache'})
2026-08-24 15:46:17 - selenium.webdriver.remote.remote_connection - DEBUG - Finished Request
2026-08-24 15:46:17 - selenium.webdriver.remote.remote_connection - DEBUG - POST http://localhost:63150/session/6c6a40017b19c636aa56c4a675a1a187/execute/sync {'script': "return document.querySelectorAll('[data-rpa-tag-id]').length > 0", 'args': []}
2026-08-24 15:46:18 - urllib3.connectionpool - DEBUG - http://localhost:63150 "POST /session/6c6a40017b19c636aa56c4a675a1a187/execute/sync HTTP/1.1" 200 0
2026-08-24 15:46:18 - selenium.webdriver.remote.remote_connection - DEBUG - Remote response: status=200 | data={"value":false} | headers=HTTPHeaderDict({'Content-Length': '15', 'Content-Type': 'application/json; charset=utf-8', 'cache-control': 'no-cache'})
2026-08-24 15:46:18 - selenium.webdriver.remote.remote_connection - DEBUG - Finished Request
2026-08-24 15:46:18 - selenium.webdriver.remote.remote_connection - DEBUG - POST http://localhost:63150/session/6c6a40017b19c636aa56c4a675a1a187/execute/sync {'script': "return document.querySelectorAll('[data-rpa-tag-id]').length > 0", 'args': []}
2026-08-24 15:46:19 - urllib3.connectionpool - DEBUG - http://localhost:63150 "POST /session/6c6a40017b19c636aa56c4a675a1a187/execute/sync HTTP/1.1" 200 0
2026-08-24 15:46:19 - selenium.webdriver.remote.remote_connection - DEBUG - Remote response: status=200 | data={"value":false} | headers=HTTPHeaderDict({'Content-Length': '15', 'Content-Type': 'application/json; charset=utf-8', 'cache-control': 'no-cache'})
2026-08-24 15:46:19 - selenium.webdriver.remote.remote_connection - DEBUG - Finished Request
2026-08-24 15:46:19 - selenium.webdriver.remote.remote_connection - DEBUG - POST http://localhost:63150/session/6c6a40017b19c636aa56c4a675a1a187/execute/sync {'script': "return document.querySelectorAll('[data-rpa-tag-id]').length > 0", 'args': []}
2026-08-24 15:46:20 - urllib3.connectionpool - DEBUG - http://localhost:63150 "POST /session/6c6a40017b19c636aa56c4a675a1a187/execute/sync HTTP/1.1" 200 0
2026-08-24 15:46:20 - selenium.webdriver.remote.remote_connection - DEBUG - Remote response: status=200 | data={"value":false} | headers=HTTPHeaderDict({'Content-Length': '15', 'Content-Type': 'application/json; charset=utf-8', 'cache-control': 'no-cache'})
2026-08-24 15:46:20 - selenium.webdriver.remote.remote_connection - DEBUG - Finished Request
2026-08-24 15:46:20 - selenium.webdriver.remote.remote_connection - DEBUG - POST http://localhost:63150/session/6c6a40017b19c636aa56c4a675a1a187/execute/sync {'script': "return document.querySelectorAll('[data-rpa-tag-id]').length > 0", 'args': []}
2026-08-24 15:46:20 - urllib3.connectionpool - DEBUG - http://localhost:63150 "POST /session/6c6a40017b19c636aa56c4a675a1a187/execute/sync HTTP/1.1" 200 0
2026-08-24 15:46:20 - selenium.webdriver.remote.remote_connection - DEBUG - Remote response: status=200 | data={"value":false} | headers=HTTPHeaderDict({'Content-Length': '15', 'Content-Type': 'application/json; charset=utf-8', 'cache-control': 'no-cache'})
2026-08-24 15:46:20 - selenium.webdriver.remote.remote_connection - DEBUG - Finished Request
2026-08-24 15:46:21 - selenium.webdriver.remote.remote_connection - DEBUG - POST http://localhost:63150/session/6c6a40017b19c636aa56c4a675a1a187/execute/sync {'script': "return document.querySelectorAll('[data-rpa-tag-id]').length > 0", 'args': []}
2026-08-24 15:46:21 - urllib3.connectionpool - DEBUG - http://localhost:63150 "POST /session/6c6a40017b19c636aa56c4a675a1a187/execute/sync HTTP/1.1" 200 0
2026-08-24 15:46:21 - selenium.webdriver.remote.remote_connection - DEBUG - Remote response: status=200 | data={"value":false} | headers=HTTPHeaderDict({'Content-Length': '15', 'Content-Type': 'application/json; charset=utf-8', 'cache-control': 'no-cache'})
2026-08-24 15:46:21 - selenium.webdriver.remote.remote_connection - DEBUG - Finished Request
2026-08-24 15:46:21 - selenium.webdriver.remote.remote_connection - DEBUG - POST http://localhost:63150/session/6c6a40017b19c636aa56c4a675a1a187/execute/sync {'script': "return document.querySelectorAll('[data-rpa-tag-id]').length > 0", 'args': []}
2026-08-24 15:46:21 - urllib3.connectionpool - DEBUG - http://localhost:63150 "POST /session/6c6a40017b19c636aa56c4a675a1a187/execute/sync HTTP/1.1" 200 0
2026-08-24 15:46:21 - selenium.webdriver.remote.remote_connection - DEBUG - Remote response: status=200 | data={"value":false} | headers=HTTPHeaderDict({'Content-Length': '15', 'Content-Type': 'application/json; charset=utf-8', 'cache-control': 'no-cache'})
2026-08-24 15:46:21 - selenium.webdriver.remote.remote_connection - DEBUG - Finished Request
2026-08-24 15:46:22 - selenium.webdriver.remote.remote_connection - DEBUG - POST http://localhost:63150/session/6c6a40017b19c636aa56c4a675a1a187/execute/sync {'script': "return document.querySelectorAll('[data-rpa-tag-id]').length > 0", 'args': []}
2026-08-24 15:46:22 - urllib3.connectionpool - DEBUG - http://localhost:63150 "POST /session/6c6a40017b19c636aa56c4a675a1a187/execute/sync HTTP/1.1" 200 0
2026-08-24 15:46:22 - selenium.webdriver.remote.remote_connection - DEBUG - Remote response: status=200 | data={"value":false} | headers=HTTPHeaderDict({'Content-Length': '15', 'Content-Type': 'application/json; charset=utf-8', 'cache-control': 'no-cache'})
2026-08-24 15:46:22 - selenium.webdriver.remote.remote_connection - DEBUG - Finished Request
2026-08-24 15:46:22 - selenium.webdriver.remote.remote_connection - DEBUG - POST http://localhost:63150/session/6c6a40017b19c636aa56c4a675a1a187/execute/sync {'script': "return document.querySelectorAll('[data-rpa-tag-id]').length > 0", 'args': []}
2026-08-24 15:46:22 - urllib3.connectionpool - DEBUG - http://localhost:63150 "POST /session/6c6a40017b19c636aa56c4a675a1a187/execute/sync HTTP/1.1" 200 0
2026-08-24 15:46:22 - selenium.webdriver.remote.remote_connection - DEBUG - Remote response: status=200 | data={"value":false} | headers=HTTPHeaderDict({'Content-Length': '15', 'Content-Type': 'application/json; charset=utf-8', 'cache-control': 'no-cache'})
2026-08-24 15:46:22 - selenium.webdriver.remote.remote_connection - DEBUG - Finished Request
2026-08-24 15:46:23 - selenium.webdriver.remote.remote_connection - DEBUG - POST http://localhost:63150/session/6c6a40017b19c636aa56c4a675a1a187/execute/sync {'script': "return document.querySelectorAll('[data-rpa-tag-id]').length > 0", 'args': []}
2026-08-24 15:46:23 - urllib3.connectionpool - DEBUG - http://localhost:63150 "POST /session/6c6a40017b19c636aa56c4a675a1a187/execute/sync HTTP/1.1" 200 0
2026-08-24 15:46:23 - selenium.webdriver.remote.remote_connection - DEBUG - Remote response: status=200 | data={"value":false} | headers=HTTPHeaderDict({'Content-Length': '15', 'Content-Type': 'application/json; charset=utf-8', 'cache-control': 'no-cache'})
2026-08-24 15:46:23 - selenium.webdriver.remote.remote_connection - DEBUG - Finished Request
2026-08-24 15:46:23 - selenium.webdriver.remote.remote_connection - DEBUG - POST http://localhost:63150/session/6c6a40017b19c636aa56c4a675a1a187/execute/sync {'script': "return document.querySelectorAll('[data-rpa-tag-id]').length > 0", 'args': []}
2026-08-24 15:46:23 - urllib3.connectionpool - DEBUG - http://localhost:63150 "POST /session/6c6a40017b19c636aa56c4a675a1a187/execute/sync HTTP/1.1" 200 0
2026-08-24 15:46:23 - selenium.webdriver.remote.remote_connection - DEBUG - Remote response: status=200 | data={"value":false} | headers=HTTPHeaderDict({'Content-Length': '15', 'Content-Type': 'application/json; charset=utf-8', 'cache-control': 'no-cache'})
2026-08-24 15:46:23 - selenium.webdriver.remote.remote_connection - DEBUG - Finished Request
2026-08-24 15:46:24 - selenium.webdriver.remote.remote_connection - DEBUG - POST http://localhost:63150/session/6c6a40017b19c636aa56c4a675a1a187/execute/sync {'script': "return document.querySelectorAll('[data-rpa-tag-id]').length > 0", 'args': []}
2026-08-24 15:46:24 - urllib3.connectionpool - DEBUG - http://localhost:63150 "POST /session/6c6a40017b19c636aa56c4a675a1a187/execute/sync HTTP/1.1" 200 0
2026-08-24 15:46:24 - selenium.webdriver.remote.remote_connection - DEBUG - Remote response: status=200 | data={"value":false} | headers=HTTPHeaderDict({'Content-Length': '15', 'Content-Type': 'application/json; charset=utf-8', 'cache-control': 'no-cache'})
2026-08-24 15:46:24 - selenium.webdriver.remote.remote_connection - DEBUG - Finished Request
2026-08-24 15:46:24 - selenium.webdriver.remote.remote_connection - DEBUG - POST http://localhost:63150/session/6c6a40017b19c636aa56c4a675a1a187/execute/sync {'script': "return document.querySelectorAll('[data-rpa-tag-id]').length > 0", 'args': []}
2026-08-24 15:46:24 - urllib3.connectionpool - DEBUG - http://localhost:63150 "POST /session/6c6a40017b19c636aa56c4a675a1a187/execute/sync HTTP/1.1" 200 0
2026-08-24 15:46:24 - selenium.webdriver.remote.remote_connection - DEBUG - Remote response: status=200 | data={"value":false} | headers=HTTPHeaderDict({'Content-Length': '15', 'Content-Type': 'application/json; charset=utf-8', 'cache-control': 'no-cache'})
2026-08-24 15:46:24 - selenium.webdriver.remote.remote_connection - DEBUG - Finished Request
2026-08-24 15:46:25 - selenium.webdriver.remote.remote_connection - DEBUG - POST http://localhost:63150/session/6c6a40017b19c636aa56c4a675a1a187/execute/sync {'script': "return document.querySelectorAll('[data-rpa-tag-id]').length > 0", 'args': []}
2026-08-24 15:46:25 - urllib3.connectionpool - DEBUG - http://localhost:63150 "POST /session/6c6a40017b19c636aa56c4a675a1a187/execute/sync HTTP/1.1" 200 0
2026-08-24 15:46:25 - selenium.webdriver.remote.remote_connection - DEBUG - Remote response: status=200 | data={"value":false} | headers=HTTPHeaderDict({'Content-Length': '15', 'Content-Type': 'application/json; charset=utf-8', 'cache-control': 'no-cache'})
2026-08-24 15:46:25 - selenium.webdriver.remote.remote_connection - DEBUG - Finished Request
2026-08-24 15:46:25 - selenium.webdriver.remote.remote_connection - DEBUG - POST http://localhost:63150/session/6c6a40017b19c636aa56c4a675a1a187/execute/sync {'script': "return document.querySelectorAll('[data-rpa-tag-id]').length > 0", 'args': []}
2026-08-24 15:46:25 - urllib3.connectionpool - DEBUG - http://localhost:63150 "POST /session/6c6a40017b19c636aa56c4a675a1a187/execute/sync HTTP/1.1" 200 0
2026-08-24 15:46:25 - selenium.webdriver.remote.remote_connection - DEBUG - Remote response: status=200 | data={"value":false} | headers=HTTPHeaderDict({'Content-Length': '15', 'Content-Type': 'application/json; charset=utf-8', 'cache-control': 'no-cache'})
2026-08-24 15:46:25 - selenium.webdriver.remote.remote_connection - DEBUG - Finished Request
2026-08-24 15:46:25 - scraper - WARNING - Angular did not bootstrap within 30s — will refresh
2026-08-24 15:46:25 - scraper - INFO - Angular stalled — refreshing page (bundle now cached)
2026-08-24 15:46:25 - selenium.webdriver.remote.remote_connection - DEBUG - POST http://localhost:63150/session/6c6a40017b19c636aa56c4a675a1a187/refresh {}
2026-08-24 15:46:28 - urllib3.connectionpool - DEBUG - http://localhost:63150 "POST /session/6c6a40017b19c636aa56c4a675a1a187/refresh HTTP/1.1" 200 0
2026-08-24 15:46:28 - selenium.webdriver.remote.remote_connection - DEBUG - Remote response: status=200 | data={"value":null} | headers=HTTPHeaderDict({'Content-Length': '14', 'Content-Type': 'application/json; charset=utf-8', 'cache-control': 'no-cache'})
2026-08-24 15:46:28 - selenium.webdriver.remote.remote_connection - DEBUG - Finished Request
2026-08-24 15:46:28 - selenium.webdriver.remote.remote_connection - DEBUG - POST http://localhost:63150/session/6c6a40017b19c636aa56c4a675a1a187/execute/sync {'script': "\n                var candidates = [\n                    document.querySelector('#onetrust-accept-btn...", 'args': []}
2026-08-24 15:46:28 - urllib3.connectionpool - DEBUG - http://localhost:63150 "POST /session/6c6a40017b19c636aa56c4a675a1a187/execute/sync HTTP/1.1" 200 0
2026-08-24 15:46:28 - selenium.webdriver.remote.remote_connection - DEBUG - Remote response: status=200 | data={"value":null} | headers=HTTPHeaderDict({'Content-Length': '14', 'Content-Type': 'application/json; charset=utf-8', 'cache-control': 'no-cache'})
2026-08-24 15:46:28 - selenium.webdriver.remote.remote_connection - DEBUG - Finished Request
2026-08-24 15:46:28 - selenium.webdriver.remote.remote_connection - DEBUG - POST http://localhost:63150/session/6c6a40017b19c636aa56c4a675a1a187/execute/sync {'script': "return document.querySelectorAll('[data-rpa-tag-id]').length > 0", 'args': []}
2026-08-24 15:46:28 - urllib3.connectionpool - DEBUG - http://localhost:63150 "POST /session/6c6a40017b19c636aa56c4a675a1a187/execute/sync HTTP/1.1" 200 0
2026-08-24 15:46:28 - selenium.webdriver.remote.remote_connection - DEBUG - Remote response: status=200 | data={"value":false} | headers=HTTPHeaderDict({'Content-Length': '15', 'Content-Type': 'application/json; charset=utf-8', 'cache-control': 'no-cache'})
2026-08-24 15:46:28 - selenium.webdriver.remote.remote_connection - DEBUG - Finished Request
2026-08-24 15:46:29 - selenium.webdriver.remote.remote_connection - DEBUG - POST http://localhost:63150/session/6c6a40017b19c636aa56c4a675a1a187/execute/sync {'script': "return document.querySelectorAll('[data-rpa-tag-id]').length > 0", 'args': []}
2026-08-24 15:46:30 - urllib3.connectionpool - DEBUG - http://localhost:63150 "POST /session/6c6a40017b19c636aa56c4a675a1a187/execute/sync HTTP/1.1" 200 0
2026-08-24 15:46:30 - selenium.webdriver.remote.remote_connection - DEBUG - Remote response: status=200 | data={"value":false} | headers=HTTPHeaderDict({'Content-Length': '15', 'Content-Type': 'application/json; charset=utf-8', 'cache-control': 'no-cache'})
2026-08-24 15:46:30 - selenium.webdriver.remote.remote_connection - DEBUG - Finished Request
2026-08-24 15:46:31 - selenium.webdriver.remote.remote_connection - DEBUG - POST http://localhost:63150/session/6c6a40017b19c636aa56c4a675a1a187/execute/sync {'script': "return document.querySelectorAll('[data-rpa-tag-id]').length > 0", 'args': []}
2026-08-24 15:46:31 - urllib3.connectionpool - DEBUG - http://localhost:63150 "POST /session/6c6a40017b19c636aa56c4a675a1a187/execute/sync HTTP/1.1" 200 0
2026-08-24 15:46:31 - selenium.webdriver.remote.remote_connection - DEBUG - Remote response: status=200 | data={"value":false} | headers=HTTPHeaderDict({'Content-Length': '15', 'Content-Type': 'application/json; charset=utf-8', 'cache-control': 'no-cache'})
2026-08-24 15:46:31 - selenium.webdriver.remote.remote_connection - DEBUG - Finished Request
2026-08-24 15:46:31 - selenium.webdriver.remote.remote_connection - DEBUG - POST http://localhost:63150/session/6c6a40017b19c636aa56c4a675a1a187/execute/sync {'script': "return document.querySelectorAll('[data-rpa-tag-id]').length > 0", 'args': []}
2026-08-24 15:46:31 - urllib3.connectionpool - DEBUG - http://localhost:63150 "POST /session/6c6a40017b19c636aa56c4a675a1a187/execute/sync HTTP/1.1" 200 0
2026-08-24 15:46:31 - selenium.webdriver.remote.remote_connection - DEBUG - Remote response: status=200 | data={"value":false} | headers=HTTPHeaderDict({'Content-Length': '15', 'Content-Type': 'application/json; charset=utf-8', 'cache-control': 'no-cache'})
2026-08-24 15:46:31 - selenium.webdriver.remote.remote_connection - DEBUG - Finished Request
2026-08-24 15:46:32 - selenium.webdriver.remote.remote_connection - DEBUG - POST http://localhost:63150/session/6c6a40017b19c636aa56c4a675a1a187/execute/sync {'script': "return document.querySelectorAll('[data-rpa-tag-id]').length > 0", 'args': []}
2026-08-24 15:46:32 - urllib3.connectionpool - DEBUG - http://localhost:63150 "POST /session/6c6a40017b19c636aa56c4a675a1a187/execute/sync HTTP/1.1" 200 0
2026-08-24 15:46:32 - selenium.webdriver.remote.remote_connection - DEBUG - Remote response: status=200 | data={"value":false} | headers=HTTPHeaderDict({'Content-Length': '15', 'Content-Type': 'application/json; charset=utf-8', 'cache-control': 'no-cache'})
2026-08-24 15:46:32 - selenium.webdriver.remote.remote_connection - DEBUG - Finished Request
2026-08-24 15:46:32 - selenium.webdriver.remote.remote_connection - DEBUG - POST http://localhost:63150/session/6c6a40017b19c636aa56c4a675a1a187/execute/sync {'script': "return document.querySelectorAll('[data-rpa-tag-id]').length > 0", 'args': []}
2026-08-24 15:46:32 - urllib3.connectionpool - DEBUG - http://localhost:63150 "POST /session/6c6a40017b19c636aa56c4a675a1a187/execute/sync HTTP/1.1" 200 0
2026-08-24 15:46:32 - selenium.webdriver.remote.remote_connection - DEBUG - Remote response: status=200 | data={"value":false} | headers=HTTPHeaderDict({'Content-Length': '15', 'Content-Type': 'application/json; charset=utf-8', 'cache-control': 'no-cache'})
2026-08-24 15:46:32 - selenium.webdriver.remote.remote_connection - DEBUG - Finished Request
2026-08-24 15:46:33 - selenium.webdriver.remote.remote_connection - DEBUG - POST http://localhost:63150/session/6c6a40017b19c636aa56c4a675a1a187/execute/sync {'script': "return document.querySelectorAll('[data-rpa-tag-id]').length > 0", 'args': []}
2026-08-24 15:46:33 - urllib3.connectionpool - DEBUG - http://localhost:63150 "POST /session/6c6a40017b19c636aa56c4a675a1a187/execute/sync HTTP/1.1" 200 0
2026-08-24 15:46:33 - selenium.webdriver.remote.remote_connection - DEBUG - Remote response: status=200 | data={"value":false} | headers=HTTPHeaderDict({'Content-Length': '15', 'Content-Type': 'application/json; charset=utf-8', 'cache-control': 'no-cache'})
2026-08-24 15:46:33 - selenium.webdriver.remote.remote_connection - DEBUG - Finished Request
2026-08-24 15:46:33 - selenium.webdriver.remote.remote_connection - DEBUG - POST http://localhost:63150/session/6c6a40017b19c636aa56c4a675a1a187/execute/sync {'script': "return document.querySelectorAll('[data-rpa-tag-id]').length > 0", 'args': []}
2026-08-24 15:46:33 - urllib3.connectionpool - DEBUG - http://localhost:63150 "POST /session/6c6a40017b19c636aa56c4a675a1a187/execute/sync HTTP/1.1" 200 0
2026-08-24 15:46:33 - selenium.webdriver.remote.remote_connection - DEBUG - Remote response: status=200 | data={"value":false} | headers=HTTPHeaderDict({'Content-Length': '15', 'Content-Type': 'application/json; charset=utf-8', 'cache-control': 'no-cache'})
2026-08-24 15:46:33 - selenium.webdriver.remote.remote_connection - DEBUG - Finished Request
2026-08-24 15:46:34 - selenium.webdriver.remote.remote_connection - DEBUG - POST http://localhost:63150/session/6c6a40017b19c636aa56c4a675a1a187/execute/sync {'script': "return document.querySelectorAll('[data-rpa-tag-id]').length > 0", 'args': []}
2026-08-24 15:46:34 - urllib3.connectionpool - DEBUG - http://localhost:63150 "POST /session/6c6a40017b19c636aa56c4a675a1a187/execute/sync HTTP/1.1" 200 0
2026-08-24 15:46:34 - selenium.webdriver.remote.remote_connection - DEBUG - Remote response: status=200 | data={"value":false} | headers=HTTPHeaderDict({'Content-Length': '15', 'Content-Type': 'application/json; charset=utf-8', 'cache-control': 'no-cache'})
2026-08-24 15:46:34 - selenium.webdriver.remote.remote_connection - DEBUG - Finished Request
2026-08-24 15:46:34 - selenium.webdriver.remote.remote_connection - DEBUG - POST http://localhost:63150/session/6c6a40017b19c636aa56c4a675a1a187/execute/sync {'script': "return document.querySelectorAll('[data-rpa-tag-id]').length > 0", 'args': []}
2026-08-24 15:46:34 - urllib3.connectionpool - DEBUG - http://localhost:63150 "POST /session/6c6a40017b19c636aa56c4a675a1a187/execute/sync HTTP/1.1" 200 0
2026-08-24 15:46:34 - selenium.webdriver.remote.remote_connection - DEBUG - Remote response: status=200 | data={"value":false} | headers=HTTPHeaderDict({'Content-Length': '15', 'Content-Type': 'application/json; charset=utf-8', 'cache-control': 'no-cache'})
2026-08-24 15:46:34 - selenium.webdriver.remote.remote_connection - DEBUG - Finished Request
2026-08-24 15:46:35 - selenium.webdriver.remote.remote_connection - DEBUG - POST http://localhost:63150/session/6c6a40017b19c636aa56c4a675a1a187/execute/sync {'script': "return document.querySelectorAll('[data-rpa-tag-id]').length > 0", 'args': []}
2026-08-24 15:46:35 - urllib3.connectionpool - DEBUG - http://localhost:63150 "POST /session/6c6a40017b19c636aa56c4a675a1a187/execute/sync HTTP/1.1" 200 0
2026-08-24 15:46:35 - selenium.webdriver.remote.remote_connection - DEBUG - Remote response: status=200 | data={"value":false} | headers=HTTPHeaderDict({'Content-Length': '15', 'Content-Type': 'application/json; charset=utf-8', 'cache-control': 'no-cache'})
2026-08-24 15:46:35 - selenium.webdriver.remote.remote_connection - DEBUG - Finished Request
2026-08-24 15:46:35 - selenium.webdriver.remote.remote_connection - DEBUG - POST http://localhost:63150/session/6c6a40017b19c636aa56c4a675a1a187/execute/sync {'script': "return document.querySelectorAll('[data-rpa-tag-id]').length > 0", 'args': []}
2026-08-24 15:46:35 - urllib3.connectionpool - DEBUG - http://localhost:63150 "POST /session/6c6a40017b19c636aa56c4a675a1a187/execute/sync HTTP/1.1" 200 0
2026-08-24 15:46:35 - selenium.webdriver.remote.remote_connection - DEBUG - Remote response: status=200 | data={"value":false} | headers=HTTPHeaderDict({'Content-Length': '15', 'Content-Type': 'application/json; charset=utf-8', 'cache-control': 'no-cache'})
2026-08-24 15:46:35 - selenium.webdriver.remote.remote_connection - DEBUG - Finished Request
2026-08-24 15:46:36 - selenium.webdriver.remote.remote_connection - DEBUG - POST http://localhost:63150/session/6c6a40017b19c636aa56c4a675a1a187/execute/sync {'script': "return document.querySelectorAll('[data-rpa-tag-id]').length > 0", 'args': []}
2026-08-24 15:46:36 - urllib3.connectionpool - DEBUG - http://localhost:63150 "POST /session/6c6a40017b19c636aa56c4a675a1a187/execute/sync HTTP/1.1" 200 0
2026-08-24 15:46:36 - selenium.webdriver.remote.remote_connection - DEBUG - Remote response: status=200 | data={"value":false} | headers=HTTPHeaderDict({'Content-Length': '15', 'Content-Type': 'application/json; charset=utf-8', 'cache-control': 'no-cache'})
2026-08-24 15:46:36 - selenium.webdriver.remote.remote_connection - DEBUG - Finished Request
2026-08-24 15:46:37 - selenium.webdriver.remote.remote_connection - DEBUG - POST http://localhost:63150/session/6c6a40017b19c636aa56c4a675a1a187/execute/sync {'script': "return document.querySelectorAll('[data-rpa-tag-id]').length > 0", 'args': []}
2026-08-24 15:46:37 - urllib3.connectionpool - DEBUG - http://localhost:63150 "POST /session/6c6a40017b19c636aa56c4a675a1a187/execute/sync HTTP/1.1" 200 0
2026-08-24 15:46:37 - selenium.webdriver.remote.remote_connection - DEBUG - Remote response: status=200 | data={"value":false} | headers=HTTPHeaderDict({'Content-Length': '15', 'Content-Type': 'application/json; charset=utf-8', 'cache-control': 'no-cache'})
2026-08-24 15:46:37 - selenium.webdriver.remote.remote_connection - DEBUG - Finished Request
2026-08-24 15:46:37 - selenium.webdriver.remote.remote_connection - DEBUG - POST http://localhost:63150/session/6c6a40017b19c636aa56c4a675a1a187/execute/sync {'script': "return document.querySelectorAll('[data-rpa-tag-id]').length > 0", 'args': []}
2026-08-24 15:46:37 - urllib3.connectionpool - DEBUG - http://localhost:63150 "POST /session/6c6a40017b19c636aa56c4a675a1a187/execute/sync HTTP/1.1" 200 0
2026-08-24 15:46:37 - selenium.webdriver.remote.remote_connection - DEBUG - Remote response: status=200 | data={"value":false} | headers=HTTPHeaderDict({'Content-Length': '15', 'Content-Type': 'application/json; charset=utf-8', 'cache-control': 'no-cache'})
2026-08-24 15:46:37 - selenium.webdriver.remote.remote_connection - DEBUG - Finished Request
2026-08-24 15:46:38 - selenium.webdriver.remote.remote_connection - DEBUG - POST http://localhost:63150/session/6c6a40017b19c636aa56c4a675a1a187/execute/sync {'script': "return document.querySelectorAll('[data-rpa-tag-id]').length > 0", 'args': []}
2026-08-24 15:46:38 - urllib3.connectionpool - DEBUG - http://localhost:63150 "POST /session/6c6a40017b19c636aa56c4a675a1a187/execute/sync HTTP/1.1" 200 0
2026-08-24 15:46:38 - selenium.webdriver.remote.remote_connection - DEBUG - Remote response: status=200 | data={"value":false} | headers=HTTPHeaderDict({'Content-Length': '15', 'Content-Type': 'application/json; charset=utf-8', 'cache-control': 'no-cache'})
2026-08-24 15:46:38 - selenium.webdriver.remote.remote_connection - DEBUG - Finished Request
2026-08-24 15:46:38 - selenium.webdriver.remote.remote_connection - DEBUG - POST http://localhost:63150/session/6c6a40017b19c636aa56c4a675a1a187/execute/sync {'script': "return document.querySelectorAll('[data-rpa-tag-id]').length > 0", 'args': []}
2026-08-24 15:46:38 - urllib3.connectionpool - DEBUG - http://localhost:63150 "POST /session/6c6a40017b19c636aa56c4a675a1a187/execute/sync HTTP/1.1" 200 0
2026-08-24 15:46:38 - selenium.webdriver.remote.remote_connection - DEBUG - Remote response: status=200 | data={"value":false} | headers=HTTPHeaderDict({'Content-Length': '15', 'Content-Type': 'application/json; charset=utf-8', 'cache-control': 'no-cache'})
2026-08-24 15:46:38 - selenium.webdriver.remote.remote_connection - DEBUG - Finished Request
2026-08-24 15:46:39 - selenium.webdriver.remote.remote_connection - DEBUG - POST http://localhost:63150/session/6c6a40017b19c636aa56c4a675a1a187/execute/sync {'script': "return document.querySelectorAll('[data-rpa-tag-id]').length > 0", 'args': []}
2026-08-24 15:46:39 - urllib3.connectionpool - DEBUG - http://localhost:63150 "POST /session/6c6a40017b19c636aa56c4a675a1a187/execute/sync HTTP/1.1" 200 0
2026-08-24 15:46:39 - selenium.webdriver.remote.remote_connection - DEBUG - Remote response: status=200 | data={"value":false} | headers=HTTPHeaderDict({'Content-Length': '15', 'Content-Type': 'application/json; charset=utf-8', 'cache-control': 'no-cache'})
2026-08-24 15:46:39 - selenium.webdriver.remote.remote_connection - DEBUG - Finished Request
2026-08-24 15:46:39 - selenium.webdriver.remote.remote_connection - DEBUG - POST http://localhost:63150/session/6c6a40017b19c636aa56c4a675a1a187/execute/sync {'script': "return document.querySelectorAll('[data-rpa-tag-id]').length > 0", 'args': []}
2026-08-24 15:46:39 - urllib3.connectionpool - DEBUG - http://localhost:63150 "POST /session/6c6a40017b19c636aa56c4a675a1a187/execute/sync HTTP/1.1" 200 0
2026-08-24 15:46:39 - selenium.webdriver.remote.remote_connection - DEBUG - Remote response: status=200 | data={"value":false} | headers=HTTPHeaderDict({'Content-Length': '15', 'Content-Type': 'application/json; charset=utf-8', 'cache-control': 'no-cache'})
2026-08-24 15:46:39 - selenium.webdriver.remote.remote_connection - DEBUG - Finished Request
2026-08-24 15:46:40 - selenium.webdriver.remote.remote_connection - DEBUG - POST http://localhost:63150/session/6c6a40017b19c636aa56c4a675a1a187/execute/sync {'script': "return document.querySelectorAll('[data-rpa-tag-id]').length > 0", 'args': []}
2026-08-24 15:46:40 - urllib3.connectionpool - DEBUG - http://localhost:63150 "POST /session/6c6a40017b19c636aa56c4a675a1a187/execute/sync HTTP/1.1" 200 0
2026-08-24 15:46:40 - selenium.webdriver.remote.remote_connection - DEBUG - Remote response: status=200 | data={"value":false} | headers=HTTPHeaderDict({'Content-Length': '15', 'Content-Type': 'application/json; charset=utf-8', 'cache-control': 'no-cache'})
2026-08-24 15:46:40 - selenium.webdriver.remote.remote_connection - DEBUG - Finished Request
2026-08-24 15:46:40 - selenium.webdriver.remote.remote_connection - DEBUG - POST http://localhost:63150/session/6c6a40017b19c636aa56c4a675a1a187/execute/sync {'script': "return document.querySelectorAll('[data-rpa-tag-id]').length > 0", 'args': []}
2026-08-24 15:46:40 - urllib3.connectionpool - DEBUG - http://localhost:63150 "POST /session/6c6a40017b19c636aa56c4a675a1a187/execute/sync HTTP/1.1" 200 0
2026-08-24 15:46:40 - selenium.webdriver.remote.remote_connection - DEBUG - Remote response: status=200 | data={"value":false} | headers=HTTPHeaderDict({'Content-Length': '15', 'Content-Type': 'application/json; charset=utf-8', 'cache-control': 'no-cache'})
2026-08-24 15:46:40 - selenium.webdriver.remote.remote_connection - DEBUG - Finished Request
2026-08-24 15:46:41 - selenium.webdriver.remote.remote_connection - DEBUG - POST http://localhost:63150/session/6c6a40017b19c636aa56c4a675a1a187/execute/sync {'script': "return document.querySelectorAll('[data-rpa-tag-id]').length > 0", 'args': []}
2026-08-24 15:46:41 - urllib3.connectionpool - DEBUG - http://localhost:63150 "POST /session/6c6a40017b19c636aa56c4a675a1a187/execute/sync HTTP/1.1" 200 0
2026-08-24 15:46:41 - selenium.webdriver.remote.remote_connection - DEBUG - Remote response: status=200 | data={"value":false} | headers=HTTPHeaderDict({'Content-Length': '15', 'Content-Type': 'application/json; charset=utf-8', 'cache-control': 'no-cache'})
2026-08-24 15:46:41 - selenium.webdriver.remote.remote_connection - DEBUG - Finished Request
2026-08-24 15:46:41 - selenium.webdriver.remote.remote_connection - DEBUG - POST http://localhost:63150/session/6c6a40017b19c636aa56c4a675a1a187/execute/sync {'script': "return document.querySelectorAll('[data-rpa-tag-id]').length > 0", 'args': []}
2026-08-24 15:46:41 - urllib3.connectionpool - DEBUG - http://localhost:63150 "POST /session/6c6a40017b19c636aa56c4a675a1a187/execute/sync HTTP/1.1" 200 0
2026-08-24 15:46:41 - selenium.webdriver.remote.remote_connection - DEBUG - Remote response: status=200 | data={"value":false} | headers=HTTPHeaderDict({'Content-Length': '15', 'Content-Type': 'application/json; charset=utf-8', 'cache-control': 'no-cache'})
2026-08-24 15:46:41 - selenium.webdriver.remote.remote_connection - DEBUG - Finished Request
2026-08-24 15:46:42 - selenium.webdriver.remote.remote_connection - DEBUG - POST http://localhost:63150/session/6c6a40017b19c636aa56c4a675a1a187/execute/sync {'script': "return document.querySelectorAll('[data-rpa-tag-id]').length > 0", 'args': []}
2026-08-24 15:46:42 - urllib3.connectionpool - DEBUG - http://localhost:63150 "POST /session/6c6a40017b19c636aa56c4a675a1a187/execute/sync HTTP/1.1" 200 0
2026-08-24 15:46:42 - selenium.webdriver.remote.remote_connection - DEBUG - Remote response: status=200 | data={"value":false} | headers=HTTPHeaderDict({'Content-Length': '15', 'Content-Type': 'application/json; charset=utf-8', 'cache-control': 'no-cache'})
2026-08-24 15:46:42 - selenium.webdriver.remote.remote_connection - DEBUG - Finished Request
2026-08-24 15:46:42 - selenium.webdriver.remote.remote_connection - DEBUG - POST http://localhost:63150/session/6c6a40017b19c636aa56c4a675a1a187/execute/sync {'script': "return document.querySelectorAll('[data-rpa-tag-id]').length > 0", 'args': []}
2026-08-24 15:46:42 - urllib3.connectionpool - DEBUG - http://localhost:63150 "POST /session/6c6a40017b19c636aa56c4a675a1a187/execute/sync HTTP/1.1" 200 0
2026-08-24 15:46:42 - selenium.webdriver.remote.remote_connection - DEBUG - Remote response: status=200 | data={"value":false} | headers=HTTPHeaderDict({'Content-Length': '15', 'Content-Type': 'application/json; charset=utf-8', 'cache-control': 'no-cache'})
2026-08-24 15:46:42 - selenium.webdriver.remote.remote_connection - DEBUG - Finished Request
2026-08-24 15:46:43 - selenium.webdriver.remote.remote_connection - DEBUG - POST http://localhost:63150/session/6c6a40017b19c636aa56c4a675a1a187/execute/sync {'script': "return document.querySelectorAll('[data-rpa-tag-id]').length > 0", 'args': []}
2026-08-24 15:46:43 - urllib3.connectionpool - DEBUG - http://localhost:63150 "POST /session/6c6a40017b19c636aa56c4a675a1a187/execute/sync HTTP/1.1" 200 0
2026-08-24 15:46:43 - selenium.webdriver.remote.remote_connection - DEBUG - Remote response: status=200 | data={"value":false} | headers=HTTPHeaderDict({'Content-Length': '15', 'Content-Type': 'application/json; charset=utf-8', 'cache-control': 'no-cache'})
2026-08-24 15:46:43 - selenium.webdriver.remote.remote_connection - DEBUG - Finished Request
2026-08-24 15:46:43 - selenium.webdriver.remote.remote_connection - DEBUG - POST http://localhost:63150/session/6c6a40017b19c636aa56c4a675a1a187/execute/sync {'script': "return document.querySelectorAll('[data-rpa-tag-id]').length > 0", 'args': []}
2026-08-24 15:46:43 - urllib3.connectionpool - DEBUG - http://localhost:63150 "POST /session/6c6a40017b19c636aa56c4a675a1a187/execute/sync HTTP/1.1" 200 0
2026-08-24 15:46:43 - selenium.webdriver.remote.remote_connection - DEBUG - Remote response: status=200 | data={"value":false} | headers=HTTPHeaderDict({'Content-Length': '15', 'Content-Type': 'application/json; charset=utf-8', 'cache-control': 'no-cache'})
2026-08-24 15:46:43 - selenium.webdriver.remote.remote_connection - DEBUG - Finished Request
2026-08-24 15:46:44 - selenium.webdriver.remote.remote_connection - DEBUG - POST http://localhost:63150/session/6c6a40017b19c636aa56c4a675a1a187/execute/sync {'script': "return document.querySelectorAll('[data-rpa-tag-id]').length > 0", 'args': []}
2026-08-24 15:46:44 - urllib3.connectionpool - DEBUG - http://localhost:63150 "POST /session/6c6a40017b19c636aa56c4a675a1a187/execute/sync HTTP/1.1" 200 0
2026-08-24 15:46:44 - selenium.webdriver.remote.remote_connection - DEBUG - Remote response: status=200 | data={"value":false} | headers=HTTPHeaderDict({'Content-Length': '15', 'Content-Type': 'application/json; charset=utf-8', 'cache-control': 'no-cache'})
2026-08-24 15:46:44 - selenium.webdriver.remote.remote_connection - DEBUG - Finished Request
2026-08-24 15:46:45 - selenium.webdriver.remote.remote_connection - DEBUG - POST http://localhost:63150/session/6c6a40017b19c636aa56c4a675a1a187/execute/sync {'script': "return document.querySelectorAll('[data-rpa-tag-id]').length > 0", 'args': []}
2026-08-24 15:46:45 - urllib3.connectionpool - DEBUG - http://localhost:63150 "POST /session/6c6a40017b19c636aa56c4a675a1a187/execute/sync HTTP/1.1" 200 0
2026-08-24 15:46:45 - selenium.webdriver.remote.remote_connection - DEBUG - Remote response: status=200 | data={"value":false} | headers=HTTPHeaderDict({'Content-Length': '15', 'Content-Type': 'application/json; charset=utf-8', 'cache-control': 'no-cache'})
2026-08-24 15:46:45 - selenium.webdriver.remote.remote_connection - DEBUG - Finished Request
2026-08-24 15:46:45 - selenium.webdriver.remote.remote_connection - DEBUG - POST http://localhost:63150/session/6c6a40017b19c636aa56c4a675a1a187/execute/sync {'script': "return document.querySelectorAll('[data-rpa-tag-id]').length > 0", 'args': []}
2026-08-24 15:46:45 - urllib3.connectionpool - DEBUG - http://localhost:63150 "POST /session/6c6a40017b19c636aa56c4a675a1a187/execute/sync HTTP/1.1" 200 0
2026-08-24 15:46:45 - selenium.webdriver.remote.remote_connection - DEBUG - Remote response: status=200 | data={"value":false} | headers=HTTPHeaderDict({'Content-Length': '15', 'Content-Type': 'application/json; charset=utf-8', 'cache-control': 'no-cache'})
2026-08-24 15:46:45 - selenium.webdriver.remote.remote_connection - DEBUG - Finished Request
2026-08-24 15:46:46 - selenium.webdriver.remote.remote_connection - DEBUG - POST http://localhost:63150/session/6c6a40017b19c636aa56c4a675a1a187/execute/sync {'script': "return document.querySelectorAll('[data-rpa-tag-id]').length > 0", 'args': []}
2026-08-24 15:46:46 - urllib3.connectionpool - DEBUG - http://localhost:63150 "POST /session/6c6a40017b19c636aa56c4a675a1a187/execute/sync HTTP/1.1" 200 0
2026-08-24 15:46:46 - selenium.webdriver.remote.remote_connection - DEBUG - Remote response: status=200 | data={"value":false} | headers=HTTPHeaderDict({'Content-Length': '15', 'Content-Type': 'application/json; charset=utf-8', 'cache-control': 'no-cache'})
2026-08-24 15:46:46 - selenium.webdriver.remote.remote_connection - DEBUG - Finished Request
2026-08-24 15:46:46 - selenium.webdriver.remote.remote_connection - DEBUG - POST http://localhost:63150/session/6c6a40017b19c636aa56c4a675a1a187/execute/sync {'script': "return document.querySelectorAll('[data-rpa-tag-id]').length > 0", 'args': []}
2026-08-24 15:46:46 - urllib3.connectionpool - DEBUG - http://localhost:63150 "POST /session/6c6a40017b19c636aa56c4a675a1a187/execute/sync HTTP/1.1" 200 0
2026-08-24 15:46:46 - selenium.webdriver.remote.remote_connection - DEBUG - Remote response: status=200 | data={"value":false} | headers=HTTPHeaderDict({'Content-Length': '15', 'Content-Type': 'application/json; charset=utf-8', 'cache-control': 'no-cache'})
2026-08-24 15:46:46 - selenium.webdriver.remote.remote_connection - DEBUG - Finished Request
2026-08-24 15:46:47 - selenium.webdriver.remote.remote_connection - DEBUG - POST http://localhost:63150/session/6c6a40017b19c636aa56c4a675a1a187/execute/sync {'script': "return document.querySelectorAll('[data-rpa-tag-id]').length > 0", 'args': []}
2026-08-24 15:46:47 - urllib3.connectionpool - DEBUG - http://localhost:63150 "POST /session/6c6a40017b19c636aa56c4a675a1a187/execute/sync HTTP/1.1" 200 0
2026-08-24 15:46:47 - selenium.webdriver.remote.remote_connection - DEBUG - Remote response: status=200 | data={"value":false} | headers=HTTPHeaderDict({'Content-Length': '15', 'Content-Type': 'application/json; charset=utf-8', 'cache-control': 'no-cache'})
2026-08-24 15:46:47 - selenium.webdriver.remote.remote_connection - DEBUG - Finished Request
2026-08-24 15:46:47 - selenium.webdriver.remote.remote_connection - DEBUG - POST http://localhost:63150/session/6c6a40017b19c636aa56c4a675a1a187/execute/sync {'script': "return document.querySelectorAll('[data-rpa-tag-id]').length > 0", 'args': []}
2026-08-24 15:46:47 - urllib3.connectionpool - DEBUG - http://localhost:63150 "POST /session/6c6a40017b19c636aa56c4a675a1a187/execute/sync HTTP/1.1" 200 0
2026-08-24 15:46:47 - selenium.webdriver.remote.remote_connection - DEBUG - Remote response: status=200 | data={"value":false} | headers=HTTPHeaderDict({'Content-Length': '15', 'Content-Type': 'application/json; charset=utf-8', 'cache-control': 'no-cache'})
2026-08-24 15:46:47 - selenium.webdriver.remote.remote_connection - DEBUG - Finished Request
2026-08-24 15:46:48 - selenium.webdriver.remote.remote_connection - DEBUG - POST http://localhost:63150/session/6c6a40017b19c636aa56c4a675a1a187/execute/sync {'script': "return document.querySelectorAll('[data-rpa-tag-id]').length > 0", 'args': []}
2026-08-24 15:46:48 - urllib3.connectionpool - DEBUG - http://localhost:63150 "POST /session/6c6a40017b19c636aa56c4a675a1a187/execute/sync HTTP/1.1" 200 0
2026-08-24 15:46:48 - selenium.webdriver.remote.remote_connection - DEBUG - Remote response: status=200 | data={"value":false} | headers=HTTPHeaderDict({'Content-Length': '15', 'Content-Type': 'application/json; charset=utf-8', 'cache-control': 'no-cache'})
2026-08-24 15:46:48 - selenium.webdriver.remote.remote_connection - DEBUG - Finished Request
2026-08-24 15:46:48 - selenium.webdriver.remote.remote_connection - DEBUG - POST http://localhost:63150/session/6c6a40017b19c636aa56c4a675a1a187/execute/sync {'script': "return document.querySelectorAll('[data-rpa-tag-id]').length > 0", 'args': []}
2026-08-24 15:46:48 - urllib3.connectionpool - DEBUG - http://localhost:63150 "POST /session/6c6a40017b19c636aa56c4a675a1a187/execute/sync HTTP/1.1" 200 0
2026-08-24 15:46:48 - selenium.webdriver.remote.remote_connection - DEBUG - Remote response: status=200 | data={"value":false} | headers=HTTPHeaderDict({'Content-Length': '15', 'Content-Type': 'application/json; charset=utf-8', 'cache-control': 'no-cache'})
2026-08-24 15:46:48 - selenium.webdriver.remote.remote_connection - DEBUG - Finished Request
2026-08-24 15:46:49 - selenium.webdriver.remote.remote_connection - DEBUG - POST http://localhost:63150/session/6c6a40017b19c636aa56c4a675a1a187/execute/sync {'script': "return document.querySelectorAll('[data-rpa-tag-id]').length > 0", 'args': []}
2026-08-24 15:46:49 - urllib3.connectionpool - DEBUG - http://localhost:63150 "POST /session/6c6a40017b19c636aa56c4a675a1a187/execute/sync HTTP/1.1" 200 0
2026-08-24 15:46:49 - selenium.webdriver.remote.remote_connection - DEBUG - Remote response: status=200 | data={"value":false} | headers=HTTPHeaderDict({'Content-Length': '15', 'Content-Type': 'application/json; charset=utf-8', 'cache-control': 'no-cache'})
2026-08-24 15:46:49 - selenium.webdriver.remote.remote_connection - DEBUG - Finished Request
2026-08-24 15:46:49 - selenium.webdriver.remote.remote_connection - DEBUG - POST http://localhost:63150/session/6c6a40017b19c636aa56c4a675a1a187/execute/sync {'script': "return document.querySelectorAll('[data-rpa-tag-id]').length > 0", 'args': []}
2026-08-24 15:46:49 - urllib3.connectionpool - DEBUG - http://localhost:63150 "POST /session/6c6a40017b19c636aa56c4a675a1a187/execute/sync HTTP/1.1" 200 0
2026-08-24 15:46:49 - selenium.webdriver.remote.remote_connection - DEBUG - Remote response: status=200 | data={"value":false} | headers=HTTPHeaderDict({'Content-Length': '15', 'Content-Type': 'application/json; charset=utf-8', 'cache-control': 'no-cache'})
2026-08-24 15:46:49 - selenium.webdriver.remote.remote_connection - DEBUG - Finished Request
2026-08-24 15:46:50 - selenium.webdriver.remote.remote_connection - DEBUG - POST http://localhost:63150/session/6c6a40017b19c636aa56c4a675a1a187/execute/sync {'script': "return document.querySelectorAll('[data-rpa-tag-id]').length > 0", 'args': []}
2026-08-24 15:46:50 - urllib3.connectionpool - DEBUG - http://localhost:63150 "POST /session/6c6a40017b19c636aa56c4a675a1a187/execute/sync HTTP/1.1" 200 0
2026-08-24 15:46:50 - selenium.webdriver.remote.remote_connection - DEBUG - Remote response: status=200 | data={"value":false} | headers=HTTPHeaderDict({'Content-Length': '15', 'Content-Type': 'application/json; charset=utf-8', 'cache-control': 'no-cache'})
2026-08-24 15:46:50 - selenium.webdriver.remote.remote_connection - DEBUG - Finished Request
2026-08-24 15:46:50 - selenium.webdriver.remote.remote_connection - DEBUG - POST http://localhost:63150/session/6c6a40017b19c636aa56c4a675a1a187/execute/sync {'script': "return document.querySelectorAll('[data-rpa-tag-id]').length > 0", 'args': []}
2026-08-24 15:46:50 - urllib3.connectionpool - DEBUG - http://localhost:63150 "POST /session/6c6a40017b19c636aa56c4a675a1a187/execute/sync HTTP/1.1" 200 0
2026-08-24 15:46:50 - selenium.webdriver.remote.remote_connection - DEBUG - Remote response: status=200 | data={"value":false} | headers=HTTPHeaderDict({'Content-Length': '15', 'Content-Type': 'application/json; charset=utf-8', 'cache-control': 'no-cache'})
2026-08-24 15:46:50 - selenium.webdriver.remote.remote_connection - DEBUG - Finished Request
2026-08-24 15:46:51 - selenium.webdriver.remote.remote_connection - DEBUG - POST http://localhost:63150/session/6c6a40017b19c636aa56c4a675a1a187/execute/sync {'script': "return document.querySelectorAll('[data-rpa-tag-id]').length > 0", 'args': []}
2026-08-24 15:46:51 - urllib3.connectionpool - DEBUG - http://localhost:63150 "POST /session/6c6a40017b19c636aa56c4a675a1a187/execute/sync HTTP/1.1" 200 0
2026-08-24 15:46:51 - selenium.webdriver.remote.remote_connection - DEBUG - Remote response: status=200 | data={"value":false} | headers=HTTPHeaderDict({'Content-Length': '15', 'Content-Type': 'application/json; charset=utf-8', 'cache-control': 'no-cache'})
2026-08-24 15:46:51 - selenium.webdriver.remote.remote_connection - DEBUG - Finished Request
2026-08-24 15:46:51 - selenium.webdriver.remote.remote_connection - DEBUG - POST http://localhost:63150/session/6c6a40017b19c636aa56c4a675a1a187/execute/sync {'script': "return document.querySelectorAll('[data-rpa-tag-id]').length > 0", 'args': []}
2026-08-24 15:46:51 - urllib3.connectionpool - DEBUG - http://localhost:63150 "POST /session/6c6a40017b19c636aa56c4a675a1a187/execute/sync HTTP/1.1" 200 0
2026-08-24 15:46:51 - selenium.webdriver.remote.remote_connection - DEBUG - Remote response: status=200 | data={"value":false} | headers=HTTPHeaderDict({'Content-Length': '15', 'Content-Type': 'application/json; charset=utf-8', 'cache-control': 'no-cache'})
2026-08-24 15:46:51 - selenium.webdriver.remote.remote_connection - DEBUG - Finished Request
2026-08-24 15:46:52 - selenium.webdriver.remote.remote_connection - DEBUG - POST http://localhost:63150/session/6c6a40017b19c636aa56c4a675a1a187/execute/sync {'script': "return document.querySelectorAll('[data-rpa-tag-id]').length > 0", 'args': []}
2026-08-24 15:46:52 - urllib3.connectionpool - DEBUG - http://localhost:63150 "POST /session/6c6a40017b19c636aa56c4a675a1a187/execute/sync HTTP/1.1" 200 0
2026-08-24 15:46:52 - selenium.webdriver.remote.remote_connection - DEBUG - Remote response: status=200 | data={"value":false} | headers=HTTPHeaderDict({'Content-Length': '15', 'Content-Type': 'application/json; charset=utf-8', 'cache-control': 'no-cache'})
2026-08-24 15:46:52 - selenium.webdriver.remote.remote_connection - DEBUG - Finished Request
2026-08-24 15:46:52 - selenium.webdriver.remote.remote_connection - DEBUG - POST http://localhost:63150/session/6c6a40017b19c636aa56c4a675a1a187/execute/sync {'script': "return document.querySelectorAll('[data-rpa-tag-id]').length > 0", 'args': []}
2026-08-24 15:46:52 - urllib3.connectionpool - DEBUG - http://localhost:63150 "POST /session/6c6a40017b19c636aa56c4a675a1a187/execute/sync HTTP/1.1" 200 0
2026-08-24 15:46:52 - selenium.webdriver.remote.remote_connection - DEBUG - Remote response: status=200 | data={"value":false} | headers=HTTPHeaderDict({'Content-Length': '15', 'Content-Type': 'application/json; charset=utf-8', 'cache-control': 'no-cache'})
2026-08-24 15:46:52 - selenium.webdriver.remote.remote_connection - DEBUG - Finished Request
2026-08-24 15:46:53 - selenium.webdriver.remote.remote_connection - DEBUG - POST http://localhost:63150/session/6c6a40017b19c636aa56c4a675a1a187/execute/sync {'script': "return document.querySelectorAll('[data-rpa-tag-id]').length > 0", 'args': []}
2026-08-24 15:46:53 - urllib3.connectionpool - DEBUG - http://localhost:63150 "POST /session/6c6a40017b19c636aa56c4a675a1a187/execute/sync HTTP/1.1" 200 0
2026-08-24 15:46:53 - selenium.webdriver.remote.remote_connection - DEBUG - Remote response: status=200 | data={"value":false} | headers=HTTPHeaderDict({'Content-Length': '15', 'Content-Type': 'application/json; charset=utf-8', 'cache-control': 'no-cache'})
2026-08-24 15:46:53 - selenium.webdriver.remote.remote_connection - DEBUG - Finished Request
2026-08-24 15:46:53 - selenium.webdriver.remote.remote_connection - DEBUG - POST http://localhost:63150/session/6c6a40017b19c636aa56c4a675a1a187/execute/sync {'script': "return document.querySelectorAll('[data-rpa-tag-id]').length > 0", 'args': []}
2026-08-24 15:46:53 - urllib3.connectionpool - DEBUG - http://localhost:63150 "POST /session/6c6a40017b19c636aa56c4a675a1a187/execute/sync HTTP/1.1" 200 0
2026-08-24 15:46:53 - selenium.webdriver.remote.remote_connection - DEBUG - Remote response: status=200 | data={"value":false} | headers=HTTPHeaderDict({'Content-Length': '15', 'Content-Type': 'application/json; charset=utf-8', 'cache-control': 'no-cache'})
2026-08-24 15:46:53 - selenium.webdriver.remote.remote_connection - DEBUG - Finished Request
2026-08-24 15:46:54 - selenium.webdriver.remote.remote_connection - DEBUG - POST http://localhost:63150/session/6c6a40017b19c636aa56c4a675a1a187/execute/sync {'script': "return document.querySelectorAll('[data-rpa-tag-id]').length > 0", 'args': []}
2026-08-24 15:46:54 - urllib3.connectionpool - DEBUG - http://localhost:63150 "POST /session/6c6a40017b19c636aa56c4a675a1a187/execute/sync HTTP/1.1" 200 0
2026-08-24 15:46:54 - selenium.webdriver.remote.remote_connection - DEBUG - Remote response: status=200 | data={"value":false} | headers=HTTPHeaderDict({'Content-Length': '15', 'Content-Type': 'application/json; charset=utf-8', 'cache-control': 'no-cache'})
2026-08-24 15:46:54 - selenium.webdriver.remote.remote_connection - DEBUG - Finished Request
2026-08-24 15:46:54 - selenium.webdriver.remote.remote_connection - DEBUG - POST http://localhost:63150/session/6c6a40017b19c636aa56c4a675a1a187/execute/sync {'script': "return document.querySelectorAll('[data-rpa-tag-id]').length > 0", 'args': []}
2026-08-24 15:46:54 - urllib3.connectionpool - DEBUG - http://localhost:63150 "POST /session/6c6a40017b19c636aa56c4a675a1a187/execute/sync HTTP/1.1" 200 0
2026-08-24 15:46:54 - selenium.webdriver.remote.remote_connection - DEBUG - Remote response: status=200 | data={"value":false} | headers=HTTPHeaderDict({'Content-Length': '15', 'Content-Type': 'application/json; charset=utf-8', 'cache-control': 'no-cache'})
2026-08-24 15:46:54 - selenium.webdriver.remote.remote_connection - DEBUG - Finished Request
2026-08-24 15:46:55 - selenium.webdriver.remote.remote_connection - DEBUG - POST http://localhost:63150/session/6c6a40017b19c636aa56c4a675a1a187/execute/sync {'script': "return document.querySelectorAll('[data-rpa-tag-id]').length > 0", 'args': []}
2026-08-24 15:46:55 - urllib3.connectionpool - DEBUG - http://localhost:63150 "POST /session/6c6a40017b19c636aa56c4a675a1a187/execute/sync HTTP/1.1" 200 0
2026-08-24 15:46:55 - selenium.webdriver.remote.remote_connection - DEBUG - Remote response: status=200 | data={"value":false} | headers=HTTPHeaderDict({'Content-Length': '15', 'Content-Type': 'application/json; charset=utf-8', 'cache-control': 'no-cache'})
2026-08-24 15:46:55 - selenium.webdriver.remote.remote_connection - DEBUG - Finished Request
2026-08-24 15:46:55 - selenium.webdriver.remote.remote_connection - DEBUG - POST http://localhost:63150/session/6c6a40017b19c636aa56c4a675a1a187/execute/sync {'script': "return document.querySelectorAll('[data-rpa-tag-id]').length > 0", 'args': []}
2026-08-24 15:46:55 - urllib3.connectionpool - DEBUG - http://localhost:63150 "POST /session/6c6a40017b19c636aa56c4a675a1a187/execute/sync HTTP/1.1" 200 0
2026-08-24 15:46:55 - selenium.webdriver.remote.remote_connection - DEBUG - Remote response: status=200 | data={"value":false} | headers=HTTPHeaderDict({'Content-Length': '15', 'Content-Type': 'application/json; charset=utf-8', 'cache-control': 'no-cache'})
2026-08-24 15:46:55 - selenium.webdriver.remote.remote_connection - DEBUG - Finished Request
2026-08-24 15:46:56 - selenium.webdriver.remote.remote_connection - DEBUG - POST http://localhost:63150/session/6c6a40017b19c636aa56c4a675a1a187/execute/sync {'script': "return document.querySelectorAll('[data-rpa-tag-id]').length > 0", 'args': []}
2026-08-24 15:46:56 - urllib3.connectionpool - DEBUG - http://localhost:63150 "POST /session/6c6a40017b19c636aa56c4a675a1a187/execute/sync HTTP/1.1" 200 0
2026-08-24 15:46:56 - selenium.webdriver.remote.remote_connection - DEBUG - Remote response: status=200 | data={"value":false} | headers=HTTPHeaderDict({'Content-Length': '15', 'Content-Type': 'application/json; charset=utf-8', 'cache-control': 'no-cache'})
2026-08-24 15:46:56 - selenium.webdriver.remote.remote_connection - DEBUG - Finished Request
2026-08-24 15:46:56 - selenium.webdriver.remote.remote_connection - DEBUG - POST http://localhost:63150/session/6c6a40017b19c636aa56c4a675a1a187/execute/sync {'script': "return document.querySelectorAll('[data-rpa-tag-id]').length > 0", 'args': []}
2026-08-24 15:46:56 - urllib3.connectionpool - DEBUG - http://localhost:63150 "POST /session/6c6a40017b19c636aa56c4a675a1a187/execute/sync HTTP/1.1" 200 0
2026-08-24 15:46:56 - selenium.webdriver.remote.remote_connection - DEBUG - Remote response: status=200 | data={"value":false} | headers=HTTPHeaderDict({'Content-Length': '15', 'Content-Type': 'application/json; charset=utf-8', 'cache-control': 'no-cache'})
2026-08-24 15:46:56 - selenium.webdriver.remote.remote_connection - DEBUG - Finished Request
2026-08-24 15:46:57 - selenium.webdriver.remote.remote_connection - DEBUG - POST http://localhost:63150/session/6c6a40017b19c636aa56c4a675a1a187/execute/sync {'script': "return document.querySelectorAll('[data-rpa-tag-id]').length > 0", 'args': []}
2026-08-24 15:46:57 - urllib3.connectionpool - DEBUG - http://localhost:63150 "POST /session/6c6a40017b19c636aa56c4a675a1a187/execute/sync HTTP/1.1" 200 0
2026-08-24 15:46:57 - selenium.webdriver.remote.remote_connection - DEBUG - Remote response: status=200 | data={"value":false} | headers=HTTPHeaderDict({'Content-Length': '15', 'Content-Type': 'application/json; charset=utf-8', 'cache-control': 'no-cache'})
2026-08-24 15:46:57 - selenium.webdriver.remote.remote_connection - DEBUG - Finished Request
2026-08-24 15:46:57 - selenium.webdriver.remote.remote_connection - DEBUG - POST http://localhost:63150/session/6c6a40017b19c636aa56c4a675a1a187/execute/sync {'script': "return document.querySelectorAll('[data-rpa-tag-id]').length > 0", 'args': []}
2026-08-24 15:46:57 - urllib3.connectionpool - DEBUG - http://localhost:63150 "POST /session/6c6a40017b19c636aa56c4a675a1a187/execute/sync HTTP/1.1" 200 0
2026-08-24 15:46:57 - selenium.webdriver.remote.remote_connection - DEBUG - Remote response: status=200 | data={"value":false} | headers=HTTPHeaderDict({'Content-Length': '15', 'Content-Type': 'application/json; charset=utf-8', 'cache-control': 'no-cache'})
2026-08-24 15:46:57 - selenium.webdriver.remote.remote_connection - DEBUG - Finished Request
2026-08-24 15:46:58 - selenium.webdriver.remote.remote_connection - DEBUG - POST http://localhost:63150/session/6c6a40017b19c636aa56c4a675a1a187/execute/sync {'script': "return document.querySelectorAll('[data-rpa-tag-id]').length > 0", 'args': []}
2026-08-24 15:46:58 - urllib3.connectionpool - DEBUG - http://localhost:63150 "POST /session/6c6a40017b19c636aa56c4a675a1a187/execute/sync HTTP/1.1" 200 0
2026-08-24 15:46:58 - selenium.webdriver.remote.remote_connection - DEBUG - Remote response: status=200 | data={"value":false} | headers=HTTPHeaderDict({'Content-Length': '15', 'Content-Type': 'application/json; charset=utf-8', 'cache-control': 'no-cache'})
2026-08-24 15:46:58 - selenium.webdriver.remote.remote_connection - DEBUG - Finished Request
2026-08-24 15:46:58 - selenium.webdriver.remote.remote_connection - DEBUG - POST http://localhost:63150/session/6c6a40017b19c636aa56c4a675a1a187/execute/sync {'script': "return document.querySelectorAll('[data-rpa-tag-id]').length > 0", 'args': []}
2026-08-24 15:46:58 - urllib3.connectionpool - DEBUG - http://localhost:63150 "POST /session/6c6a40017b19c636aa56c4a675a1a187/execute/sync HTTP/1.1" 200 0
2026-08-24 15:46:58 - selenium.webdriver.remote.remote_connection - DEBUG - Remote response: status=200 | data={"value":false} | headers=HTTPHeaderDict({'Content-Length': '15', 'Content-Type': 'application/json; charset=utf-8', 'cache-control': 'no-cache'})
2026-08-24 15:46:58 - selenium.webdriver.remote.remote_connection - DEBUG - Finished Request
2026-08-24 15:46:58 - scraper - ERROR - Page failed to become ready even after refresh
2026-08-24 15:46:58 - scraper - INFO - Retry 2/3 for VCIT
2026-08-24 15:47:03 - scraper - INFO - Navigating to https://investor.vanguard.com/etf/profile/overview/vcit
2026-08-24 15:47:03 - selenium.webdriver.remote.remote_connection - DEBUG - POST http://localhost:63150/session/6c6a40017b19c636aa56c4a675a1a187/url {'url': 'https://investor.vanguard.com/etf/profile/overview/vcit'}
2026-08-24 15:47:07 - urllib3.connectionpool - DEBUG - http://localhost:63150 "POST /session/6c6a40017b19c636aa56c4a675a1a187/url HTTP/1.1" 200 0
2026-08-24 15:47:07 - selenium.webdriver.remote.remote_connection - DEBUG - Remote response: status=200 | data={"value":null} | headers=HTTPHeaderDict({'Content-Length': '14', 'Content-Type': 'application/json; charset=utf-8', 'cache-control': 'no-cache'})
2026-08-24 15:47:07 - selenium.webdriver.remote.remote_connection - DEBUG - Finished Request
2026-08-24 15:47:07 - selenium.webdriver.remote.remote_connection - DEBUG - POST http://localhost:63150/session/6c6a40017b19c636aa56c4a675a1a187/execute/sync {'script': "\n                var candidates = [\n                    document.querySelector('#onetrust-accept-btn...", 'args': []}
2026-08-24 15:47:09 - urllib3.connectionpool - DEBUG - http://localhost:63150 "POST /session/6c6a40017b19c636aa56c4a675a1a187/execute/sync HTTP/1.1" 200 0
2026-08-24 15:47:09 - selenium.webdriver.remote.remote_connection - DEBUG - Remote response: status=200 | data={"value":null} | headers=HTTPHeaderDict({'Content-Length': '14', 'Content-Type': 'application/json; charset=utf-8', 'cache-control': 'no-cache'})
2026-08-24 15:47:09 - selenium.webdriver.remote.remote_connection - DEBUG - Finished Request
2026-08-24 15:47:09 - selenium.webdriver.remote.remote_connection - DEBUG - POST http://localhost:63150/session/6c6a40017b19c636aa56c4a675a1a187/execute/sync {'script': "return document.querySelectorAll('[data-rpa-tag-id]').length > 0", 'args': []}
2026-08-24 15:47:09 - urllib3.connectionpool - DEBUG - http://localhost:63150 "POST /session/6c6a40017b19c636aa56c4a675a1a187/execute/sync HTTP/1.1" 200 0
2026-08-24 15:47:09 - selenium.webdriver.remote.remote_connection - DEBUG - Remote response: status=200 | data={"value":false} | headers=HTTPHeaderDict({'Content-Length': '15', 'Content-Type': 'application/json; charset=utf-8', 'cache-control': 'no-cache'})
2026-08-24 15:47:09 - selenium.webdriver.remote.remote_connection - DEBUG - Finished Request
2026-08-24 15:47:09 - selenium.webdriver.remote.remote_connection - DEBUG - POST http://localhost:63150/session/6c6a40017b19c636aa56c4a675a1a187/execute/sync {'script': "return document.querySelectorAll('[data-rpa-tag-id]').length > 0", 'args': []}
2026-08-24 15:47:09 - urllib3.connectionpool - DEBUG - http://localhost:63150 "POST /session/6c6a40017b19c636aa56c4a675a1a187/execute/sync HTTP/1.1" 200 0
2026-08-24 15:47:09 - selenium.webdriver.remote.remote_connection - DEBUG - Remote response: status=200 | data={"value":false} | headers=HTTPHeaderDict({'Content-Length': '15', 'Content-Type': 'application/json; charset=utf-8', 'cache-control': 'no-cache'})
2026-08-24 15:47:09 - selenium.webdriver.remote.remote_connection - DEBUG - Finished Request
2026-08-24 15:47:10 - selenium.webdriver.remote.remote_connection - DEBUG - POST http://localhost:63150/session/6c6a40017b19c636aa56c4a675a1a187/execute/sync {'script': "return document.querySelectorAll('[data-rpa-tag-id]').length > 0", 'args': []}
2026-08-24 15:47:10 - urllib3.connectionpool - DEBUG - http://localhost:63150 "POST /session/6c6a40017b19c636aa56c4a675a1a187/execute/sync HTTP/1.1" 200 0
2026-08-24 15:47:10 - selenium.webdriver.remote.remote_connection - DEBUG - Remote response: status=200 | data={"value":false} | headers=HTTPHeaderDict({'Content-Length': '15', 'Content-Type': 'application/json; charset=utf-8', 'cache-control': 'no-cache'})
2026-08-24 15:47:10 - selenium.webdriver.remote.remote_connection - DEBUG - Finished Request
2026-08-24 15:47:10 - selenium.webdriver.remote.remote_connection - DEBUG - POST http://localhost:63150/session/6c6a40017b19c636aa56c4a675a1a187/execute/sync {'script': "return document.querySelectorAll('[data-rpa-tag-id]').length > 0", 'args': []}
2026-08-24 15:47:10 - urllib3.connectionpool - DEBUG - http://localhost:63150 "POST /session/6c6a40017b19c636aa56c4a675a1a187/execute/sync HTTP/1.1" 200 0
2026-08-24 15:47:10 - selenium.webdriver.remote.remote_connection - DEBUG - Remote response: status=200 | data={"value":false} | headers=HTTPHeaderDict({'Content-Length': '15', 'Content-Type': 'application/json; charset=utf-8', 'cache-control': 'no-cache'})
2026-08-24 15:47:10 - selenium.webdriver.remote.remote_connection - DEBUG - Finished Request
2026-08-24 15:47:11 - selenium.webdriver.remote.remote_connection - DEBUG - POST http://localhost:63150/session/6c6a40017b19c636aa56c4a675a1a187/execute/sync {'script': "return document.querySelectorAll('[data-rpa-tag-id]').length > 0", 'args': []}
2026-08-24 15:47:11 - urllib3.connectionpool - DEBUG - http://localhost:63150 "POST /session/6c6a40017b19c636aa56c4a675a1a187/execute/sync HTTP/1.1" 200 0
2026-08-24 15:47:11 - selenium.webdriver.remote.remote_connection - DEBUG - Remote response: status=200 | data={"value":false} | headers=HTTPHeaderDict({'Content-Length': '15', 'Content-Type': 'application/json; charset=utf-8', 'cache-control': 'no-cache'})
2026-08-24 15:47:11 - selenium.webdriver.remote.remote_connection - DEBUG - Finished Request
2026-08-24 15:47:11 - selenium.webdriver.remote.remote_connection - DEBUG - POST http://localhost:63150/session/6c6a40017b19c636aa56c4a675a1a187/execute/sync {'script': "return document.querySelectorAll('[data-rpa-tag-id]').length > 0", 'args': []}
2026-08-24 15:47:11 - urllib3.connectionpool - DEBUG - http://localhost:63150 "POST /session/6c6a40017b19c636aa56c4a675a1a187/execute/sync HTTP/1.1" 200 0
2026-08-24 15:47:11 - selenium.webdriver.remote.remote_connection - DEBUG - Remote response: status=200 | data={"value":false} | headers=HTTPHeaderDict({'Content-Length': '15', 'Content-Type': 'application/json; charset=utf-8', 'cache-control': 'no-cache'})
2026-08-24 15:47:11 - selenium.webdriver.remote.remote_connection - DEBUG - Finished Request
2026-08-24 15:47:12 - selenium.webdriver.remote.remote_connection - DEBUG - POST http://localhost:63150/session/6c6a40017b19c636aa56c4a675a1a187/execute/sync {'script': "return document.querySelectorAll('[data-rpa-tag-id]').length > 0", 'args': []}
2026-08-24 15:47:12 - urllib3.connectionpool - DEBUG - http://localhost:63150 "POST /session/6c6a40017b19c636aa56c4a675a1a187/execute/sync HTTP/1.1" 200 0
2026-08-24 15:47:12 - selenium.webdriver.remote.remote_connection - DEBUG - Remote response: status=200 | data={"value":false} | headers=HTTPHeaderDict({'Content-Length': '15', 'Content-Type': 'application/json; charset=utf-8', 'cache-control': 'no-cache'})
2026-08-24 15:47:12 - selenium.webdriver.remote.remote_connection - DEBUG - Finished Request
2026-08-24 15:47:12 - selenium.webdriver.remote.remote_connection - DEBUG - POST http://localhost:63150/session/6c6a40017b19c636aa56c4a675a1a187/execute/sync {'script': "return document.querySelectorAll('[data-rpa-tag-id]').length > 0", 'args': []}
2026-08-24 15:47:12 - urllib3.connectionpool - DEBUG - http://localhost:63150 "POST /session/6c6a40017b19c636aa56c4a675a1a187/execute/sync HTTP/1.1" 200 0
2026-08-24 15:47:12 - selenium.webdriver.remote.remote_connection - DEBUG - Remote response: status=200 | data={"value":false} | headers=HTTPHeaderDict({'Content-Length': '15', 'Content-Type': 'application/json; charset=utf-8', 'cache-control': 'no-cache'})
2026-08-24 15:47:12 - selenium.webdriver.remote.remote_connection - DEBUG - Finished Request
2026-08-24 15:47:13 - selenium.webdriver.remote.remote_connection - DEBUG - POST http://localhost:63150/session/6c6a40017b19c636aa56c4a675a1a187/execute/sync {'script': "return document.querySelectorAll('[data-rpa-tag-id]').length > 0", 'args': []}
2026-08-24 15:47:13 - urllib3.connectionpool - DEBUG - http://localhost:63150 "POST /session/6c6a40017b19c636aa56c4a675a1a187/execute/sync HTTP/1.1" 200 0
2026-08-24 15:47:13 - selenium.webdriver.remote.remote_connection - DEBUG - Remote response: status=200 | data={"value":false} | headers=HTTPHeaderDict({'Content-Length': '15', 'Content-Type': 'application/json; charset=utf-8', 'cache-control': 'no-cache'})
2026-08-24 15:47:13 - selenium.webdriver.remote.remote_connection - DEBUG - Finished Request
2026-08-24 15:47:14 - selenium.webdriver.remote.remote_connection - DEBUG - POST http://localhost:63150/session/6c6a40017b19c636aa56c4a675a1a187/execute/sync {'script': "return document.querySelectorAll('[data-rpa-tag-id]').length > 0", 'args': []}
2026-08-24 15:47:14 - urllib3.connectionpool - DEBUG - http://localhost:63150 "POST /session/6c6a40017b19c636aa56c4a675a1a187/execute/sync HTTP/1.1" 200 0
2026-08-24 15:47:14 - selenium.webdriver.remote.remote_connection - DEBUG - Remote response: status=200 | data={"value":false} | headers=HTTPHeaderDict({'Content-Length': '15', 'Content-Type': 'application/json; charset=utf-8', 'cache-control': 'no-cache'})
2026-08-24 15:47:14 - selenium.webdriver.remote.remote_connection - DEBUG - Finished Request
2026-08-24 15:47:14 - selenium.webdriver.remote.remote_connection - DEBUG - POST http://localhost:63150/session/6c6a40017b19c636aa56c4a675a1a187/execute/sync {'script': "return document.querySelectorAll('[data-rpa-tag-id]').length > 0", 'args': []}
2026-08-24 15:47:14 - urllib3.connectionpool - DEBUG - http://localhost:63150 "POST /session/6c6a40017b19c636aa56c4a675a1a187/execute/sync HTTP/1.1" 200 0
2026-08-24 15:47:14 - selenium.webdriver.remote.remote_connection - DEBUG - Remote response: status=200 | data={"value":false} | headers=HTTPHeaderDict({'Content-Length': '15', 'Content-Type': 'application/json; charset=utf-8', 'cache-control': 'no-cache'})
2026-08-24 15:47:14 - selenium.webdriver.remote.remote_connection - DEBUG - Finished Request
2026-08-24 15:47:15 - selenium.webdriver.remote.remote_connection - DEBUG - POST http://localhost:63150/session/6c6a40017b19c636aa56c4a675a1a187/execute/sync {'script': "return document.querySelectorAll('[data-rpa-tag-id]').length > 0", 'args': []}
2026-08-24 15:47:15 - urllib3.connectionpool - DEBUG - http://localhost:63150 "POST /session/6c6a40017b19c636aa56c4a675a1a187/execute/sync HTTP/1.1" 200 0
2026-08-24 15:47:15 - selenium.webdriver.remote.remote_connection - DEBUG - Remote response: status=200 | data={"value":false} | headers=HTTPHeaderDict({'Content-Length': '15', 'Content-Type': 'application/json; charset=utf-8', 'cache-control': 'no-cache'})
2026-08-24 15:47:15 - selenium.webdriver.remote.remote_connection - DEBUG - Finished Request
2026-08-24 15:47:15 - selenium.webdriver.remote.remote_connection - DEBUG - POST http://localhost:63150/session/6c6a40017b19c636aa56c4a675a1a187/execute/sync {'script': "return document.querySelectorAll('[data-rpa-tag-id]').length > 0", 'args': []}
2026-08-24 15:47:15 - urllib3.connectionpool - DEBUG - http://localhost:63150 "POST /session/6c6a40017b19c636aa56c4a675a1a187/execute/sync HTTP/1.1" 200 0
2026-08-24 15:47:15 - selenium.webdriver.remote.remote_connection - DEBUG - Remote response: status=200 | data={"value":false} | headers=HTTPHeaderDict({'Content-Length': '15', 'Content-Type': 'application/json; charset=utf-8', 'cache-control': 'no-cache'})
2026-08-24 15:47:15 - selenium.webdriver.remote.remote_connection - DEBUG - Finished Request
2026-08-24 15:47:16 - selenium.webdriver.remote.remote_connection - DEBUG - POST http://localhost:63150/session/6c6a40017b19c636aa56c4a675a1a187/execute/sync {'script': "return document.querySelectorAll('[data-rpa-tag-id]').length > 0", 'args': []}
2026-08-24 15:47:16 - urllib3.connectionpool - DEBUG - http://localhost:63150 "POST /session/6c6a40017b19c636aa56c4a675a1a187/execute/sync HTTP/1.1" 200 0
2026-08-24 15:47:16 - selenium.webdriver.remote.remote_connection - DEBUG - Remote response: status=200 | data={"value":false} | headers=HTTPHeaderDict({'Content-Length': '15', 'Content-Type': 'application/json; charset=utf-8', 'cache-control': 'no-cache'})
2026-08-24 15:47:16 - selenium.webdriver.remote.remote_connection - DEBUG - Finished Request
2026-08-24 15:47:16 - selenium.webdriver.remote.remote_connection - DEBUG - POST http://localhost:63150/session/6c6a40017b19c636aa56c4a675a1a187/execute/sync {'script': "return document.querySelectorAll('[data-rpa-tag-id]').length > 0", 'args': []}
2026-08-24 15:47:16 - urllib3.connectionpool - DEBUG - http://localhost:63150 "POST /session/6c6a40017b19c636aa56c4a675a1a187/execute/sync HTTP/1.1" 200 0
2026-08-24 15:47:16 - selenium.webdriver.remote.remote_connection - DEBUG - Remote response: status=200 | data={"value":false} | headers=HTTPHeaderDict({'Content-Length': '15', 'Content-Type': 'application/json; charset=utf-8', 'cache-control': 'no-cache'})
2026-08-24 15:47:16 - selenium.webdriver.remote.remote_connection - DEBUG - Finished Request
2026-08-24 15:47:17 - selenium.webdriver.remote.remote_connection - DEBUG - POST http://localhost:63150/session/6c6a40017b19c636aa56c4a675a1a187/execute/sync {'script': "return document.querySelectorAll('[data-rpa-tag-id]').length > 0", 'args': []}
2026-08-24 15:47:17 - urllib3.connectionpool - DEBUG - http://localhost:63150 "POST /session/6c6a40017b19c636aa56c4a675a1a187/execute/sync HTTP/1.1" 200 0
2026-08-24 15:47:17 - selenium.webdriver.remote.remote_connection - DEBUG - Remote response: status=200 | data={"value":false} | headers=HTTPHeaderDict({'Content-Length': '15', 'Content-Type': 'application/json; charset=utf-8', 'cache-control': 'no-cache'})
2026-08-24 15:47:17 - selenium.webdriver.remote.remote_connection - DEBUG - Finished Request
2026-08-24 15:47:17 - selenium.webdriver.remote.remote_connection - DEBUG - POST http://localhost:63150/session/6c6a40017b19c636aa56c4a675a1a187/execute/sync {'script': "return document.querySelectorAll('[data-rpa-tag-id]').length > 0", 'args': []}
2026-08-24 15:47:17 - urllib3.connectionpool - DEBUG - http://localhost:63150 "POST /session/6c6a40017b19c636aa56c4a675a1a187/execute/sync HTTP/1.1" 200 0
2026-08-24 15:47:17 - selenium.webdriver.remote.remote_connection - DEBUG - Remote response: status=200 | data={"value":false} | headers=HTTPHeaderDict({'Content-Length': '15', 'Content-Type': 'application/json; charset=utf-8', 'cache-control': 'no-cache'})
2026-08-24 15:47:17 - selenium.webdriver.remote.remote_connection - DEBUG - Finished Request
2026-08-24 15:47:18 - selenium.webdriver.remote.remote_connection - DEBUG - POST http://localhost:63150/session/6c6a40017b19c636aa56c4a675a1a187/execute/sync {'script': "return document.querySelectorAll('[data-rpa-tag-id]').length > 0", 'args': []}
2026-08-24 15:47:18 - urllib3.connectionpool - DEBUG - http://localhost:63150 "POST /session/6c6a40017b19c636aa56c4a675a1a187/execute/sync HTTP/1.1" 200 0
2026-08-24 15:47:18 - selenium.webdriver.remote.remote_connection - DEBUG - Remote response: status=200 | data={"value":false} | headers=HTTPHeaderDict({'Content-Length': '15', 'Content-Type': 'application/json; charset=utf-8', 'cache-control': 'no-cache'})
2026-08-24 15:47:18 - selenium.webdriver.remote.remote_connection - DEBUG - Finished Request
2026-08-24 15:47:18 - selenium.webdriver.remote.remote_connection - DEBUG - POST http://localhost:63150/session/6c6a40017b19c636aa56c4a675a1a187/execute/sync {'script': "return document.querySelectorAll('[data-rpa-tag-id]').length > 0", 'args': []}
2026-08-24 15:47:18 - urllib3.connectionpool - DEBUG - http://localhost:63150 "POST /session/6c6a40017b19c636aa56c4a675a1a187/execute/sync HTTP/1.1" 200 0
2026-08-24 15:47:18 - selenium.webdriver.remote.remote_connection - DEBUG - Remote response: status=200 | data={"value":false} | headers=HTTPHeaderDict({'Content-Length': '15', 'Content-Type': 'application/json; charset=utf-8', 'cache-control': 'no-cache'})
2026-08-24 15:47:18 - selenium.webdriver.remote.remote_connection - DEBUG - Finished Request
2026-08-24 15:47:19 - selenium.webdriver.remote.remote_connection - DEBUG - POST http://localhost:63150/session/6c6a40017b19c636aa56c4a675a1a187/execute/sync {'script': "return document.querySelectorAll('[data-rpa-tag-id]').length > 0", 'args': []}
2026-08-24 15:47:19 - urllib3.connectionpool - DEBUG - http://localhost:63150 "POST /session/6c6a40017b19c636aa56c4a675a1a187/execute/sync HTTP/1.1" 200 0
2026-08-24 15:47:19 - selenium.webdriver.remote.remote_connection - DEBUG - Remote response: status=200 | data={"value":false} | headers=HTTPHeaderDict({'Content-Length': '15', 'Content-Type': 'application/json; charset=utf-8', 'cache-control': 'no-cache'})
2026-08-24 15:47:19 - selenium.webdriver.remote.remote_connection - DEBUG - Finished Request
2026-08-24 15:47:19 - selenium.webdriver.remote.remote_connection - DEBUG - POST http://localhost:63150/session/6c6a40017b19c636aa56c4a675a1a187/execute/sync {'script': "return document.querySelectorAll('[data-rpa-tag-id]').length > 0", 'args': []}
2026-08-24 15:47:19 - urllib3.connectionpool - DEBUG - http://localhost:63150 "POST /session/6c6a40017b19c636aa56c4a675a1a187/execute/sync HTTP/1.1" 200 0
2026-08-24 15:47:19 - selenium.webdriver.remote.remote_connection - DEBUG - Remote response: status=200 | data={"value":false} | headers=HTTPHeaderDict({'Content-Length': '15', 'Content-Type': 'application/json; charset=utf-8', 'cache-control': 'no-cache'})
2026-08-24 15:47:19 - selenium.webdriver.remote.remote_connection - DEBUG - Finished Request
2026-08-24 15:47:20 - selenium.webdriver.remote.remote_connection - DEBUG - POST http://localhost:63150/session/6c6a40017b19c636aa56c4a675a1a187/execute/sync {'script': "return document.querySelectorAll('[data-rpa-tag-id]').length > 0", 'args': []}
2026-08-24 15:47:20 - urllib3.connectionpool - DEBUG - http://localhost:63150 "POST /session/6c6a40017b19c636aa56c4a675a1a187/execute/sync HTTP/1.1" 200 0
2026-08-24 15:47:20 - selenium.webdriver.remote.remote_connection - DEBUG - Remote response: status=200 | data={"value":false} | headers=HTTPHeaderDict({'Content-Length': '15', 'Content-Type': 'application/json; charset=utf-8', 'cache-control': 'no-cache'})
2026-08-24 15:47:20 - selenium.webdriver.remote.remote_connection - DEBUG - Finished Request
2026-08-24 15:47:20 - selenium.webdriver.remote.remote_connection - DEBUG - POST http://localhost:63150/session/6c6a40017b19c636aa56c4a675a1a187/execute/sync {'script': "return document.querySelectorAll('[data-rpa-tag-id]').length > 0", 'args': []}
2026-08-24 15:47:20 - urllib3.connectionpool - DEBUG - http://localhost:63150 "POST /session/6c6a40017b19c636aa56c4a675a1a187/execute/sync HTTP/1.1" 200 0
2026-08-24 15:47:20 - selenium.webdriver.remote.remote_connection - DEBUG - Remote response: status=200 | data={"value":false} | headers=HTTPHeaderDict({'Content-Length': '15', 'Content-Type': 'application/json; charset=utf-8', 'cache-control': 'no-cache'})
2026-08-24 15:47:20 - selenium.webdriver.remote.remote_connection - DEBUG - Finished Request
2026-08-24 15:47:21 - selenium.webdriver.remote.remote_connection - DEBUG - POST http://localhost:63150/session/6c6a40017b19c636aa56c4a675a1a187/execute/sync {'script': "return document.querySelectorAll('[data-rpa-tag-id]').length > 0", 'args': []}
2026-08-24 15:47:21 - urllib3.connectionpool - DEBUG - http://localhost:63150 "POST /session/6c6a40017b19c636aa56c4a675a1a187/execute/sync HTTP/1.1" 200 0
2026-08-24 15:47:21 - selenium.webdriver.remote.remote_connection - DEBUG - Remote response: status=200 | data={"value":false} | headers=HTTPHeaderDict({'Content-Length': '15', 'Content-Type': 'application/json; charset=utf-8', 'cache-control': 'no-cache'})
2026-08-24 15:47:21 - selenium.webdriver.remote.remote_connection - DEBUG - Finished Request
2026-08-24 15:47:21 - selenium.webdriver.remote.remote_connection - DEBUG - POST http://localhost:63150/session/6c6a40017b19c636aa56c4a675a1a187/execute/sync {'script': "return document.querySelectorAll('[data-rpa-tag-id]').length > 0", 'args': []}
2026-08-24 15:47:21 - urllib3.connectionpool - DEBUG - http://localhost:63150 "POST /session/6c6a40017b19c636aa56c4a675a1a187/execute/sync HTTP/1.1" 200 0
2026-08-24 15:47:21 - selenium.webdriver.remote.remote_connection - DEBUG - Remote response: status=200 | data={"value":false} | headers=HTTPHeaderDict({'Content-Length': '15', 'Content-Type': 'application/json; charset=utf-8', 'cache-control': 'no-cache'})
2026-08-24 15:47:21 - selenium.webdriver.remote.remote_connection - DEBUG - Finished Request
2026-08-24 15:47:22 - selenium.webdriver.remote.remote_connection - DEBUG - POST http://localhost:63150/session/6c6a40017b19c636aa56c4a675a1a187/execute/sync {'script': "return document.querySelectorAll('[data-rpa-tag-id]').length > 0", 'args': []}
2026-08-24 15:47:22 - urllib3.connectionpool - DEBUG - http://localhost:63150 "POST /session/6c6a40017b19c636aa56c4a675a1a187/execute/sync HTTP/1.1" 200 0
2026-08-24 15:47:22 - selenium.webdriver.remote.remote_connection - DEBUG - Remote response: status=200 | data={"value":false} | headers=HTTPHeaderDict({'Content-Length': '15', 'Content-Type': 'application/json; charset=utf-8', 'cache-control': 'no-cache'})
2026-08-24 15:47:22 - selenium.webdriver.remote.remote_connection - DEBUG - Finished Request
2026-08-24 15:47:23 - selenium.webdriver.remote.remote_connection - DEBUG - POST http://localhost:63150/session/6c6a40017b19c636aa56c4a675a1a187/execute/sync {'script': "return document.querySelectorAll('[data-rpa-tag-id]').length > 0", 'args': []}
2026-08-24 15:47:23 - urllib3.connectionpool - DEBUG - http://localhost:63150 "POST /session/6c6a40017b19c636aa56c4a675a1a187/execute/sync HTTP/1.1" 200 0
2026-08-24 15:47:23 - selenium.webdriver.remote.remote_connection - DEBUG - Remote response: status=200 | data={"value":false} | headers=HTTPHeaderDict({'Content-Length': '15', 'Content-Type': 'application/json; charset=utf-8', 'cache-control': 'no-cache'})
2026-08-24 15:47:23 - selenium.webdriver.remote.remote_connection - DEBUG - Finished Request
2026-08-24 15:47:23 - selenium.webdriver.remote.remote_connection - DEBUG - POST http://localhost:63150/session/6c6a40017b19c636aa56c4a675a1a187/execute/sync {'script': "return document.querySelectorAll('[data-rpa-tag-id]').length > 0", 'args': []}
2026-08-24 15:47:23 - urllib3.connectionpool - DEBUG - http://localhost:63150 "POST /session/6c6a40017b19c636aa56c4a675a1a187/execute/sync HTTP/1.1" 200 0
2026-08-24 15:47:23 - selenium.webdriver.remote.remote_connection - DEBUG - Remote response: status=200 | data={"value":false} | headers=HTTPHeaderDict({'Content-Length': '15', 'Content-Type': 'application/json; charset=utf-8', 'cache-control': 'no-cache'})
2026-08-24 15:47:23 - selenium.webdriver.remote.remote_connection - DEBUG - Finished Request
2026-08-24 15:47:24 - selenium.webdriver.remote.remote_connection - DEBUG - POST http://localhost:63150/session/6c6a40017b19c636aa56c4a675a1a187/execute/sync {'script': "return document.querySelectorAll('[data-rpa-tag-id]').length > 0", 'args': []}
2026-08-24 15:47:24 - urllib3.connectionpool - DEBUG - http://localhost:63150 "POST /session/6c6a40017b19c636aa56c4a675a1a187/execute/sync HTTP/1.1" 200 0
2026-08-24 15:47:24 - selenium.webdriver.remote.remote_connection - DEBUG - Remote response: status=200 | data={"value":false} | headers=HTTPHeaderDict({'Content-Length': '15', 'Content-Type': 'application/json; charset=utf-8', 'cache-control': 'no-cache'})
2026-08-24 15:47:24 - selenium.webdriver.remote.remote_connection - DEBUG - Finished Request
2026-08-24 15:47:24 - selenium.webdriver.remote.remote_connection - DEBUG - POST http://localhost:63150/session/6c6a40017b19c636aa56c4a675a1a187/execute/sync {'script': "return document.querySelectorAll('[data-rpa-tag-id]').length > 0", 'args': []}
2026-08-24 15:47:24 - urllib3.connectionpool - DEBUG - http://localhost:63150 "POST /session/6c6a40017b19c636aa56c4a675a1a187/execute/sync HTTP/1.1" 200 0
2026-08-24 15:47:24 - selenium.webdriver.remote.remote_connection - DEBUG - Remote response: status=200 | data={"value":false} | headers=HTTPHeaderDict({'Content-Length': '15', 'Content-Type': 'application/json; charset=utf-8', 'cache-control': 'no-cache'})
2026-08-24 15:47:24 - selenium.webdriver.remote.remote_connection - DEBUG - Finished Request
2026-08-24 15:47:25 - selenium.webdriver.remote.remote_connection - DEBUG - POST http://localhost:63150/session/6c6a40017b19c636aa56c4a675a1a187/execute/sync {'script': "return document.querySelectorAll('[data-rpa-tag-id]').length > 0", 'args': []}
2026-08-24 15:47:25 - urllib3.connectionpool - DEBUG - http://localhost:63150 "POST /session/6c6a40017b19c636aa56c4a675a1a187/execute/sync HTTP/1.1" 200 0
2026-08-24 15:47:25 - selenium.webdriver.remote.remote_connection - DEBUG - Remote response: status=200 | data={"value":false} | headers=HTTPHeaderDict({'Content-Length': '15', 'Content-Type': 'application/json; charset=utf-8', 'cache-control': 'no-cache'})
2026-08-24 15:47:25 - selenium.webdriver.remote.remote_connection - DEBUG - Finished Request
2026-08-24 15:47:25 - selenium.webdriver.remote.remote_connection - DEBUG - POST http://localhost:63150/session/6c6a40017b19c636aa56c4a675a1a187/execute/sync {'script': "return document.querySelectorAll('[data-rpa-tag-id]').length > 0", 'args': []}
2026-08-24 15:47:25 - urllib3.connectionpool - DEBUG - http://localhost:63150 "POST /session/6c6a40017b19c636aa56c4a675a1a187/execute/sync HTTP/1.1" 200 0
2026-08-24 15:47:25 - selenium.webdriver.remote.remote_connection - DEBUG - Remote response: status=200 | data={"value":false} | headers=HTTPHeaderDict({'Content-Length': '15', 'Content-Type': 'application/json; charset=utf-8', 'cache-control': 'no-cache'})
2026-08-24 15:47:25 - selenium.webdriver.remote.remote_connection - DEBUG - Finished Request
2026-08-24 15:47:26 - selenium.webdriver.remote.remote_connection - DEBUG - POST http://localhost:63150/session/6c6a40017b19c636aa56c4a675a1a187/execute/sync {'script': "return document.querySelectorAll('[data-rpa-tag-id]').length > 0", 'args': []}
2026-08-24 15:47:26 - urllib3.connectionpool - DEBUG - http://localhost:63150 "POST /session/6c6a40017b19c636aa56c4a675a1a187/execute/sync HTTP/1.1" 200 0
2026-08-24 15:47:26 - selenium.webdriver.remote.remote_connection - DEBUG - Remote response: status=200 | data={"value":false} | headers=HTTPHeaderDict({'Content-Length': '15', 'Content-Type': 'application/json; charset=utf-8', 'cache-control': 'no-cache'})
2026-08-24 15:47:26 - selenium.webdriver.remote.remote_connection - DEBUG - Finished Request
2026-08-24 15:47:26 - selenium.webdriver.remote.remote_connection - DEBUG - POST http://localhost:63150/session/6c6a40017b19c636aa56c4a675a1a187/execute/sync {'script': "return document.querySelectorAll('[data-rpa-tag-id]').length > 0", 'args': []}
2026-08-24 15:47:26 - urllib3.connectionpool - DEBUG - http://localhost:63150 "POST /session/6c6a40017b19c636aa56c4a675a1a187/execute/sync HTTP/1.1" 200 0
2026-08-24 15:47:26 - selenium.webdriver.remote.remote_connection - DEBUG - Remote response: status=200 | data={"value":false} | headers=HTTPHeaderDict({'Content-Length': '15', 'Content-Type': 'application/json; charset=utf-8', 'cache-control': 'no-cache'})
2026-08-24 15:47:26 - selenium.webdriver.remote.remote_connection - DEBUG - Finished Request
2026-08-24 15:47:27 - selenium.webdriver.remote.remote_connection - DEBUG - POST http://localhost:63150/session/6c6a40017b19c636aa56c4a675a1a187/execute/sync {'script': "return document.querySelectorAll('[data-rpa-tag-id]').length > 0", 'args': []}
2026-08-24 15:47:27 - urllib3.connectionpool - DEBUG - http://localhost:63150 "POST /session/6c6a40017b19c636aa56c4a675a1a187/execute/sync HTTP/1.1" 200 0
2026-08-24 15:47:27 - selenium.webdriver.remote.remote_connection - DEBUG - Remote response: status=200 | data={"value":false} | headers=HTTPHeaderDict({'Content-Length': '15', 'Content-Type': 'application/json; charset=utf-8', 'cache-control': 'no-cache'})
2026-08-24 15:47:27 - selenium.webdriver.remote.remote_connection - DEBUG - Finished Request
2026-08-24 15:47:27 - selenium.webdriver.remote.remote_connection - DEBUG - POST http://localhost:63150/session/6c6a40017b19c636aa56c4a675a1a187/execute/sync {'script': "return document.querySelectorAll('[data-rpa-tag-id]').length > 0", 'args': []}
2026-08-24 15:47:27 - urllib3.connectionpool - DEBUG - http://localhost:63150 "POST /session/6c6a40017b19c636aa56c4a675a1a187/execute/sync HTTP/1.1" 200 0
2026-08-24 15:47:27 - selenium.webdriver.remote.remote_connection - DEBUG - Remote response: status=200 | data={"value":false} | headers=HTTPHeaderDict({'Content-Length': '15', 'Content-Type': 'application/json; charset=utf-8', 'cache-control': 'no-cache'})
2026-08-24 15:47:27 - selenium.webdriver.remote.remote_connection - DEBUG - Finished Request
2026-08-24 15:47:28 - selenium.webdriver.remote.remote_connection - DEBUG - POST http://localhost:63150/session/6c6a40017b19c636aa56c4a675a1a187/execute/sync {'script': "return document.querySelectorAll('[data-rpa-tag-id]').length > 0", 'args': []}
2026-08-24 15:47:28 - urllib3.connectionpool - DEBUG - http://localhost:63150 "POST /session/6c6a40017b19c636aa56c4a675a1a187/execute/sync HTTP/1.1" 200 0
2026-08-24 15:47:28 - selenium.webdriver.remote.remote_connection - DEBUG - Remote response: status=200 | data={"value":false} | headers=HTTPHeaderDict({'Content-Length': '15', 'Content-Type': 'application/json; charset=utf-8', 'cache-control': 'no-cache'})
2026-08-24 15:47:28 - selenium.webdriver.remote.remote_connection - DEBUG - Finished Request
2026-08-24 15:47:28 - selenium.webdriver.remote.remote_connection - DEBUG - POST http://localhost:63150/session/6c6a40017b19c636aa56c4a675a1a187/execute/sync {'script': "return document.querySelectorAll('[data-rpa-tag-id]').length > 0", 'args': []}
2026-08-24 15:47:28 - urllib3.connectionpool - DEBUG - http://localhost:63150 "POST /session/6c6a40017b19c636aa56c4a675a1a187/execute/sync HTTP/1.1" 200 0
2026-08-24 15:47:28 - selenium.webdriver.remote.remote_connection - DEBUG - Remote response: status=200 | data={"value":false} | headers=HTTPHeaderDict({'Content-Length': '15', 'Content-Type': 'application/json; charset=utf-8', 'cache-control': 'no-cache'})
2026-08-24 15:47:28 - selenium.webdriver.remote.remote_connection - DEBUG - Finished Request
2026-08-24 15:47:29 - selenium.webdriver.remote.remote_connection - DEBUG - POST http://localhost:63150/session/6c6a40017b19c636aa56c4a675a1a187/execute/sync {'script': "return document.querySelectorAll('[data-rpa-tag-id]').length > 0", 'args': []}
2026-08-24 15:47:29 - urllib3.connectionpool - DEBUG - http://localhost:63150 "POST /session/6c6a40017b19c636aa56c4a675a1a187/execute/sync HTTP/1.1" 200 0
2026-08-24 15:47:29 - selenium.webdriver.remote.remote_connection - DEBUG - Remote response: status=200 | data={"value":false} | headers=HTTPHeaderDict({'Content-Length': '15', 'Content-Type': 'application/json; charset=utf-8', 'cache-control': 'no-cache'})
2026-08-24 15:47:29 - selenium.webdriver.remote.remote_connection - DEBUG - Finished Request
2026-08-24 15:47:29 - selenium.webdriver.remote.remote_connection - DEBUG - POST http://localhost:63150/session/6c6a40017b19c636aa56c4a675a1a187/execute/sync {'script': "return document.querySelectorAll('[data-rpa-tag-id]').length > 0", 'args': []}
2026-08-24 15:47:29 - urllib3.connectionpool - DEBUG - http://localhost:63150 "POST /session/6c6a40017b19c636aa56c4a675a1a187/execute/sync HTTP/1.1" 200 0
2026-08-24 15:47:29 - selenium.webdriver.remote.remote_connection - DEBUG - Remote response: status=200 | data={"value":false} | headers=HTTPHeaderDict({'Content-Length': '15', 'Content-Type': 'application/json; charset=utf-8', 'cache-control': 'no-cache'})
2026-08-24 15:47:29 - selenium.webdriver.remote.remote_connection - DEBUG - Finished Request
2026-08-24 15:47:30 - selenium.webdriver.remote.remote_connection - DEBUG - POST http://localhost:63150/session/6c6a40017b19c636aa56c4a675a1a187/execute/sync {'script': "return document.querySelectorAll('[data-rpa-tag-id]').length > 0", 'args': []}
2026-08-24 15:47:30 - urllib3.connectionpool - DEBUG - http://localhost:63150 "POST /session/6c6a40017b19c636aa56c4a675a1a187/execute/sync HTTP/1.1" 200 0
2026-08-24 15:47:30 - selenium.webdriver.remote.remote_connection - DEBUG - Remote response: status=200 | data={"value":false} | headers=HTTPHeaderDict({'Content-Length': '15', 'Content-Type': 'application/json; charset=utf-8', 'cache-control': 'no-cache'})
2026-08-24 15:47:30 - selenium.webdriver.remote.remote_connection - DEBUG - Finished Request
2026-08-24 15:47:30 - selenium.webdriver.remote.remote_connection - DEBUG - POST http://localhost:63150/session/6c6a40017b19c636aa56c4a675a1a187/execute/sync {'script': "return document.querySelectorAll('[data-rpa-tag-id]').length > 0", 'args': []}
2026-08-24 15:47:30 - urllib3.connectionpool - DEBUG - http://localhost:63150 "POST /session/6c6a40017b19c636aa56c4a675a1a187/execute/sync HTTP/1.1" 200 0
2026-08-24 15:47:30 - selenium.webdriver.remote.remote_connection - DEBUG - Remote response: status=200 | data={"value":false} | headers=HTTPHeaderDict({'Content-Length': '15', 'Content-Type': 'application/json; charset=utf-8', 'cache-control': 'no-cache'})
2026-08-24 15:47:30 - selenium.webdriver.remote.remote_connection - DEBUG - Finished Request
2026-08-24 15:47:31 - selenium.webdriver.remote.remote_connection - DEBUG - POST http://localhost:63150/session/6c6a40017b19c636aa56c4a675a1a187/execute/sync {'script': "return document.querySelectorAll('[data-rpa-tag-id]').length > 0", 'args': []}
2026-08-24 15:47:31 - urllib3.connectionpool - DEBUG - http://localhost:63150 "POST /session/6c6a40017b19c636aa56c4a675a1a187/execute/sync HTTP/1.1" 200 0
2026-08-24 15:47:31 - selenium.webdriver.remote.remote_connection - DEBUG - Remote response: status=200 | data={"value":false} | headers=HTTPHeaderDict({'Content-Length': '15', 'Content-Type': 'application/json; charset=utf-8', 'cache-control': 'no-cache'})
2026-08-24 15:47:31 - selenium.webdriver.remote.remote_connection - DEBUG - Finished Request
2026-08-24 15:47:31 - selenium.webdriver.remote.remote_connection - DEBUG - POST http://localhost:63150/session/6c6a40017b19c636aa56c4a675a1a187/execute/sync {'script': "return document.querySelectorAll('[data-rpa-tag-id]').length > 0", 'args': []}
2026-08-24 15:47:31 - urllib3.connectionpool - DEBUG - http://localhost:63150 "POST /session/6c6a40017b19c636aa56c4a675a1a187/execute/sync HTTP/1.1" 200 0
2026-08-24 15:47:31 - selenium.webdriver.remote.remote_connection - DEBUG - Remote response: status=200 | data={"value":false} | headers=HTTPHeaderDict({'Content-Length': '15', 'Content-Type': 'application/json; charset=utf-8', 'cache-control': 'no-cache'})
2026-08-24 15:47:31 - selenium.webdriver.remote.remote_connection - DEBUG - Finished Request
2026-08-24 15:47:32 - selenium.webdriver.remote.remote_connection - DEBUG - POST http://localhost:63150/session/6c6a40017b19c636aa56c4a675a1a187/execute/sync {'script': "return document.querySelectorAll('[data-rpa-tag-id]').length > 0", 'args': []}
2026-08-24 15:47:32 - urllib3.connectionpool - DEBUG - http://localhost:63150 "POST /session/6c6a40017b19c636aa56c4a675a1a187/execute/sync HTTP/1.1" 200 0
2026-08-24 15:47:32 - selenium.webdriver.remote.remote_connection - DEBUG - Remote response: status=200 | data={"value":false} | headers=HTTPHeaderDict({'Content-Length': '15', 'Content-Type': 'application/json; charset=utf-8', 'cache-control': 'no-cache'})
2026-08-24 15:47:32 - selenium.webdriver.remote.remote_connection - DEBUG - Finished Request
2026-08-24 15:47:32 - selenium.webdriver.remote.remote_connection - DEBUG - POST http://localhost:63150/session/6c6a40017b19c636aa56c4a675a1a187/execute/sync {'script': "return document.querySelectorAll('[data-rpa-tag-id]').length > 0", 'args': []}
2026-08-24 15:47:32 - urllib3.connectionpool - DEBUG - http://localhost:63150 "POST /session/6c6a40017b19c636aa56c4a675a1a187/execute/sync HTTP/1.1" 200 0
2026-08-24 15:47:32 - selenium.webdriver.remote.remote_connection - DEBUG - Remote response: status=200 | data={"value":false} | headers=HTTPHeaderDict({'Content-Length': '15', 'Content-Type': 'application/json; charset=utf-8', 'cache-control': 'no-cache'})
2026-08-24 15:47:32 - selenium.webdriver.remote.remote_connection - DEBUG - Finished Request
2026-08-24 15:47:33 - selenium.webdriver.remote.remote_connection - DEBUG - POST http://localhost:63150/session/6c6a40017b19c636aa56c4a675a1a187/execute/sync {'script': "return document.querySelectorAll('[data-rpa-tag-id]').length > 0", 'args': []}
2026-08-24 15:47:33 - urllib3.connectionpool - DEBUG - http://localhost:63150 "POST /session/6c6a40017b19c636aa56c4a675a1a187/execute/sync HTTP/1.1" 200 0
2026-08-24 15:47:33 - selenium.webdriver.remote.remote_connection - DEBUG - Remote response: status=200 | data={"value":false} | headers=HTTPHeaderDict({'Content-Length': '15', 'Content-Type': 'application/json; charset=utf-8', 'cache-control': 'no-cache'})
2026-08-24 15:47:33 - selenium.webdriver.remote.remote_connection - DEBUG - Finished Request
2026-08-24 15:47:33 - selenium.webdriver.remote.remote_connection - DEBUG - POST http://localhost:63150/session/6c6a40017b19c636aa56c4a675a1a187/execute/sync {'script': "return document.querySelectorAll('[data-rpa-tag-id]').length > 0", 'args': []}
2026-08-24 15:47:33 - urllib3.connectionpool - DEBUG - http://localhost:63150 "POST /session/6c6a40017b19c636aa56c4a675a1a187/execute/sync HTTP/1.1" 200 0
2026-08-24 15:47:33 - selenium.webdriver.remote.remote_connection - DEBUG - Remote response: status=200 | data={"value":false} | headers=HTTPHeaderDict({'Content-Length': '15', 'Content-Type': 'application/json; charset=utf-8', 'cache-control': 'no-cache'})
2026-08-24 15:47:33 - selenium.webdriver.remote.remote_connection - DEBUG - Finished Request
2026-08-24 15:47:34 - selenium.webdriver.remote.remote_connection - DEBUG - POST http://localhost:63150/session/6c6a40017b19c636aa56c4a675a1a187/execute/sync {'script': "return document.querySelectorAll('[data-rpa-tag-id]').length > 0", 'args': []}
2026-08-24 15:47:34 - urllib3.connectionpool - DEBUG - http://localhost:63150 "POST /session/6c6a40017b19c636aa56c4a675a1a187/execute/sync HTTP/1.1" 200 0
2026-08-24 15:47:34 - selenium.webdriver.remote.remote_connection - DEBUG - Remote response: status=200 | data={"value":false} | headers=HTTPHeaderDict({'Content-Length': '15', 'Content-Type': 'application/json; charset=utf-8', 'cache-control': 'no-cache'})
2026-08-24 15:47:34 - selenium.webdriver.remote.remote_connection - DEBUG - Finished Request
2026-08-24 15:47:34 - selenium.webdriver.remote.remote_connection - DEBUG - POST http://localhost:63150/session/6c6a40017b19c636aa56c4a675a1a187/execute/sync {'script': "return document.querySelectorAll('[data-rpa-tag-id]').length > 0", 'args': []}
2026-08-24 15:47:34 - urllib3.connectionpool - DEBUG - http://localhost:63150 "POST /session/6c6a40017b19c636aa56c4a675a1a187/execute/sync HTTP/1.1" 200 0
2026-08-24 15:47:34 - selenium.webdriver.remote.remote_connection - DEBUG - Remote response: status=200 | data={"value":false} | headers=HTTPHeaderDict({'Content-Length': '15', 'Content-Type': 'application/json; charset=utf-8', 'cache-control': 'no-cache'})
2026-08-24 15:47:34 - selenium.webdriver.remote.remote_connection - DEBUG - Finished Request
2026-08-24 15:47:35 - selenium.webdriver.remote.remote_connection - DEBUG - POST http://localhost:63150/session/6c6a40017b19c636aa56c4a675a1a187/execute/sync {'script': "return document.querySelectorAll('[data-rpa-tag-id]').length > 0", 'args': []}
2026-08-24 15:47:35 - urllib3.connectionpool - DEBUG - http://localhost:63150 "POST /session/6c6a40017b19c636aa56c4a675a1a187/execute/sync HTTP/1.1" 200 0
2026-08-24 15:47:35 - selenium.webdriver.remote.remote_connection - DEBUG - Remote response: status=200 | data={"value":false} | headers=HTTPHeaderDict({'Content-Length': '15', 'Content-Type': 'application/json; charset=utf-8', 'cache-control': 'no-cache'})
2026-08-24 15:47:35 - selenium.webdriver.remote.remote_connection - DEBUG - Finished Request
2026-08-24 15:47:35 - selenium.webdriver.remote.remote_connection - DEBUG - POST http://localhost:63150/session/6c6a40017b19c636aa56c4a675a1a187/execute/sync {'script': "return document.querySelectorAll('[data-rpa-tag-id]').length > 0", 'args': []}
2026-08-24 15:47:35 - urllib3.connectionpool - DEBUG - http://localhost:63150 "POST /session/6c6a40017b19c636aa56c4a675a1a187/execute/sync HTTP/1.1" 200 0
2026-08-24 15:47:35 - selenium.webdriver.remote.remote_connection - DEBUG - Remote response: status=200 | data={"value":false} | headers=HTTPHeaderDict({'Content-Length': '15', 'Content-Type': 'application/json; charset=utf-8', 'cache-control': 'no-cache'})
2026-08-24 15:47:35 - selenium.webdriver.remote.remote_connection - DEBUG - Finished Request
2026-08-24 15:47:36 - selenium.webdriver.remote.remote_connection - DEBUG - POST http://localhost:63150/session/6c6a40017b19c636aa56c4a675a1a187/execute/sync {'script': "return document.querySelectorAll('[data-rpa-tag-id]').length > 0", 'args': []}
2026-08-24 15:47:36 - urllib3.connectionpool - DEBUG - http://localhost:63150 "POST /session/6c6a40017b19c636aa56c4a675a1a187/execute/sync HTTP/1.1" 200 0
2026-08-24 15:47:36 - selenium.webdriver.remote.remote_connection - DEBUG - Remote response: status=200 | data={"value":false} | headers=HTTPHeaderDict({'Content-Length': '15', 'Content-Type': 'application/json; charset=utf-8', 'cache-control': 'no-cache'})
2026-08-24 15:47:36 - selenium.webdriver.remote.remote_connection - DEBUG - Finished Request
2026-08-24 15:47:37 - selenium.webdriver.remote.remote_connection - DEBUG - POST http://localhost:63150/session/6c6a40017b19c636aa56c4a675a1a187/execute/sync {'script': "return document.querySelectorAll('[data-rpa-tag-id]').length > 0", 'args': []}
2026-08-24 15:47:37 - urllib3.connectionpool - DEBUG - http://localhost:63150 "POST /session/6c6a40017b19c636aa56c4a675a1a187/execute/sync HTTP/1.1" 200 0
2026-08-24 15:47:37 - selenium.webdriver.remote.remote_connection - DEBUG - Remote response: status=200 | data={"value":false} | headers=HTTPHeaderDict({'Content-Length': '15', 'Content-Type': 'application/json; charset=utf-8', 'cache-control': 'no-cache'})
2026-08-24 15:47:37 - selenium.webdriver.remote.remote_connection - DEBUG - Finished Request
2026-08-24 15:47:37 - selenium.webdriver.remote.remote_connection - DEBUG - POST http://localhost:63150/session/6c6a40017b19c636aa56c4a675a1a187/execute/sync {'script': "return document.querySelectorAll('[data-rpa-tag-id]').length > 0", 'args': []}
2026-08-24 15:47:37 - urllib3.connectionpool - DEBUG - http://localhost:63150 "POST /session/6c6a40017b19c636aa56c4a675a1a187/execute/sync HTTP/1.1" 200 0
2026-08-24 15:47:37 - selenium.webdriver.remote.remote_connection - DEBUG - Remote response: status=200 | data={"value":false} | headers=HTTPHeaderDict({'Content-Length': '15', 'Content-Type': 'application/json; charset=utf-8', 'cache-control': 'no-cache'})
2026-08-24 15:47:37 - selenium.webdriver.remote.remote_connection - DEBUG - Finished Request
2026-08-24 15:47:38 - selenium.webdriver.remote.remote_connection - DEBUG - POST http://localhost:63150/session/6c6a40017b19c636aa56c4a675a1a187/execute/sync {'script': "return document.querySelectorAll('[data-rpa-tag-id]').length > 0", 'args': []}
2026-08-24 15:47:38 - urllib3.connectionpool - DEBUG - http://localhost:63150 "POST /session/6c6a40017b19c636aa56c4a675a1a187/execute/sync HTTP/1.1" 200 0
2026-08-24 15:47:38 - selenium.webdriver.remote.remote_connection - DEBUG - Remote response: status=200 | data={"value":false} | headers=HTTPHeaderDict({'Content-Length': '15', 'Content-Type': 'application/json; charset=utf-8', 'cache-control': 'no-cache'})
2026-08-24 15:47:38 - selenium.webdriver.remote.remote_connection - DEBUG - Finished Request
2026-08-24 15:47:38 - selenium.webdriver.remote.remote_connection - DEBUG - POST http://localhost:63150/session/6c6a40017b19c636aa56c4a675a1a187/execute/sync {'script': "return document.querySelectorAll('[data-rpa-tag-id]').length > 0", 'args': []}
2026-08-24 15:47:38 - urllib3.connectionpool - DEBUG - http://localhost:63150 "POST /session/6c6a40017b19c636aa56c4a675a1a187/execute/sync HTTP/1.1" 200 0
2026-08-24 15:47:38 - selenium.webdriver.remote.remote_connection - DEBUG - Remote response: status=200 | data={"value":false} | headers=HTTPHeaderDict({'Content-Length': '15', 'Content-Type': 'application/json; charset=utf-8', 'cache-control': 'no-cache'})
2026-08-24 15:47:38 - selenium.webdriver.remote.remote_connection - DEBUG - Finished Request
2026-08-24 15:47:39 - selenium.webdriver.remote.remote_connection - DEBUG - POST http://localhost:63150/session/6c6a40017b19c636aa56c4a675a1a187/execute/sync {'script': "return document.querySelectorAll('[data-rpa-tag-id]').length > 0", 'args': []}
2026-08-24 15:47:39 - urllib3.connectionpool - DEBUG - http://localhost:63150 "POST /session/6c6a40017b19c636aa56c4a675a1a187/execute/sync HTTP/1.1" 200 0
2026-08-24 15:47:39 - selenium.webdriver.remote.remote_connection - DEBUG - Remote response: status=200 | data={"value":false} | headers=HTTPHeaderDict({'Content-Length': '15', 'Content-Type': 'application/json; charset=utf-8', 'cache-control': 'no-cache'})
2026-08-24 15:47:39 - selenium.webdriver.remote.remote_connection - DEBUG - Finished Request
2026-08-24 15:47:39 - selenium.webdriver.remote.remote_connection - DEBUG - POST http://localhost:63150/session/6c6a40017b19c636aa56c4a675a1a187/execute/sync {'script': "return document.querySelectorAll('[data-rpa-tag-id]').length > 0", 'args': []}
2026-08-24 15:47:39 - urllib3.connectionpool - DEBUG - http://localhost:63150 "POST /session/6c6a40017b19c636aa56c4a675a1a187/execute/sync HTTP/1.1" 200 0
2026-08-24 15:47:39 - selenium.webdriver.remote.remote_connection - DEBUG - Remote response: status=200 | data={"value":false} | headers=HTTPHeaderDict({'Content-Length': '15', 'Content-Type': 'application/json; charset=utf-8', 'cache-control': 'no-cache'})
2026-08-24 15:47:39 - selenium.webdriver.remote.remote_connection - DEBUG - Finished Request
2026-08-24 15:47:39 - scraper - WARNING - Angular did not bootstrap within 30s — will refresh
2026-08-24 15:47:39 - scraper - INFO - Angular stalled — refreshing page (bundle now cached)
2026-08-24 15:47:39 - selenium.webdriver.remote.remote_connection - DEBUG - POST http://localhost:63150/session/6c6a40017b19c636aa56c4a675a1a187/refresh {}
2026-08-24 15:47:41 - urllib3.connectionpool - DEBUG - http://localhost:63150 "POST /session/6c6a40017b19c636aa56c4a675a1a187/refresh HTTP/1.1" 200 0
2026-08-24 15:47:41 - selenium.webdriver.remote.remote_connection - DEBUG - Remote response: status=200 | data={"value":null} | headers=HTTPHeaderDict({'Content-Length': '14', 'Content-Type': 'application/json; charset=utf-8', 'cache-control': 'no-cache'})
2026-08-24 15:47:41 - selenium.webdriver.remote.remote_connection - DEBUG - Finished Request
2026-08-24 15:47:41 - selenium.webdriver.remote.remote_connection - DEBUG - POST http://localhost:63150/session/6c6a40017b19c636aa56c4a675a1a187/execute/sync {'script': "\n                var candidates = [\n                    document.querySelector('#onetrust-accept-btn...", 'args': []}
2026-08-24 15:47:42 - urllib3.connectionpool - DEBUG - http://localhost:63150 "POST /session/6c6a40017b19c636aa56c4a675a1a187/execute/sync HTTP/1.1" 200 0
2026-08-24 15:47:42 - selenium.webdriver.remote.remote_connection - DEBUG - Remote response: status=200 | data={"value":null} | headers=HTTPHeaderDict({'Content-Length': '14', 'Content-Type': 'application/json; charset=utf-8', 'cache-control': 'no-cache'})
2026-08-24 15:47:42 - selenium.webdriver.remote.remote_connection - DEBUG - Finished Request
2026-08-24 15:47:42 - selenium.webdriver.remote.remote_connection - DEBUG - POST http://localhost:63150/session/6c6a40017b19c636aa56c4a675a1a187/execute/sync {'script': "return document.querySelectorAll('[data-rpa-tag-id]').length > 0", 'args': []}
2026-08-24 15:47:43 - urllib3.connectionpool - DEBUG - http://localhost:63150 "POST /session/6c6a40017b19c636aa56c4a675a1a187/execute/sync HTTP/1.1" 200 0
2026-08-24 15:47:43 - selenium.webdriver.remote.remote_connection - DEBUG - Remote response: status=200 | data={"value":false} | headers=HTTPHeaderDict({'Content-Length': '15', 'Content-Type': 'application/json; charset=utf-8', 'cache-control': 'no-cache'})
2026-08-24 15:47:43 - selenium.webdriver.remote.remote_connection - DEBUG - Finished Request
2026-08-24 15:47:43 - selenium.webdriver.remote.remote_connection - DEBUG - POST http://localhost:63150/session/6c6a40017b19c636aa56c4a675a1a187/execute/sync {'script': "return document.querySelectorAll('[data-rpa-tag-id]').length > 0", 'args': []}
2026-08-24 15:47:45 - urllib3.connectionpool - DEBUG - http://localhost:63150 "POST /session/6c6a40017b19c636aa56c4a675a1a187/execute/sync HTTP/1.1" 200 0
2026-08-24 15:47:45 - selenium.webdriver.remote.remote_connection - DEBUG - Remote response: status=200 | data={"value":false} | headers=HTTPHeaderDict({'Content-Length': '15', 'Content-Type': 'application/json; charset=utf-8', 'cache-control': 'no-cache'})
2026-08-24 15:47:45 - selenium.webdriver.remote.remote_connection - DEBUG - Finished Request
2026-08-24 15:47:45 - selenium.webdriver.remote.remote_connection - DEBUG - POST http://localhost:63150/session/6c6a40017b19c636aa56c4a675a1a187/execute/sync {'script': "return document.querySelectorAll('[data-rpa-tag-id]').length > 0", 'args': []}
2026-08-24 15:47:45 - urllib3.connectionpool - DEBUG - http://localhost:63150 "POST /session/6c6a40017b19c636aa56c4a675a1a187/execute/sync HTTP/1.1" 200 0
2026-08-24 15:47:45 - selenium.webdriver.remote.remote_connection - DEBUG - Remote response: status=200 | data={"value":false} | headers=HTTPHeaderDict({'Content-Length': '15', 'Content-Type': 'application/json; charset=utf-8', 'cache-control': 'no-cache'})
2026-08-24 15:47:45 - selenium.webdriver.remote.remote_connection - DEBUG - Finished Request
2026-08-24 15:47:46 - selenium.webdriver.remote.remote_connection - DEBUG - POST http://localhost:63150/session/6c6a40017b19c636aa56c4a675a1a187/execute/sync {'script': "return document.querySelectorAll('[data-rpa-tag-id]').length > 0", 'args': []}
2026-08-24 15:47:46 - urllib3.connectionpool - DEBUG - http://localhost:63150 "POST /session/6c6a40017b19c636aa56c4a675a1a187/execute/sync HTTP/1.1" 200 0
2026-08-24 15:47:46 - selenium.webdriver.remote.remote_connection - DEBUG - Remote response: status=200 | data={"value":false} | headers=HTTPHeaderDict({'Content-Length': '15', 'Content-Type': 'application/json; charset=utf-8', 'cache-control': 'no-cache'})
2026-08-24 15:47:46 - selenium.webdriver.remote.remote_connection - DEBUG - Finished Request
2026-08-24 15:47:46 - selenium.webdriver.remote.remote_connection - DEBUG - POST http://localhost:63150/session/6c6a40017b19c636aa56c4a675a1a187/execute/sync {'script': "return document.querySelectorAll('[data-rpa-tag-id]').length > 0", 'args': []}
2026-08-24 15:47:46 - urllib3.connectionpool - DEBUG - http://localhost:63150 "POST /session/6c6a40017b19c636aa56c4a675a1a187/execute/sync HTTP/1.1" 200 0
2026-08-24 15:47:46 - selenium.webdriver.remote.remote_connection - DEBUG - Remote response: status=200 | data={"value":false} | headers=HTTPHeaderDict({'Content-Length': '15', 'Content-Type': 'application/json; charset=utf-8', 'cache-control': 'no-cache'})
2026-08-24 15:47:46 - selenium.webdriver.remote.remote_connection - DEBUG - Finished Request
2026-08-24 15:47:47 - selenium.webdriver.remote.remote_connection - DEBUG - POST http://localhost:63150/session/6c6a40017b19c636aa56c4a675a1a187/execute/sync {'script': "return document.querySelectorAll('[data-rpa-tag-id]').length > 0", 'args': []}
2026-08-24 15:47:47 - urllib3.connectionpool - DEBUG - http://localhost:63150 "POST /session/6c6a40017b19c636aa56c4a675a1a187/execute/sync HTTP/1.1" 200 0
2026-08-24 15:47:47 - selenium.webdriver.remote.remote_connection - DEBUG - Remote response: status=200 | data={"value":false} | headers=HTTPHeaderDict({'Content-Length': '15', 'Content-Type': 'application/json; charset=utf-8', 'cache-control': 'no-cache'})
2026-08-24 15:47:47 - selenium.webdriver.remote.remote_connection - DEBUG - Finished Request
2026-08-24 15:47:47 - selenium.webdriver.remote.remote_connection - DEBUG - POST http://localhost:63150/session/6c6a40017b19c636aa56c4a675a1a187/execute/sync {'script': "return document.querySelectorAll('[data-rpa-tag-id]').length > 0", 'args': []}
2026-08-24 15:47:47 - urllib3.connectionpool - DEBUG - http://localhost:63150 "POST /session/6c6a40017b19c636aa56c4a675a1a187/execute/sync HTTP/1.1" 200 0
2026-08-24 15:47:47 - selenium.webdriver.remote.remote_connection - DEBUG - Remote response: status=200 | data={"value":false} | headers=HTTPHeaderDict({'Content-Length': '15', 'Content-Type': 'application/json; charset=utf-8', 'cache-control': 'no-cache'})
2026-08-24 15:47:47 - selenium.webdriver.remote.remote_connection - DEBUG - Finished Request
2026-08-24 15:47:48 - selenium.webdriver.remote.remote_connection - DEBUG - POST http://localhost:63150/session/6c6a40017b19c636aa56c4a675a1a187/execute/sync {'script': "return document.querySelectorAll('[data-rpa-tag-id]').length > 0", 'args': []}
2026-08-24 15:47:48 - urllib3.connectionpool - DEBUG - http://localhost:63150 "POST /session/6c6a40017b19c636aa56c4a675a1a187/execute/sync HTTP/1.1" 200 0
2026-08-24 15:47:48 - selenium.webdriver.remote.remote_connection - DEBUG - Remote response: status=200 | data={"value":false} | headers=HTTPHeaderDict({'Content-Length': '15', 'Content-Type': 'application/json; charset=utf-8', 'cache-control': 'no-cache'})
2026-08-24 15:47:48 - selenium.webdriver.remote.remote_connection - DEBUG - Finished Request
2026-08-24 15:47:48 - selenium.webdriver.remote.remote_connection - DEBUG - POST http://localhost:63150/session/6c6a40017b19c636aa56c4a675a1a187/execute/sync {'script': "return document.querySelectorAll('[data-rpa-tag-id]').length > 0", 'args': []}
2026-08-24 15:47:48 - urllib3.connectionpool - DEBUG - http://localhost:63150 "POST /session/6c6a40017b19c636aa56c4a675a1a187/execute/sync HTTP/1.1" 200 0
2026-08-24 15:47:48 - selenium.webdriver.remote.remote_connection - DEBUG - Remote response: status=200 | data={"value":false} | headers=HTTPHeaderDict({'Content-Length': '15', 'Content-Type': 'application/json; charset=utf-8', 'cache-control': 'no-cache'})
2026-08-24 15:47:48 - selenium.webdriver.remote.remote_connection - DEBUG - Finished Request
2026-08-24 15:47:49 - selenium.webdriver.remote.remote_connection - DEBUG - POST http://localhost:63150/session/6c6a40017b19c636aa56c4a675a1a187/execute/sync {'script': "return document.querySelectorAll('[data-rpa-tag-id]').length > 0", 'args': []}
2026-08-24 15:47:49 - urllib3.connectionpool - DEBUG - http://localhost:63150 "POST /session/6c6a40017b19c636aa56c4a675a1a187/execute/sync HTTP/1.1" 200 0
2026-08-24 15:47:49 - selenium.webdriver.remote.remote_connection - DEBUG - Remote response: status=200 | data={"value":false} | headers=HTTPHeaderDict({'Content-Length': '15', 'Content-Type': 'application/json; charset=utf-8', 'cache-control': 'no-cache'})
2026-08-24 15:47:49 - selenium.webdriver.remote.remote_connection - DEBUG - Finished Request
2026-08-24 15:47:49 - selenium.webdriver.remote.remote_connection - DEBUG - POST http://localhost:63150/session/6c6a40017b19c636aa56c4a675a1a187/execute/sync {'script': "return document.querySelectorAll('[data-rpa-tag-id]').length > 0", 'args': []}
2026-08-24 15:47:50 - urllib3.connectionpool - DEBUG - http://localhost:63150 "POST /session/6c6a40017b19c636aa56c4a675a1a187/execute/sync HTTP/1.1" 200 0
2026-08-24 15:47:50 - selenium.webdriver.remote.remote_connection - DEBUG - Remote response: status=200 | data={"value":false} | headers=HTTPHeaderDict({'Content-Length': '15', 'Content-Type': 'application/json; charset=utf-8', 'cache-control': 'no-cache'})
2026-08-24 15:47:50 - selenium.webdriver.remote.remote_connection - DEBUG - Finished Request
2026-08-24 15:47:50 - selenium.webdriver.remote.remote_connection - DEBUG - POST http://localhost:63150/session/6c6a40017b19c636aa56c4a675a1a187/execute/sync {'script': "return document.querySelectorAll('[data-rpa-tag-id]').length > 0", 'args': []}
2026-08-24 15:47:50 - urllib3.connectionpool - DEBUG - http://localhost:63150 "POST /session/6c6a40017b19c636aa56c4a675a1a187/execute/sync HTTP/1.1" 200 0
2026-08-24 15:47:50 - selenium.webdriver.remote.remote_connection - DEBUG - Remote response: status=200 | data={"value":false} | headers=HTTPHeaderDict({'Content-Length': '15', 'Content-Type': 'application/json; charset=utf-8', 'cache-control': 'no-cache'})
2026-08-24 15:47:50 - selenium.webdriver.remote.remote_connection - DEBUG - Finished Request
2026-08-24 15:47:51 - selenium.webdriver.remote.remote_connection - DEBUG - POST http://localhost:63150/session/6c6a40017b19c636aa56c4a675a1a187/execute/sync {'script': "return document.querySelectorAll('[data-rpa-tag-id]').length > 0", 'args': []}
2026-08-24 15:47:51 - urllib3.connectionpool - DEBUG - http://localhost:63150 "POST /session/6c6a40017b19c636aa56c4a675a1a187/execute/sync HTTP/1.1" 200 0
2026-08-24 15:47:51 - selenium.webdriver.remote.remote_connection - DEBUG - Remote response: status=200 | data={"value":false} | headers=HTTPHeaderDict({'Content-Length': '15', 'Content-Type': 'application/json; charset=utf-8', 'cache-control': 'no-cache'})
2026-08-24 15:47:51 - selenium.webdriver.remote.remote_connection - DEBUG - Finished Request
2026-08-24 15:47:51 - selenium.webdriver.remote.remote_connection - DEBUG - POST http://localhost:63150/session/6c6a40017b19c636aa56c4a675a1a187/execute/sync {'script': "return document.querySelectorAll('[data-rpa-tag-id]').length > 0", 'args': []}
2026-08-24 15:47:51 - urllib3.connectionpool - DEBUG - http://localhost:63150 "POST /session/6c6a40017b19c636aa56c4a675a1a187/execute/sync HTTP/1.1" 200 0
2026-08-24 15:47:51 - selenium.webdriver.remote.remote_connection - DEBUG - Remote response: status=200 | data={"value":false} | headers=HTTPHeaderDict({'Content-Length': '15', 'Content-Type': 'application/json; charset=utf-8', 'cache-control': 'no-cache'})
2026-08-24 15:47:51 - selenium.webdriver.remote.remote_connection - DEBUG - Finished Request
2026-08-24 15:47:52 - selenium.webdriver.remote.remote_connection - DEBUG - POST http://localhost:63150/session/6c6a40017b19c636aa56c4a675a1a187/execute/sync {'script': "return document.querySelectorAll('[data-rpa-tag-id]').length > 0", 'args': []}
2026-08-24 15:47:52 - urllib3.connectionpool - DEBUG - http://localhost:63150 "POST /session/6c6a40017b19c636aa56c4a675a1a187/execute/sync HTTP/1.1" 200 0
2026-08-24 15:47:52 - selenium.webdriver.remote.remote_connection - DEBUG - Remote response: status=200 | data={"value":false} | headers=HTTPHeaderDict({'Content-Length': '15', 'Content-Type': 'application/json; charset=utf-8', 'cache-control': 'no-cache'})
2026-08-24 15:47:52 - selenium.webdriver.remote.remote_connection - DEBUG - Finished Request
2026-08-24 15:47:52 - selenium.webdriver.remote.remote_connection - DEBUG - POST http://localhost:63150/session/6c6a40017b19c636aa56c4a675a1a187/execute/sync {'script': "return document.querySelectorAll('[data-rpa-tag-id]').length > 0", 'args': []}
2026-08-24 15:47:52 - urllib3.connectionpool - DEBUG - http://localhost:63150 "POST /session/6c6a40017b19c636aa56c4a675a1a187/execute/sync HTTP/1.1" 200 0
2026-08-24 15:47:52 - selenium.webdriver.remote.remote_connection - DEBUG - Remote response: status=200 | data={"value":false} | headers=HTTPHeaderDict({'Content-Length': '15', 'Content-Type': 'application/json; charset=utf-8', 'cache-control': 'no-cache'})
2026-08-24 15:47:52 - selenium.webdriver.remote.remote_connection - DEBUG - Finished Request
2026-08-24 15:47:53 - selenium.webdriver.remote.remote_connection - DEBUG - POST http://localhost:63150/session/6c6a40017b19c636aa56c4a675a1a187/execute/sync {'script': "return document.querySelectorAll('[data-rpa-tag-id]').length > 0", 'args': []}
2026-08-24 15:47:53 - urllib3.connectionpool - DEBUG - http://localhost:63150 "POST /session/6c6a40017b19c636aa56c4a675a1a187/execute/sync HTTP/1.1" 200 0
2026-08-24 15:47:53 - selenium.webdriver.remote.remote_connection - DEBUG - Remote response: status=200 | data={"value":false} | headers=HTTPHeaderDict({'Content-Length': '15', 'Content-Type': 'application/json; charset=utf-8', 'cache-control': 'no-cache'})
2026-08-24 15:47:53 - selenium.webdriver.remote.remote_connection - DEBUG - Finished Request
2026-08-24 15:47:54 - selenium.webdriver.remote.remote_connection - DEBUG - POST http://localhost:63150/session/6c6a40017b19c636aa56c4a675a1a187/execute/sync {'script': "return document.querySelectorAll('[data-rpa-tag-id]').length > 0", 'args': []}
2026-08-24 15:47:54 - urllib3.connectionpool - DEBUG - http://localhost:63150 "POST /session/6c6a40017b19c636aa56c4a675a1a187/execute/sync HTTP/1.1" 200 0
2026-08-24 15:47:54 - selenium.webdriver.remote.remote_connection - DEBUG - Remote response: status=200 | data={"value":false} | headers=HTTPHeaderDict({'Content-Length': '15', 'Content-Type': 'application/json; charset=utf-8', 'cache-control': 'no-cache'})
2026-08-24 15:47:54 - selenium.webdriver.remote.remote_connection - DEBUG - Finished Request
2026-08-24 15:47:54 - selenium.webdriver.remote.remote_connection - DEBUG - POST http://localhost:63150/session/6c6a40017b19c636aa56c4a675a1a187/execute/sync {'script': "return document.querySelectorAll('[data-rpa-tag-id]').length > 0", 'args': []}
2026-08-24 15:47:54 - urllib3.connectionpool - DEBUG - http://localhost:63150 "POST /session/6c6a40017b19c636aa56c4a675a1a187/execute/sync HTTP/1.1" 200 0
2026-08-24 15:47:54 - selenium.webdriver.remote.remote_connection - DEBUG - Remote response: status=200 | data={"value":false} | headers=HTTPHeaderDict({'Content-Length': '15', 'Content-Type': 'application/json; charset=utf-8', 'cache-control': 'no-cache'})
2026-08-24 15:47:54 - selenium.webdriver.remote.remote_connection - DEBUG - Finished Request
2026-08-24 15:47:55 - selenium.webdriver.remote.remote_connection - DEBUG - POST http://localhost:63150/session/6c6a40017b19c636aa56c4a675a1a187/execute/sync {'script': "return document.querySelectorAll('[data-rpa-tag-id]').length > 0", 'args': []}
2026-08-24 15:47:55 - urllib3.connectionpool - DEBUG - http://localhost:63150 "POST /session/6c6a40017b19c636aa56c4a675a1a187/execute/sync HTTP/1.1" 200 0
2026-08-24 15:47:55 - selenium.webdriver.remote.remote_connection - DEBUG - Remote response: status=200 | data={"value":false} | headers=HTTPHeaderDict({'Content-Length': '15', 'Content-Type': 'application/json; charset=utf-8', 'cache-control': 'no-cache'})
2026-08-24 15:47:55 - selenium.webdriver.remote.remote_connection - DEBUG - Finished Request
2026-08-24 15:47:55 - selenium.webdriver.remote.remote_connection - DEBUG - POST http://localhost:63150/session/6c6a40017b19c636aa56c4a675a1a187/execute/sync {'script': "return document.querySelectorAll('[data-rpa-tag-id]').length > 0", 'args': []}
2026-08-24 15:47:55 - urllib3.connectionpool - DEBUG - http://localhost:63150 "POST /session/6c6a40017b19c636aa56c4a675a1a187/execute/sync HTTP/1.1" 200 0
2026-08-24 15:47:55 - selenium.webdriver.remote.remote_connection - DEBUG - Remote response: status=200 | data={"value":false} | headers=HTTPHeaderDict({'Content-Length': '15', 'Content-Type': 'application/json; charset=utf-8', 'cache-control': 'no-cache'})
2026-08-24 15:47:55 - selenium.webdriver.remote.remote_connection - DEBUG - Finished Request
2026-08-24 15:47:56 - selenium.webdriver.remote.remote_connection - DEBUG - POST http://localhost:63150/session/6c6a40017b19c636aa56c4a675a1a187/execute/sync {'script': "return document.querySelectorAll('[data-rpa-tag-id]').length > 0", 'args': []}
2026-08-24 15:47:56 - urllib3.connectionpool - DEBUG - http://localhost:63150 "POST /session/6c6a40017b19c636aa56c4a675a1a187/execute/sync HTTP/1.1" 200 0
2026-08-24 15:47:56 - selenium.webdriver.remote.remote_connection - DEBUG - Remote response: status=200 | data={"value":false} | headers=HTTPHeaderDict({'Content-Length': '15', 'Content-Type': 'application/json; charset=utf-8', 'cache-control': 'no-cache'})
2026-08-24 15:47:56 - selenium.webdriver.remote.remote_connection - DEBUG - Finished Request
2026-08-24 15:47:56 - selenium.webdriver.remote.remote_connection - DEBUG - POST http://localhost:63150/session/6c6a40017b19c636aa56c4a675a1a187/execute/sync {'script': "return document.querySelectorAll('[data-rpa-tag-id]').length > 0", 'args': []}
2026-08-24 15:47:56 - urllib3.connectionpool - DEBUG - http://localhost:63150 "POST /session/6c6a40017b19c636aa56c4a675a1a187/execute/sync HTTP/1.1" 200 0
2026-08-24 15:47:56 - selenium.webdriver.remote.remote_connection - DEBUG - Remote response: status=200 | data={"value":false} | headers=HTTPHeaderDict({'Content-Length': '15', 'Content-Type': 'application/json; charset=utf-8', 'cache-control': 'no-cache'})
2026-08-24 15:47:56 - selenium.webdriver.remote.remote_connection - DEBUG - Finished Request
2026-08-24 15:47:57 - selenium.webdriver.remote.remote_connection - DEBUG - POST http://localhost:63150/session/6c6a40017b19c636aa56c4a675a1a187/execute/sync {'script': "return document.querySelectorAll('[data-rpa-tag-id]').length > 0", 'args': []}
2026-08-24 15:47:57 - urllib3.connectionpool - DEBUG - http://localhost:63150 "POST /session/6c6a40017b19c636aa56c4a675a1a187/execute/sync HTTP/1.1" 200 0
2026-08-24 15:47:57 - selenium.webdriver.remote.remote_connection - DEBUG - Remote response: status=200 | data={"value":false} | headers=HTTPHeaderDict({'Content-Length': '15', 'Content-Type': 'application/json; charset=utf-8', 'cache-control': 'no-cache'})
2026-08-24 15:47:57 - selenium.webdriver.remote.remote_connection - DEBUG - Finished Request
2026-08-24 15:47:57 - selenium.webdriver.remote.remote_connection - DEBUG - POST http://localhost:63150/session/6c6a40017b19c636aa56c4a675a1a187/execute/sync {'script': "return document.querySelectorAll('[data-rpa-tag-id]').length > 0", 'args': []}
2026-08-24 15:47:57 - urllib3.connectionpool - DEBUG - http://localhost:63150 "POST /session/6c6a40017b19c636aa56c4a675a1a187/execute/sync HTTP/1.1" 200 0
2026-08-24 15:47:57 - selenium.webdriver.remote.remote_connection - DEBUG - Remote response: status=200 | data={"value":false} | headers=HTTPHeaderDict({'Content-Length': '15', 'Content-Type': 'application/json; charset=utf-8', 'cache-control': 'no-cache'})
2026-08-24 15:47:57 - selenium.webdriver.remote.remote_connection - DEBUG - Finished Request
2026-08-24 15:47:58 - selenium.webdriver.remote.remote_connection - DEBUG - POST http://localhost:63150/session/6c6a40017b19c636aa56c4a675a1a187/execute/sync {'script': "return document.querySelectorAll('[data-rpa-tag-id]').length > 0", 'args': []}
2026-08-24 15:47:58 - urllib3.connectionpool - DEBUG - http://localhost:63150 "POST /session/6c6a40017b19c636aa56c4a675a1a187/execute/sync HTTP/1.1" 200 0
2026-08-24 15:47:58 - selenium.webdriver.remote.remote_connection - DEBUG - Remote response: status=200 | data={"value":false} | headers=HTTPHeaderDict({'Content-Length': '15', 'Content-Type': 'application/json; charset=utf-8', 'cache-control': 'no-cache'})
2026-08-24 15:47:58 - selenium.webdriver.remote.remote_connection - DEBUG - Finished Request
2026-08-24 15:47:58 - selenium.webdriver.remote.remote_connection - DEBUG - POST http://localhost:63150/session/6c6a40017b19c636aa56c4a675a1a187/execute/sync {'script': "return document.querySelectorAll('[data-rpa-tag-id]').length > 0", 'args': []}
2026-08-24 15:47:58 - urllib3.connectionpool - DEBUG - http://localhost:63150 "POST /session/6c6a40017b19c636aa56c4a675a1a187/execute/sync HTTP/1.1" 200 0
2026-08-24 15:47:58 - selenium.webdriver.remote.remote_connection - DEBUG - Remote response: status=200 | data={"value":false} | headers=HTTPHeaderDict({'Content-Length': '15', 'Content-Type': 'application/json; charset=utf-8', 'cache-control': 'no-cache'})
2026-08-24 15:47:58 - selenium.webdriver.remote.remote_connection - DEBUG - Finished Request
2026-08-24 15:47:59 - selenium.webdriver.remote.remote_connection - DEBUG - POST http://localhost:63150/session/6c6a40017b19c636aa56c4a675a1a187/execute/sync {'script': "return document.querySelectorAll('[data-rpa-tag-id]').length > 0", 'args': []}
2026-08-24 15:47:59 - urllib3.connectionpool - DEBUG - http://localhost:63150 "POST /session/6c6a40017b19c636aa56c4a675a1a187/execute/sync HTTP/1.1" 200 0
2026-08-24 15:47:59 - selenium.webdriver.remote.remote_connection - DEBUG - Remote response: status=200 | data={"value":false} | headers=HTTPHeaderDict({'Content-Length': '15', 'Content-Type': 'application/json; charset=utf-8', 'cache-control': 'no-cache'})
2026-08-24 15:47:59 - selenium.webdriver.remote.remote_connection - DEBUG - Finished Request
2026-08-24 15:47:59 - selenium.webdriver.remote.remote_connection - DEBUG - POST http://localhost:63150/session/6c6a40017b19c636aa56c4a675a1a187/execute/sync {'script': "return document.querySelectorAll('[data-rpa-tag-id]').length > 0", 'args': []}
2026-08-24 15:47:59 - urllib3.connectionpool - DEBUG - http://localhost:63150 "POST /session/6c6a40017b19c636aa56c4a675a1a187/execute/sync HTTP/1.1" 200 0
2026-08-24 15:47:59 - selenium.webdriver.remote.remote_connection - DEBUG - Remote response: status=200 | data={"value":false} | headers=HTTPHeaderDict({'Content-Length': '15', 'Content-Type': 'application/json; charset=utf-8', 'cache-control': 'no-cache'})
2026-08-24 15:47:59 - selenium.webdriver.remote.remote_connection - DEBUG - Finished Request
2026-08-24 15:48:00 - selenium.webdriver.remote.remote_connection - DEBUG - POST http://localhost:63150/session/6c6a40017b19c636aa56c4a675a1a187/execute/sync {'script': "return document.querySelectorAll('[data-rpa-tag-id]').length > 0", 'args': []}
2026-08-24 15:48:00 - urllib3.connectionpool - DEBUG - http://localhost:63150 "POST /session/6c6a40017b19c636aa56c4a675a1a187/execute/sync HTTP/1.1" 200 0
2026-08-24 15:48:00 - selenium.webdriver.remote.remote_connection - DEBUG - Remote response: status=200 | data={"value":false} | headers=HTTPHeaderDict({'Content-Length': '15', 'Content-Type': 'application/json; charset=utf-8', 'cache-control': 'no-cache'})
2026-08-24 15:48:00 - selenium.webdriver.remote.remote_connection - DEBUG - Finished Request
2026-08-24 15:48:00 - selenium.webdriver.remote.remote_connection - DEBUG - POST http://localhost:63150/session/6c6a40017b19c636aa56c4a675a1a187/execute/sync {'script': "return document.querySelectorAll('[data-rpa-tag-id]').length > 0", 'args': []}
2026-08-24 15:48:00 - urllib3.connectionpool - DEBUG - http://localhost:63150 "POST /session/6c6a40017b19c636aa56c4a675a1a187/execute/sync HTTP/1.1" 200 0
2026-08-24 15:48:00 - selenium.webdriver.remote.remote_connection - DEBUG - Remote response: status=200 | data={"value":false} | headers=HTTPHeaderDict({'Content-Length': '15', 'Content-Type': 'application/json; charset=utf-8', 'cache-control': 'no-cache'})
2026-08-24 15:48:00 - selenium.webdriver.remote.remote_connection - DEBUG - Finished Request
2026-08-24 15:48:01 - selenium.webdriver.remote.remote_connection - DEBUG - POST http://localhost:63150/session/6c6a40017b19c636aa56c4a675a1a187/execute/sync {'script': "return document.querySelectorAll('[data-rpa-tag-id]').length > 0", 'args': []}
2026-08-24 15:48:01 - urllib3.connectionpool - DEBUG - http://localhost:63150 "POST /session/6c6a40017b19c636aa56c4a675a1a187/execute/sync HTTP/1.1" 200 0
2026-08-24 15:48:01 - selenium.webdriver.remote.remote_connection - DEBUG - Remote response: status=200 | data={"value":false} | headers=HTTPHeaderDict({'Content-Length': '15', 'Content-Type': 'application/json; charset=utf-8', 'cache-control': 'no-cache'})
2026-08-24 15:48:01 - selenium.webdriver.remote.remote_connection - DEBUG - Finished Request
2026-08-24 15:48:01 - selenium.webdriver.remote.remote_connection - DEBUG - POST http://localhost:63150/session/6c6a40017b19c636aa56c4a675a1a187/execute/sync {'script': "return document.querySelectorAll('[data-rpa-tag-id]').length > 0", 'args': []}
2026-08-24 15:48:01 - urllib3.connectionpool - DEBUG - http://localhost:63150 "POST /session/6c6a40017b19c636aa56c4a675a1a187/execute/sync HTTP/1.1" 200 0
2026-08-24 15:48:01 - selenium.webdriver.remote.remote_connection - DEBUG - Remote response: status=200 | data={"value":false} | headers=HTTPHeaderDict({'Content-Length': '15', 'Content-Type': 'application/json; charset=utf-8', 'cache-control': 'no-cache'})
2026-08-24 15:48:01 - selenium.webdriver.remote.remote_connection - DEBUG - Finished Request
2026-08-24 15:48:02 - selenium.webdriver.remote.remote_connection - DEBUG - POST http://localhost:63150/session/6c6a40017b19c636aa56c4a675a1a187/execute/sync {'script': "return document.querySelectorAll('[data-rpa-tag-id]').length > 0", 'args': []}
2026-08-24 15:48:02 - urllib3.connectionpool - DEBUG - http://localhost:63150 "POST /session/6c6a40017b19c636aa56c4a675a1a187/execute/sync HTTP/1.1" 200 0
2026-08-24 15:48:02 - selenium.webdriver.remote.remote_connection - DEBUG - Remote response: status=200 | data={"value":false} | headers=HTTPHeaderDict({'Content-Length': '15', 'Content-Type': 'application/json; charset=utf-8', 'cache-control': 'no-cache'})
2026-08-24 15:48:02 - selenium.webdriver.remote.remote_connection - DEBUG - Finished Request
2026-08-24 15:48:02 - selenium.webdriver.remote.remote_connection - DEBUG - POST http://localhost:63150/session/6c6a40017b19c636aa56c4a675a1a187/execute/sync {'script': "return document.querySelectorAll('[data-rpa-tag-id]').length > 0", 'args': []}
2026-08-24 15:48:02 - urllib3.connectionpool - DEBUG - http://localhost:63150 "POST /session/6c6a40017b19c636aa56c4a675a1a187/execute/sync HTTP/1.1" 200 0
2026-08-24 15:48:02 - selenium.webdriver.remote.remote_connection - DEBUG - Remote response: status=200 | data={"value":false} | headers=HTTPHeaderDict({'Content-Length': '15', 'Content-Type': 'application/json; charset=utf-8', 'cache-control': 'no-cache'})
2026-08-24 15:48:02 - selenium.webdriver.remote.remote_connection - DEBUG - Finished Request
2026-08-24 15:48:03 - selenium.webdriver.remote.remote_connection - DEBUG - POST http://localhost:63150/session/6c6a40017b19c636aa56c4a675a1a187/execute/sync {'script': "return document.querySelectorAll('[data-rpa-tag-id]').length > 0", 'args': []}
2026-08-24 15:48:03 - urllib3.connectionpool - DEBUG - http://localhost:63150 "POST /session/6c6a40017b19c636aa56c4a675a1a187/execute/sync HTTP/1.1" 200 0
2026-08-24 15:48:03 - selenium.webdriver.remote.remote_connection - DEBUG - Remote response: status=200 | data={"value":false} | headers=HTTPHeaderDict({'Content-Length': '15', 'Content-Type': 'application/json; charset=utf-8', 'cache-control': 'no-cache'})
2026-08-24 15:48:03 - selenium.webdriver.remote.remote_connection - DEBUG - Finished Request
2026-08-24 15:48:03 - selenium.webdriver.remote.remote_connection - DEBUG - POST http://localhost:63150/session/6c6a40017b19c636aa56c4a675a1a187/execute/sync {'script': "return document.querySelectorAll('[data-rpa-tag-id]').length > 0", 'args': []}
2026-08-24 15:48:03 - urllib3.connectionpool - DEBUG - http://localhost:63150 "POST /session/6c6a40017b19c636aa56c4a675a1a187/execute/sync HTTP/1.1" 200 0
2026-08-24 15:48:03 - selenium.webdriver.remote.remote_connection - DEBUG - Remote response: status=200 | data={"value":false} | headers=HTTPHeaderDict({'Content-Length': '15', 'Content-Type': 'application/json; charset=utf-8', 'cache-control': 'no-cache'})
2026-08-24 15:48:03 - selenium.webdriver.remote.remote_connection - DEBUG - Finished Request
2026-08-24 15:48:04 - selenium.webdriver.remote.remote_connection - DEBUG - POST http://localhost:63150/session/6c6a40017b19c636aa56c4a675a1a187/execute/sync {'script': "return document.querySelectorAll('[data-rpa-tag-id]').length > 0", 'args': []}
2026-08-24 15:48:04 - urllib3.connectionpool - DEBUG - http://localhost:63150 "POST /session/6c6a40017b19c636aa56c4a675a1a187/execute/sync HTTP/1.1" 200 0
2026-08-24 15:48:04 - selenium.webdriver.remote.remote_connection - DEBUG - Remote response: status=200 | data={"value":false} | headers=HTTPHeaderDict({'Content-Length': '15', 'Content-Type': 'application/json; charset=utf-8', 'cache-control': 'no-cache'})
2026-08-24 15:48:04 - selenium.webdriver.remote.remote_connection - DEBUG - Finished Request
2026-08-24 15:48:04 - selenium.webdriver.remote.remote_connection - DEBUG - POST http://localhost:63150/session/6c6a40017b19c636aa56c4a675a1a187/execute/sync {'script': "return document.querySelectorAll('[data-rpa-tag-id]').length > 0", 'args': []}
2026-08-24 15:48:04 - urllib3.connectionpool - DEBUG - http://localhost:63150 "POST /session/6c6a40017b19c636aa56c4a675a1a187/execute/sync HTTP/1.1" 200 0
2026-08-24 15:48:04 - selenium.webdriver.remote.remote_connection - DEBUG - Remote response: status=200 | data={"value":false} | headers=HTTPHeaderDict({'Content-Length': '15', 'Content-Type': 'application/json; charset=utf-8', 'cache-control': 'no-cache'})
2026-08-24 15:48:04 - selenium.webdriver.remote.remote_connection - DEBUG - Finished Request
2026-08-24 15:48:05 - selenium.webdriver.remote.remote_connection - DEBUG - POST http://localhost:63150/session/6c6a40017b19c636aa56c4a675a1a187/execute/sync {'script': "return document.querySelectorAll('[data-rpa-tag-id]').length > 0", 'args': []}
2026-08-24 15:48:05 - urllib3.connectionpool - DEBUG - http://localhost:63150 "POST /session/6c6a40017b19c636aa56c4a675a1a187/execute/sync HTTP/1.1" 200 0
2026-08-24 15:48:05 - selenium.webdriver.remote.remote_connection - DEBUG - Remote response: status=200 | data={"value":false} | headers=HTTPHeaderDict({'Content-Length': '15', 'Content-Type': 'application/json; charset=utf-8', 'cache-control': 'no-cache'})
2026-08-24 15:48:05 - selenium.webdriver.remote.remote_connection - DEBUG - Finished Request
2026-08-24 15:48:05 - selenium.webdriver.remote.remote_connection - DEBUG - POST http://localhost:63150/session/6c6a40017b19c636aa56c4a675a1a187/execute/sync {'script': "return document.querySelectorAll('[data-rpa-tag-id]').length > 0", 'args': []}
2026-08-24 15:48:05 - urllib3.connectionpool - DEBUG - http://localhost:63150 "POST /session/6c6a40017b19c636aa56c4a675a1a187/execute/sync HTTP/1.1" 200 0
2026-08-24 15:48:05 - selenium.webdriver.remote.remote_connection - DEBUG - Remote response: status=200 | data={"value":false} | headers=HTTPHeaderDict({'Content-Length': '15', 'Content-Type': 'application/json; charset=utf-8', 'cache-control': 'no-cache'})
2026-08-24 15:48:05 - selenium.webdriver.remote.remote_connection - DEBUG - Finished Request
2026-08-24 15:48:06 - selenium.webdriver.remote.remote_connection - DEBUG - POST http://localhost:63150/session/6c6a40017b19c636aa56c4a675a1a187/execute/sync {'script': "return document.querySelectorAll('[data-rpa-tag-id]').length > 0", 'args': []}
2026-08-24 15:48:06 - urllib3.connectionpool - DEBUG - http://localhost:63150 "POST /session/6c6a40017b19c636aa56c4a675a1a187/execute/sync HTTP/1.1" 200 0
2026-08-24 15:48:06 - selenium.webdriver.remote.remote_connection - DEBUG - Remote response: status=200 | data={"value":false} | headers=HTTPHeaderDict({'Content-Length': '15', 'Content-Type': 'application/json; charset=utf-8', 'cache-control': 'no-cache'})
2026-08-24 15:48:06 - selenium.webdriver.remote.remote_connection - DEBUG - Finished Request
2026-08-24 15:48:06 - selenium.webdriver.remote.remote_connection - DEBUG - POST http://localhost:63150/session/6c6a40017b19c636aa56c4a675a1a187/execute/sync {'script': "return document.querySelectorAll('[data-rpa-tag-id]').length > 0", 'args': []}
2026-08-24 15:48:06 - urllib3.connectionpool - DEBUG - http://localhost:63150 "POST /session/6c6a40017b19c636aa56c4a675a1a187/execute/sync HTTP/1.1" 200 0
2026-08-24 15:48:06 - selenium.webdriver.remote.remote_connection - DEBUG - Remote response: status=200 | data={"value":false} | headers=HTTPHeaderDict({'Content-Length': '15', 'Content-Type': 'application/json; charset=utf-8', 'cache-control': 'no-cache'})
2026-08-24 15:48:06 - selenium.webdriver.remote.remote_connection - DEBUG - Finished Request
2026-08-24 15:48:07 - selenium.webdriver.remote.remote_connection - DEBUG - POST http://localhost:63150/session/6c6a40017b19c636aa56c4a675a1a187/execute/sync {'script': "return document.querySelectorAll('[data-rpa-tag-id]').length > 0", 'args': []}
2026-08-24 15:48:07 - urllib3.connectionpool - DEBUG - http://localhost:63150 "POST /session/6c6a40017b19c636aa56c4a675a1a187/execute/sync HTTP/1.1" 200 0
2026-08-24 15:48:07 - selenium.webdriver.remote.remote_connection - DEBUG - Remote response: status=200 | data={"value":false} | headers=HTTPHeaderDict({'Content-Length': '15', 'Content-Type': 'application/json; charset=utf-8', 'cache-control': 'no-cache'})
2026-08-24 15:48:07 - selenium.webdriver.remote.remote_connection - DEBUG - Finished Request
2026-08-24 15:48:07 - selenium.webdriver.remote.remote_connection - DEBUG - POST http://localhost:63150/session/6c6a40017b19c636aa56c4a675a1a187/execute/sync {'script': "return document.querySelectorAll('[data-rpa-tag-id]').length > 0", 'args': []}
2026-08-24 15:48:07 - urllib3.connectionpool - DEBUG - http://localhost:63150 "POST /session/6c6a40017b19c636aa56c4a675a1a187/execute/sync HTTP/1.1" 200 0
2026-08-24 15:48:07 - selenium.webdriver.remote.remote_connection - DEBUG - Remote response: status=200 | data={"value":false} | headers=HTTPHeaderDict({'Content-Length': '15', 'Content-Type': 'application/json; charset=utf-8', 'cache-control': 'no-cache'})
2026-08-24 15:48:07 - selenium.webdriver.remote.remote_connection - DEBUG - Finished Request
2026-08-24 15:48:08 - selenium.webdriver.remote.remote_connection - DEBUG - POST http://localhost:63150/session/6c6a40017b19c636aa56c4a675a1a187/execute/sync {'script': "return document.querySelectorAll('[data-rpa-tag-id]').length > 0", 'args': []}
2026-08-24 15:48:08 - urllib3.connectionpool - DEBUG - http://localhost:63150 "POST /session/6c6a40017b19c636aa56c4a675a1a187/execute/sync HTTP/1.1" 200 0
2026-08-24 15:48:08 - selenium.webdriver.remote.remote_connection - DEBUG - Remote response: status=200 | data={"value":false} | headers=HTTPHeaderDict({'Content-Length': '15', 'Content-Type': 'application/json; charset=utf-8', 'cache-control': 'no-cache'})
2026-08-24 15:48:08 - selenium.webdriver.remote.remote_connection - DEBUG - Finished Request
2026-08-24 15:48:09 - selenium.webdriver.remote.remote_connection - DEBUG - POST http://localhost:63150/session/6c6a40017b19c636aa56c4a675a1a187/execute/sync {'script': "return document.querySelectorAll('[data-rpa-tag-id]').length > 0", 'args': []}
2026-08-24 15:48:09 - urllib3.connectionpool - DEBUG - http://localhost:63150 "POST /session/6c6a40017b19c636aa56c4a675a1a187/execute/sync HTTP/1.1" 200 0
2026-08-24 15:48:09 - selenium.webdriver.remote.remote_connection - DEBUG - Remote response: status=200 | data={"value":false} | headers=HTTPHeaderDict({'Content-Length': '15', 'Content-Type': 'application/json; charset=utf-8', 'cache-control': 'no-cache'})
2026-08-24 15:48:09 - selenium.webdriver.remote.remote_connection - DEBUG - Finished Request
2026-08-24 15:48:09 - selenium.webdriver.remote.remote_connection - DEBUG - POST http://localhost:63150/session/6c6a40017b19c636aa56c4a675a1a187/execute/sync {'script': "return document.querySelectorAll('[data-rpa-tag-id]').length > 0", 'args': []}
2026-08-24 15:48:09 - urllib3.connectionpool - DEBUG - http://localhost:63150 "POST /session/6c6a40017b19c636aa56c4a675a1a187/execute/sync HTTP/1.1" 200 0
2026-08-24 15:48:09 - selenium.webdriver.remote.remote_connection - DEBUG - Remote response: status=200 | data={"value":false} | headers=HTTPHeaderDict({'Content-Length': '15', 'Content-Type': 'application/json; charset=utf-8', 'cache-control': 'no-cache'})
2026-08-24 15:48:09 - selenium.webdriver.remote.remote_connection - DEBUG - Finished Request
2026-08-24 15:48:10 - selenium.webdriver.remote.remote_connection - DEBUG - POST http://localhost:63150/session/6c6a40017b19c636aa56c4a675a1a187/execute/sync {'script': "return document.querySelectorAll('[data-rpa-tag-id]').length > 0", 'args': []}
2026-08-24 15:48:10 - urllib3.connectionpool - DEBUG - http://localhost:63150 "POST /session/6c6a40017b19c636aa56c4a675a1a187/execute/sync HTTP/1.1" 200 0
2026-08-24 15:48:10 - selenium.webdriver.remote.remote_connection - DEBUG - Remote response: status=200 | data={"value":false} | headers=HTTPHeaderDict({'Content-Length': '15', 'Content-Type': 'application/json; charset=utf-8', 'cache-control': 'no-cache'})
2026-08-24 15:48:10 - selenium.webdriver.remote.remote_connection - DEBUG - Finished Request
2026-08-24 15:48:10 - selenium.webdriver.remote.remote_connection - DEBUG - POST http://localhost:63150/session/6c6a40017b19c636aa56c4a675a1a187/execute/sync {'script': "return document.querySelectorAll('[data-rpa-tag-id]').length > 0", 'args': []}
2026-08-24 15:48:10 - urllib3.connectionpool - DEBUG - http://localhost:63150 "POST /session/6c6a40017b19c636aa56c4a675a1a187/execute/sync HTTP/1.1" 200 0
2026-08-24 15:48:10 - selenium.webdriver.remote.remote_connection - DEBUG - Remote response: status=200 | data={"value":false} | headers=HTTPHeaderDict({'Content-Length': '15', 'Content-Type': 'application/json; charset=utf-8', 'cache-control': 'no-cache'})
2026-08-24 15:48:10 - selenium.webdriver.remote.remote_connection - DEBUG - Finished Request
2026-08-24 15:48:11 - selenium.webdriver.remote.remote_connection - DEBUG - POST http://localhost:63150/session/6c6a40017b19c636aa56c4a675a1a187/execute/sync {'script': "return document.querySelectorAll('[data-rpa-tag-id]').length > 0", 'args': []}
2026-08-24 15:48:11 - urllib3.connectionpool - DEBUG - http://localhost:63150 "POST /session/6c6a40017b19c636aa56c4a675a1a187/execute/sync HTTP/1.1" 200 0
2026-08-24 15:48:11 - selenium.webdriver.remote.remote_connection - DEBUG - Remote response: status=200 | data={"value":false} | headers=HTTPHeaderDict({'Content-Length': '15', 'Content-Type': 'application/json; charset=utf-8', 'cache-control': 'no-cache'})
2026-08-24 15:48:11 - selenium.webdriver.remote.remote_connection - DEBUG - Finished Request
2026-08-24 15:48:11 - selenium.webdriver.remote.remote_connection - DEBUG - POST http://localhost:63150/session/6c6a40017b19c636aa56c4a675a1a187/execute/sync {'script': "return document.querySelectorAll('[data-rpa-tag-id]').length > 0", 'args': []}
2026-08-24 15:48:11 - urllib3.connectionpool - DEBUG - http://localhost:63150 "POST /session/6c6a40017b19c636aa56c4a675a1a187/execute/sync HTTP/1.1" 200 0
2026-08-24 15:48:11 - selenium.webdriver.remote.remote_connection - DEBUG - Remote response: status=200 | data={"value":false} | headers=HTTPHeaderDict({'Content-Length': '15', 'Content-Type': 'application/json; charset=utf-8', 'cache-control': 'no-cache'})
2026-08-24 15:48:11 - selenium.webdriver.remote.remote_connection - DEBUG - Finished Request
2026-08-24 15:48:12 - selenium.webdriver.remote.remote_connection - DEBUG - POST http://localhost:63150/session/6c6a40017b19c636aa56c4a675a1a187/execute/sync {'script': "return document.querySelectorAll('[data-rpa-tag-id]').length > 0", 'args': []}
2026-08-24 15:48:12 - urllib3.connectionpool - DEBUG - http://localhost:63150 "POST /session/6c6a40017b19c636aa56c4a675a1a187/execute/sync HTTP/1.1" 200 0
2026-08-24 15:48:12 - selenium.webdriver.remote.remote_connection - DEBUG - Remote response: status=200 | data={"value":false} | headers=HTTPHeaderDict({'Content-Length': '15', 'Content-Type': 'application/json; charset=utf-8', 'cache-control': 'no-cache'})
2026-08-24 15:48:12 - selenium.webdriver.remote.remote_connection - DEBUG - Finished Request
2026-08-24 15:48:12 - selenium.webdriver.remote.remote_connection - DEBUG - POST http://localhost:63150/session/6c6a40017b19c636aa56c4a675a1a187/execute/sync {'script': "return document.querySelectorAll('[data-rpa-tag-id]').length > 0", 'args': []}
2026-08-24 15:48:12 - urllib3.connectionpool - DEBUG - http://localhost:63150 "POST /session/6c6a40017b19c636aa56c4a675a1a187/execute/sync HTTP/1.1" 200 0
2026-08-24 15:48:12 - selenium.webdriver.remote.remote_connection - DEBUG - Remote response: status=200 | data={"value":false} | headers=HTTPHeaderDict({'Content-Length': '15', 'Content-Type': 'application/json; charset=utf-8', 'cache-control': 'no-cache'})
2026-08-24 15:48:12 - selenium.webdriver.remote.remote_connection - DEBUG - Finished Request
2026-08-24 15:48:13 - selenium.webdriver.remote.remote_connection - DEBUG - POST http://localhost:63150/session/6c6a40017b19c636aa56c4a675a1a187/execute/sync {'script': "return document.querySelectorAll('[data-rpa-tag-id]').length > 0", 'args': []}
2026-08-24 15:48:13 - urllib3.connectionpool - DEBUG - http://localhost:63150 "POST /session/6c6a40017b19c636aa56c4a675a1a187/execute/sync HTTP/1.1" 200 0
2026-08-24 15:48:13 - selenium.webdriver.remote.remote_connection - DEBUG - Remote response: status=200 | data={"value":false} | headers=HTTPHeaderDict({'Content-Length': '15', 'Content-Type': 'application/json; charset=utf-8', 'cache-control': 'no-cache'})
2026-08-24 15:48:13 - selenium.webdriver.remote.remote_connection - DEBUG - Finished Request
2026-08-24 15:48:13 - scraper - ERROR - Page failed to become ready even after refresh
2026-08-24 15:48:13 - scraper - INFO - Retry 3/3 for VCIT
2026-08-24 15:48:18 - scraper - INFO - Navigating to https://investor.vanguard.com/etf/profile/overview/vcit
2026-08-24 15:48:18 - selenium.webdriver.remote.remote_connection - DEBUG - POST http://localhost:63150/session/6c6a40017b19c636aa56c4a675a1a187/url {'url': 'https://investor.vanguard.com/etf/profile/overview/vcit'}
2026-08-24 15:48:22 - urllib3.connectionpool - DEBUG - http://localhost:63150 "POST /session/6c6a40017b19c636aa56c4a675a1a187/url HTTP/1.1" 200 0
2026-08-24 15:48:22 - selenium.webdriver.remote.remote_connection - DEBUG - Remote response: status=200 | data={"value":null} | headers=HTTPHeaderDict({'Content-Length': '14', 'Content-Type': 'application/json; charset=utf-8', 'cache-control': 'no-cache'})
2026-08-24 15:48:22 - selenium.webdriver.remote.remote_connection - DEBUG - Finished Request
2026-08-24 15:48:22 - selenium.webdriver.remote.remote_connection - DEBUG - POST http://localhost:63150/session/6c6a40017b19c636aa56c4a675a1a187/execute/sync {'script': "\n                var candidates = [\n                    document.querySelector('#onetrust-accept-btn...", 'args': []}
2026-08-24 15:48:22 - urllib3.connectionpool - DEBUG - http://localhost:63150 "POST /session/6c6a40017b19c636aa56c4a675a1a187/execute/sync HTTP/1.1" 200 0
2026-08-24 15:48:22 - selenium.webdriver.remote.remote_connection - DEBUG - Remote response: status=200 | data={"value":null} | headers=HTTPHeaderDict({'Content-Length': '14', 'Content-Type': 'application/json; charset=utf-8', 'cache-control': 'no-cache'})
2026-08-24 15:48:22 - selenium.webdriver.remote.remote_connection - DEBUG - Finished Request
2026-08-24 15:48:22 - selenium.webdriver.remote.remote_connection - DEBUG - POST http://localhost:63150/session/6c6a40017b19c636aa56c4a675a1a187/execute/sync {'script': "return document.querySelectorAll('[data-rpa-tag-id]').length > 0", 'args': []}
2026-08-24 15:48:22 - urllib3.connectionpool - DEBUG - http://localhost:63150 "POST /session/6c6a40017b19c636aa56c4a675a1a187/execute/sync HTTP/1.1" 200 0
2026-08-24 15:48:22 - selenium.webdriver.remote.remote_connection - DEBUG - Remote response: status=200 | data={"value":false} | headers=HTTPHeaderDict({'Content-Length': '15', 'Content-Type': 'application/json; charset=utf-8', 'cache-control': 'no-cache'})
2026-08-24 15:48:22 - selenium.webdriver.remote.remote_connection - DEBUG - Finished Request
2026-08-24 15:48:23 - selenium.webdriver.remote.remote_connection - DEBUG - POST http://localhost:63150/session/6c6a40017b19c636aa56c4a675a1a187/execute/sync {'script': "return document.querySelectorAll('[data-rpa-tag-id]').length > 0", 'args': []}
2026-08-24 15:48:25 - urllib3.connectionpool - DEBUG - http://localhost:63150 "POST /session/6c6a40017b19c636aa56c4a675a1a187/execute/sync HTTP/1.1" 200 0
2026-08-24 15:48:25 - selenium.webdriver.remote.remote_connection - DEBUG - Remote response: status=200 | data={"value":false} | headers=HTTPHeaderDict({'Content-Length': '15', 'Content-Type': 'application/json; charset=utf-8', 'cache-control': 'no-cache'})
2026-08-24 15:48:25 - selenium.webdriver.remote.remote_connection - DEBUG - Finished Request
2026-08-24 15:48:25 - selenium.webdriver.remote.remote_connection - DEBUG - POST http://localhost:63150/session/6c6a40017b19c636aa56c4a675a1a187/execute/sync {'script': "return document.querySelectorAll('[data-rpa-tag-id]').length > 0", 'args': []}
2026-08-24 15:48:25 - urllib3.connectionpool - DEBUG - http://localhost:63150 "POST /session/6c6a40017b19c636aa56c4a675a1a187/execute/sync HTTP/1.1" 200 0
2026-08-24 15:48:25 - selenium.webdriver.remote.remote_connection - DEBUG - Remote response: status=200 | data={"value":false} | headers=HTTPHeaderDict({'Content-Length': '15', 'Content-Type': 'application/json; charset=utf-8', 'cache-control': 'no-cache'})
2026-08-24 15:48:25 - selenium.webdriver.remote.remote_connection - DEBUG - Finished Request
2026-08-24 15:48:26 - selenium.webdriver.remote.remote_connection - DEBUG - POST http://localhost:63150/session/6c6a40017b19c636aa56c4a675a1a187/execute/sync {'script': "return document.querySelectorAll('[data-rpa-tag-id]').length > 0", 'args': []}
2026-08-24 15:48:26 - urllib3.connectionpool - DEBUG - http://localhost:63150 "POST /session/6c6a40017b19c636aa56c4a675a1a187/execute/sync HTTP/1.1" 200 0
2026-08-24 15:48:26 - selenium.webdriver.remote.remote_connection - DEBUG - Remote response: status=200 | data={"value":false} | headers=HTTPHeaderDict({'Content-Length': '15', 'Content-Type': 'application/json; charset=utf-8', 'cache-control': 'no-cache'})
2026-08-24 15:48:26 - selenium.webdriver.remote.remote_connection - DEBUG - Finished Request
2026-08-24 15:48:27 - selenium.webdriver.remote.remote_connection - DEBUG - POST http://localhost:63150/session/6c6a40017b19c636aa56c4a675a1a187/execute/sync {'script': "return document.querySelectorAll('[data-rpa-tag-id]').length > 0", 'args': []}
2026-08-24 15:48:27 - urllib3.connectionpool - DEBUG - http://localhost:63150 "POST /session/6c6a40017b19c636aa56c4a675a1a187/execute/sync HTTP/1.1" 200 0
2026-08-24 15:48:27 - selenium.webdriver.remote.remote_connection - DEBUG - Remote response: status=200 | data={"value":false} | headers=HTTPHeaderDict({'Content-Length': '15', 'Content-Type': 'application/json; charset=utf-8', 'cache-control': 'no-cache'})
2026-08-24 15:48:27 - selenium.webdriver.remote.remote_connection - DEBUG - Finished Request
2026-08-24 15:48:27 - selenium.webdriver.remote.remote_connection - DEBUG - POST http://localhost:63150/session/6c6a40017b19c636aa56c4a675a1a187/execute/sync {'script': "return document.querySelectorAll('[data-rpa-tag-id]').length > 0", 'args': []}
2026-08-24 15:48:27 - urllib3.connectionpool - DEBUG - http://localhost:63150 "POST /session/6c6a40017b19c636aa56c4a675a1a187/execute/sync HTTP/1.1" 200 0
2026-08-24 15:48:27 - selenium.webdriver.remote.remote_connection - DEBUG - Remote response: status=200 | data={"value":false} | headers=HTTPHeaderDict({'Content-Length': '15', 'Content-Type': 'application/json; charset=utf-8', 'cache-control': 'no-cache'})
2026-08-24 15:48:27 - selenium.webdriver.remote.remote_connection - DEBUG - Finished Request
2026-08-24 15:48:28 - selenium.webdriver.remote.remote_connection - DEBUG - POST http://localhost:63150/session/6c6a40017b19c636aa56c4a675a1a187/execute/sync {'script': "return document.querySelectorAll('[data-rpa-tag-id]').length > 0", 'args': []}
2026-08-24 15:48:28 - urllib3.connectionpool - DEBUG - http://localhost:63150 "POST /session/6c6a40017b19c636aa56c4a675a1a187/execute/sync HTTP/1.1" 200 0
2026-08-24 15:48:28 - selenium.webdriver.remote.remote_connection - DEBUG - Remote response: status=200 | data={"value":false} | headers=HTTPHeaderDict({'Content-Length': '15', 'Content-Type': 'application/json; charset=utf-8', 'cache-control': 'no-cache'})
2026-08-24 15:48:28 - selenium.webdriver.remote.remote_connection - DEBUG - Finished Request
2026-08-24 15:48:28 - selenium.webdriver.remote.remote_connection - DEBUG - POST http://localhost:63150/session/6c6a40017b19c636aa56c4a675a1a187/execute/sync {'script': "return document.querySelectorAll('[data-rpa-tag-id]').length > 0", 'args': []}
2026-08-24 15:48:28 - urllib3.connectionpool - DEBUG - http://localhost:63150 "POST /session/6c6a40017b19c636aa56c4a675a1a187/execute/sync HTTP/1.1" 200 0
2026-08-24 15:48:28 - selenium.webdriver.remote.remote_connection - DEBUG - Remote response: status=200 | data={"value":false} | headers=HTTPHeaderDict({'Content-Length': '15', 'Content-Type': 'application/json; charset=utf-8', 'cache-control': 'no-cache'})
2026-08-24 15:48:28 - selenium.webdriver.remote.remote_connection - DEBUG - Finished Request
2026-08-24 15:48:29 - selenium.webdriver.remote.remote_connection - DEBUG - POST http://localhost:63150/session/6c6a40017b19c636aa56c4a675a1a187/execute/sync {'script': "return document.querySelectorAll('[data-rpa-tag-id]').length > 0", 'args': []}
2026-08-24 15:48:29 - urllib3.connectionpool - DEBUG - http://localhost:63150 "POST /session/6c6a40017b19c636aa56c4a675a1a187/execute/sync HTTP/1.1" 200 0
2026-08-24 15:48:29 - selenium.webdriver.remote.remote_connection - DEBUG - Remote response: status=200 | data={"value":false} | headers=HTTPHeaderDict({'Content-Length': '15', 'Content-Type': 'application/json; charset=utf-8', 'cache-control': 'no-cache'})
2026-08-24 15:48:29 - selenium.webdriver.remote.remote_connection - DEBUG - Finished Request
2026-08-24 15:48:29 - selenium.webdriver.remote.remote_connection - DEBUG - POST http://localhost:63150/session/6c6a40017b19c636aa56c4a675a1a187/execute/sync {'script': "return document.querySelectorAll('[data-rpa-tag-id]').length > 0", 'args': []}
2026-08-24 15:48:29 - urllib3.connectionpool - DEBUG - http://localhost:63150 "POST /session/6c6a40017b19c636aa56c4a675a1a187/execute/sync HTTP/1.1" 200 0
2026-08-24 15:48:29 - selenium.webdriver.remote.remote_connection - DEBUG - Remote response: status=200 | data={"value":false} | headers=HTTPHeaderDict({'Content-Length': '15', 'Content-Type': 'application/json; charset=utf-8', 'cache-control': 'no-cache'})
2026-08-24 15:48:29 - selenium.webdriver.remote.remote_connection - DEBUG - Finished Request
2026-08-24 15:48:30 - selenium.webdriver.remote.remote_connection - DEBUG - POST http://localhost:63150/session/6c6a40017b19c636aa56c4a675a1a187/execute/sync {'script': "return document.querySelectorAll('[data-rpa-tag-id]').length > 0", 'args': []}
2026-08-24 15:48:30 - urllib3.connectionpool - DEBUG - http://localhost:63150 "POST /session/6c6a40017b19c636aa56c4a675a1a187/execute/sync HTTP/1.1" 200 0
2026-08-24 15:48:30 - selenium.webdriver.remote.remote_connection - DEBUG - Remote response: status=200 | data={"value":false} | headers=HTTPHeaderDict({'Content-Length': '15', 'Content-Type': 'application/json; charset=utf-8', 'cache-control': 'no-cache'})
2026-08-24 15:48:30 - selenium.webdriver.remote.remote_connection - DEBUG - Finished Request
2026-08-24 15:48:31 - selenium.webdriver.remote.remote_connection - DEBUG - POST http://localhost:63150/session/6c6a40017b19c636aa56c4a675a1a187/execute/sync {'script': "return document.querySelectorAll('[data-rpa-tag-id]').length > 0", 'args': []}
2026-08-24 15:48:31 - urllib3.connectionpool - DEBUG - http://localhost:63150 "POST /session/6c6a40017b19c636aa56c4a675a1a187/execute/sync HTTP/1.1" 200 0
2026-08-24 15:48:31 - selenium.webdriver.remote.remote_connection - DEBUG - Remote response: status=200 | data={"value":false} | headers=HTTPHeaderDict({'Content-Length': '15', 'Content-Type': 'application/json; charset=utf-8', 'cache-control': 'no-cache'})
2026-08-24 15:48:31 - selenium.webdriver.remote.remote_connection - DEBUG - Finished Request
2026-08-24 15:48:31 - selenium.webdriver.remote.remote_connection - DEBUG - POST http://localhost:63150/session/6c6a40017b19c636aa56c4a675a1a187/execute/sync {'script': "return document.querySelectorAll('[data-rpa-tag-id]').length > 0", 'args': []}
2026-08-24 15:48:31 - urllib3.connectionpool - DEBUG - http://localhost:63150 "POST /session/6c6a40017b19c636aa56c4a675a1a187/execute/sync HTTP/1.1" 200 0
2026-08-24 15:48:31 - selenium.webdriver.remote.remote_connection - DEBUG - Remote response: status=200 | data={"value":false} | headers=HTTPHeaderDict({'Content-Length': '15', 'Content-Type': 'application/json; charset=utf-8', 'cache-control': 'no-cache'})
2026-08-24 15:48:31 - selenium.webdriver.remote.remote_connection - DEBUG - Finished Request
2026-08-24 15:48:32 - selenium.webdriver.remote.remote_connection - DEBUG - POST http://localhost:63150/session/6c6a40017b19c636aa56c4a675a1a187/execute/sync {'script': "return document.querySelectorAll('[data-rpa-tag-id]').length > 0", 'args': []}
2026-08-24 15:48:32 - urllib3.connectionpool - DEBUG - http://localhost:63150 "POST /session/6c6a40017b19c636aa56c4a675a1a187/execute/sync HTTP/1.1" 200 0
2026-08-24 15:48:32 - selenium.webdriver.remote.remote_connection - DEBUG - Remote response: status=200 | data={"value":false} | headers=HTTPHeaderDict({'Content-Length': '15', 'Content-Type': 'application/json; charset=utf-8', 'cache-control': 'no-cache'})
2026-08-24 15:48:32 - selenium.webdriver.remote.remote_connection - DEBUG - Finished Request
2026-08-24 15:48:32 - selenium.webdriver.remote.remote_connection - DEBUG - POST http://localhost:63150/session/6c6a40017b19c636aa56c4a675a1a187/execute/sync {'script': "return document.querySelectorAll('[data-rpa-tag-id]').length > 0", 'args': []}
2026-08-24 15:48:32 - urllib3.connectionpool - DEBUG - http://localhost:63150 "POST /session/6c6a40017b19c636aa56c4a675a1a187/execute/sync HTTP/1.1" 200 0
2026-08-24 15:48:32 - selenium.webdriver.remote.remote_connection - DEBUG - Remote response: status=200 | data={"value":false} | headers=HTTPHeaderDict({'Content-Length': '15', 'Content-Type': 'application/json; charset=utf-8', 'cache-control': 'no-cache'})
2026-08-24 15:48:32 - selenium.webdriver.remote.remote_connection - DEBUG - Finished Request
2026-08-24 15:48:33 - selenium.webdriver.remote.remote_connection - DEBUG - POST http://localhost:63150/session/6c6a40017b19c636aa56c4a675a1a187/execute/sync {'script': "return document.querySelectorAll('[data-rpa-tag-id]').length > 0", 'args': []}
2026-08-24 15:48:33 - urllib3.connectionpool - DEBUG - http://localhost:63150 "POST /session/6c6a40017b19c636aa56c4a675a1a187/execute/sync HTTP/1.1" 200 0
2026-08-24 15:48:33 - selenium.webdriver.remote.remote_connection - DEBUG - Remote response: status=200 | data={"value":false} | headers=HTTPHeaderDict({'Content-Length': '15', 'Content-Type': 'application/json; charset=utf-8', 'cache-control': 'no-cache'})
2026-08-24 15:48:33 - selenium.webdriver.remote.remote_connection - DEBUG - Finished Request
2026-08-24 15:48:33 - selenium.webdriver.remote.remote_connection - DEBUG - POST http://localhost:63150/session/6c6a40017b19c636aa56c4a675a1a187/execute/sync {'script': "return document.querySelectorAll('[data-rpa-tag-id]').length > 0", 'args': []}
2026-08-24 15:48:33 - urllib3.connectionpool - DEBUG - http://localhost:63150 "POST /session/6c6a40017b19c636aa56c4a675a1a187/execute/sync HTTP/1.1" 200 0
2026-08-24 15:48:33 - selenium.webdriver.remote.remote_connection - DEBUG - Remote response: status=200 | data={"value":false} | headers=HTTPHeaderDict({'Content-Length': '15', 'Content-Type': 'application/json; charset=utf-8', 'cache-control': 'no-cache'})
2026-08-24 15:48:33 - selenium.webdriver.remote.remote_connection - DEBUG - Finished Request
2026-08-24 15:48:34 - selenium.webdriver.remote.remote_connection - DEBUG - POST http://localhost:63150/session/6c6a40017b19c636aa56c4a675a1a187/execute/sync {'script': "return document.querySelectorAll('[data-rpa-tag-id]').length > 0", 'args': []}
2026-08-24 15:48:34 - urllib3.connectionpool - DEBUG - http://localhost:63150 "POST /session/6c6a40017b19c636aa56c4a675a1a187/execute/sync HTTP/1.1" 200 0
2026-08-24 15:48:34 - selenium.webdriver.remote.remote_connection - DEBUG - Remote response: status=200 | data={"value":false} | headers=HTTPHeaderDict({'Content-Length': '15', 'Content-Type': 'application/json; charset=utf-8', 'cache-control': 'no-cache'})
2026-08-24 15:48:34 - selenium.webdriver.remote.remote_connection - DEBUG - Finished Request
2026-08-24 15:48:34 - selenium.webdriver.remote.remote_connection - DEBUG - POST http://localhost:63150/session/6c6a40017b19c636aa56c4a675a1a187/execute/sync {'script': "return document.querySelectorAll('[data-rpa-tag-id]').length > 0", 'args': []}
2026-08-24 15:48:34 - urllib3.connectionpool - DEBUG - http://localhost:63150 "POST /session/6c6a40017b19c636aa56c4a675a1a187/execute/sync HTTP/1.1" 200 0
2026-08-24 15:48:34 - selenium.webdriver.remote.remote_connection - DEBUG - Remote response: status=200 | data={"value":false} | headers=HTTPHeaderDict({'Content-Length': '15', 'Content-Type': 'application/json; charset=utf-8', 'cache-control': 'no-cache'})
2026-08-24 15:48:34 - selenium.webdriver.remote.remote_connection - DEBUG - Finished Request
2026-08-24 15:48:35 - selenium.webdriver.remote.remote_connection - DEBUG - POST http://localhost:63150/session/6c6a40017b19c636aa56c4a675a1a187/execute/sync {'script': "return document.querySelectorAll('[data-rpa-tag-id]').length > 0", 'args': []}
2026-08-24 15:48:35 - urllib3.connectionpool - DEBUG - http://localhost:63150 "POST /session/6c6a40017b19c636aa56c4a675a1a187/execute/sync HTTP/1.1" 200 0
2026-08-24 15:48:35 - selenium.webdriver.remote.remote_connection - DEBUG - Remote response: status=200 | data={"value":false} | headers=HTTPHeaderDict({'Content-Length': '15', 'Content-Type': 'application/json; charset=utf-8', 'cache-control': 'no-cache'})
2026-08-24 15:48:35 - selenium.webdriver.remote.remote_connection - DEBUG - Finished Request
2026-08-24 15:48:35 - selenium.webdriver.remote.remote_connection - DEBUG - POST http://localhost:63150/session/6c6a40017b19c636aa56c4a675a1a187/execute/sync {'script': "return document.querySelectorAll('[data-rpa-tag-id]').length > 0", 'args': []}
2026-08-24 15:48:35 - urllib3.connectionpool - DEBUG - http://localhost:63150 "POST /session/6c6a40017b19c636aa56c4a675a1a187/execute/sync HTTP/1.1" 200 0
2026-08-24 15:48:35 - selenium.webdriver.remote.remote_connection - DEBUG - Remote response: status=200 | data={"value":false} | headers=HTTPHeaderDict({'Content-Length': '15', 'Content-Type': 'application/json; charset=utf-8', 'cache-control': 'no-cache'})
2026-08-24 15:48:35 - selenium.webdriver.remote.remote_connection - DEBUG - Finished Request
2026-08-24 15:48:36 - selenium.webdriver.remote.remote_connection - DEBUG - POST http://localhost:63150/session/6c6a40017b19c636aa56c4a675a1a187/execute/sync {'script': "return document.querySelectorAll('[data-rpa-tag-id]').length > 0", 'args': []}
2026-08-24 15:48:36 - urllib3.connectionpool - DEBUG - http://localhost:63150 "POST /session/6c6a40017b19c636aa56c4a675a1a187/execute/sync HTTP/1.1" 200 0
2026-08-24 15:48:36 - selenium.webdriver.remote.remote_connection - DEBUG - Remote response: status=200 | data={"value":false} | headers=HTTPHeaderDict({'Content-Length': '15', 'Content-Type': 'application/json; charset=utf-8', 'cache-control': 'no-cache'})
2026-08-24 15:48:36 - selenium.webdriver.remote.remote_connection - DEBUG - Finished Request
2026-08-24 15:48:36 - selenium.webdriver.remote.remote_connection - DEBUG - POST http://localhost:63150/session/6c6a40017b19c636aa56c4a675a1a187/execute/sync {'script': "return document.querySelectorAll('[data-rpa-tag-id]').length > 0", 'args': []}
2026-08-24 15:48:37 - urllib3.connectionpool - DEBUG - http://localhost:63150 "POST /session/6c6a40017b19c636aa56c4a675a1a187/execute/sync HTTP/1.1" 200 0
2026-08-24 15:48:37 - selenium.webdriver.remote.remote_connection - DEBUG - Remote response: status=200 | data={"value":false} | headers=HTTPHeaderDict({'Content-Length': '15', 'Content-Type': 'application/json; charset=utf-8', 'cache-control': 'no-cache'})
2026-08-24 15:48:37 - selenium.webdriver.remote.remote_connection - DEBUG - Finished Request
2026-08-24 15:48:37 - selenium.webdriver.remote.remote_connection - DEBUG - POST http://localhost:63150/session/6c6a40017b19c636aa56c4a675a1a187/execute/sync {'script': "return document.querySelectorAll('[data-rpa-tag-id]').length > 0", 'args': []}
2026-08-24 15:48:37 - urllib3.connectionpool - DEBUG - http://localhost:63150 "POST /session/6c6a40017b19c636aa56c4a675a1a187/execute/sync HTTP/1.1" 200 0
2026-08-24 15:48:37 - selenium.webdriver.remote.remote_connection - DEBUG - Remote response: status=200 | data={"value":false} | headers=HTTPHeaderDict({'Content-Length': '15', 'Content-Type': 'application/json; charset=utf-8', 'cache-control': 'no-cache'})
2026-08-24 15:48:37 - selenium.webdriver.remote.remote_connection - DEBUG - Finished Request
2026-08-24 15:48:38 - selenium.webdriver.remote.remote_connection - DEBUG - POST http://localhost:63150/session/6c6a40017b19c636aa56c4a675a1a187/execute/sync {'script': "return document.querySelectorAll('[data-rpa-tag-id]').length > 0", 'args': []}
2026-08-24 15:48:38 - urllib3.connectionpool - DEBUG - http://localhost:63150 "POST /session/6c6a40017b19c636aa56c4a675a1a187/execute/sync HTTP/1.1" 200 0
2026-08-24 15:48:38 - selenium.webdriver.remote.remote_connection - DEBUG - Remote response: status=200 | data={"value":false} | headers=HTTPHeaderDict({'Content-Length': '15', 'Content-Type': 'application/json; charset=utf-8', 'cache-control': 'no-cache'})
2026-08-24 15:48:38 - selenium.webdriver.remote.remote_connection - DEBUG - Finished Request
2026-08-24 15:48:38 - selenium.webdriver.remote.remote_connection - DEBUG - POST http://localhost:63150/session/6c6a40017b19c636aa56c4a675a1a187/execute/sync {'script': "return document.querySelectorAll('[data-rpa-tag-id]').length > 0", 'args': []}
2026-08-24 15:48:38 - urllib3.connectionpool - DEBUG - http://localhost:63150 "POST /session/6c6a40017b19c636aa56c4a675a1a187/execute/sync HTTP/1.1" 200 0
2026-08-24 15:48:38 - selenium.webdriver.remote.remote_connection - DEBUG - Remote response: status=200 | data={"value":false} | headers=HTTPHeaderDict({'Content-Length': '15', 'Content-Type': 'application/json; charset=utf-8', 'cache-control': 'no-cache'})
2026-08-24 15:48:38 - selenium.webdriver.remote.remote_connection - DEBUG - Finished Request
2026-08-24 15:48:39 - selenium.webdriver.remote.remote_connection - DEBUG - POST http://localhost:63150/session/6c6a40017b19c636aa56c4a675a1a187/execute/sync {'script': "return document.querySelectorAll('[data-rpa-tag-id]').length > 0", 'args': []}
2026-08-24 15:48:39 - urllib3.connectionpool - DEBUG - http://localhost:63150 "POST /session/6c6a40017b19c636aa56c4a675a1a187/execute/sync HTTP/1.1" 200 0
2026-08-24 15:48:39 - selenium.webdriver.remote.remote_connection - DEBUG - Remote response: status=200 | data={"value":false} | headers=HTTPHeaderDict({'Content-Length': '15', 'Content-Type': 'application/json; charset=utf-8', 'cache-control': 'no-cache'})
2026-08-24 15:48:39 - selenium.webdriver.remote.remote_connection - DEBUG - Finished Request
2026-08-24 15:48:39 - selenium.webdriver.remote.remote_connection - DEBUG - POST http://localhost:63150/session/6c6a40017b19c636aa56c4a675a1a187/execute/sync {'script': "return document.querySelectorAll('[data-rpa-tag-id]').length > 0", 'args': []}
2026-08-24 15:48:39 - urllib3.connectionpool - DEBUG - http://localhost:63150 "POST /session/6c6a40017b19c636aa56c4a675a1a187/execute/sync HTTP/1.1" 200 0
2026-08-24 15:48:39 - selenium.webdriver.remote.remote_connection - DEBUG - Remote response: status=200 | data={"value":false} | headers=HTTPHeaderDict({'Content-Length': '15', 'Content-Type': 'application/json; charset=utf-8', 'cache-control': 'no-cache'})
2026-08-24 15:48:39 - selenium.webdriver.remote.remote_connection - DEBUG - Finished Request
2026-08-24 15:48:40 - selenium.webdriver.remote.remote_connection - DEBUG - POST http://localhost:63150/session/6c6a40017b19c636aa56c4a675a1a187/execute/sync {'script': "return document.querySelectorAll('[data-rpa-tag-id]').length > 0", 'args': []}
2026-08-24 15:48:40 - urllib3.connectionpool - DEBUG - http://localhost:63150 "POST /session/6c6a40017b19c636aa56c4a675a1a187/execute/sync HTTP/1.1" 200 0
2026-08-24 15:48:40 - selenium.webdriver.remote.remote_connection - DEBUG - Remote response: status=200 | data={"value":false} | headers=HTTPHeaderDict({'Content-Length': '15', 'Content-Type': 'application/json; charset=utf-8', 'cache-control': 'no-cache'})
2026-08-24 15:48:40 - selenium.webdriver.remote.remote_connection - DEBUG - Finished Request
2026-08-24 15:48:40 - selenium.webdriver.remote.remote_connection - DEBUG - POST http://localhost:63150/session/6c6a40017b19c636aa56c4a675a1a187/execute/sync {'script': "return document.querySelectorAll('[data-rpa-tag-id]').length > 0", 'args': []}
2026-08-24 15:48:40 - urllib3.connectionpool - DEBUG - http://localhost:63150 "POST /session/6c6a40017b19c636aa56c4a675a1a187/execute/sync HTTP/1.1" 200 0
2026-08-24 15:48:40 - selenium.webdriver.remote.remote_connection - DEBUG - Remote response: status=200 | data={"value":false} | headers=HTTPHeaderDict({'Content-Length': '15', 'Content-Type': 'application/json; charset=utf-8', 'cache-control': 'no-cache'})
2026-08-24 15:48:40 - selenium.webdriver.remote.remote_connection - DEBUG - Finished Request
2026-08-24 15:48:41 - selenium.webdriver.remote.remote_connection - DEBUG - POST http://localhost:63150/session/6c6a40017b19c636aa56c4a675a1a187/execute/sync {'script': "return document.querySelectorAll('[data-rpa-tag-id]').length > 0", 'args': []}
2026-08-24 15:48:41 - urllib3.connectionpool - DEBUG - http://localhost:63150 "POST /session/6c6a40017b19c636aa56c4a675a1a187/execute/sync HTTP/1.1" 200 0
2026-08-24 15:48:41 - selenium.webdriver.remote.remote_connection - DEBUG - Remote response: status=200 | data={"value":false} | headers=HTTPHeaderDict({'Content-Length': '15', 'Content-Type': 'application/json; charset=utf-8', 'cache-control': 'no-cache'})
2026-08-24 15:48:41 - selenium.webdriver.remote.remote_connection - DEBUG - Finished Request
2026-08-24 15:48:41 - selenium.webdriver.remote.remote_connection - DEBUG - POST http://localhost:63150/session/6c6a40017b19c636aa56c4a675a1a187/execute/sync {'script': "return document.querySelectorAll('[data-rpa-tag-id]').length > 0", 'args': []}
2026-08-24 15:48:41 - urllib3.connectionpool - DEBUG - http://localhost:63150 "POST /session/6c6a40017b19c636aa56c4a675a1a187/execute/sync HTTP/1.1" 200 0
2026-08-24 15:48:41 - selenium.webdriver.remote.remote_connection - DEBUG - Remote response: status=200 | data={"value":false} | headers=HTTPHeaderDict({'Content-Length': '15', 'Content-Type': 'application/json; charset=utf-8', 'cache-control': 'no-cache'})
2026-08-24 15:48:41 - selenium.webdriver.remote.remote_connection - DEBUG - Finished Request
2026-08-24 15:48:42 - selenium.webdriver.remote.remote_connection - DEBUG - POST http://localhost:63150/session/6c6a40017b19c636aa56c4a675a1a187/execute/sync {'script': "return document.querySelectorAll('[data-rpa-tag-id]').length > 0", 'args': []}
2026-08-24 15:48:42 - urllib3.connectionpool - DEBUG - http://localhost:63150 "POST /session/6c6a40017b19c636aa56c4a675a1a187/execute/sync HTTP/1.1" 200 0
2026-08-24 15:48:42 - selenium.webdriver.remote.remote_connection - DEBUG - Remote response: status=200 | data={"value":false} | headers=HTTPHeaderDict({'Content-Length': '15', 'Content-Type': 'application/json; charset=utf-8', 'cache-control': 'no-cache'})
2026-08-24 15:48:42 - selenium.webdriver.remote.remote_connection - DEBUG - Finished Request
2026-08-24 15:48:42 - selenium.webdriver.remote.remote_connection - DEBUG - POST http://localhost:63150/session/6c6a40017b19c636aa56c4a675a1a187/execute/sync {'script': "return document.querySelectorAll('[data-rpa-tag-id]').length > 0", 'args': []}
2026-08-24 15:48:42 - urllib3.connectionpool - DEBUG - http://localhost:63150 "POST /session/6c6a40017b19c636aa56c4a675a1a187/execute/sync HTTP/1.1" 200 0
2026-08-24 15:48:42 - selenium.webdriver.remote.remote_connection - DEBUG - Remote response: status=200 | data={"value":false} | headers=HTTPHeaderDict({'Content-Length': '15', 'Content-Type': 'application/json; charset=utf-8', 'cache-control': 'no-cache'})
2026-08-24 15:48:42 - selenium.webdriver.remote.remote_connection - DEBUG - Finished Request
2026-08-24 15:48:43 - selenium.webdriver.remote.remote_connection - DEBUG - POST http://localhost:63150/session/6c6a40017b19c636aa56c4a675a1a187/execute/sync {'script': "return document.querySelectorAll('[data-rpa-tag-id]').length > 0", 'args': []}
2026-08-24 15:48:43 - urllib3.connectionpool - DEBUG - http://localhost:63150 "POST /session/6c6a40017b19c636aa56c4a675a1a187/execute/sync HTTP/1.1" 200 0
2026-08-24 15:48:43 - selenium.webdriver.remote.remote_connection - DEBUG - Remote response: status=200 | data={"value":false} | headers=HTTPHeaderDict({'Content-Length': '15', 'Content-Type': 'application/json; charset=utf-8', 'cache-control': 'no-cache'})
2026-08-24 15:48:43 - selenium.webdriver.remote.remote_connection - DEBUG - Finished Request
2026-08-24 15:48:44 - selenium.webdriver.remote.remote_connection - DEBUG - POST http://localhost:63150/session/6c6a40017b19c636aa56c4a675a1a187/execute/sync {'script': "return document.querySelectorAll('[data-rpa-tag-id]').length > 0", 'args': []}
2026-08-24 15:48:44 - urllib3.connectionpool - DEBUG - http://localhost:63150 "POST /session/6c6a40017b19c636aa56c4a675a1a187/execute/sync HTTP/1.1" 200 0
2026-08-24 15:48:44 - selenium.webdriver.remote.remote_connection - DEBUG - Remote response: status=200 | data={"value":false} | headers=HTTPHeaderDict({'Content-Length': '15', 'Content-Type': 'application/json; charset=utf-8', 'cache-control': 'no-cache'})
2026-08-24 15:48:44 - selenium.webdriver.remote.remote_connection - DEBUG - Finished Request
2026-08-24 15:48:44 - selenium.webdriver.remote.remote_connection - DEBUG - POST http://localhost:63150/session/6c6a40017b19c636aa56c4a675a1a187/execute/sync {'script': "return document.querySelectorAll('[data-rpa-tag-id]').length > 0", 'args': []}
2026-08-24 15:48:44 - urllib3.connectionpool - DEBUG - http://localhost:63150 "POST /session/6c6a40017b19c636aa56c4a675a1a187/execute/sync HTTP/1.1" 200 0
2026-08-24 15:48:44 - selenium.webdriver.remote.remote_connection - DEBUG - Remote response: status=200 | data={"value":false} | headers=HTTPHeaderDict({'Content-Length': '15', 'Content-Type': 'application/json; charset=utf-8', 'cache-control': 'no-cache'})
2026-08-24 15:48:44 - selenium.webdriver.remote.remote_connection - DEBUG - Finished Request
2026-08-24 15:48:45 - selenium.webdriver.remote.remote_connection - DEBUG - POST http://localhost:63150/session/6c6a40017b19c636aa56c4a675a1a187/execute/sync {'script': "return document.querySelectorAll('[data-rpa-tag-id]').length > 0", 'args': []}
2026-08-24 15:48:45 - urllib3.connectionpool - DEBUG - http://localhost:63150 "POST /session/6c6a40017b19c636aa56c4a675a1a187/execute/sync HTTP/1.1" 200 0
2026-08-24 15:48:45 - selenium.webdriver.remote.remote_connection - DEBUG - Remote response: status=200 | data={"value":false} | headers=HTTPHeaderDict({'Content-Length': '15', 'Content-Type': 'application/json; charset=utf-8', 'cache-control': 'no-cache'})
2026-08-24 15:48:45 - selenium.webdriver.remote.remote_connection - DEBUG - Finished Request
2026-08-24 15:48:45 - selenium.webdriver.remote.remote_connection - DEBUG - POST http://localhost:63150/session/6c6a40017b19c636aa56c4a675a1a187/execute/sync {'script': "return document.querySelectorAll('[data-rpa-tag-id]').length > 0", 'args': []}
2026-08-24 15:48:45 - urllib3.connectionpool - DEBUG - http://localhost:63150 "POST /session/6c6a40017b19c636aa56c4a675a1a187/execute/sync HTTP/1.1" 200 0
2026-08-24 15:48:45 - selenium.webdriver.remote.remote_connection - DEBUG - Remote response: status=200 | data={"value":false} | headers=HTTPHeaderDict({'Content-Length': '15', 'Content-Type': 'application/json; charset=utf-8', 'cache-control': 'no-cache'})
2026-08-24 15:48:45 - selenium.webdriver.remote.remote_connection - DEBUG - Finished Request
2026-08-24 15:48:46 - selenium.webdriver.remote.remote_connection - DEBUG - POST http://localhost:63150/session/6c6a40017b19c636aa56c4a675a1a187/execute/sync {'script': "return document.querySelectorAll('[data-rpa-tag-id]').length > 0", 'args': []}
2026-08-24 15:48:46 - urllib3.connectionpool - DEBUG - http://localhost:63150 "POST /session/6c6a40017b19c636aa56c4a675a1a187/execute/sync HTTP/1.1" 200 0
2026-08-24 15:48:46 - selenium.webdriver.remote.remote_connection - DEBUG - Remote response: status=200 | data={"value":false} | headers=HTTPHeaderDict({'Content-Length': '15', 'Content-Type': 'application/json; charset=utf-8', 'cache-control': 'no-cache'})
2026-08-24 15:48:46 - selenium.webdriver.remote.remote_connection - DEBUG - Finished Request
2026-08-24 15:48:46 - selenium.webdriver.remote.remote_connection - DEBUG - POST http://localhost:63150/session/6c6a40017b19c636aa56c4a675a1a187/execute/sync {'script': "return document.querySelectorAll('[data-rpa-tag-id]').length > 0", 'args': []}
2026-08-24 15:48:46 - urllib3.connectionpool - DEBUG - http://localhost:63150 "POST /session/6c6a40017b19c636aa56c4a675a1a187/execute/sync HTTP/1.1" 200 0
2026-08-24 15:48:46 - selenium.webdriver.remote.remote_connection - DEBUG - Remote response: status=200 | data={"value":false} | headers=HTTPHeaderDict({'Content-Length': '15', 'Content-Type': 'application/json; charset=utf-8', 'cache-control': 'no-cache'})
2026-08-24 15:48:46 - selenium.webdriver.remote.remote_connection - DEBUG - Finished Request
2026-08-24 15:48:47 - selenium.webdriver.remote.remote_connection - DEBUG - POST http://localhost:63150/session/6c6a40017b19c636aa56c4a675a1a187/execute/sync {'script': "return document.querySelectorAll('[data-rpa-tag-id]').length > 0", 'args': []}
2026-08-24 15:48:47 - urllib3.connectionpool - DEBUG - http://localhost:63150 "POST /session/6c6a40017b19c636aa56c4a675a1a187/execute/sync HTTP/1.1" 200 0
2026-08-24 15:48:47 - selenium.webdriver.remote.remote_connection - DEBUG - Remote response: status=200 | data={"value":false} | headers=HTTPHeaderDict({'Content-Length': '15', 'Content-Type': 'application/json; charset=utf-8', 'cache-control': 'no-cache'})
2026-08-24 15:48:47 - selenium.webdriver.remote.remote_connection - DEBUG - Finished Request
2026-08-24 15:48:47 - selenium.webdriver.remote.remote_connection - DEBUG - POST http://localhost:63150/session/6c6a40017b19c636aa56c4a675a1a187/execute/sync {'script': "return document.querySelectorAll('[data-rpa-tag-id]').length > 0", 'args': []}
2026-08-24 15:48:47 - urllib3.connectionpool - DEBUG - http://localhost:63150 "POST /session/6c6a40017b19c636aa56c4a675a1a187/execute/sync HTTP/1.1" 200 0
2026-08-24 15:48:47 - selenium.webdriver.remote.remote_connection - DEBUG - Remote response: status=200 | data={"value":false} | headers=HTTPHeaderDict({'Content-Length': '15', 'Content-Type': 'application/json; charset=utf-8', 'cache-control': 'no-cache'})
2026-08-24 15:48:47 - selenium.webdriver.remote.remote_connection - DEBUG - Finished Request
2026-08-24 15:48:48 - selenium.webdriver.remote.remote_connection - DEBUG - POST http://localhost:63150/session/6c6a40017b19c636aa56c4a675a1a187/execute/sync {'script': "return document.querySelectorAll('[data-rpa-tag-id]').length > 0", 'args': []}
2026-08-24 15:48:48 - urllib3.connectionpool - DEBUG - http://localhost:63150 "POST /session/6c6a40017b19c636aa56c4a675a1a187/execute/sync HTTP/1.1" 200 0
2026-08-24 15:48:48 - selenium.webdriver.remote.remote_connection - DEBUG - Remote response: status=200 | data={"value":false} | headers=HTTPHeaderDict({'Content-Length': '15', 'Content-Type': 'application/json; charset=utf-8', 'cache-control': 'no-cache'})
2026-08-24 15:48:48 - selenium.webdriver.remote.remote_connection - DEBUG - Finished Request
2026-08-24 15:48:48 - selenium.webdriver.remote.remote_connection - DEBUG - POST http://localhost:63150/session/6c6a40017b19c636aa56c4a675a1a187/execute/sync {'script': "return document.querySelectorAll('[data-rpa-tag-id]').length > 0", 'args': []}
2026-08-24 15:48:48 - urllib3.connectionpool - DEBUG - http://localhost:63150 "POST /session/6c6a40017b19c636aa56c4a675a1a187/execute/sync HTTP/1.1" 200 0
2026-08-24 15:48:48 - selenium.webdriver.remote.remote_connection - DEBUG - Remote response: status=200 | data={"value":false} | headers=HTTPHeaderDict({'Content-Length': '15', 'Content-Type': 'application/json; charset=utf-8', 'cache-control': 'no-cache'})
2026-08-24 15:48:48 - selenium.webdriver.remote.remote_connection - DEBUG - Finished Request
2026-08-24 15:48:49 - selenium.webdriver.remote.remote_connection - DEBUG - POST http://localhost:63150/session/6c6a40017b19c636aa56c4a675a1a187/execute/sync {'script': "return document.querySelectorAll('[data-rpa-tag-id]').length > 0", 'args': []}
2026-08-24 15:48:49 - urllib3.connectionpool - DEBUG - http://localhost:63150 "POST /session/6c6a40017b19c636aa56c4a675a1a187/execute/sync HTTP/1.1" 200 0
2026-08-24 15:48:49 - selenium.webdriver.remote.remote_connection - DEBUG - Remote response: status=200 | data={"value":false} | headers=HTTPHeaderDict({'Content-Length': '15', 'Content-Type': 'application/json; charset=utf-8', 'cache-control': 'no-cache'})
2026-08-24 15:48:49 - selenium.webdriver.remote.remote_connection - DEBUG - Finished Request
2026-08-24 15:48:49 - selenium.webdriver.remote.remote_connection - DEBUG - POST http://localhost:63150/session/6c6a40017b19c636aa56c4a675a1a187/execute/sync {'script': "return document.querySelectorAll('[data-rpa-tag-id]').length > 0", 'args': []}
2026-08-24 15:48:49 - urllib3.connectionpool - DEBUG - http://localhost:63150 "POST /session/6c6a40017b19c636aa56c4a675a1a187/execute/sync HTTP/1.1" 200 0
2026-08-24 15:48:49 - selenium.webdriver.remote.remote_connection - DEBUG - Remote response: status=200 | data={"value":false} | headers=HTTPHeaderDict({'Content-Length': '15', 'Content-Type': 'application/json; charset=utf-8', 'cache-control': 'no-cache'})
2026-08-24 15:48:49 - selenium.webdriver.remote.remote_connection - DEBUG - Finished Request
2026-08-24 15:48:50 - selenium.webdriver.remote.remote_connection - DEBUG - POST http://localhost:63150/session/6c6a40017b19c636aa56c4a675a1a187/execute/sync {'script': "return document.querySelectorAll('[data-rpa-tag-id]').length > 0", 'args': []}
2026-08-24 15:48:50 - urllib3.connectionpool - DEBUG - http://localhost:63150 "POST /session/6c6a40017b19c636aa56c4a675a1a187/execute/sync HTTP/1.1" 200 0
2026-08-24 15:48:50 - selenium.webdriver.remote.remote_connection - DEBUG - Remote response: status=200 | data={"value":false} | headers=HTTPHeaderDict({'Content-Length': '15', 'Content-Type': 'application/json; charset=utf-8', 'cache-control': 'no-cache'})
2026-08-24 15:48:50 - selenium.webdriver.remote.remote_connection - DEBUG - Finished Request
2026-08-24 15:48:50 - selenium.webdriver.remote.remote_connection - DEBUG - POST http://localhost:63150/session/6c6a40017b19c636aa56c4a675a1a187/execute/sync {'script': "return document.querySelectorAll('[data-rpa-tag-id]').length > 0", 'args': []}
2026-08-24 15:48:50 - urllib3.connectionpool - DEBUG - http://localhost:63150 "POST /session/6c6a40017b19c636aa56c4a675a1a187/execute/sync HTTP/1.1" 200 0
2026-08-24 15:48:50 - selenium.webdriver.remote.remote_connection - DEBUG - Remote response: status=200 | data={"value":false} | headers=HTTPHeaderDict({'Content-Length': '15', 'Content-Type': 'application/json; charset=utf-8', 'cache-control': 'no-cache'})
2026-08-24 15:48:50 - selenium.webdriver.remote.remote_connection - DEBUG - Finished Request
2026-08-24 15:48:51 - selenium.webdriver.remote.remote_connection - DEBUG - POST http://localhost:63150/session/6c6a40017b19c636aa56c4a675a1a187/execute/sync {'script': "return document.querySelectorAll('[data-rpa-tag-id]').length > 0", 'args': []}
2026-08-24 15:48:51 - urllib3.connectionpool - DEBUG - http://localhost:63150 "POST /session/6c6a40017b19c636aa56c4a675a1a187/execute/sync HTTP/1.1" 200 0
2026-08-24 15:48:51 - selenium.webdriver.remote.remote_connection - DEBUG - Remote response: status=200 | data={"value":false} | headers=HTTPHeaderDict({'Content-Length': '15', 'Content-Type': 'application/json; charset=utf-8', 'cache-control': 'no-cache'})
2026-08-24 15:48:51 - selenium.webdriver.remote.remote_connection - DEBUG - Finished Request
2026-08-24 15:48:51 - selenium.webdriver.remote.remote_connection - DEBUG - POST http://localhost:63150/session/6c6a40017b19c636aa56c4a675a1a187/execute/sync {'script': "return document.querySelectorAll('[data-rpa-tag-id]').length > 0", 'args': []}
2026-08-24 15:48:51 - urllib3.connectionpool - DEBUG - http://localhost:63150 "POST /session/6c6a40017b19c636aa56c4a675a1a187/execute/sync HTTP/1.1" 200 0
2026-08-24 15:48:51 - selenium.webdriver.remote.remote_connection - DEBUG - Remote response: status=200 | data={"value":false} | headers=HTTPHeaderDict({'Content-Length': '15', 'Content-Type': 'application/json; charset=utf-8', 'cache-control': 'no-cache'})
2026-08-24 15:48:51 - selenium.webdriver.remote.remote_connection - DEBUG - Finished Request
2026-08-24 15:48:52 - selenium.webdriver.remote.remote_connection - DEBUG - POST http://localhost:63150/session/6c6a40017b19c636aa56c4a675a1a187/execute/sync {'script': "return document.querySelectorAll('[data-rpa-tag-id]').length > 0", 'args': []}
2026-08-24 15:48:52 - urllib3.connectionpool - DEBUG - http://localhost:63150 "POST /session/6c6a40017b19c636aa56c4a675a1a187/execute/sync HTTP/1.1" 200 0
2026-08-24 15:48:52 - selenium.webdriver.remote.remote_connection - DEBUG - Remote response: status=200 | data={"value":false} | headers=HTTPHeaderDict({'Content-Length': '15', 'Content-Type': 'application/json; charset=utf-8', 'cache-control': 'no-cache'})
2026-08-24 15:48:52 - selenium.webdriver.remote.remote_connection - DEBUG - Finished Request
2026-08-24 15:48:52 - selenium.webdriver.remote.remote_connection - DEBUG - POST http://localhost:63150/session/6c6a40017b19c636aa56c4a675a1a187/execute/sync {'script': "return document.querySelectorAll('[data-rpa-tag-id]').length > 0", 'args': []}
2026-08-24 15:48:52 - urllib3.connectionpool - DEBUG - http://localhost:63150 "POST /session/6c6a40017b19c636aa56c4a675a1a187/execute/sync HTTP/1.1" 200 0
2026-08-24 15:48:52 - selenium.webdriver.remote.remote_connection - DEBUG - Remote response: status=200 | data={"value":false} | headers=HTTPHeaderDict({'Content-Length': '15', 'Content-Type': 'application/json; charset=utf-8', 'cache-control': 'no-cache'})
2026-08-24 15:48:52 - selenium.webdriver.remote.remote_connection - DEBUG - Finished Request
2026-08-24 15:48:52 - scraper - WARNING - Angular did not bootstrap within 30s — will refresh
2026-08-24 15:48:52 - scraper - INFO - Angular stalled — refreshing page (bundle now cached)
2026-08-24 15:48:52 - selenium.webdriver.remote.remote_connection - DEBUG - POST http://localhost:63150/session/6c6a40017b19c636aa56c4a675a1a187/refresh {}
2026-08-24 15:48:54 - urllib3.connectionpool - DEBUG - http://localhost:63150 "POST /session/6c6a40017b19c636aa56c4a675a1a187/refresh HTTP/1.1" 200 0
2026-08-24 15:48:54 - selenium.webdriver.remote.remote_connection - DEBUG - Remote response: status=200 | data={"value":null} | headers=HTTPHeaderDict({'Content-Length': '14', 'Content-Type': 'application/json; charset=utf-8', 'cache-control': 'no-cache'})
2026-08-24 15:48:54 - selenium.webdriver.remote.remote_connection - DEBUG - Finished Request
2026-08-24 15:48:54 - selenium.webdriver.remote.remote_connection - DEBUG - POST http://localhost:63150/session/6c6a40017b19c636aa56c4a675a1a187/execute/sync {'script': "\n                var candidates = [\n                    document.querySelector('#onetrust-accept-btn...", 'args': []}
2026-08-24 15:48:56 - urllib3.connectionpool - DEBUG - http://localhost:63150 "POST /session/6c6a40017b19c636aa56c4a675a1a187/execute/sync HTTP/1.1" 200 0
2026-08-24 15:48:56 - selenium.webdriver.remote.remote_connection - DEBUG - Remote response: status=200 | data={"value":null} | headers=HTTPHeaderDict({'Content-Length': '14', 'Content-Type': 'application/json; charset=utf-8', 'cache-control': 'no-cache'})
2026-08-24 15:48:56 - selenium.webdriver.remote.remote_connection - DEBUG - Finished Request
2026-08-24 15:48:56 - selenium.webdriver.remote.remote_connection - DEBUG - POST http://localhost:63150/session/6c6a40017b19c636aa56c4a675a1a187/execute/sync {'script': "return document.querySelectorAll('[data-rpa-tag-id]').length > 0", 'args': []}
2026-08-24 15:48:56 - urllib3.connectionpool - DEBUG - http://localhost:63150 "POST /session/6c6a40017b19c636aa56c4a675a1a187/execute/sync HTTP/1.1" 200 0
2026-08-24 15:48:56 - selenium.webdriver.remote.remote_connection - DEBUG - Remote response: status=200 | data={"value":false} | headers=HTTPHeaderDict({'Content-Length': '15', 'Content-Type': 'application/json; charset=utf-8', 'cache-control': 'no-cache'})
2026-08-24 15:48:56 - selenium.webdriver.remote.remote_connection - DEBUG - Finished Request
2026-08-24 15:48:56 - selenium.webdriver.remote.remote_connection - DEBUG - POST http://localhost:63150/session/6c6a40017b19c636aa56c4a675a1a187/execute/sync {'script': "return document.querySelectorAll('[data-rpa-tag-id]').length > 0", 'args': []}
2026-08-24 15:48:57 - urllib3.connectionpool - DEBUG - http://localhost:63150 "POST /session/6c6a40017b19c636aa56c4a675a1a187/execute/sync HTTP/1.1" 200 0
2026-08-24 15:48:57 - selenium.webdriver.remote.remote_connection - DEBUG - Remote response: status=200 | data={"value":false} | headers=HTTPHeaderDict({'Content-Length': '15', 'Content-Type': 'application/json; charset=utf-8', 'cache-control': 'no-cache'})
2026-08-24 15:48:57 - selenium.webdriver.remote.remote_connection - DEBUG - Finished Request
2026-08-24 15:48:57 - selenium.webdriver.remote.remote_connection - DEBUG - POST http://localhost:63150/session/6c6a40017b19c636aa56c4a675a1a187/execute/sync {'script': "return document.querySelectorAll('[data-rpa-tag-id]').length > 0", 'args': []}
2026-08-24 15:49:01 - urllib3.connectionpool - DEBUG - http://localhost:63150 "POST /session/6c6a40017b19c636aa56c4a675a1a187/execute/sync HTTP/1.1" 200 0
2026-08-24 15:49:01 - selenium.webdriver.remote.remote_connection - DEBUG - Remote response: status=200 | data={"value":false} | headers=HTTPHeaderDict({'Content-Length': '15', 'Content-Type': 'application/json; charset=utf-8', 'cache-control': 'no-cache'})
2026-08-24 15:49:01 - selenium.webdriver.remote.remote_connection - DEBUG - Finished Request
2026-08-24 15:49:02 - selenium.webdriver.remote.remote_connection - DEBUG - POST http://localhost:63150/session/6c6a40017b19c636aa56c4a675a1a187/execute/sync {'script': "return document.querySelectorAll('[data-rpa-tag-id]').length > 0", 'args': []}
2026-08-24 15:49:02 - urllib3.connectionpool - DEBUG - http://localhost:63150 "POST /session/6c6a40017b19c636aa56c4a675a1a187/execute/sync HTTP/1.1" 200 0
2026-08-24 15:49:02 - selenium.webdriver.remote.remote_connection - DEBUG - Remote response: status=200 | data={"value":false} | headers=HTTPHeaderDict({'Content-Length': '15', 'Content-Type': 'application/json; charset=utf-8', 'cache-control': 'no-cache'})
2026-08-24 15:49:02 - selenium.webdriver.remote.remote_connection - DEBUG - Finished Request
2026-08-24 15:49:02 - selenium.webdriver.remote.remote_connection - DEBUG - POST http://localhost:63150/session/6c6a40017b19c636aa56c4a675a1a187/execute/sync {'script': "return document.querySelectorAll('[data-rpa-tag-id]').length > 0", 'args': []}
2026-08-24 15:49:02 - urllib3.connectionpool - DEBUG - http://localhost:63150 "POST /session/6c6a40017b19c636aa56c4a675a1a187/execute/sync HTTP/1.1" 200 0
2026-08-24 15:49:02 - selenium.webdriver.remote.remote_connection - DEBUG - Remote response: status=200 | data={"value":false} | headers=HTTPHeaderDict({'Content-Length': '15', 'Content-Type': 'application/json; charset=utf-8', 'cache-control': 'no-cache'})
2026-08-24 15:49:02 - selenium.webdriver.remote.remote_connection - DEBUG - Finished Request
2026-08-24 15:49:03 - selenium.webdriver.remote.remote_connection - DEBUG - POST http://localhost:63150/session/6c6a40017b19c636aa56c4a675a1a187/execute/sync {'script': "return document.querySelectorAll('[data-rpa-tag-id]').length > 0", 'args': []}
2026-08-24 15:49:03 - urllib3.connectionpool - DEBUG - http://localhost:63150 "POST /session/6c6a40017b19c636aa56c4a675a1a187/execute/sync HTTP/1.1" 200 0
2026-08-24 15:49:03 - selenium.webdriver.remote.remote_connection - DEBUG - Remote response: status=200 | data={"value":false} | headers=HTTPHeaderDict({'Content-Length': '15', 'Content-Type': 'application/json; charset=utf-8', 'cache-control': 'no-cache'})
2026-08-24 15:49:03 - selenium.webdriver.remote.remote_connection - DEBUG - Finished Request
2026-08-24 15:49:03 - selenium.webdriver.remote.remote_connection - DEBUG - POST http://localhost:63150/session/6c6a40017b19c636aa56c4a675a1a187/execute/sync {'script': "return document.querySelectorAll('[data-rpa-tag-id]').length > 0", 'args': []}
2026-08-24 15:49:03 - urllib3.connectionpool - DEBUG - http://localhost:63150 "POST /session/6c6a40017b19c636aa56c4a675a1a187/execute/sync HTTP/1.1" 200 0
2026-08-24 15:49:03 - selenium.webdriver.remote.remote_connection - DEBUG - Remote response: status=200 | data={"value":false} | headers=HTTPHeaderDict({'Content-Length': '15', 'Content-Type': 'application/json; charset=utf-8', 'cache-control': 'no-cache'})
2026-08-24 15:49:03 - selenium.webdriver.remote.remote_connection - DEBUG - Finished Request
2026-08-24 15:49:04 - selenium.webdriver.remote.remote_connection - DEBUG - POST http://localhost:63150/session/6c6a40017b19c636aa56c4a675a1a187/execute/sync {'script': "return document.querySelectorAll('[data-rpa-tag-id]').length > 0", 'args': []}
2026-08-24 15:49:04 - urllib3.connectionpool - DEBUG - http://localhost:63150 "POST /session/6c6a40017b19c636aa56c4a675a1a187/execute/sync HTTP/1.1" 200 0
2026-08-24 15:49:04 - selenium.webdriver.remote.remote_connection - DEBUG - Remote response: status=200 | data={"value":false} | headers=HTTPHeaderDict({'Content-Length': '15', 'Content-Type': 'application/json; charset=utf-8', 'cache-control': 'no-cache'})
2026-08-24 15:49:04 - selenium.webdriver.remote.remote_connection - DEBUG - Finished Request
2026-08-24 15:49:04 - selenium.webdriver.remote.remote_connection - DEBUG - POST http://localhost:63150/session/6c6a40017b19c636aa56c4a675a1a187/execute/sync {'script': "return document.querySelectorAll('[data-rpa-tag-id]').length > 0", 'args': []}
2026-08-24 15:49:04 - urllib3.connectionpool - DEBUG - http://localhost:63150 "POST /session/6c6a40017b19c636aa56c4a675a1a187/execute/sync HTTP/1.1" 200 0
2026-08-24 15:49:04 - selenium.webdriver.remote.remote_connection - DEBUG - Remote response: status=200 | data={"value":false} | headers=HTTPHeaderDict({'Content-Length': '15', 'Content-Type': 'application/json; charset=utf-8', 'cache-control': 'no-cache'})
2026-08-24 15:49:04 - selenium.webdriver.remote.remote_connection - DEBUG - Finished Request
2026-08-24 15:49:05 - selenium.webdriver.remote.remote_connection - DEBUG - POST http://localhost:63150/session/6c6a40017b19c636aa56c4a675a1a187/execute/sync {'script': "return document.querySelectorAll('[data-rpa-tag-id]').length > 0", 'args': []}
2026-08-24 15:49:05 - urllib3.connectionpool - DEBUG - http://localhost:63150 "POST /session/6c6a40017b19c636aa56c4a675a1a187/execute/sync HTTP/1.1" 200 0
2026-08-24 15:49:05 - selenium.webdriver.remote.remote_connection - DEBUG - Remote response: status=200 | data={"value":false} | headers=HTTPHeaderDict({'Content-Length': '15', 'Content-Type': 'application/json; charset=utf-8', 'cache-control': 'no-cache'})
2026-08-24 15:49:05 - selenium.webdriver.remote.remote_connection - DEBUG - Finished Request
2026-08-24 15:49:05 - selenium.webdriver.remote.remote_connection - DEBUG - POST http://localhost:63150/session/6c6a40017b19c636aa56c4a675a1a187/execute/sync {'script': "return document.querySelectorAll('[data-rpa-tag-id]').length > 0", 'args': []}
2026-08-24 15:49:05 - urllib3.connectionpool - DEBUG - http://localhost:63150 "POST /session/6c6a40017b19c636aa56c4a675a1a187/execute/sync HTTP/1.1" 200 0
2026-08-24 15:49:05 - selenium.webdriver.remote.remote_connection - DEBUG - Remote response: status=200 | data={"value":false} | headers=HTTPHeaderDict({'Content-Length': '15', 'Content-Type': 'application/json; charset=utf-8', 'cache-control': 'no-cache'})
2026-08-24 15:49:05 - selenium.webdriver.remote.remote_connection - DEBUG - Finished Request
2026-08-24 15:49:06 - selenium.webdriver.remote.remote_connection - DEBUG - POST http://localhost:63150/session/6c6a40017b19c636aa56c4a675a1a187/execute/sync {'script': "return document.querySelectorAll('[data-rpa-tag-id]').length > 0", 'args': []}
2026-08-24 15:49:06 - urllib3.connectionpool - DEBUG - http://localhost:63150 "POST /session/6c6a40017b19c636aa56c4a675a1a187/execute/sync HTTP/1.1" 200 0
2026-08-24 15:49:06 - selenium.webdriver.remote.remote_connection - DEBUG - Remote response: status=200 | data={"value":false} | headers=HTTPHeaderDict({'Content-Length': '15', 'Content-Type': 'application/json; charset=utf-8', 'cache-control': 'no-cache'})
2026-08-24 15:49:06 - selenium.webdriver.remote.remote_connection - DEBUG - Finished Request
2026-08-24 15:49:06 - selenium.webdriver.remote.remote_connection - DEBUG - POST http://localhost:63150/session/6c6a40017b19c636aa56c4a675a1a187/execute/sync {'script': "return document.querySelectorAll('[data-rpa-tag-id]').length > 0", 'args': []}
2026-08-24 15:49:07 - urllib3.connectionpool - DEBUG - http://localhost:63150 "POST /session/6c6a40017b19c636aa56c4a675a1a187/execute/sync HTTP/1.1" 200 0
2026-08-24 15:49:07 - selenium.webdriver.remote.remote_connection - DEBUG - Remote response: status=200 | data={"value":false} | headers=HTTPHeaderDict({'Content-Length': '15', 'Content-Type': 'application/json; charset=utf-8', 'cache-control': 'no-cache'})
2026-08-24 15:49:07 - selenium.webdriver.remote.remote_connection - DEBUG - Finished Request
2026-08-24 15:49:07 - selenium.webdriver.remote.remote_connection - DEBUG - POST http://localhost:63150/session/6c6a40017b19c636aa56c4a675a1a187/execute/sync {'script': "return document.querySelectorAll('[data-rpa-tag-id]').length > 0", 'args': []}
2026-08-24 15:49:07 - urllib3.connectionpool - DEBUG - http://localhost:63150 "POST /session/6c6a40017b19c636aa56c4a675a1a187/execute/sync HTTP/1.1" 200 0
2026-08-24 15:49:07 - selenium.webdriver.remote.remote_connection - DEBUG - Remote response: status=200 | data={"value":false} | headers=HTTPHeaderDict({'Content-Length': '15', 'Content-Type': 'application/json; charset=utf-8', 'cache-control': 'no-cache'})
2026-08-24 15:49:07 - selenium.webdriver.remote.remote_connection - DEBUG - Finished Request
2026-08-24 15:49:08 - selenium.webdriver.remote.remote_connection - DEBUG - POST http://localhost:63150/session/6c6a40017b19c636aa56c4a675a1a187/execute/sync {'script': "return document.querySelectorAll('[data-rpa-tag-id]').length > 0", 'args': []}
2026-08-24 15:49:08 - urllib3.connectionpool - DEBUG - http://localhost:63150 "POST /session/6c6a40017b19c636aa56c4a675a1a187/execute/sync HTTP/1.1" 200 0
2026-08-24 15:49:08 - selenium.webdriver.remote.remote_connection - DEBUG - Remote response: status=200 | data={"value":false} | headers=HTTPHeaderDict({'Content-Length': '15', 'Content-Type': 'application/json; charset=utf-8', 'cache-control': 'no-cache'})
2026-08-24 15:49:08 - selenium.webdriver.remote.remote_connection - DEBUG - Finished Request
2026-08-24 15:49:08 - selenium.webdriver.remote.remote_connection - DEBUG - POST http://localhost:63150/session/6c6a40017b19c636aa56c4a675a1a187/execute/sync {'script': "return document.querySelectorAll('[data-rpa-tag-id]').length > 0", 'args': []}
2026-08-24 15:49:08 - urllib3.connectionpool - DEBUG - http://localhost:63150 "POST /session/6c6a40017b19c636aa56c4a675a1a187/execute/sync HTTP/1.1" 200 0
2026-08-24 15:49:08 - selenium.webdriver.remote.remote_connection - DEBUG - Remote response: status=200 | data={"value":false} | headers=HTTPHeaderDict({'Content-Length': '15', 'Content-Type': 'application/json; charset=utf-8', 'cache-control': 'no-cache'})
2026-08-24 15:49:08 - selenium.webdriver.remote.remote_connection - DEBUG - Finished Request
2026-08-24 15:49:09 - selenium.webdriver.remote.remote_connection - DEBUG - POST http://localhost:63150/session/6c6a40017b19c636aa56c4a675a1a187/execute/sync {'script': "return document.querySelectorAll('[data-rpa-tag-id]').length > 0", 'args': []}
2026-08-24 15:49:09 - urllib3.connectionpool - DEBUG - http://localhost:63150 "POST /session/6c6a40017b19c636aa56c4a675a1a187/execute/sync HTTP/1.1" 200 0
2026-08-24 15:49:09 - selenium.webdriver.remote.remote_connection - DEBUG - Remote response: status=200 | data={"value":false} | headers=HTTPHeaderDict({'Content-Length': '15', 'Content-Type': 'application/json; charset=utf-8', 'cache-control': 'no-cache'})
2026-08-24 15:49:09 - selenium.webdriver.remote.remote_connection - DEBUG - Finished Request
2026-08-24 15:49:09 - selenium.webdriver.remote.remote_connection - DEBUG - POST http://localhost:63150/session/6c6a40017b19c636aa56c4a675a1a187/execute/sync {'script': "return document.querySelectorAll('[data-rpa-tag-id]').length > 0", 'args': []}
2026-08-24 15:49:09 - urllib3.connectionpool - DEBUG - http://localhost:63150 "POST /session/6c6a40017b19c636aa56c4a675a1a187/execute/sync HTTP/1.1" 200 0
2026-08-24 15:49:09 - selenium.webdriver.remote.remote_connection - DEBUG - Remote response: status=200 | data={"value":false} | headers=HTTPHeaderDict({'Content-Length': '15', 'Content-Type': 'application/json; charset=utf-8', 'cache-control': 'no-cache'})
2026-08-24 15:49:09 - selenium.webdriver.remote.remote_connection - DEBUG - Finished Request
2026-08-24 15:49:10 - selenium.webdriver.remote.remote_connection - DEBUG - POST http://localhost:63150/session/6c6a40017b19c636aa56c4a675a1a187/execute/sync {'script': "return document.querySelectorAll('[data-rpa-tag-id]').length > 0", 'args': []}
2026-08-24 15:49:10 - urllib3.connectionpool - DEBUG - http://localhost:63150 "POST /session/6c6a40017b19c636aa56c4a675a1a187/execute/sync HTTP/1.1" 200 0
2026-08-24 15:49:10 - selenium.webdriver.remote.remote_connection - DEBUG - Remote response: status=200 | data={"value":false} | headers=HTTPHeaderDict({'Content-Length': '15', 'Content-Type': 'application/json; charset=utf-8', 'cache-control': 'no-cache'})
2026-08-24 15:49:10 - selenium.webdriver.remote.remote_connection - DEBUG - Finished Request
2026-08-24 15:49:11 - selenium.webdriver.remote.remote_connection - DEBUG - POST http://localhost:63150/session/6c6a40017b19c636aa56c4a675a1a187/execute/sync {'script': "return document.querySelectorAll('[data-rpa-tag-id]').length > 0", 'args': []}
2026-08-24 15:49:11 - urllib3.connectionpool - DEBUG - http://localhost:63150 "POST /session/6c6a40017b19c636aa56c4a675a1a187/execute/sync HTTP/1.1" 200 0
2026-08-24 15:49:11 - selenium.webdriver.remote.remote_connection - DEBUG - Remote response: status=200 | data={"value":false} | headers=HTTPHeaderDict({'Content-Length': '15', 'Content-Type': 'application/json; charset=utf-8', 'cache-control': 'no-cache'})
2026-08-24 15:49:11 - selenium.webdriver.remote.remote_connection - DEBUG - Finished Request
2026-08-24 15:49:11 - selenium.webdriver.remote.remote_connection - DEBUG - POST http://localhost:63150/session/6c6a40017b19c636aa56c4a675a1a187/execute/sync {'script': "return document.querySelectorAll('[data-rpa-tag-id]').length > 0", 'args': []}
2026-08-24 15:49:11 - urllib3.connectionpool - DEBUG - http://localhost:63150 "POST /session/6c6a40017b19c636aa56c4a675a1a187/execute/sync HTTP/1.1" 200 0
2026-08-24 15:49:11 - selenium.webdriver.remote.remote_connection - DEBUG - Remote response: status=200 | data={"value":false} | headers=HTTPHeaderDict({'Content-Length': '15', 'Content-Type': 'application/json; charset=utf-8', 'cache-control': 'no-cache'})
2026-08-24 15:49:11 - selenium.webdriver.remote.remote_connection - DEBUG - Finished Request
2026-08-24 15:49:12 - selenium.webdriver.remote.remote_connection - DEBUG - POST http://localhost:63150/session/6c6a40017b19c636aa56c4a675a1a187/execute/sync {'script': "return document.querySelectorAll('[data-rpa-tag-id]').length > 0", 'args': []}
2026-08-24 15:49:12 - urllib3.connectionpool - DEBUG - http://localhost:63150 "POST /session/6c6a40017b19c636aa56c4a675a1a187/execute/sync HTTP/1.1" 200 0
2026-08-24 15:49:12 - selenium.webdriver.remote.remote_connection - DEBUG - Remote response: status=200 | data={"value":false} | headers=HTTPHeaderDict({'Content-Length': '15', 'Content-Type': 'application/json; charset=utf-8', 'cache-control': 'no-cache'})
2026-08-24 15:49:12 - selenium.webdriver.remote.remote_connection - DEBUG - Finished Request
2026-08-24 15:49:13 - selenium.webdriver.remote.remote_connection - DEBUG - POST http://localhost:63150/session/6c6a40017b19c636aa56c4a675a1a187/execute/sync {'script': "return document.querySelectorAll('[data-rpa-tag-id]').length > 0", 'args': []}
2026-08-24 15:49:13 - urllib3.connectionpool - DEBUG - http://localhost:63150 "POST /session/6c6a40017b19c636aa56c4a675a1a187/execute/sync HTTP/1.1" 200 0
2026-08-24 15:49:13 - selenium.webdriver.remote.remote_connection - DEBUG - Remote response: status=200 | data={"value":false} | headers=HTTPHeaderDict({'Content-Length': '15', 'Content-Type': 'application/json; charset=utf-8', 'cache-control': 'no-cache'})
2026-08-24 15:49:13 - selenium.webdriver.remote.remote_connection - DEBUG - Finished Request
2026-08-24 15:49:13 - selenium.webdriver.remote.remote_connection - DEBUG - POST http://localhost:63150/session/6c6a40017b19c636aa56c4a675a1a187/execute/sync {'script': "return document.querySelectorAll('[data-rpa-tag-id]').length > 0", 'args': []}
2026-08-24 15:49:13 - urllib3.connectionpool - DEBUG - http://localhost:63150 "POST /session/6c6a40017b19c636aa56c4a675a1a187/execute/sync HTTP/1.1" 200 0
2026-08-24 15:49:13 - selenium.webdriver.remote.remote_connection - DEBUG - Remote response: status=200 | data={"value":false} | headers=HTTPHeaderDict({'Content-Length': '15', 'Content-Type': 'application/json; charset=utf-8', 'cache-control': 'no-cache'})
2026-08-24 15:49:13 - selenium.webdriver.remote.remote_connection - DEBUG - Finished Request
2026-08-24 15:49:14 - selenium.webdriver.remote.remote_connection - DEBUG - POST http://localhost:63150/session/6c6a40017b19c636aa56c4a675a1a187/execute/sync {'script': "return document.querySelectorAll('[data-rpa-tag-id]').length > 0", 'args': []}
2026-08-24 15:49:14 - urllib3.connectionpool - DEBUG - http://localhost:63150 "POST /session/6c6a40017b19c636aa56c4a675a1a187/execute/sync HTTP/1.1" 200 0
2026-08-24 15:49:14 - selenium.webdriver.remote.remote_connection - DEBUG - Remote response: status=200 | data={"value":false} | headers=HTTPHeaderDict({'Content-Length': '15', 'Content-Type': 'application/json; charset=utf-8', 'cache-control': 'no-cache'})
2026-08-24 15:49:14 - selenium.webdriver.remote.remote_connection - DEBUG - Finished Request
2026-08-24 15:49:15 - selenium.webdriver.remote.remote_connection - DEBUG - POST http://localhost:63150/session/6c6a40017b19c636aa56c4a675a1a187/execute/sync {'script': "return document.querySelectorAll('[data-rpa-tag-id]').length > 0", 'args': []}
2026-08-24 15:49:15 - urllib3.connectionpool - DEBUG - http://localhost:63150 "POST /session/6c6a40017b19c636aa56c4a675a1a187/execute/sync HTTP/1.1" 200 0
2026-08-24 15:49:15 - selenium.webdriver.remote.remote_connection - DEBUG - Remote response: status=200 | data={"value":false} | headers=HTTPHeaderDict({'Content-Length': '15', 'Content-Type': 'application/json; charset=utf-8', 'cache-control': 'no-cache'})
2026-08-24 15:49:15 - selenium.webdriver.remote.remote_connection - DEBUG - Finished Request
2026-08-24 15:49:16 - selenium.webdriver.remote.remote_connection - DEBUG - POST http://localhost:63150/session/6c6a40017b19c636aa56c4a675a1a187/execute/sync {'script': "return document.querySelectorAll('[data-rpa-tag-id]').length > 0", 'args': []}
2026-08-24 15:49:16 - urllib3.connectionpool - DEBUG - http://localhost:63150 "POST /session/6c6a40017b19c636aa56c4a675a1a187/execute/sync HTTP/1.1" 200 0
2026-08-24 15:49:16 - selenium.webdriver.remote.remote_connection - DEBUG - Remote response: status=200 | data={"value":false} | headers=HTTPHeaderDict({'Content-Length': '15', 'Content-Type': 'application/json; charset=utf-8', 'cache-control': 'no-cache'})
2026-08-24 15:49:16 - selenium.webdriver.remote.remote_connection - DEBUG - Finished Request
2026-08-24 15:49:17 - selenium.webdriver.remote.remote_connection - DEBUG - POST http://localhost:63150/session/6c6a40017b19c636aa56c4a675a1a187/execute/sync {'script': "return document.querySelectorAll('[data-rpa-tag-id]').length > 0", 'args': []}
2026-08-24 15:49:19 - urllib3.connectionpool - DEBUG - http://localhost:63150 "POST /session/6c6a40017b19c636aa56c4a675a1a187/execute/sync HTTP/1.1" 200 0
2026-08-24 15:49:19 - selenium.webdriver.remote.remote_connection - DEBUG - Remote response: status=200 | data={"value":false} | headers=HTTPHeaderDict({'Content-Length': '15', 'Content-Type': 'application/json; charset=utf-8', 'cache-control': 'no-cache'})
2026-08-24 15:49:19 - selenium.webdriver.remote.remote_connection - DEBUG - Finished Request
2026-08-24 15:49:20 - selenium.webdriver.remote.remote_connection - DEBUG - POST http://localhost:63150/session/6c6a40017b19c636aa56c4a675a1a187/execute/sync {'script': "return document.querySelectorAll('[data-rpa-tag-id]').length > 0", 'args': []}
2026-08-24 15:49:20 - urllib3.connectionpool - DEBUG - http://localhost:63150 "POST /session/6c6a40017b19c636aa56c4a675a1a187/execute/sync HTTP/1.1" 200 0
2026-08-24 15:49:20 - selenium.webdriver.remote.remote_connection - DEBUG - Remote response: status=200 | data={"value":false} | headers=HTTPHeaderDict({'Content-Length': '15', 'Content-Type': 'application/json; charset=utf-8', 'cache-control': 'no-cache'})
2026-08-24 15:49:20 - selenium.webdriver.remote.remote_connection - DEBUG - Finished Request
2026-08-24 15:49:20 - selenium.webdriver.remote.remote_connection - DEBUG - POST http://localhost:63150/session/6c6a40017b19c636aa56c4a675a1a187/execute/sync {'script': "return document.querySelectorAll('[data-rpa-tag-id]').length > 0", 'args': []}
2026-08-24 15:49:20 - urllib3.connectionpool - DEBUG - http://localhost:63150 "POST /session/6c6a40017b19c636aa56c4a675a1a187/execute/sync HTTP/1.1" 200 0
2026-08-24 15:49:20 - selenium.webdriver.remote.remote_connection - DEBUG - Remote response: status=200 | data={"value":false} | headers=HTTPHeaderDict({'Content-Length': '15', 'Content-Type': 'application/json; charset=utf-8', 'cache-control': 'no-cache'})
2026-08-24 15:49:20 - selenium.webdriver.remote.remote_connection - DEBUG - Finished Request
2026-08-24 15:49:21 - selenium.webdriver.remote.remote_connection - DEBUG - POST http://localhost:63150/session/6c6a40017b19c636aa56c4a675a1a187/execute/sync {'script': "return document.querySelectorAll('[data-rpa-tag-id]').length > 0", 'args': []}
2026-08-24 15:49:21 - urllib3.connectionpool - DEBUG - http://localhost:63150 "POST /session/6c6a40017b19c636aa56c4a675a1a187/execute/sync HTTP/1.1" 200 0
2026-08-24 15:49:21 - selenium.webdriver.remote.remote_connection - DEBUG - Remote response: status=200 | data={"value":false} | headers=HTTPHeaderDict({'Content-Length': '15', 'Content-Type': 'application/json; charset=utf-8', 'cache-control': 'no-cache'})
2026-08-24 15:49:21 - selenium.webdriver.remote.remote_connection - DEBUG - Finished Request
2026-08-24 15:49:22 - selenium.webdriver.remote.remote_connection - DEBUG - POST http://localhost:63150/session/6c6a40017b19c636aa56c4a675a1a187/execute/sync {'script': "return document.querySelectorAll('[data-rpa-tag-id]').length > 0", 'args': []}
2026-08-24 15:49:22 - urllib3.connectionpool - DEBUG - http://localhost:63150 "POST /session/6c6a40017b19c636aa56c4a675a1a187/execute/sync HTTP/1.1" 200 0
2026-08-24 15:49:22 - selenium.webdriver.remote.remote_connection - DEBUG - Remote response: status=200 | data={"value":false} | headers=HTTPHeaderDict({'Content-Length': '15', 'Content-Type': 'application/json; charset=utf-8', 'cache-control': 'no-cache'})
2026-08-24 15:49:22 - selenium.webdriver.remote.remote_connection - DEBUG - Finished Request
2026-08-24 15:49:22 - selenium.webdriver.remote.remote_connection - DEBUG - POST http://localhost:63150/session/6c6a40017b19c636aa56c4a675a1a187/execute/sync {'script': "return document.querySelectorAll('[data-rpa-tag-id]').length > 0", 'args': []}
2026-08-24 15:49:22 - urllib3.connectionpool - DEBUG - http://localhost:63150 "POST /session/6c6a40017b19c636aa56c4a675a1a187/execute/sync HTTP/1.1" 200 0
2026-08-24 15:49:22 - selenium.webdriver.remote.remote_connection - DEBUG - Remote response: status=200 | data={"value":false} | headers=HTTPHeaderDict({'Content-Length': '15', 'Content-Type': 'application/json; charset=utf-8', 'cache-control': 'no-cache'})
2026-08-24 15:49:22 - selenium.webdriver.remote.remote_connection - DEBUG - Finished Request
2026-08-24 15:49:23 - selenium.webdriver.remote.remote_connection - DEBUG - POST http://localhost:63150/session/6c6a40017b19c636aa56c4a675a1a187/execute/sync {'script': "return document.querySelectorAll('[data-rpa-tag-id]').length > 0", 'args': []}
2026-08-24 15:49:23 - urllib3.connectionpool - DEBUG - http://localhost:63150 "POST /session/6c6a40017b19c636aa56c4a675a1a187/execute/sync HTTP/1.1" 200 0
2026-08-24 15:49:23 - selenium.webdriver.remote.remote_connection - DEBUG - Remote response: status=200 | data={"value":false} | headers=HTTPHeaderDict({'Content-Length': '15', 'Content-Type': 'application/json; charset=utf-8', 'cache-control': 'no-cache'})
2026-08-24 15:49:23 - selenium.webdriver.remote.remote_connection - DEBUG - Finished Request
2026-08-24 15:49:23 - selenium.webdriver.remote.remote_connection - DEBUG - POST http://localhost:63150/session/6c6a40017b19c636aa56c4a675a1a187/execute/sync {'script': "return document.querySelectorAll('[data-rpa-tag-id]').length > 0", 'args': []}
2026-08-24 15:49:23 - urllib3.connectionpool - DEBUG - http://localhost:63150 "POST /session/6c6a40017b19c636aa56c4a675a1a187/execute/sync HTTP/1.1" 200 0
2026-08-24 15:49:23 - selenium.webdriver.remote.remote_connection - DEBUG - Remote response: status=200 | data={"value":false} | headers=HTTPHeaderDict({'Content-Length': '15', 'Content-Type': 'application/json; charset=utf-8', 'cache-control': 'no-cache'})
2026-08-24 15:49:23 - selenium.webdriver.remote.remote_connection - DEBUG - Finished Request
2026-08-24 15:49:24 - selenium.webdriver.remote.remote_connection - DEBUG - POST http://localhost:63150/session/6c6a40017b19c636aa56c4a675a1a187/execute/sync {'script': "return document.querySelectorAll('[data-rpa-tag-id]').length > 0", 'args': []}
2026-08-24 15:49:24 - urllib3.connectionpool - DEBUG - http://localhost:63150 "POST /session/6c6a40017b19c636aa56c4a675a1a187/execute/sync HTTP/1.1" 200 0
2026-08-24 15:49:24 - selenium.webdriver.remote.remote_connection - DEBUG - Remote response: status=200 | data={"value":false} | headers=HTTPHeaderDict({'Content-Length': '15', 'Content-Type': 'application/json; charset=utf-8', 'cache-control': 'no-cache'})
2026-08-24 15:49:24 - selenium.webdriver.remote.remote_connection - DEBUG - Finished Request
2026-08-24 15:49:24 - selenium.webdriver.remote.remote_connection - DEBUG - POST http://localhost:63150/session/6c6a40017b19c636aa56c4a675a1a187/execute/sync {'script': "return document.querySelectorAll('[data-rpa-tag-id]').length > 0", 'args': []}
2026-08-24 15:49:24 - urllib3.connectionpool - DEBUG - http://localhost:63150 "POST /session/6c6a40017b19c636aa56c4a675a1a187/execute/sync HTTP/1.1" 200 0
2026-08-24 15:49:24 - selenium.webdriver.remote.remote_connection - DEBUG - Remote response: status=200 | data={"value":false} | headers=HTTPHeaderDict({'Content-Length': '15', 'Content-Type': 'application/json; charset=utf-8', 'cache-control': 'no-cache'})
2026-08-24 15:49:24 - selenium.webdriver.remote.remote_connection - DEBUG - Finished Request
2026-08-24 15:49:25 - selenium.webdriver.remote.remote_connection - DEBUG - POST http://localhost:63150/session/6c6a40017b19c636aa56c4a675a1a187/execute/sync {'script': "return document.querySelectorAll('[data-rpa-tag-id]').length > 0", 'args': []}
2026-08-24 15:49:25 - urllib3.connectionpool - DEBUG - http://localhost:63150 "POST /session/6c6a40017b19c636aa56c4a675a1a187/execute/sync HTTP/1.1" 200 0
2026-08-24 15:49:25 - selenium.webdriver.remote.remote_connection - DEBUG - Remote response: status=200 | data={"value":false} | headers=HTTPHeaderDict({'Content-Length': '15', 'Content-Type': 'application/json; charset=utf-8', 'cache-control': 'no-cache'})
2026-08-24 15:49:25 - selenium.webdriver.remote.remote_connection - DEBUG - Finished Request
2026-08-24 15:49:25 - selenium.webdriver.remote.remote_connection - DEBUG - POST http://localhost:63150/session/6c6a40017b19c636aa56c4a675a1a187/execute/sync {'script': "return document.querySelectorAll('[data-rpa-tag-id]').length > 0", 'args': []}
2026-08-24 15:49:25 - urllib3.connectionpool - DEBUG - http://localhost:63150 "POST /session/6c6a40017b19c636aa56c4a675a1a187/execute/sync HTTP/1.1" 200 0
2026-08-24 15:49:25 - selenium.webdriver.remote.remote_connection - DEBUG - Remote response: status=200 | data={"value":false} | headers=HTTPHeaderDict({'Content-Length': '15', 'Content-Type': 'application/json; charset=utf-8', 'cache-control': 'no-cache'})
2026-08-24 15:49:25 - selenium.webdriver.remote.remote_connection - DEBUG - Finished Request
2026-08-24 15:49:26 - selenium.webdriver.remote.remote_connection - DEBUG - POST http://localhost:63150/session/6c6a40017b19c636aa56c4a675a1a187/execute/sync {'script': "return document.querySelectorAll('[data-rpa-tag-id]').length > 0", 'args': []}
2026-08-24 15:49:26 - urllib3.connectionpool - DEBUG - http://localhost:63150 "POST /session/6c6a40017b19c636aa56c4a675a1a187/execute/sync HTTP/1.1" 200 0
2026-08-24 15:49:26 - selenium.webdriver.remote.remote_connection - DEBUG - Remote response: status=200 | data={"value":false} | headers=HTTPHeaderDict({'Content-Length': '15', 'Content-Type': 'application/json; charset=utf-8', 'cache-control': 'no-cache'})
2026-08-24 15:49:26 - selenium.webdriver.remote.remote_connection - DEBUG - Finished Request
2026-08-24 15:49:26 - scraper - ERROR - Page failed to become ready even after refresh
2026-08-24 15:49:26 - scraper - ERROR - All 3 attempts failed for VCIT
2026-08-24 15:49:26 - scraper - ERROR - Required product VCIT failed — aborting
2026-08-24 15:49:26 - selenium.webdriver.remote.remote_connection - DEBUG - DELETE http://localhost:63150/session/6c6a40017b19c636aa56c4a675a1a187 {}
2026-08-24 15:49:27 - urllib3.connectionpool - DEBUG - http://localhost:63150 "DELETE /session/6c6a40017b19c636aa56c4a675a1a187 HTTP/1.1" 200 0
2026-08-24 15:49:27 - selenium.webdriver.remote.remote_connection - DEBUG - Remote response: status=200 | data={"value":null} | headers=HTTPHeaderDict({'Content-Length': '14', 'Content-Type': 'application/json; charset=utf-8', 'cache-control': 'no-cache'})
2026-08-24 15:49:27 - selenium.webdriver.remote.remote_connection - DEBUG - Finished Request
2026-08-24 15:49:31 - scraper - INFO - Browser closed
2026-08-24 15:49:31 - __main__ - ERROR - Failed to scrape ETF data
