2026-08-24 16:52:38 - root - INFO - ======================================================================
2026-08-24 16:52:38 - root - INFO - Logging initialized
2026-08-24 16:52:38 - root - INFO - Log file: ./logs\20260824_165236\vanguarddd_20260824_165236.log
2026-08-24 16:52:38 - root - INFO - Log level: DEBUG
2026-08-24 16:52:38 - root - INFO - ======================================================================
2026-08-24 16:52:38 - scraper - INFO - Chrome version from registry: 151.0.7922.173 (major: 151)
2026-08-24 16:52:38 - scraper - INFO - Using persistent Chrome profile: D:\Projects\SIMBA-RUNBOOKS\VANGUARDDD_RunBook\browser_profile
2026-08-24 16:52:38 - undetected_chromedriver.patcher - DEBUG - getting release number from /latest-versions-per-milestone-with-downloads.json
2026-08-24 16:52:39 - undetected_chromedriver.patcher - DEBUG - downloading from https://storage.googleapis.com/chrome-for-testing-public/151.0.7922.138/win32/chromedriver-win32.zip
2026-08-24 16:52:41 - undetected_chromedriver.patcher - DEBUG - unzipping C:\Users\MARKCA~1\AppData\Local\Temp\tmpmht7mgx0
2026-08-24 16:52:41 - undetected_chromedriver.patcher - INFO - patching driver executable C:\Users\Mark Castro\appdata\roaming\undetected_chromedriver\undetected_chromedriver.exe
2026-08-24 16:52:42 - undetected_chromedriver.patcher - DEBUG - found block:
b'{window.cdc_adoQpoasnfa76pfcZLmcfl_Array = window.Array;window.cdc_adoQpoasnfa76pfcZLmcfl_Object = window.Object;window.cdc_adoQpoasnfa76pfcZLmcfl_Promise = window.Promise;window.cdc_adoQpoasnfa76pfcZLmcfl_Proxy = window.Proxy;window.cdc_adoQpoasnfa76pfcZLmcfl_Symbol = window.Symbol;window.cdc_adoQpoasnfa76pfcZLmcfl_JSON = window.JSON;window.cdc_adoQpoasnfa76pfcZLmcfl_Window = window.Window;}'
replacing with:
b'{console.log("undetected chromedriver 1337!")}                                                                                                                                                                                                                                                                                                                                                             '
2026-08-24 16:52:42 - undetected_chromedriver.patcher - DEBUG - patching took us 0.98 seconds
2026-08-24 16:52:43 - selenium.webdriver.common.driver_finder - DEBUG - Skipping Selenium Manager; path to chrome driver specified in Service class: C:\Users\Mark Castro\appdata\roaming\undetected_chromedriver\undetected_chromedriver.exe
2026-08-24 16:52:45 - selenium.webdriver.common.service - DEBUG - Started executable: `C:\Users\Mark Castro\appdata\roaming\undetected_chromedriver\undetected_chromedriver.exe` in a child process with pid: 11948 using 0 to output -3
2026-08-24 16:52:46 - selenium.webdriver.remote.remote_connection - DEBUG - POST http://localhost:50665/session {'capabilities': {'firstMatch': [{}], 'alwaysMatch': {'browserName': 'chrome', 'pageLoadStrategy': <PageLoadStrategy.normal: 'normal'>, 'goog:chromeOptions': {'extensions': [], 'binary': 'C:\\Program Files\\Google\\Chrome\\Application\\chrome.exe', 'args': ['--window-size=1920,1080', '--no-sandbox', '--disable-dev-shm-usage', '--user-data-dir=D:\\Projects\\SIMBA-RUNBOOKS\\VANGUARDDD_RunBook\\browser_profile', '--remote-debugging-host=127.0.0.1', '--remote-debugging-port=50664', '--lang=en-US', '--no-default-browser-check', '--no-first-run', '--no-sandbox', '--test-type', '--headless=new', '--window-size=1920,1080', '--start-maximized', '--no-sandbox', '--log-level=0'], 'debuggerAddress': '127.0.0.1:50664'}}}}
2026-08-24 16:52:46 - urllib3.connectionpool - DEBUG - Starting new HTTP connection (1): localhost:50665
2026-08-24 16:52:46 - urllib3.connectionpool - DEBUG - http://localhost:50665 "POST /session HTTP/1.1" 200 0
2026-08-24 16:52:46 - selenium.webdriver.remote.remote_connection - DEBUG - Remote response: status=200 | data={"value":{"capabilities":{"acceptInsecureCerts":false,"browserName":"chrome","browserVersion":"151.0.7922.173","chrome":{"chromedriverVersion":"151.0.7922.138 (41fa82442390a4d4456c78f2d69a832d5720cb27-refs/branch-heads/7922@{#2891})"},"fedcm:accounts":true,"goog:chromeOptions":{"debuggerAddress":"127.0.0.1:50664"},"pageLoadStrategy":"normal","platformName":"","proxy":{},"setWindowRect":false,"strictFileInteractability":false,"timeouts":{"implicit":0,"pageLoad":300000,"script":30000},"unhandledPromptBehavior":"dismiss and notify","webauthn:extension:credBlob":true,"webauthn:extension:largeBlob":true,"webauthn:extension:minPinLength":true,"webauthn:extension:prf":true,"webauthn:virtualAuthenticators":true},"sessionId":"c5527ac0feaa18233d0d8ab025ead360"}} | headers=HTTPHeaderDict({'Content-Length': '762', 'Content-Type': 'application/json; charset=utf-8', 'cache-control': 'no-cache'})
2026-08-24 16:52:46 - selenium.webdriver.remote.remote_connection - DEBUG - Finished Request
2026-08-24 16:52:46 - selenium.webdriver.remote.remote_connection - DEBUG - POST http://localhost:50665/session/c5527ac0feaa18233d0d8ab025ead360/timeouts {'pageLoad': 60000}
2026-08-24 16:52:46 - urllib3.connectionpool - DEBUG - http://localhost:50665 "POST /session/c5527ac0feaa18233d0d8ab025ead360/timeouts HTTP/1.1" 200 0
2026-08-24 16:52:46 - selenium.webdriver.remote.remote_connection - DEBUG - Remote response: status=200 | data={"value":null} | headers=HTTPHeaderDict({'Content-Length': '14', 'Content-Type': 'application/json; charset=utf-8', 'cache-control': 'no-cache'})
2026-08-24 16:52:46 - selenium.webdriver.remote.remote_connection - DEBUG - Finished Request
2026-08-24 16:52:46 - scraper - INFO - Chrome driver initialized (undetected-chromedriver, headless=True)
2026-08-24 16:52:46 - scraper - INFO - 
======================================================================
Scraping VCIT: https://investor.vanguard.com/etf/profile/overview/vcit
======================================================================
2026-08-24 16:52:46 - scraper - INFO - Navigating to https://investor.vanguard.com/etf/profile/overview/vcit
2026-08-24 16:52:46 - selenium.webdriver.remote.remote_connection - DEBUG - POST http://localhost:50665/session/c5527ac0feaa18233d0d8ab025ead360/execute/sync {'script': 'return navigator.webdriver', 'args': []}
2026-08-24 16:52:46 - urllib3.connectionpool - DEBUG - http://localhost:50665 "POST /session/c5527ac0feaa18233d0d8ab025ead360/execute/sync HTTP/1.1" 200 0
2026-08-24 16:52:46 - selenium.webdriver.remote.remote_connection - DEBUG - Remote response: status=200 | data={"value":false} | headers=HTTPHeaderDict({'Content-Length': '15', 'Content-Type': 'application/json; charset=utf-8', 'cache-control': 'no-cache'})
2026-08-24 16:52:46 - selenium.webdriver.remote.remote_connection - DEBUG - Finished Request
2026-08-24 16:52:46 - selenium.webdriver.remote.remote_connection - DEBUG - POST http://localhost:50665/session/c5527ac0feaa18233d0d8ab025ead360/url {'url': 'https://investor.vanguard.com/etf/profile/overview/vcit'}
2026-08-24 16:52:59 - urllib3.connectionpool - DEBUG - http://localhost:50665 "POST /session/c5527ac0feaa18233d0d8ab025ead360/url HTTP/1.1" 200 0
2026-08-24 16:52:59 - selenium.webdriver.remote.remote_connection - DEBUG - Remote response: status=200 | data={"value":null} | headers=HTTPHeaderDict({'Content-Length': '14', 'Content-Type': 'application/json; charset=utf-8', 'cache-control': 'no-cache'})
2026-08-24 16:52:59 - selenium.webdriver.remote.remote_connection - DEBUG - Finished Request
2026-08-24 16:52:59 - selenium.webdriver.remote.remote_connection - DEBUG - POST http://localhost:50665/session/c5527ac0feaa18233d0d8ab025ead360/execute/sync {'script': "\n                var candidates = [\n                    document.querySelector('#onetrust-accept-btn...", 'args': []}
2026-08-24 16:52:59 - urllib3.connectionpool - DEBUG - http://localhost:50665 "POST /session/c5527ac0feaa18233d0d8ab025ead360/execute/sync HTTP/1.1" 200 0
2026-08-24 16:52:59 - selenium.webdriver.remote.remote_connection - DEBUG - Remote response: status=200 | data={"value":null} | headers=HTTPHeaderDict({'Content-Length': '14', 'Content-Type': 'application/json; charset=utf-8', 'cache-control': 'no-cache'})
2026-08-24 16:52:59 - selenium.webdriver.remote.remote_connection - DEBUG - Finished Request
2026-08-24 16:52:59 - selenium.webdriver.remote.remote_connection - DEBUG - POST http://localhost:50665/session/c5527ac0feaa18233d0d8ab025ead360/execute/sync {'script': "return document.querySelectorAll('[data-rpa-tag-id]').length > 0", 'args': []}
2026-08-24 16:52:59 - urllib3.connectionpool - DEBUG - http://localhost:50665 "POST /session/c5527ac0feaa18233d0d8ab025ead360/execute/sync HTTP/1.1" 200 0
2026-08-24 16:52:59 - selenium.webdriver.remote.remote_connection - DEBUG - Remote response: status=200 | data={"value":false} | headers=HTTPHeaderDict({'Content-Length': '15', 'Content-Type': 'application/json; charset=utf-8', 'cache-control': 'no-cache'})
2026-08-24 16:52:59 - selenium.webdriver.remote.remote_connection - DEBUG - Finished Request
2026-08-24 16:53:00 - selenium.webdriver.remote.remote_connection - DEBUG - POST http://localhost:50665/session/c5527ac0feaa18233d0d8ab025ead360/execute/sync {'script': "return document.querySelectorAll('[data-rpa-tag-id]').length > 0", 'args': []}
2026-08-24 16:53:02 - urllib3.connectionpool - DEBUG - http://localhost:50665 "POST /session/c5527ac0feaa18233d0d8ab025ead360/execute/sync HTTP/1.1" 200 0
2026-08-24 16:53:02 - selenium.webdriver.remote.remote_connection - DEBUG - Remote response: status=200 | data={"value":false} | headers=HTTPHeaderDict({'Content-Length': '15', 'Content-Type': 'application/json; charset=utf-8', 'cache-control': 'no-cache'})
2026-08-24 16:53:02 - selenium.webdriver.remote.remote_connection - DEBUG - Finished Request
2026-08-24 16:53:02 - selenium.webdriver.remote.remote_connection - DEBUG - POST http://localhost:50665/session/c5527ac0feaa18233d0d8ab025ead360/execute/sync {'script': "return document.querySelectorAll('[data-rpa-tag-id]').length > 0", 'args': []}
2026-08-24 16:53:02 - urllib3.connectionpool - DEBUG - http://localhost:50665 "POST /session/c5527ac0feaa18233d0d8ab025ead360/execute/sync HTTP/1.1" 200 0
2026-08-24 16:53:02 - selenium.webdriver.remote.remote_connection - DEBUG - Remote response: status=200 | data={"value":false} | headers=HTTPHeaderDict({'Content-Length': '15', 'Content-Type': 'application/json; charset=utf-8', 'cache-control': 'no-cache'})
2026-08-24 16:53:02 - selenium.webdriver.remote.remote_connection - DEBUG - Finished Request
2026-08-24 16:53:03 - selenium.webdriver.remote.remote_connection - DEBUG - POST http://localhost:50665/session/c5527ac0feaa18233d0d8ab025ead360/execute/sync {'script': "return document.querySelectorAll('[data-rpa-tag-id]').length > 0", 'args': []}
2026-08-24 16:53:03 - urllib3.connectionpool - DEBUG - http://localhost:50665 "POST /session/c5527ac0feaa18233d0d8ab025ead360/execute/sync HTTP/1.1" 200 0
2026-08-24 16:53:03 - selenium.webdriver.remote.remote_connection - DEBUG - Remote response: status=200 | data={"value":false} | headers=HTTPHeaderDict({'Content-Length': '15', 'Content-Type': 'application/json; charset=utf-8', 'cache-control': 'no-cache'})
2026-08-24 16:53:03 - selenium.webdriver.remote.remote_connection - DEBUG - Finished Request
2026-08-24 16:53:04 - selenium.webdriver.remote.remote_connection - DEBUG - POST http://localhost:50665/session/c5527ac0feaa18233d0d8ab025ead360/execute/sync {'script': "return document.querySelectorAll('[data-rpa-tag-id]').length > 0", 'args': []}
2026-08-24 16:53:04 - urllib3.connectionpool - DEBUG - http://localhost:50665 "POST /session/c5527ac0feaa18233d0d8ab025ead360/execute/sync HTTP/1.1" 200 0
2026-08-24 16:53:04 - selenium.webdriver.remote.remote_connection - DEBUG - Remote response: status=200 | data={"value":false} | headers=HTTPHeaderDict({'Content-Length': '15', 'Content-Type': 'application/json; charset=utf-8', 'cache-control': 'no-cache'})
2026-08-24 16:53:04 - selenium.webdriver.remote.remote_connection - DEBUG - Finished Request
2026-08-24 16:53:04 - selenium.webdriver.remote.remote_connection - DEBUG - POST http://localhost:50665/session/c5527ac0feaa18233d0d8ab025ead360/execute/sync {'script': "return document.querySelectorAll('[data-rpa-tag-id]').length > 0", 'args': []}
2026-08-24 16:53:04 - urllib3.connectionpool - DEBUG - http://localhost:50665 "POST /session/c5527ac0feaa18233d0d8ab025ead360/execute/sync HTTP/1.1" 200 0
2026-08-24 16:53:04 - selenium.webdriver.remote.remote_connection - DEBUG - Remote response: status=200 | data={"value":false} | headers=HTTPHeaderDict({'Content-Length': '15', 'Content-Type': 'application/json; charset=utf-8', 'cache-control': 'no-cache'})
2026-08-24 16:53:04 - selenium.webdriver.remote.remote_connection - DEBUG - Finished Request
2026-08-24 16:53:05 - selenium.webdriver.remote.remote_connection - DEBUG - POST http://localhost:50665/session/c5527ac0feaa18233d0d8ab025ead360/execute/sync {'script': "return document.querySelectorAll('[data-rpa-tag-id]').length > 0", 'args': []}
2026-08-24 16:53:05 - urllib3.connectionpool - DEBUG - http://localhost:50665 "POST /session/c5527ac0feaa18233d0d8ab025ead360/execute/sync HTTP/1.1" 200 0
2026-08-24 16:53:05 - selenium.webdriver.remote.remote_connection - DEBUG - Remote response: status=200 | data={"value":false} | headers=HTTPHeaderDict({'Content-Length': '15', 'Content-Type': 'application/json; charset=utf-8', 'cache-control': 'no-cache'})
2026-08-24 16:53:05 - selenium.webdriver.remote.remote_connection - DEBUG - Finished Request
2026-08-24 16:53:05 - selenium.webdriver.remote.remote_connection - DEBUG - POST http://localhost:50665/session/c5527ac0feaa18233d0d8ab025ead360/execute/sync {'script': "return document.querySelectorAll('[data-rpa-tag-id]').length > 0", 'args': []}
2026-08-24 16:53:05 - urllib3.connectionpool - DEBUG - http://localhost:50665 "POST /session/c5527ac0feaa18233d0d8ab025ead360/execute/sync HTTP/1.1" 200 0
2026-08-24 16:53:05 - selenium.webdriver.remote.remote_connection - DEBUG - Remote response: status=200 | data={"value":false} | headers=HTTPHeaderDict({'Content-Length': '15', 'Content-Type': 'application/json; charset=utf-8', 'cache-control': 'no-cache'})
2026-08-24 16:53:05 - selenium.webdriver.remote.remote_connection - DEBUG - Finished Request
2026-08-24 16:53:06 - selenium.webdriver.remote.remote_connection - DEBUG - POST http://localhost:50665/session/c5527ac0feaa18233d0d8ab025ead360/execute/sync {'script': "return document.querySelectorAll('[data-rpa-tag-id]').length > 0", 'args': []}
2026-08-24 16:53:06 - urllib3.connectionpool - DEBUG - http://localhost:50665 "POST /session/c5527ac0feaa18233d0d8ab025ead360/execute/sync HTTP/1.1" 200 0
2026-08-24 16:53:06 - selenium.webdriver.remote.remote_connection - DEBUG - Remote response: status=200 | data={"value":false} | headers=HTTPHeaderDict({'Content-Length': '15', 'Content-Type': 'application/json; charset=utf-8', 'cache-control': 'no-cache'})
2026-08-24 16:53:06 - selenium.webdriver.remote.remote_connection - DEBUG - Finished Request
2026-08-24 16:53:06 - selenium.webdriver.remote.remote_connection - DEBUG - POST http://localhost:50665/session/c5527ac0feaa18233d0d8ab025ead360/execute/sync {'script': "return document.querySelectorAll('[data-rpa-tag-id]').length > 0", 'args': []}
2026-08-24 16:53:06 - urllib3.connectionpool - DEBUG - http://localhost:50665 "POST /session/c5527ac0feaa18233d0d8ab025ead360/execute/sync HTTP/1.1" 200 0
2026-08-24 16:53:06 - selenium.webdriver.remote.remote_connection - DEBUG - Remote response: status=200 | data={"value":false} | headers=HTTPHeaderDict({'Content-Length': '15', 'Content-Type': 'application/json; charset=utf-8', 'cache-control': 'no-cache'})
2026-08-24 16:53:06 - selenium.webdriver.remote.remote_connection - DEBUG - Finished Request
2026-08-24 16:53:07 - selenium.webdriver.remote.remote_connection - DEBUG - POST http://localhost:50665/session/c5527ac0feaa18233d0d8ab025ead360/execute/sync {'script': "return document.querySelectorAll('[data-rpa-tag-id]').length > 0", 'args': []}
2026-08-24 16:53:07 - urllib3.connectionpool - DEBUG - http://localhost:50665 "POST /session/c5527ac0feaa18233d0d8ab025ead360/execute/sync HTTP/1.1" 200 0
2026-08-24 16:53:07 - selenium.webdriver.remote.remote_connection - DEBUG - Remote response: status=200 | data={"value":false} | headers=HTTPHeaderDict({'Content-Length': '15', 'Content-Type': 'application/json; charset=utf-8', 'cache-control': 'no-cache'})
2026-08-24 16:53:07 - selenium.webdriver.remote.remote_connection - DEBUG - Finished Request
2026-08-24 16:53:07 - selenium.webdriver.remote.remote_connection - DEBUG - POST http://localhost:50665/session/c5527ac0feaa18233d0d8ab025ead360/execute/sync {'script': "return document.querySelectorAll('[data-rpa-tag-id]').length > 0", 'args': []}
2026-08-24 16:53:07 - urllib3.connectionpool - DEBUG - http://localhost:50665 "POST /session/c5527ac0feaa18233d0d8ab025ead360/execute/sync HTTP/1.1" 200 0
2026-08-24 16:53:07 - selenium.webdriver.remote.remote_connection - DEBUG - Remote response: status=200 | data={"value":false} | headers=HTTPHeaderDict({'Content-Length': '15', 'Content-Type': 'application/json; charset=utf-8', 'cache-control': 'no-cache'})
2026-08-24 16:53:07 - selenium.webdriver.remote.remote_connection - DEBUG - Finished Request
2026-08-24 16:53:08 - selenium.webdriver.remote.remote_connection - DEBUG - POST http://localhost:50665/session/c5527ac0feaa18233d0d8ab025ead360/execute/sync {'script': "return document.querySelectorAll('[data-rpa-tag-id]').length > 0", 'args': []}
2026-08-24 16:53:08 - urllib3.connectionpool - DEBUG - http://localhost:50665 "POST /session/c5527ac0feaa18233d0d8ab025ead360/execute/sync HTTP/1.1" 200 0
2026-08-24 16:53:08 - selenium.webdriver.remote.remote_connection - DEBUG - Remote response: status=200 | data={"value":false} | headers=HTTPHeaderDict({'Content-Length': '15', 'Content-Type': 'application/json; charset=utf-8', 'cache-control': 'no-cache'})
2026-08-24 16:53:08 - selenium.webdriver.remote.remote_connection - DEBUG - Finished Request
2026-08-24 16:53:09 - selenium.webdriver.remote.remote_connection - DEBUG - POST http://localhost:50665/session/c5527ac0feaa18233d0d8ab025ead360/execute/sync {'script': "return document.querySelectorAll('[data-rpa-tag-id]').length > 0", 'args': []}
2026-08-24 16:53:09 - urllib3.connectionpool - DEBUG - http://localhost:50665 "POST /session/c5527ac0feaa18233d0d8ab025ead360/execute/sync HTTP/1.1" 200 0
2026-08-24 16:53:09 - selenium.webdriver.remote.remote_connection - DEBUG - Remote response: status=200 | data={"value":false} | headers=HTTPHeaderDict({'Content-Length': '15', 'Content-Type': 'application/json; charset=utf-8', 'cache-control': 'no-cache'})
2026-08-24 16:53:09 - selenium.webdriver.remote.remote_connection - DEBUG - Finished Request
2026-08-24 16:53:09 - selenium.webdriver.remote.remote_connection - DEBUG - POST http://localhost:50665/session/c5527ac0feaa18233d0d8ab025ead360/execute/sync {'script': "return document.querySelectorAll('[data-rpa-tag-id]').length > 0", 'args': []}
2026-08-24 16:53:09 - urllib3.connectionpool - DEBUG - http://localhost:50665 "POST /session/c5527ac0feaa18233d0d8ab025ead360/execute/sync HTTP/1.1" 200 0
2026-08-24 16:53:09 - selenium.webdriver.remote.remote_connection - DEBUG - Remote response: status=200 | data={"value":false} | headers=HTTPHeaderDict({'Content-Length': '15', 'Content-Type': 'application/json; charset=utf-8', 'cache-control': 'no-cache'})
2026-08-24 16:53:09 - selenium.webdriver.remote.remote_connection - DEBUG - Finished Request
2026-08-24 16:53:10 - selenium.webdriver.remote.remote_connection - DEBUG - POST http://localhost:50665/session/c5527ac0feaa18233d0d8ab025ead360/execute/sync {'script': "return document.querySelectorAll('[data-rpa-tag-id]').length > 0", 'args': []}
2026-08-24 16:53:10 - urllib3.connectionpool - DEBUG - http://localhost:50665 "POST /session/c5527ac0feaa18233d0d8ab025ead360/execute/sync HTTP/1.1" 200 0
2026-08-24 16:53:10 - selenium.webdriver.remote.remote_connection - DEBUG - Remote response: status=200 | data={"value":false} | headers=HTTPHeaderDict({'Content-Length': '15', 'Content-Type': 'application/json; charset=utf-8', 'cache-control': 'no-cache'})
2026-08-24 16:53:10 - selenium.webdriver.remote.remote_connection - DEBUG - Finished Request
2026-08-24 16:53:10 - selenium.webdriver.remote.remote_connection - DEBUG - POST http://localhost:50665/session/c5527ac0feaa18233d0d8ab025ead360/execute/sync {'script': "return document.querySelectorAll('[data-rpa-tag-id]').length > 0", 'args': []}
2026-08-24 16:53:10 - urllib3.connectionpool - DEBUG - http://localhost:50665 "POST /session/c5527ac0feaa18233d0d8ab025ead360/execute/sync HTTP/1.1" 200 0
2026-08-24 16:53:10 - selenium.webdriver.remote.remote_connection - DEBUG - Remote response: status=200 | data={"value":false} | headers=HTTPHeaderDict({'Content-Length': '15', 'Content-Type': 'application/json; charset=utf-8', 'cache-control': 'no-cache'})
2026-08-24 16:53:10 - selenium.webdriver.remote.remote_connection - DEBUG - Finished Request
2026-08-24 16:53:11 - selenium.webdriver.remote.remote_connection - DEBUG - POST http://localhost:50665/session/c5527ac0feaa18233d0d8ab025ead360/execute/sync {'script': "return document.querySelectorAll('[data-rpa-tag-id]').length > 0", 'args': []}
2026-08-24 16:53:11 - urllib3.connectionpool - DEBUG - http://localhost:50665 "POST /session/c5527ac0feaa18233d0d8ab025ead360/execute/sync HTTP/1.1" 200 0
2026-08-24 16:53:11 - selenium.webdriver.remote.remote_connection - DEBUG - Remote response: status=200 | data={"value":false} | headers=HTTPHeaderDict({'Content-Length': '15', 'Content-Type': 'application/json; charset=utf-8', 'cache-control': 'no-cache'})
2026-08-24 16:53:11 - selenium.webdriver.remote.remote_connection - DEBUG - Finished Request
2026-08-24 16:53:11 - selenium.webdriver.remote.remote_connection - DEBUG - POST http://localhost:50665/session/c5527ac0feaa18233d0d8ab025ead360/execute/sync {'script': "return document.querySelectorAll('[data-rpa-tag-id]').length > 0", 'args': []}
2026-08-24 16:53:11 - urllib3.connectionpool - DEBUG - http://localhost:50665 "POST /session/c5527ac0feaa18233d0d8ab025ead360/execute/sync HTTP/1.1" 200 0
2026-08-24 16:53:11 - selenium.webdriver.remote.remote_connection - DEBUG - Remote response: status=200 | data={"value":false} | headers=HTTPHeaderDict({'Content-Length': '15', 'Content-Type': 'application/json; charset=utf-8', 'cache-control': 'no-cache'})
2026-08-24 16:53:11 - selenium.webdriver.remote.remote_connection - DEBUG - Finished Request
2026-08-24 16:53:12 - selenium.webdriver.remote.remote_connection - DEBUG - POST http://localhost:50665/session/c5527ac0feaa18233d0d8ab025ead360/execute/sync {'script': "return document.querySelectorAll('[data-rpa-tag-id]').length > 0", 'args': []}
2026-08-24 16:53:12 - urllib3.connectionpool - DEBUG - http://localhost:50665 "POST /session/c5527ac0feaa18233d0d8ab025ead360/execute/sync HTTP/1.1" 200 0
2026-08-24 16:53:12 - selenium.webdriver.remote.remote_connection - DEBUG - Remote response: status=200 | data={"value":false} | headers=HTTPHeaderDict({'Content-Length': '15', 'Content-Type': 'application/json; charset=utf-8', 'cache-control': 'no-cache'})
2026-08-24 16:53:12 - selenium.webdriver.remote.remote_connection - DEBUG - Finished Request
2026-08-24 16:53:12 - selenium.webdriver.remote.remote_connection - DEBUG - POST http://localhost:50665/session/c5527ac0feaa18233d0d8ab025ead360/execute/sync {'script': "return document.querySelectorAll('[data-rpa-tag-id]').length > 0", 'args': []}
2026-08-24 16:53:12 - urllib3.connectionpool - DEBUG - http://localhost:50665 "POST /session/c5527ac0feaa18233d0d8ab025ead360/execute/sync HTTP/1.1" 200 0
2026-08-24 16:53:12 - selenium.webdriver.remote.remote_connection - DEBUG - Remote response: status=200 | data={"value":false} | headers=HTTPHeaderDict({'Content-Length': '15', 'Content-Type': 'application/json; charset=utf-8', 'cache-control': 'no-cache'})
2026-08-24 16:53:12 - selenium.webdriver.remote.remote_connection - DEBUG - Finished Request
2026-08-24 16:53:13 - selenium.webdriver.remote.remote_connection - DEBUG - POST http://localhost:50665/session/c5527ac0feaa18233d0d8ab025ead360/execute/sync {'script': "return document.querySelectorAll('[data-rpa-tag-id]').length > 0", 'args': []}
2026-08-24 16:53:13 - urllib3.connectionpool - DEBUG - http://localhost:50665 "POST /session/c5527ac0feaa18233d0d8ab025ead360/execute/sync HTTP/1.1" 200 0
2026-08-24 16:53:13 - selenium.webdriver.remote.remote_connection - DEBUG - Remote response: status=200 | data={"value":false} | headers=HTTPHeaderDict({'Content-Length': '15', 'Content-Type': 'application/json; charset=utf-8', 'cache-control': 'no-cache'})
2026-08-24 16:53:13 - selenium.webdriver.remote.remote_connection - DEBUG - Finished Request
2026-08-24 16:53:13 - selenium.webdriver.remote.remote_connection - DEBUG - POST http://localhost:50665/session/c5527ac0feaa18233d0d8ab025ead360/execute/sync {'script': "return document.querySelectorAll('[data-rpa-tag-id]').length > 0", 'args': []}
2026-08-24 16:53:13 - urllib3.connectionpool - DEBUG - http://localhost:50665 "POST /session/c5527ac0feaa18233d0d8ab025ead360/execute/sync HTTP/1.1" 200 0
2026-08-24 16:53:13 - selenium.webdriver.remote.remote_connection - DEBUG - Remote response: status=200 | data={"value":false} | headers=HTTPHeaderDict({'Content-Length': '15', 'Content-Type': 'application/json; charset=utf-8', 'cache-control': 'no-cache'})
2026-08-24 16:53:13 - selenium.webdriver.remote.remote_connection - DEBUG - Finished Request
2026-08-24 16:53:14 - selenium.webdriver.remote.remote_connection - DEBUG - POST http://localhost:50665/session/c5527ac0feaa18233d0d8ab025ead360/execute/sync {'script': "return document.querySelectorAll('[data-rpa-tag-id]').length > 0", 'args': []}
2026-08-24 16:53:14 - urllib3.connectionpool - DEBUG - http://localhost:50665 "POST /session/c5527ac0feaa18233d0d8ab025ead360/execute/sync HTTP/1.1" 200 0
2026-08-24 16:53:14 - selenium.webdriver.remote.remote_connection - DEBUG - Remote response: status=200 | data={"value":false} | headers=HTTPHeaderDict({'Content-Length': '15', 'Content-Type': 'application/json; charset=utf-8', 'cache-control': 'no-cache'})
2026-08-24 16:53:14 - selenium.webdriver.remote.remote_connection - DEBUG - Finished Request
2026-08-24 16:53:14 - selenium.webdriver.remote.remote_connection - DEBUG - POST http://localhost:50665/session/c5527ac0feaa18233d0d8ab025ead360/execute/sync {'script': "return document.querySelectorAll('[data-rpa-tag-id]').length > 0", 'args': []}
2026-08-24 16:53:14 - urllib3.connectionpool - DEBUG - http://localhost:50665 "POST /session/c5527ac0feaa18233d0d8ab025ead360/execute/sync HTTP/1.1" 200 0
2026-08-24 16:53:14 - selenium.webdriver.remote.remote_connection - DEBUG - Remote response: status=200 | data={"value":false} | headers=HTTPHeaderDict({'Content-Length': '15', 'Content-Type': 'application/json; charset=utf-8', 'cache-control': 'no-cache'})
2026-08-24 16:53:14 - selenium.webdriver.remote.remote_connection - DEBUG - Finished Request
2026-08-24 16:53:15 - selenium.webdriver.remote.remote_connection - DEBUG - POST http://localhost:50665/session/c5527ac0feaa18233d0d8ab025ead360/execute/sync {'script': "return document.querySelectorAll('[data-rpa-tag-id]').length > 0", 'args': []}
2026-08-24 16:53:15 - urllib3.connectionpool - DEBUG - http://localhost:50665 "POST /session/c5527ac0feaa18233d0d8ab025ead360/execute/sync HTTP/1.1" 200 0
2026-08-24 16:53:15 - selenium.webdriver.remote.remote_connection - DEBUG - Remote response: status=200 | data={"value":false} | headers=HTTPHeaderDict({'Content-Length': '15', 'Content-Type': 'application/json; charset=utf-8', 'cache-control': 'no-cache'})
2026-08-24 16:53:15 - selenium.webdriver.remote.remote_connection - DEBUG - Finished Request
2026-08-24 16:53:15 - selenium.webdriver.remote.remote_connection - DEBUG - POST http://localhost:50665/session/c5527ac0feaa18233d0d8ab025ead360/execute/sync {'script': "return document.querySelectorAll('[data-rpa-tag-id]').length > 0", 'args': []}
2026-08-24 16:53:15 - urllib3.connectionpool - DEBUG - http://localhost:50665 "POST /session/c5527ac0feaa18233d0d8ab025ead360/execute/sync HTTP/1.1" 200 0
2026-08-24 16:53:15 - selenium.webdriver.remote.remote_connection - DEBUG - Remote response: status=200 | data={"value":false} | headers=HTTPHeaderDict({'Content-Length': '15', 'Content-Type': 'application/json; charset=utf-8', 'cache-control': 'no-cache'})
2026-08-24 16:53:15 - selenium.webdriver.remote.remote_connection - DEBUG - Finished Request
2026-08-24 16:53:16 - selenium.webdriver.remote.remote_connection - DEBUG - POST http://localhost:50665/session/c5527ac0feaa18233d0d8ab025ead360/execute/sync {'script': "return document.querySelectorAll('[data-rpa-tag-id]').length > 0", 'args': []}
2026-08-24 16:53:16 - urllib3.connectionpool - DEBUG - http://localhost:50665 "POST /session/c5527ac0feaa18233d0d8ab025ead360/execute/sync HTTP/1.1" 200 0
2026-08-24 16:53:16 - selenium.webdriver.remote.remote_connection - DEBUG - Remote response: status=200 | data={"value":false} | headers=HTTPHeaderDict({'Content-Length': '15', 'Content-Type': 'application/json; charset=utf-8', 'cache-control': 'no-cache'})
2026-08-24 16:53:16 - selenium.webdriver.remote.remote_connection - DEBUG - Finished Request
2026-08-24 16:53:16 - selenium.webdriver.remote.remote_connection - DEBUG - POST http://localhost:50665/session/c5527ac0feaa18233d0d8ab025ead360/execute/sync {'script': "return document.querySelectorAll('[data-rpa-tag-id]').length > 0", 'args': []}
2026-08-24 16:53:16 - urllib3.connectionpool - DEBUG - http://localhost:50665 "POST /session/c5527ac0feaa18233d0d8ab025ead360/execute/sync HTTP/1.1" 200 0
2026-08-24 16:53:16 - selenium.webdriver.remote.remote_connection - DEBUG - Remote response: status=200 | data={"value":false} | headers=HTTPHeaderDict({'Content-Length': '15', 'Content-Type': 'application/json; charset=utf-8', 'cache-control': 'no-cache'})
2026-08-24 16:53:16 - selenium.webdriver.remote.remote_connection - DEBUG - Finished Request
2026-08-24 16:53:17 - selenium.webdriver.remote.remote_connection - DEBUG - POST http://localhost:50665/session/c5527ac0feaa18233d0d8ab025ead360/execute/sync {'script': "return document.querySelectorAll('[data-rpa-tag-id]').length > 0", 'args': []}
2026-08-24 16:53:17 - urllib3.connectionpool - DEBUG - http://localhost:50665 "POST /session/c5527ac0feaa18233d0d8ab025ead360/execute/sync HTTP/1.1" 200 0
2026-08-24 16:53:17 - selenium.webdriver.remote.remote_connection - DEBUG - Remote response: status=200 | data={"value":false} | headers=HTTPHeaderDict({'Content-Length': '15', 'Content-Type': 'application/json; charset=utf-8', 'cache-control': 'no-cache'})
2026-08-24 16:53:17 - selenium.webdriver.remote.remote_connection - DEBUG - Finished Request
2026-08-24 16:53:18 - selenium.webdriver.remote.remote_connection - DEBUG - POST http://localhost:50665/session/c5527ac0feaa18233d0d8ab025ead360/execute/sync {'script': "return document.querySelectorAll('[data-rpa-tag-id]').length > 0", 'args': []}
2026-08-24 16:53:18 - urllib3.connectionpool - DEBUG - http://localhost:50665 "POST /session/c5527ac0feaa18233d0d8ab025ead360/execute/sync HTTP/1.1" 200 0
2026-08-24 16:53:18 - selenium.webdriver.remote.remote_connection - DEBUG - Remote response: status=200 | data={"value":false} | headers=HTTPHeaderDict({'Content-Length': '15', 'Content-Type': 'application/json; charset=utf-8', 'cache-control': 'no-cache'})
2026-08-24 16:53:18 - selenium.webdriver.remote.remote_connection - DEBUG - Finished Request
2026-08-24 16:53:18 - selenium.webdriver.remote.remote_connection - DEBUG - POST http://localhost:50665/session/c5527ac0feaa18233d0d8ab025ead360/execute/sync {'script': "return document.querySelectorAll('[data-rpa-tag-id]').length > 0", 'args': []}
2026-08-24 16:53:18 - urllib3.connectionpool - DEBUG - http://localhost:50665 "POST /session/c5527ac0feaa18233d0d8ab025ead360/execute/sync HTTP/1.1" 200 0
2026-08-24 16:53:18 - selenium.webdriver.remote.remote_connection - DEBUG - Remote response: status=200 | data={"value":false} | headers=HTTPHeaderDict({'Content-Length': '15', 'Content-Type': 'application/json; charset=utf-8', 'cache-control': 'no-cache'})
2026-08-24 16:53:18 - selenium.webdriver.remote.remote_connection - DEBUG - Finished Request
2026-08-24 16:53:19 - selenium.webdriver.remote.remote_connection - DEBUG - POST http://localhost:50665/session/c5527ac0feaa18233d0d8ab025ead360/execute/sync {'script': "return document.querySelectorAll('[data-rpa-tag-id]').length > 0", 'args': []}
2026-08-24 16:53:19 - urllib3.connectionpool - DEBUG - http://localhost:50665 "POST /session/c5527ac0feaa18233d0d8ab025ead360/execute/sync HTTP/1.1" 200 0
2026-08-24 16:53:19 - selenium.webdriver.remote.remote_connection - DEBUG - Remote response: status=200 | data={"value":false} | headers=HTTPHeaderDict({'Content-Length': '15', 'Content-Type': 'application/json; charset=utf-8', 'cache-control': 'no-cache'})
2026-08-24 16:53:19 - selenium.webdriver.remote.remote_connection - DEBUG - Finished Request
2026-08-24 16:53:19 - selenium.webdriver.remote.remote_connection - DEBUG - POST http://localhost:50665/session/c5527ac0feaa18233d0d8ab025ead360/execute/sync {'script': "return document.querySelectorAll('[data-rpa-tag-id]').length > 0", 'args': []}
2026-08-24 16:53:19 - urllib3.connectionpool - DEBUG - http://localhost:50665 "POST /session/c5527ac0feaa18233d0d8ab025ead360/execute/sync HTTP/1.1" 200 0
2026-08-24 16:53:19 - selenium.webdriver.remote.remote_connection - DEBUG - Remote response: status=200 | data={"value":false} | headers=HTTPHeaderDict({'Content-Length': '15', 'Content-Type': 'application/json; charset=utf-8', 'cache-control': 'no-cache'})
2026-08-24 16:53:19 - selenium.webdriver.remote.remote_connection - DEBUG - Finished Request
2026-08-24 16:53:20 - selenium.webdriver.remote.remote_connection - DEBUG - POST http://localhost:50665/session/c5527ac0feaa18233d0d8ab025ead360/execute/sync {'script': "return document.querySelectorAll('[data-rpa-tag-id]').length > 0", 'args': []}
2026-08-24 16:53:20 - urllib3.connectionpool - DEBUG - http://localhost:50665 "POST /session/c5527ac0feaa18233d0d8ab025ead360/execute/sync HTTP/1.1" 200 0
2026-08-24 16:53:20 - selenium.webdriver.remote.remote_connection - DEBUG - Remote response: status=200 | data={"value":false} | headers=HTTPHeaderDict({'Content-Length': '15', 'Content-Type': 'application/json; charset=utf-8', 'cache-control': 'no-cache'})
2026-08-24 16:53:20 - selenium.webdriver.remote.remote_connection - DEBUG - Finished Request
2026-08-24 16:53:20 - selenium.webdriver.remote.remote_connection - DEBUG - POST http://localhost:50665/session/c5527ac0feaa18233d0d8ab025ead360/execute/sync {'script': "return document.querySelectorAll('[data-rpa-tag-id]').length > 0", 'args': []}
2026-08-24 16:53:20 - urllib3.connectionpool - DEBUG - http://localhost:50665 "POST /session/c5527ac0feaa18233d0d8ab025ead360/execute/sync HTTP/1.1" 200 0
2026-08-24 16:53:20 - selenium.webdriver.remote.remote_connection - DEBUG - Remote response: status=200 | data={"value":false} | headers=HTTPHeaderDict({'Content-Length': '15', 'Content-Type': 'application/json; charset=utf-8', 'cache-control': 'no-cache'})
2026-08-24 16:53:20 - selenium.webdriver.remote.remote_connection - DEBUG - Finished Request
2026-08-24 16:53:21 - selenium.webdriver.remote.remote_connection - DEBUG - POST http://localhost:50665/session/c5527ac0feaa18233d0d8ab025ead360/execute/sync {'script': "return document.querySelectorAll('[data-rpa-tag-id]').length > 0", 'args': []}
2026-08-24 16:53:21 - urllib3.connectionpool - DEBUG - http://localhost:50665 "POST /session/c5527ac0feaa18233d0d8ab025ead360/execute/sync HTTP/1.1" 200 0
2026-08-24 16:53:21 - selenium.webdriver.remote.remote_connection - DEBUG - Remote response: status=200 | data={"value":false} | headers=HTTPHeaderDict({'Content-Length': '15', 'Content-Type': 'application/json; charset=utf-8', 'cache-control': 'no-cache'})
2026-08-24 16:53:21 - selenium.webdriver.remote.remote_connection - DEBUG - Finished Request
2026-08-24 16:53:21 - selenium.webdriver.remote.remote_connection - DEBUG - POST http://localhost:50665/session/c5527ac0feaa18233d0d8ab025ead360/execute/sync {'script': "return document.querySelectorAll('[data-rpa-tag-id]').length > 0", 'args': []}
2026-08-24 16:53:21 - urllib3.connectionpool - DEBUG - http://localhost:50665 "POST /session/c5527ac0feaa18233d0d8ab025ead360/execute/sync HTTP/1.1" 200 0
2026-08-24 16:53:21 - selenium.webdriver.remote.remote_connection - DEBUG - Remote response: status=200 | data={"value":false} | headers=HTTPHeaderDict({'Content-Length': '15', 'Content-Type': 'application/json; charset=utf-8', 'cache-control': 'no-cache'})
2026-08-24 16:53:21 - selenium.webdriver.remote.remote_connection - DEBUG - Finished Request
2026-08-24 16:53:22 - selenium.webdriver.remote.remote_connection - DEBUG - POST http://localhost:50665/session/c5527ac0feaa18233d0d8ab025ead360/execute/sync {'script': "return document.querySelectorAll('[data-rpa-tag-id]').length > 0", 'args': []}
2026-08-24 16:53:22 - urllib3.connectionpool - DEBUG - http://localhost:50665 "POST /session/c5527ac0feaa18233d0d8ab025ead360/execute/sync HTTP/1.1" 200 0
2026-08-24 16:53:22 - selenium.webdriver.remote.remote_connection - DEBUG - Remote response: status=200 | data={"value":false} | headers=HTTPHeaderDict({'Content-Length': '15', 'Content-Type': 'application/json; charset=utf-8', 'cache-control': 'no-cache'})
2026-08-24 16:53:22 - selenium.webdriver.remote.remote_connection - DEBUG - Finished Request
2026-08-24 16:53:22 - selenium.webdriver.remote.remote_connection - DEBUG - POST http://localhost:50665/session/c5527ac0feaa18233d0d8ab025ead360/execute/sync {'script': "return document.querySelectorAll('[data-rpa-tag-id]').length > 0", 'args': []}
2026-08-24 16:53:22 - urllib3.connectionpool - DEBUG - http://localhost:50665 "POST /session/c5527ac0feaa18233d0d8ab025ead360/execute/sync HTTP/1.1" 200 0
2026-08-24 16:53:22 - selenium.webdriver.remote.remote_connection - DEBUG - Remote response: status=200 | data={"value":false} | headers=HTTPHeaderDict({'Content-Length': '15', 'Content-Type': 'application/json; charset=utf-8', 'cache-control': 'no-cache'})
2026-08-24 16:53:22 - selenium.webdriver.remote.remote_connection - DEBUG - Finished Request
2026-08-24 16:53:23 - selenium.webdriver.remote.remote_connection - DEBUG - POST http://localhost:50665/session/c5527ac0feaa18233d0d8ab025ead360/execute/sync {'script': "return document.querySelectorAll('[data-rpa-tag-id]').length > 0", 'args': []}
2026-08-24 16:53:23 - urllib3.connectionpool - DEBUG - http://localhost:50665 "POST /session/c5527ac0feaa18233d0d8ab025ead360/execute/sync HTTP/1.1" 200 0
2026-08-24 16:53:23 - selenium.webdriver.remote.remote_connection - DEBUG - Remote response: status=200 | data={"value":false} | headers=HTTPHeaderDict({'Content-Length': '15', 'Content-Type': 'application/json; charset=utf-8', 'cache-control': 'no-cache'})
2026-08-24 16:53:23 - selenium.webdriver.remote.remote_connection - DEBUG - Finished Request
2026-08-24 16:53:23 - selenium.webdriver.remote.remote_connection - DEBUG - POST http://localhost:50665/session/c5527ac0feaa18233d0d8ab025ead360/execute/sync {'script': "return document.querySelectorAll('[data-rpa-tag-id]').length > 0", 'args': []}
2026-08-24 16:53:23 - urllib3.connectionpool - DEBUG - http://localhost:50665 "POST /session/c5527ac0feaa18233d0d8ab025ead360/execute/sync HTTP/1.1" 200 0
2026-08-24 16:53:23 - selenium.webdriver.remote.remote_connection - DEBUG - Remote response: status=200 | data={"value":false} | headers=HTTPHeaderDict({'Content-Length': '15', 'Content-Type': 'application/json; charset=utf-8', 'cache-control': 'no-cache'})
2026-08-24 16:53:23 - selenium.webdriver.remote.remote_connection - DEBUG - Finished Request
2026-08-24 16:53:24 - selenium.webdriver.remote.remote_connection - DEBUG - POST http://localhost:50665/session/c5527ac0feaa18233d0d8ab025ead360/execute/sync {'script': "return document.querySelectorAll('[data-rpa-tag-id]').length > 0", 'args': []}
2026-08-24 16:53:24 - urllib3.connectionpool - DEBUG - http://localhost:50665 "POST /session/c5527ac0feaa18233d0d8ab025ead360/execute/sync HTTP/1.1" 200 0
2026-08-24 16:53:24 - selenium.webdriver.remote.remote_connection - DEBUG - Remote response: status=200 | data={"value":false} | headers=HTTPHeaderDict({'Content-Length': '15', 'Content-Type': 'application/json; charset=utf-8', 'cache-control': 'no-cache'})
2026-08-24 16:53:24 - selenium.webdriver.remote.remote_connection - DEBUG - Finished Request
2026-08-24 16:53:24 - selenium.webdriver.remote.remote_connection - DEBUG - POST http://localhost:50665/session/c5527ac0feaa18233d0d8ab025ead360/execute/sync {'script': "return document.querySelectorAll('[data-rpa-tag-id]').length > 0", 'args': []}
2026-08-24 16:53:24 - urllib3.connectionpool - DEBUG - http://localhost:50665 "POST /session/c5527ac0feaa18233d0d8ab025ead360/execute/sync HTTP/1.1" 200 0
2026-08-24 16:53:24 - selenium.webdriver.remote.remote_connection - DEBUG - Remote response: status=200 | data={"value":false} | headers=HTTPHeaderDict({'Content-Length': '15', 'Content-Type': 'application/json; charset=utf-8', 'cache-control': 'no-cache'})
2026-08-24 16:53:24 - selenium.webdriver.remote.remote_connection - DEBUG - Finished Request
2026-08-24 16:53:25 - selenium.webdriver.remote.remote_connection - DEBUG - POST http://localhost:50665/session/c5527ac0feaa18233d0d8ab025ead360/execute/sync {'script': "return document.querySelectorAll('[data-rpa-tag-id]').length > 0", 'args': []}
2026-08-24 16:53:25 - urllib3.connectionpool - DEBUG - http://localhost:50665 "POST /session/c5527ac0feaa18233d0d8ab025ead360/execute/sync HTTP/1.1" 200 0
2026-08-24 16:53:25 - selenium.webdriver.remote.remote_connection - DEBUG - Remote response: status=200 | data={"value":false} | headers=HTTPHeaderDict({'Content-Length': '15', 'Content-Type': 'application/json; charset=utf-8', 'cache-control': 'no-cache'})
2026-08-24 16:53:25 - selenium.webdriver.remote.remote_connection - DEBUG - Finished Request
2026-08-24 16:53:25 - selenium.webdriver.remote.remote_connection - DEBUG - POST http://localhost:50665/session/c5527ac0feaa18233d0d8ab025ead360/execute/sync {'script': "return document.querySelectorAll('[data-rpa-tag-id]').length > 0", 'args': []}
2026-08-24 16:53:25 - urllib3.connectionpool - DEBUG - http://localhost:50665 "POST /session/c5527ac0feaa18233d0d8ab025ead360/execute/sync HTTP/1.1" 200 0
2026-08-24 16:53:25 - selenium.webdriver.remote.remote_connection - DEBUG - Remote response: status=200 | data={"value":false} | headers=HTTPHeaderDict({'Content-Length': '15', 'Content-Type': 'application/json; charset=utf-8', 'cache-control': 'no-cache'})
2026-08-24 16:53:25 - selenium.webdriver.remote.remote_connection - DEBUG - Finished Request
2026-08-24 16:53:26 - selenium.webdriver.remote.remote_connection - DEBUG - POST http://localhost:50665/session/c5527ac0feaa18233d0d8ab025ead360/execute/sync {'script': "return document.querySelectorAll('[data-rpa-tag-id]').length > 0", 'args': []}
2026-08-24 16:53:26 - urllib3.connectionpool - DEBUG - http://localhost:50665 "POST /session/c5527ac0feaa18233d0d8ab025ead360/execute/sync HTTP/1.1" 200 0
2026-08-24 16:53:26 - selenium.webdriver.remote.remote_connection - DEBUG - Remote response: status=200 | data={"value":false} | headers=HTTPHeaderDict({'Content-Length': '15', 'Content-Type': 'application/json; charset=utf-8', 'cache-control': 'no-cache'})
2026-08-24 16:53:26 - selenium.webdriver.remote.remote_connection - DEBUG - Finished Request
2026-08-24 16:53:26 - selenium.webdriver.remote.remote_connection - DEBUG - POST http://localhost:50665/session/c5527ac0feaa18233d0d8ab025ead360/execute/sync {'script': "return document.querySelectorAll('[data-rpa-tag-id]').length > 0", 'args': []}
2026-08-24 16:53:26 - urllib3.connectionpool - DEBUG - http://localhost:50665 "POST /session/c5527ac0feaa18233d0d8ab025ead360/execute/sync HTTP/1.1" 200 0
2026-08-24 16:53:26 - selenium.webdriver.remote.remote_connection - DEBUG - Remote response: status=200 | data={"value":false} | headers=HTTPHeaderDict({'Content-Length': '15', 'Content-Type': 'application/json; charset=utf-8', 'cache-control': 'no-cache'})
2026-08-24 16:53:26 - selenium.webdriver.remote.remote_connection - DEBUG - Finished Request
2026-08-24 16:53:27 - selenium.webdriver.remote.remote_connection - DEBUG - POST http://localhost:50665/session/c5527ac0feaa18233d0d8ab025ead360/execute/sync {'script': "return document.querySelectorAll('[data-rpa-tag-id]').length > 0", 'args': []}
2026-08-24 16:53:27 - urllib3.connectionpool - DEBUG - http://localhost:50665 "POST /session/c5527ac0feaa18233d0d8ab025ead360/execute/sync HTTP/1.1" 200 0
2026-08-24 16:53:27 - selenium.webdriver.remote.remote_connection - DEBUG - Remote response: status=200 | data={"value":false} | headers=HTTPHeaderDict({'Content-Length': '15', 'Content-Type': 'application/json; charset=utf-8', 'cache-control': 'no-cache'})
2026-08-24 16:53:27 - selenium.webdriver.remote.remote_connection - DEBUG - Finished Request
2026-08-24 16:53:27 - selenium.webdriver.remote.remote_connection - DEBUG - POST http://localhost:50665/session/c5527ac0feaa18233d0d8ab025ead360/execute/sync {'script': "return document.querySelectorAll('[data-rpa-tag-id]').length > 0", 'args': []}
2026-08-24 16:53:27 - urllib3.connectionpool - DEBUG - http://localhost:50665 "POST /session/c5527ac0feaa18233d0d8ab025ead360/execute/sync HTTP/1.1" 200 0
2026-08-24 16:53:27 - selenium.webdriver.remote.remote_connection - DEBUG - Remote response: status=200 | data={"value":false} | headers=HTTPHeaderDict({'Content-Length': '15', 'Content-Type': 'application/json; charset=utf-8', 'cache-control': 'no-cache'})
2026-08-24 16:53:27 - selenium.webdriver.remote.remote_connection - DEBUG - Finished Request
2026-08-24 16:53:28 - selenium.webdriver.remote.remote_connection - DEBUG - POST http://localhost:50665/session/c5527ac0feaa18233d0d8ab025ead360/execute/sync {'script': "return document.querySelectorAll('[data-rpa-tag-id]').length > 0", 'args': []}
2026-08-24 16:53:28 - urllib3.connectionpool - DEBUG - http://localhost:50665 "POST /session/c5527ac0feaa18233d0d8ab025ead360/execute/sync HTTP/1.1" 200 0
2026-08-24 16:53:28 - selenium.webdriver.remote.remote_connection - DEBUG - Remote response: status=200 | data={"value":false} | headers=HTTPHeaderDict({'Content-Length': '15', 'Content-Type': 'application/json; charset=utf-8', 'cache-control': 'no-cache'})
2026-08-24 16:53:28 - selenium.webdriver.remote.remote_connection - DEBUG - Finished Request
2026-08-24 16:53:28 - selenium.webdriver.remote.remote_connection - DEBUG - POST http://localhost:50665/session/c5527ac0feaa18233d0d8ab025ead360/execute/sync {'script': "return document.querySelectorAll('[data-rpa-tag-id]').length > 0", 'args': []}
2026-08-24 16:53:28 - urllib3.connectionpool - DEBUG - http://localhost:50665 "POST /session/c5527ac0feaa18233d0d8ab025ead360/execute/sync HTTP/1.1" 200 0
2026-08-24 16:53:28 - selenium.webdriver.remote.remote_connection - DEBUG - Remote response: status=200 | data={"value":false} | headers=HTTPHeaderDict({'Content-Length': '15', 'Content-Type': 'application/json; charset=utf-8', 'cache-control': 'no-cache'})
2026-08-24 16:53:28 - selenium.webdriver.remote.remote_connection - DEBUG - Finished Request
2026-08-24 16:53:29 - selenium.webdriver.remote.remote_connection - DEBUG - POST http://localhost:50665/session/c5527ac0feaa18233d0d8ab025ead360/execute/sync {'script': "return document.querySelectorAll('[data-rpa-tag-id]').length > 0", 'args': []}
2026-08-24 16:53:29 - urllib3.connectionpool - DEBUG - http://localhost:50665 "POST /session/c5527ac0feaa18233d0d8ab025ead360/execute/sync HTTP/1.1" 200 0
2026-08-24 16:53:29 - selenium.webdriver.remote.remote_connection - DEBUG - Remote response: status=200 | data={"value":false} | headers=HTTPHeaderDict({'Content-Length': '15', 'Content-Type': 'application/json; charset=utf-8', 'cache-control': 'no-cache'})
2026-08-24 16:53:29 - selenium.webdriver.remote.remote_connection - DEBUG - Finished Request
2026-08-24 16:53:29 - selenium.webdriver.remote.remote_connection - DEBUG - POST http://localhost:50665/session/c5527ac0feaa18233d0d8ab025ead360/execute/sync {'script': "return document.querySelectorAll('[data-rpa-tag-id]').length > 0", 'args': []}
2026-08-24 16:53:29 - urllib3.connectionpool - DEBUG - http://localhost:50665 "POST /session/c5527ac0feaa18233d0d8ab025ead360/execute/sync HTTP/1.1" 200 0
2026-08-24 16:53:29 - selenium.webdriver.remote.remote_connection - DEBUG - Remote response: status=200 | data={"value":false} | headers=HTTPHeaderDict({'Content-Length': '15', 'Content-Type': 'application/json; charset=utf-8', 'cache-control': 'no-cache'})
2026-08-24 16:53:29 - selenium.webdriver.remote.remote_connection - DEBUG - Finished Request
2026-08-24 16:53:29 - scraper - WARNING - Angular did not bootstrap within 30s — will refresh
2026-08-24 16:53:29 - scraper - INFO - Angular stalled — refreshing page (bundle now cached)
2026-08-24 16:53:29 - selenium.webdriver.remote.remote_connection - DEBUG - POST http://localhost:50665/session/c5527ac0feaa18233d0d8ab025ead360/refresh {}
2026-08-24 16:53:33 - urllib3.connectionpool - DEBUG - http://localhost:50665 "POST /session/c5527ac0feaa18233d0d8ab025ead360/refresh HTTP/1.1" 200 0
2026-08-24 16:53:33 - selenium.webdriver.remote.remote_connection - DEBUG - Remote response: status=200 | data={"value":null} | headers=HTTPHeaderDict({'Content-Length': '14', 'Content-Type': 'application/json; charset=utf-8', 'cache-control': 'no-cache'})
2026-08-24 16:53:33 - selenium.webdriver.remote.remote_connection - DEBUG - Finished Request
2026-08-24 16:53:33 - selenium.webdriver.remote.remote_connection - DEBUG - POST http://localhost:50665/session/c5527ac0feaa18233d0d8ab025ead360/execute/sync {'script': "\n                var candidates = [\n                    document.querySelector('#onetrust-accept-btn...", 'args': []}
2026-08-24 16:53:35 - urllib3.connectionpool - DEBUG - http://localhost:50665 "POST /session/c5527ac0feaa18233d0d8ab025ead360/execute/sync HTTP/1.1" 200 0
2026-08-24 16:53:35 - selenium.webdriver.remote.remote_connection - DEBUG - Remote response: status=200 | data={"value":null} | headers=HTTPHeaderDict({'Content-Length': '14', 'Content-Type': 'application/json; charset=utf-8', 'cache-control': 'no-cache'})
2026-08-24 16:53:35 - selenium.webdriver.remote.remote_connection - DEBUG - Finished Request
2026-08-24 16:53:35 - selenium.webdriver.remote.remote_connection - DEBUG - POST http://localhost:50665/session/c5527ac0feaa18233d0d8ab025ead360/execute/sync {'script': "return document.querySelectorAll('[data-rpa-tag-id]').length > 0", 'args': []}
2026-08-24 16:53:35 - urllib3.connectionpool - DEBUG - http://localhost:50665 "POST /session/c5527ac0feaa18233d0d8ab025ead360/execute/sync HTTP/1.1" 200 0
2026-08-24 16:53:35 - selenium.webdriver.remote.remote_connection - DEBUG - Remote response: status=200 | data={"value":false} | headers=HTTPHeaderDict({'Content-Length': '15', 'Content-Type': 'application/json; charset=utf-8', 'cache-control': 'no-cache'})
2026-08-24 16:53:35 - selenium.webdriver.remote.remote_connection - DEBUG - Finished Request
2026-08-24 16:53:36 - selenium.webdriver.remote.remote_connection - DEBUG - POST http://localhost:50665/session/c5527ac0feaa18233d0d8ab025ead360/execute/sync {'script': "return document.querySelectorAll('[data-rpa-tag-id]').length > 0", 'args': []}
2026-08-24 16:53:36 - urllib3.connectionpool - DEBUG - http://localhost:50665 "POST /session/c5527ac0feaa18233d0d8ab025ead360/execute/sync HTTP/1.1" 200 0
2026-08-24 16:53:36 - selenium.webdriver.remote.remote_connection - DEBUG - Remote response: status=200 | data={"value":false} | headers=HTTPHeaderDict({'Content-Length': '15', 'Content-Type': 'application/json; charset=utf-8', 'cache-control': 'no-cache'})
2026-08-24 16:53:36 - selenium.webdriver.remote.remote_connection - DEBUG - Finished Request
2026-08-24 16:53:36 - selenium.webdriver.remote.remote_connection - DEBUG - POST http://localhost:50665/session/c5527ac0feaa18233d0d8ab025ead360/execute/sync {'script': "return document.querySelectorAll('[data-rpa-tag-id]').length > 0", 'args': []}
2026-08-24 16:53:36 - urllib3.connectionpool - DEBUG - http://localhost:50665 "POST /session/c5527ac0feaa18233d0d8ab025ead360/execute/sync HTTP/1.1" 200 0
2026-08-24 16:53:36 - selenium.webdriver.remote.remote_connection - DEBUG - Remote response: status=200 | data={"value":false} | headers=HTTPHeaderDict({'Content-Length': '15', 'Content-Type': 'application/json; charset=utf-8', 'cache-control': 'no-cache'})
2026-08-24 16:53:36 - selenium.webdriver.remote.remote_connection - DEBUG - Finished Request
2026-08-24 16:53:37 - selenium.webdriver.remote.remote_connection - DEBUG - POST http://localhost:50665/session/c5527ac0feaa18233d0d8ab025ead360/execute/sync {'script': "return document.querySelectorAll('[data-rpa-tag-id]').length > 0", 'args': []}
2026-08-24 16:53:37 - urllib3.connectionpool - DEBUG - http://localhost:50665 "POST /session/c5527ac0feaa18233d0d8ab025ead360/execute/sync HTTP/1.1" 200 0
2026-08-24 16:53:37 - selenium.webdriver.remote.remote_connection - DEBUG - Remote response: status=200 | data={"value":false} | headers=HTTPHeaderDict({'Content-Length': '15', 'Content-Type': 'application/json; charset=utf-8', 'cache-control': 'no-cache'})
2026-08-24 16:53:37 - selenium.webdriver.remote.remote_connection - DEBUG - Finished Request
2026-08-24 16:53:37 - selenium.webdriver.remote.remote_connection - DEBUG - POST http://localhost:50665/session/c5527ac0feaa18233d0d8ab025ead360/execute/sync {'script': "return document.querySelectorAll('[data-rpa-tag-id]').length > 0", 'args': []}
2026-08-24 16:53:37 - urllib3.connectionpool - DEBUG - http://localhost:50665 "POST /session/c5527ac0feaa18233d0d8ab025ead360/execute/sync HTTP/1.1" 200 0
2026-08-24 16:53:37 - selenium.webdriver.remote.remote_connection - DEBUG - Remote response: status=200 | data={"value":false} | headers=HTTPHeaderDict({'Content-Length': '15', 'Content-Type': 'application/json; charset=utf-8', 'cache-control': 'no-cache'})
2026-08-24 16:53:37 - selenium.webdriver.remote.remote_connection - DEBUG - Finished Request
2026-08-24 16:53:38 - selenium.webdriver.remote.remote_connection - DEBUG - POST http://localhost:50665/session/c5527ac0feaa18233d0d8ab025ead360/execute/sync {'script': "return document.querySelectorAll('[data-rpa-tag-id]').length > 0", 'args': []}
2026-08-24 16:53:38 - urllib3.connectionpool - DEBUG - http://localhost:50665 "POST /session/c5527ac0feaa18233d0d8ab025ead360/execute/sync HTTP/1.1" 200 0
2026-08-24 16:53:38 - selenium.webdriver.remote.remote_connection - DEBUG - Remote response: status=200 | data={"value":false} | headers=HTTPHeaderDict({'Content-Length': '15', 'Content-Type': 'application/json; charset=utf-8', 'cache-control': 'no-cache'})
2026-08-24 16:53:38 - selenium.webdriver.remote.remote_connection - DEBUG - Finished Request
2026-08-24 16:53:38 - selenium.webdriver.remote.remote_connection - DEBUG - POST http://localhost:50665/session/c5527ac0feaa18233d0d8ab025ead360/execute/sync {'script': "return document.querySelectorAll('[data-rpa-tag-id]').length > 0", 'args': []}
2026-08-24 16:53:38 - urllib3.connectionpool - DEBUG - http://localhost:50665 "POST /session/c5527ac0feaa18233d0d8ab025ead360/execute/sync HTTP/1.1" 200 0
2026-08-24 16:53:38 - selenium.webdriver.remote.remote_connection - DEBUG - Remote response: status=200 | data={"value":false} | headers=HTTPHeaderDict({'Content-Length': '15', 'Content-Type': 'application/json; charset=utf-8', 'cache-control': 'no-cache'})
2026-08-24 16:53:38 - selenium.webdriver.remote.remote_connection - DEBUG - Finished Request
2026-08-24 16:53:39 - selenium.webdriver.remote.remote_connection - DEBUG - POST http://localhost:50665/session/c5527ac0feaa18233d0d8ab025ead360/execute/sync {'script': "return document.querySelectorAll('[data-rpa-tag-id]').length > 0", 'args': []}
2026-08-24 16:53:39 - urllib3.connectionpool - DEBUG - http://localhost:50665 "POST /session/c5527ac0feaa18233d0d8ab025ead360/execute/sync HTTP/1.1" 200 0
2026-08-24 16:53:39 - selenium.webdriver.remote.remote_connection - DEBUG - Remote response: status=200 | data={"value":false} | headers=HTTPHeaderDict({'Content-Length': '15', 'Content-Type': 'application/json; charset=utf-8', 'cache-control': 'no-cache'})
2026-08-24 16:53:39 - selenium.webdriver.remote.remote_connection - DEBUG - Finished Request
2026-08-24 16:53:39 - selenium.webdriver.remote.remote_connection - DEBUG - POST http://localhost:50665/session/c5527ac0feaa18233d0d8ab025ead360/execute/sync {'script': "return document.querySelectorAll('[data-rpa-tag-id]').length > 0", 'args': []}
2026-08-24 16:53:39 - urllib3.connectionpool - DEBUG - http://localhost:50665 "POST /session/c5527ac0feaa18233d0d8ab025ead360/execute/sync HTTP/1.1" 200 0
2026-08-24 16:53:39 - selenium.webdriver.remote.remote_connection - DEBUG - Remote response: status=200 | data={"value":false} | headers=HTTPHeaderDict({'Content-Length': '15', 'Content-Type': 'application/json; charset=utf-8', 'cache-control': 'no-cache'})
2026-08-24 16:53:39 - selenium.webdriver.remote.remote_connection - DEBUG - Finished Request
2026-08-24 16:53:40 - selenium.webdriver.remote.remote_connection - DEBUG - POST http://localhost:50665/session/c5527ac0feaa18233d0d8ab025ead360/execute/sync {'script': "return document.querySelectorAll('[data-rpa-tag-id]').length > 0", 'args': []}
2026-08-24 16:53:40 - urllib3.connectionpool - DEBUG - http://localhost:50665 "POST /session/c5527ac0feaa18233d0d8ab025ead360/execute/sync HTTP/1.1" 200 0
2026-08-24 16:53:40 - selenium.webdriver.remote.remote_connection - DEBUG - Remote response: status=200 | data={"value":false} | headers=HTTPHeaderDict({'Content-Length': '15', 'Content-Type': 'application/json; charset=utf-8', 'cache-control': 'no-cache'})
2026-08-24 16:53:40 - selenium.webdriver.remote.remote_connection - DEBUG - Finished Request
2026-08-24 16:53:40 - selenium.webdriver.remote.remote_connection - DEBUG - POST http://localhost:50665/session/c5527ac0feaa18233d0d8ab025ead360/execute/sync {'script': "return document.querySelectorAll('[data-rpa-tag-id]').length > 0", 'args': []}
2026-08-24 16:53:40 - urllib3.connectionpool - DEBUG - http://localhost:50665 "POST /session/c5527ac0feaa18233d0d8ab025ead360/execute/sync HTTP/1.1" 200 0
2026-08-24 16:53:40 - selenium.webdriver.remote.remote_connection - DEBUG - Remote response: status=200 | data={"value":false} | headers=HTTPHeaderDict({'Content-Length': '15', 'Content-Type': 'application/json; charset=utf-8', 'cache-control': 'no-cache'})
2026-08-24 16:53:40 - selenium.webdriver.remote.remote_connection - DEBUG - Finished Request
2026-08-24 16:53:41 - selenium.webdriver.remote.remote_connection - DEBUG - POST http://localhost:50665/session/c5527ac0feaa18233d0d8ab025ead360/execute/sync {'script': "return document.querySelectorAll('[data-rpa-tag-id]').length > 0", 'args': []}
2026-08-24 16:53:41 - urllib3.connectionpool - DEBUG - http://localhost:50665 "POST /session/c5527ac0feaa18233d0d8ab025ead360/execute/sync HTTP/1.1" 200 0
2026-08-24 16:53:41 - selenium.webdriver.remote.remote_connection - DEBUG - Remote response: status=200 | data={"value":false} | headers=HTTPHeaderDict({'Content-Length': '15', 'Content-Type': 'application/json; charset=utf-8', 'cache-control': 'no-cache'})
2026-08-24 16:53:41 - selenium.webdriver.remote.remote_connection - DEBUG - Finished Request
2026-08-24 16:53:41 - selenium.webdriver.remote.remote_connection - DEBUG - POST http://localhost:50665/session/c5527ac0feaa18233d0d8ab025ead360/execute/sync {'script': "return document.querySelectorAll('[data-rpa-tag-id]').length > 0", 'args': []}
2026-08-24 16:53:41 - urllib3.connectionpool - DEBUG - http://localhost:50665 "POST /session/c5527ac0feaa18233d0d8ab025ead360/execute/sync HTTP/1.1" 200 0
2026-08-24 16:53:41 - selenium.webdriver.remote.remote_connection - DEBUG - Remote response: status=200 | data={"value":false} | headers=HTTPHeaderDict({'Content-Length': '15', 'Content-Type': 'application/json; charset=utf-8', 'cache-control': 'no-cache'})
2026-08-24 16:53:42 - selenium.webdriver.remote.remote_connection - DEBUG - Finished Request
2026-08-24 16:53:42 - selenium.webdriver.remote.remote_connection - DEBUG - POST http://localhost:50665/session/c5527ac0feaa18233d0d8ab025ead360/execute/sync {'script': "return document.querySelectorAll('[data-rpa-tag-id]').length > 0", 'args': []}
2026-08-24 16:53:42 - urllib3.connectionpool - DEBUG - http://localhost:50665 "POST /session/c5527ac0feaa18233d0d8ab025ead360/execute/sync HTTP/1.1" 200 0
2026-08-24 16:53:42 - selenium.webdriver.remote.remote_connection - DEBUG - Remote response: status=200 | data={"value":false} | headers=HTTPHeaderDict({'Content-Length': '15', 'Content-Type': 'application/json; charset=utf-8', 'cache-control': 'no-cache'})
2026-08-24 16:53:42 - selenium.webdriver.remote.remote_connection - DEBUG - Finished Request
2026-08-24 16:53:43 - selenium.webdriver.remote.remote_connection - DEBUG - POST http://localhost:50665/session/c5527ac0feaa18233d0d8ab025ead360/execute/sync {'script': "return document.querySelectorAll('[data-rpa-tag-id]').length > 0", 'args': []}
2026-08-24 16:53:43 - urllib3.connectionpool - DEBUG - http://localhost:50665 "POST /session/c5527ac0feaa18233d0d8ab025ead360/execute/sync HTTP/1.1" 200 0
2026-08-24 16:53:43 - selenium.webdriver.remote.remote_connection - DEBUG - Remote response: status=200 | data={"value":false} | headers=HTTPHeaderDict({'Content-Length': '15', 'Content-Type': 'application/json; charset=utf-8', 'cache-control': 'no-cache'})
2026-08-24 16:53:43 - selenium.webdriver.remote.remote_connection - DEBUG - Finished Request
2026-08-24 16:53:43 - selenium.webdriver.remote.remote_connection - DEBUG - POST http://localhost:50665/session/c5527ac0feaa18233d0d8ab025ead360/execute/sync {'script': "return document.querySelectorAll('[data-rpa-tag-id]').length > 0", 'args': []}
2026-08-24 16:53:43 - urllib3.connectionpool - DEBUG - http://localhost:50665 "POST /session/c5527ac0feaa18233d0d8ab025ead360/execute/sync HTTP/1.1" 200 0
2026-08-24 16:53:43 - selenium.webdriver.remote.remote_connection - DEBUG - Remote response: status=200 | data={"value":false} | headers=HTTPHeaderDict({'Content-Length': '15', 'Content-Type': 'application/json; charset=utf-8', 'cache-control': 'no-cache'})
2026-08-24 16:53:43 - selenium.webdriver.remote.remote_connection - DEBUG - Finished Request
2026-08-24 16:53:44 - selenium.webdriver.remote.remote_connection - DEBUG - POST http://localhost:50665/session/c5527ac0feaa18233d0d8ab025ead360/execute/sync {'script': "return document.querySelectorAll('[data-rpa-tag-id]').length > 0", 'args': []}
2026-08-24 16:53:44 - urllib3.connectionpool - DEBUG - http://localhost:50665 "POST /session/c5527ac0feaa18233d0d8ab025ead360/execute/sync HTTP/1.1" 200 0
2026-08-24 16:53:44 - selenium.webdriver.remote.remote_connection - DEBUG - Remote response: status=200 | data={"value":false} | headers=HTTPHeaderDict({'Content-Length': '15', 'Content-Type': 'application/json; charset=utf-8', 'cache-control': 'no-cache'})
2026-08-24 16:53:44 - selenium.webdriver.remote.remote_connection - DEBUG - Finished Request
2026-08-24 16:53:44 - selenium.webdriver.remote.remote_connection - DEBUG - POST http://localhost:50665/session/c5527ac0feaa18233d0d8ab025ead360/execute/sync {'script': "return document.querySelectorAll('[data-rpa-tag-id]').length > 0", 'args': []}
2026-08-24 16:53:44 - urllib3.connectionpool - DEBUG - http://localhost:50665 "POST /session/c5527ac0feaa18233d0d8ab025ead360/execute/sync HTTP/1.1" 200 0
2026-08-24 16:53:44 - selenium.webdriver.remote.remote_connection - DEBUG - Remote response: status=200 | data={"value":false} | headers=HTTPHeaderDict({'Content-Length': '15', 'Content-Type': 'application/json; charset=utf-8', 'cache-control': 'no-cache'})
2026-08-24 16:53:44 - selenium.webdriver.remote.remote_connection - DEBUG - Finished Request
2026-08-24 16:53:45 - selenium.webdriver.remote.remote_connection - DEBUG - POST http://localhost:50665/session/c5527ac0feaa18233d0d8ab025ead360/execute/sync {'script': "return document.querySelectorAll('[data-rpa-tag-id]').length > 0", 'args': []}
2026-08-24 16:53:45 - urllib3.connectionpool - DEBUG - http://localhost:50665 "POST /session/c5527ac0feaa18233d0d8ab025ead360/execute/sync HTTP/1.1" 200 0
2026-08-24 16:53:45 - selenium.webdriver.remote.remote_connection - DEBUG - Remote response: status=200 | data={"value":false} | headers=HTTPHeaderDict({'Content-Length': '15', 'Content-Type': 'application/json; charset=utf-8', 'cache-control': 'no-cache'})
2026-08-24 16:53:45 - selenium.webdriver.remote.remote_connection - DEBUG - Finished Request
2026-08-24 16:53:45 - selenium.webdriver.remote.remote_connection - DEBUG - POST http://localhost:50665/session/c5527ac0feaa18233d0d8ab025ead360/execute/sync {'script': "return document.querySelectorAll('[data-rpa-tag-id]').length > 0", 'args': []}
2026-08-24 16:53:45 - urllib3.connectionpool - DEBUG - http://localhost:50665 "POST /session/c5527ac0feaa18233d0d8ab025ead360/execute/sync HTTP/1.1" 200 0
2026-08-24 16:53:45 - selenium.webdriver.remote.remote_connection - DEBUG - Remote response: status=200 | data={"value":false} | headers=HTTPHeaderDict({'Content-Length': '15', 'Content-Type': 'application/json; charset=utf-8', 'cache-control': 'no-cache'})
2026-08-24 16:53:45 - selenium.webdriver.remote.remote_connection - DEBUG - Finished Request
2026-08-24 16:53:46 - selenium.webdriver.remote.remote_connection - DEBUG - POST http://localhost:50665/session/c5527ac0feaa18233d0d8ab025ead360/execute/sync {'script': "return document.querySelectorAll('[data-rpa-tag-id]').length > 0", 'args': []}
2026-08-24 16:53:46 - urllib3.connectionpool - DEBUG - http://localhost:50665 "POST /session/c5527ac0feaa18233d0d8ab025ead360/execute/sync HTTP/1.1" 200 0
2026-08-24 16:53:46 - selenium.webdriver.remote.remote_connection - DEBUG - Remote response: status=200 | data={"value":false} | headers=HTTPHeaderDict({'Content-Length': '15', 'Content-Type': 'application/json; charset=utf-8', 'cache-control': 'no-cache'})
2026-08-24 16:53:46 - selenium.webdriver.remote.remote_connection - DEBUG - Finished Request
2026-08-24 16:53:46 - selenium.webdriver.remote.remote_connection - DEBUG - POST http://localhost:50665/session/c5527ac0feaa18233d0d8ab025ead360/execute/sync {'script': "return document.querySelectorAll('[data-rpa-tag-id]').length > 0", 'args': []}
2026-08-24 16:53:46 - urllib3.connectionpool - DEBUG - http://localhost:50665 "POST /session/c5527ac0feaa18233d0d8ab025ead360/execute/sync HTTP/1.1" 200 0
2026-08-24 16:53:46 - selenium.webdriver.remote.remote_connection - DEBUG - Remote response: status=200 | data={"value":false} | headers=HTTPHeaderDict({'Content-Length': '15', 'Content-Type': 'application/json; charset=utf-8', 'cache-control': 'no-cache'})
2026-08-24 16:53:46 - selenium.webdriver.remote.remote_connection - DEBUG - Finished Request
2026-08-24 16:53:47 - selenium.webdriver.remote.remote_connection - DEBUG - POST http://localhost:50665/session/c5527ac0feaa18233d0d8ab025ead360/execute/sync {'script': "return document.querySelectorAll('[data-rpa-tag-id]').length > 0", 'args': []}
2026-08-24 16:53:47 - urllib3.connectionpool - DEBUG - http://localhost:50665 "POST /session/c5527ac0feaa18233d0d8ab025ead360/execute/sync HTTP/1.1" 200 0
2026-08-24 16:53:47 - selenium.webdriver.remote.remote_connection - DEBUG - Remote response: status=200 | data={"value":false} | headers=HTTPHeaderDict({'Content-Length': '15', 'Content-Type': 'application/json; charset=utf-8', 'cache-control': 'no-cache'})
2026-08-24 16:53:47 - selenium.webdriver.remote.remote_connection - DEBUG - Finished Request
2026-08-24 16:53:47 - selenium.webdriver.remote.remote_connection - DEBUG - POST http://localhost:50665/session/c5527ac0feaa18233d0d8ab025ead360/execute/sync {'script': "return document.querySelectorAll('[data-rpa-tag-id]').length > 0", 'args': []}
2026-08-24 16:53:47 - urllib3.connectionpool - DEBUG - http://localhost:50665 "POST /session/c5527ac0feaa18233d0d8ab025ead360/execute/sync HTTP/1.1" 200 0
2026-08-24 16:53:47 - selenium.webdriver.remote.remote_connection - DEBUG - Remote response: status=200 | data={"value":false} | headers=HTTPHeaderDict({'Content-Length': '15', 'Content-Type': 'application/json; charset=utf-8', 'cache-control': 'no-cache'})
2026-08-24 16:53:47 - selenium.webdriver.remote.remote_connection - DEBUG - Finished Request
2026-08-24 16:53:48 - selenium.webdriver.remote.remote_connection - DEBUG - POST http://localhost:50665/session/c5527ac0feaa18233d0d8ab025ead360/execute/sync {'script': "return document.querySelectorAll('[data-rpa-tag-id]').length > 0", 'args': []}
2026-08-24 16:53:48 - urllib3.connectionpool - DEBUG - http://localhost:50665 "POST /session/c5527ac0feaa18233d0d8ab025ead360/execute/sync HTTP/1.1" 200 0
2026-08-24 16:53:48 - selenium.webdriver.remote.remote_connection - DEBUG - Remote response: status=200 | data={"value":false} | headers=HTTPHeaderDict({'Content-Length': '15', 'Content-Type': 'application/json; charset=utf-8', 'cache-control': 'no-cache'})
2026-08-24 16:53:48 - selenium.webdriver.remote.remote_connection - DEBUG - Finished Request
2026-08-24 16:53:48 - selenium.webdriver.remote.remote_connection - DEBUG - POST http://localhost:50665/session/c5527ac0feaa18233d0d8ab025ead360/execute/sync {'script': "return document.querySelectorAll('[data-rpa-tag-id]').length > 0", 'args': []}
2026-08-24 16:53:48 - urllib3.connectionpool - DEBUG - http://localhost:50665 "POST /session/c5527ac0feaa18233d0d8ab025ead360/execute/sync HTTP/1.1" 200 0
2026-08-24 16:53:48 - selenium.webdriver.remote.remote_connection - DEBUG - Remote response: status=200 | data={"value":false} | headers=HTTPHeaderDict({'Content-Length': '15', 'Content-Type': 'application/json; charset=utf-8', 'cache-control': 'no-cache'})
2026-08-24 16:53:48 - selenium.webdriver.remote.remote_connection - DEBUG - Finished Request
2026-08-24 16:53:49 - selenium.webdriver.remote.remote_connection - DEBUG - POST http://localhost:50665/session/c5527ac0feaa18233d0d8ab025ead360/execute/sync {'script': "return document.querySelectorAll('[data-rpa-tag-id]').length > 0", 'args': []}
2026-08-24 16:53:49 - urllib3.connectionpool - DEBUG - http://localhost:50665 "POST /session/c5527ac0feaa18233d0d8ab025ead360/execute/sync HTTP/1.1" 200 0
2026-08-24 16:53:49 - selenium.webdriver.remote.remote_connection - DEBUG - Remote response: status=200 | data={"value":false} | headers=HTTPHeaderDict({'Content-Length': '15', 'Content-Type': 'application/json; charset=utf-8', 'cache-control': 'no-cache'})
2026-08-24 16:53:49 - selenium.webdriver.remote.remote_connection - DEBUG - Finished Request
2026-08-24 16:53:49 - selenium.webdriver.remote.remote_connection - DEBUG - POST http://localhost:50665/session/c5527ac0feaa18233d0d8ab025ead360/execute/sync {'script': "return document.querySelectorAll('[data-rpa-tag-id]').length > 0", 'args': []}
2026-08-24 16:53:49 - urllib3.connectionpool - DEBUG - http://localhost:50665 "POST /session/c5527ac0feaa18233d0d8ab025ead360/execute/sync HTTP/1.1" 200 0
2026-08-24 16:53:49 - selenium.webdriver.remote.remote_connection - DEBUG - Remote response: status=200 | data={"value":false} | headers=HTTPHeaderDict({'Content-Length': '15', 'Content-Type': 'application/json; charset=utf-8', 'cache-control': 'no-cache'})
2026-08-24 16:53:49 - selenium.webdriver.remote.remote_connection - DEBUG - Finished Request
2026-08-24 16:53:50 - selenium.webdriver.remote.remote_connection - DEBUG - POST http://localhost:50665/session/c5527ac0feaa18233d0d8ab025ead360/execute/sync {'script': "return document.querySelectorAll('[data-rpa-tag-id]').length > 0", 'args': []}
2026-08-24 16:53:50 - urllib3.connectionpool - DEBUG - http://localhost:50665 "POST /session/c5527ac0feaa18233d0d8ab025ead360/execute/sync HTTP/1.1" 200 0
2026-08-24 16:53:50 - selenium.webdriver.remote.remote_connection - DEBUG - Remote response: status=200 | data={"value":false} | headers=HTTPHeaderDict({'Content-Length': '15', 'Content-Type': 'application/json; charset=utf-8', 'cache-control': 'no-cache'})
2026-08-24 16:53:50 - selenium.webdriver.remote.remote_connection - DEBUG - Finished Request
2026-08-24 16:53:51 - selenium.webdriver.remote.remote_connection - DEBUG - POST http://localhost:50665/session/c5527ac0feaa18233d0d8ab025ead360/execute/sync {'script': "return document.querySelectorAll('[data-rpa-tag-id]').length > 0", 'args': []}
2026-08-24 16:53:51 - urllib3.connectionpool - DEBUG - http://localhost:50665 "POST /session/c5527ac0feaa18233d0d8ab025ead360/execute/sync HTTP/1.1" 200 0
2026-08-24 16:53:51 - selenium.webdriver.remote.remote_connection - DEBUG - Remote response: status=200 | data={"value":false} | headers=HTTPHeaderDict({'Content-Length': '15', 'Content-Type': 'application/json; charset=utf-8', 'cache-control': 'no-cache'})
2026-08-24 16:53:51 - selenium.webdriver.remote.remote_connection - DEBUG - Finished Request
2026-08-24 16:53:51 - selenium.webdriver.remote.remote_connection - DEBUG - POST http://localhost:50665/session/c5527ac0feaa18233d0d8ab025ead360/execute/sync {'script': "return document.querySelectorAll('[data-rpa-tag-id]').length > 0", 'args': []}
2026-08-24 16:53:51 - urllib3.connectionpool - DEBUG - http://localhost:50665 "POST /session/c5527ac0feaa18233d0d8ab025ead360/execute/sync HTTP/1.1" 200 0
2026-08-24 16:53:51 - selenium.webdriver.remote.remote_connection - DEBUG - Remote response: status=200 | data={"value":false} | headers=HTTPHeaderDict({'Content-Length': '15', 'Content-Type': 'application/json; charset=utf-8', 'cache-control': 'no-cache'})
2026-08-24 16:53:51 - selenium.webdriver.remote.remote_connection - DEBUG - Finished Request
2026-08-24 16:53:52 - selenium.webdriver.remote.remote_connection - DEBUG - POST http://localhost:50665/session/c5527ac0feaa18233d0d8ab025ead360/execute/sync {'script': "return document.querySelectorAll('[data-rpa-tag-id]').length > 0", 'args': []}
2026-08-24 16:53:52 - urllib3.connectionpool - DEBUG - http://localhost:50665 "POST /session/c5527ac0feaa18233d0d8ab025ead360/execute/sync HTTP/1.1" 200 0
2026-08-24 16:53:52 - selenium.webdriver.remote.remote_connection - DEBUG - Remote response: status=200 | data={"value":false} | headers=HTTPHeaderDict({'Content-Length': '15', 'Content-Type': 'application/json; charset=utf-8', 'cache-control': 'no-cache'})
2026-08-24 16:53:52 - selenium.webdriver.remote.remote_connection - DEBUG - Finished Request
2026-08-24 16:53:52 - selenium.webdriver.remote.remote_connection - DEBUG - POST http://localhost:50665/session/c5527ac0feaa18233d0d8ab025ead360/execute/sync {'script': "return document.querySelectorAll('[data-rpa-tag-id]').length > 0", 'args': []}
2026-08-24 16:53:52 - urllib3.connectionpool - DEBUG - http://localhost:50665 "POST /session/c5527ac0feaa18233d0d8ab025ead360/execute/sync HTTP/1.1" 200 0
2026-08-24 16:53:52 - selenium.webdriver.remote.remote_connection - DEBUG - Remote response: status=200 | data={"value":false} | headers=HTTPHeaderDict({'Content-Length': '15', 'Content-Type': 'application/json; charset=utf-8', 'cache-control': 'no-cache'})
2026-08-24 16:53:52 - selenium.webdriver.remote.remote_connection - DEBUG - Finished Request
2026-08-24 16:53:53 - selenium.webdriver.remote.remote_connection - DEBUG - POST http://localhost:50665/session/c5527ac0feaa18233d0d8ab025ead360/execute/sync {'script': "return document.querySelectorAll('[data-rpa-tag-id]').length > 0", 'args': []}
2026-08-24 16:53:53 - urllib3.connectionpool - DEBUG - http://localhost:50665 "POST /session/c5527ac0feaa18233d0d8ab025ead360/execute/sync HTTP/1.1" 200 0
2026-08-24 16:53:53 - selenium.webdriver.remote.remote_connection - DEBUG - Remote response: status=200 | data={"value":false} | headers=HTTPHeaderDict({'Content-Length': '15', 'Content-Type': 'application/json; charset=utf-8', 'cache-control': 'no-cache'})
2026-08-24 16:53:53 - selenium.webdriver.remote.remote_connection - DEBUG - Finished Request
2026-08-24 16:53:53 - selenium.webdriver.remote.remote_connection - DEBUG - POST http://localhost:50665/session/c5527ac0feaa18233d0d8ab025ead360/execute/sync {'script': "return document.querySelectorAll('[data-rpa-tag-id]').length > 0", 'args': []}
2026-08-24 16:53:53 - urllib3.connectionpool - DEBUG - http://localhost:50665 "POST /session/c5527ac0feaa18233d0d8ab025ead360/execute/sync HTTP/1.1" 200 0
2026-08-24 16:53:53 - selenium.webdriver.remote.remote_connection - DEBUG - Remote response: status=200 | data={"value":false} | headers=HTTPHeaderDict({'Content-Length': '15', 'Content-Type': 'application/json; charset=utf-8', 'cache-control': 'no-cache'})
2026-08-24 16:53:53 - selenium.webdriver.remote.remote_connection - DEBUG - Finished Request
2026-08-24 16:53:54 - selenium.webdriver.remote.remote_connection - DEBUG - POST http://localhost:50665/session/c5527ac0feaa18233d0d8ab025ead360/execute/sync {'script': "return document.querySelectorAll('[data-rpa-tag-id]').length > 0", 'args': []}
2026-08-24 16:53:54 - urllib3.connectionpool - DEBUG - http://localhost:50665 "POST /session/c5527ac0feaa18233d0d8ab025ead360/execute/sync HTTP/1.1" 200 0
2026-08-24 16:53:54 - selenium.webdriver.remote.remote_connection - DEBUG - Remote response: status=200 | data={"value":false} | headers=HTTPHeaderDict({'Content-Length': '15', 'Content-Type': 'application/json; charset=utf-8', 'cache-control': 'no-cache'})
2026-08-24 16:53:54 - selenium.webdriver.remote.remote_connection - DEBUG - Finished Request
2026-08-24 16:53:54 - selenium.webdriver.remote.remote_connection - DEBUG - POST http://localhost:50665/session/c5527ac0feaa18233d0d8ab025ead360/execute/sync {'script': "return document.querySelectorAll('[data-rpa-tag-id]').length > 0", 'args': []}
2026-08-24 16:53:54 - urllib3.connectionpool - DEBUG - http://localhost:50665 "POST /session/c5527ac0feaa18233d0d8ab025ead360/execute/sync HTTP/1.1" 200 0
2026-08-24 16:53:54 - selenium.webdriver.remote.remote_connection - DEBUG - Remote response: status=200 | data={"value":false} | headers=HTTPHeaderDict({'Content-Length': '15', 'Content-Type': 'application/json; charset=utf-8', 'cache-control': 'no-cache'})
2026-08-24 16:53:54 - selenium.webdriver.remote.remote_connection - DEBUG - Finished Request
2026-08-24 16:53:55 - selenium.webdriver.remote.remote_connection - DEBUG - POST http://localhost:50665/session/c5527ac0feaa18233d0d8ab025ead360/execute/sync {'script': "return document.querySelectorAll('[data-rpa-tag-id]').length > 0", 'args': []}
2026-08-24 16:53:55 - urllib3.connectionpool - DEBUG - http://localhost:50665 "POST /session/c5527ac0feaa18233d0d8ab025ead360/execute/sync HTTP/1.1" 200 0
2026-08-24 16:53:55 - selenium.webdriver.remote.remote_connection - DEBUG - Remote response: status=200 | data={"value":false} | headers=HTTPHeaderDict({'Content-Length': '15', 'Content-Type': 'application/json; charset=utf-8', 'cache-control': 'no-cache'})
2026-08-24 16:53:55 - selenium.webdriver.remote.remote_connection - DEBUG - Finished Request
2026-08-24 16:53:55 - selenium.webdriver.remote.remote_connection - DEBUG - POST http://localhost:50665/session/c5527ac0feaa18233d0d8ab025ead360/execute/sync {'script': "return document.querySelectorAll('[data-rpa-tag-id]').length > 0", 'args': []}
2026-08-24 16:53:55 - urllib3.connectionpool - DEBUG - http://localhost:50665 "POST /session/c5527ac0feaa18233d0d8ab025ead360/execute/sync HTTP/1.1" 200 0
2026-08-24 16:53:55 - selenium.webdriver.remote.remote_connection - DEBUG - Remote response: status=200 | data={"value":false} | headers=HTTPHeaderDict({'Content-Length': '15', 'Content-Type': 'application/json; charset=utf-8', 'cache-control': 'no-cache'})
2026-08-24 16:53:55 - selenium.webdriver.remote.remote_connection - DEBUG - Finished Request
2026-08-24 16:53:56 - selenium.webdriver.remote.remote_connection - DEBUG - POST http://localhost:50665/session/c5527ac0feaa18233d0d8ab025ead360/execute/sync {'script': "return document.querySelectorAll('[data-rpa-tag-id]').length > 0", 'args': []}
2026-08-24 16:53:56 - urllib3.connectionpool - DEBUG - http://localhost:50665 "POST /session/c5527ac0feaa18233d0d8ab025ead360/execute/sync HTTP/1.1" 200 0
2026-08-24 16:53:56 - selenium.webdriver.remote.remote_connection - DEBUG - Remote response: status=200 | data={"value":false} | headers=HTTPHeaderDict({'Content-Length': '15', 'Content-Type': 'application/json; charset=utf-8', 'cache-control': 'no-cache'})
2026-08-24 16:53:56 - selenium.webdriver.remote.remote_connection - DEBUG - Finished Request
2026-08-24 16:53:56 - selenium.webdriver.remote.remote_connection - DEBUG - POST http://localhost:50665/session/c5527ac0feaa18233d0d8ab025ead360/execute/sync {'script': "return document.querySelectorAll('[data-rpa-tag-id]').length > 0", 'args': []}
2026-08-24 16:53:56 - urllib3.connectionpool - DEBUG - http://localhost:50665 "POST /session/c5527ac0feaa18233d0d8ab025ead360/execute/sync HTTP/1.1" 200 0
2026-08-24 16:53:56 - selenium.webdriver.remote.remote_connection - DEBUG - Remote response: status=200 | data={"value":false} | headers=HTTPHeaderDict({'Content-Length': '15', 'Content-Type': 'application/json; charset=utf-8', 'cache-control': 'no-cache'})
2026-08-24 16:53:56 - selenium.webdriver.remote.remote_connection - DEBUG - Finished Request
2026-08-24 16:53:57 - selenium.webdriver.remote.remote_connection - DEBUG - POST http://localhost:50665/session/c5527ac0feaa18233d0d8ab025ead360/execute/sync {'script': "return document.querySelectorAll('[data-rpa-tag-id]').length > 0", 'args': []}
2026-08-24 16:53:57 - urllib3.connectionpool - DEBUG - http://localhost:50665 "POST /session/c5527ac0feaa18233d0d8ab025ead360/execute/sync HTTP/1.1" 200 0
2026-08-24 16:53:57 - selenium.webdriver.remote.remote_connection - DEBUG - Remote response: status=200 | data={"value":false} | headers=HTTPHeaderDict({'Content-Length': '15', 'Content-Type': 'application/json; charset=utf-8', 'cache-control': 'no-cache'})
2026-08-24 16:53:57 - selenium.webdriver.remote.remote_connection - DEBUG - Finished Request
2026-08-24 16:53:57 - selenium.webdriver.remote.remote_connection - DEBUG - POST http://localhost:50665/session/c5527ac0feaa18233d0d8ab025ead360/execute/sync {'script': "return document.querySelectorAll('[data-rpa-tag-id]').length > 0", 'args': []}
2026-08-24 16:53:57 - urllib3.connectionpool - DEBUG - http://localhost:50665 "POST /session/c5527ac0feaa18233d0d8ab025ead360/execute/sync HTTP/1.1" 200 0
2026-08-24 16:53:57 - selenium.webdriver.remote.remote_connection - DEBUG - Remote response: status=200 | data={"value":false} | headers=HTTPHeaderDict({'Content-Length': '15', 'Content-Type': 'application/json; charset=utf-8', 'cache-control': 'no-cache'})
2026-08-24 16:53:57 - selenium.webdriver.remote.remote_connection - DEBUG - Finished Request
2026-08-24 16:53:58 - selenium.webdriver.remote.remote_connection - DEBUG - POST http://localhost:50665/session/c5527ac0feaa18233d0d8ab025ead360/execute/sync {'script': "return document.querySelectorAll('[data-rpa-tag-id]').length > 0", 'args': []}
2026-08-24 16:53:58 - urllib3.connectionpool - DEBUG - http://localhost:50665 "POST /session/c5527ac0feaa18233d0d8ab025ead360/execute/sync HTTP/1.1" 200 0
2026-08-24 16:53:58 - selenium.webdriver.remote.remote_connection - DEBUG - Remote response: status=200 | data={"value":false} | headers=HTTPHeaderDict({'Content-Length': '15', 'Content-Type': 'application/json; charset=utf-8', 'cache-control': 'no-cache'})
2026-08-24 16:53:58 - selenium.webdriver.remote.remote_connection - DEBUG - Finished Request
2026-08-24 16:53:58 - selenium.webdriver.remote.remote_connection - DEBUG - POST http://localhost:50665/session/c5527ac0feaa18233d0d8ab025ead360/execute/sync {'script': "return document.querySelectorAll('[data-rpa-tag-id]').length > 0", 'args': []}
2026-08-24 16:53:58 - urllib3.connectionpool - DEBUG - http://localhost:50665 "POST /session/c5527ac0feaa18233d0d8ab025ead360/execute/sync HTTP/1.1" 200 0
2026-08-24 16:53:58 - selenium.webdriver.remote.remote_connection - DEBUG - Remote response: status=200 | data={"value":false} | headers=HTTPHeaderDict({'Content-Length': '15', 'Content-Type': 'application/json; charset=utf-8', 'cache-control': 'no-cache'})
2026-08-24 16:53:58 - selenium.webdriver.remote.remote_connection - DEBUG - Finished Request
2026-08-24 16:53:59 - selenium.webdriver.remote.remote_connection - DEBUG - POST http://localhost:50665/session/c5527ac0feaa18233d0d8ab025ead360/execute/sync {'script': "return document.querySelectorAll('[data-rpa-tag-id]').length > 0", 'args': []}
2026-08-24 16:53:59 - urllib3.connectionpool - DEBUG - http://localhost:50665 "POST /session/c5527ac0feaa18233d0d8ab025ead360/execute/sync HTTP/1.1" 200 0
2026-08-24 16:53:59 - selenium.webdriver.remote.remote_connection - DEBUG - Remote response: status=200 | data={"value":false} | headers=HTTPHeaderDict({'Content-Length': '15', 'Content-Type': 'application/json; charset=utf-8', 'cache-control': 'no-cache'})
2026-08-24 16:53:59 - selenium.webdriver.remote.remote_connection - DEBUG - Finished Request
2026-08-24 16:53:59 - selenium.webdriver.remote.remote_connection - DEBUG - POST http://localhost:50665/session/c5527ac0feaa18233d0d8ab025ead360/execute/sync {'script': "return document.querySelectorAll('[data-rpa-tag-id]').length > 0", 'args': []}
2026-08-24 16:53:59 - urllib3.connectionpool - DEBUG - http://localhost:50665 "POST /session/c5527ac0feaa18233d0d8ab025ead360/execute/sync HTTP/1.1" 200 0
2026-08-24 16:53:59 - selenium.webdriver.remote.remote_connection - DEBUG - Remote response: status=200 | data={"value":false} | headers=HTTPHeaderDict({'Content-Length': '15', 'Content-Type': 'application/json; charset=utf-8', 'cache-control': 'no-cache'})
2026-08-24 16:53:59 - selenium.webdriver.remote.remote_connection - DEBUG - Finished Request
2026-08-24 16:54:00 - selenium.webdriver.remote.remote_connection - DEBUG - POST http://localhost:50665/session/c5527ac0feaa18233d0d8ab025ead360/execute/sync {'script': "return document.querySelectorAll('[data-rpa-tag-id]').length > 0", 'args': []}
2026-08-24 16:54:00 - urllib3.connectionpool - DEBUG - http://localhost:50665 "POST /session/c5527ac0feaa18233d0d8ab025ead360/execute/sync HTTP/1.1" 200 0
2026-08-24 16:54:00 - selenium.webdriver.remote.remote_connection - DEBUG - Remote response: status=200 | data={"value":false} | headers=HTTPHeaderDict({'Content-Length': '15', 'Content-Type': 'application/json; charset=utf-8', 'cache-control': 'no-cache'})
2026-08-24 16:54:00 - selenium.webdriver.remote.remote_connection - DEBUG - Finished Request
2026-08-24 16:54:00 - selenium.webdriver.remote.remote_connection - DEBUG - POST http://localhost:50665/session/c5527ac0feaa18233d0d8ab025ead360/execute/sync {'script': "return document.querySelectorAll('[data-rpa-tag-id]').length > 0", 'args': []}
2026-08-24 16:54:00 - urllib3.connectionpool - DEBUG - http://localhost:50665 "POST /session/c5527ac0feaa18233d0d8ab025ead360/execute/sync HTTP/1.1" 200 0
2026-08-24 16:54:00 - selenium.webdriver.remote.remote_connection - DEBUG - Remote response: status=200 | data={"value":false} | headers=HTTPHeaderDict({'Content-Length': '15', 'Content-Type': 'application/json; charset=utf-8', 'cache-control': 'no-cache'})
2026-08-24 16:54:00 - selenium.webdriver.remote.remote_connection - DEBUG - Finished Request
2026-08-24 16:54:01 - selenium.webdriver.remote.remote_connection - DEBUG - POST http://localhost:50665/session/c5527ac0feaa18233d0d8ab025ead360/execute/sync {'script': "return document.querySelectorAll('[data-rpa-tag-id]').length > 0", 'args': []}
2026-08-24 16:54:01 - urllib3.connectionpool - DEBUG - http://localhost:50665 "POST /session/c5527ac0feaa18233d0d8ab025ead360/execute/sync HTTP/1.1" 200 0
2026-08-24 16:54:01 - selenium.webdriver.remote.remote_connection - DEBUG - Remote response: status=200 | data={"value":false} | headers=HTTPHeaderDict({'Content-Length': '15', 'Content-Type': 'application/json; charset=utf-8', 'cache-control': 'no-cache'})
2026-08-24 16:54:01 - selenium.webdriver.remote.remote_connection - DEBUG - Finished Request
2026-08-24 16:54:01 - selenium.webdriver.remote.remote_connection - DEBUG - POST http://localhost:50665/session/c5527ac0feaa18233d0d8ab025ead360/execute/sync {'script': "return document.querySelectorAll('[data-rpa-tag-id]').length > 0", 'args': []}
2026-08-24 16:54:01 - urllib3.connectionpool - DEBUG - http://localhost:50665 "POST /session/c5527ac0feaa18233d0d8ab025ead360/execute/sync HTTP/1.1" 200 0
2026-08-24 16:54:01 - selenium.webdriver.remote.remote_connection - DEBUG - Remote response: status=200 | data={"value":false} | headers=HTTPHeaderDict({'Content-Length': '15', 'Content-Type': 'application/json; charset=utf-8', 'cache-control': 'no-cache'})
2026-08-24 16:54:01 - selenium.webdriver.remote.remote_connection - DEBUG - Finished Request
2026-08-24 16:54:02 - selenium.webdriver.remote.remote_connection - DEBUG - POST http://localhost:50665/session/c5527ac0feaa18233d0d8ab025ead360/execute/sync {'script': "return document.querySelectorAll('[data-rpa-tag-id]').length > 0", 'args': []}
2026-08-24 16:54:02 - urllib3.connectionpool - DEBUG - http://localhost:50665 "POST /session/c5527ac0feaa18233d0d8ab025ead360/execute/sync HTTP/1.1" 200 0
2026-08-24 16:54:02 - selenium.webdriver.remote.remote_connection - DEBUG - Remote response: status=200 | data={"value":false} | headers=HTTPHeaderDict({'Content-Length': '15', 'Content-Type': 'application/json; charset=utf-8', 'cache-control': 'no-cache'})
2026-08-24 16:54:02 - selenium.webdriver.remote.remote_connection - DEBUG - Finished Request
2026-08-24 16:54:02 - selenium.webdriver.remote.remote_connection - DEBUG - POST http://localhost:50665/session/c5527ac0feaa18233d0d8ab025ead360/execute/sync {'script': "return document.querySelectorAll('[data-rpa-tag-id]').length > 0", 'args': []}
2026-08-24 16:54:02 - urllib3.connectionpool - DEBUG - http://localhost:50665 "POST /session/c5527ac0feaa18233d0d8ab025ead360/execute/sync HTTP/1.1" 200 0
2026-08-24 16:54:02 - selenium.webdriver.remote.remote_connection - DEBUG - Remote response: status=200 | data={"value":false} | headers=HTTPHeaderDict({'Content-Length': '15', 'Content-Type': 'application/json; charset=utf-8', 'cache-control': 'no-cache'})
2026-08-24 16:54:02 - selenium.webdriver.remote.remote_connection - DEBUG - Finished Request
2026-08-24 16:54:03 - selenium.webdriver.remote.remote_connection - DEBUG - POST http://localhost:50665/session/c5527ac0feaa18233d0d8ab025ead360/execute/sync {'script': "return document.querySelectorAll('[data-rpa-tag-id]').length > 0", 'args': []}
2026-08-24 16:54:03 - urllib3.connectionpool - DEBUG - http://localhost:50665 "POST /session/c5527ac0feaa18233d0d8ab025ead360/execute/sync HTTP/1.1" 200 0
2026-08-24 16:54:03 - selenium.webdriver.remote.remote_connection - DEBUG - Remote response: status=200 | data={"value":false} | headers=HTTPHeaderDict({'Content-Length': '15', 'Content-Type': 'application/json; charset=utf-8', 'cache-control': 'no-cache'})
2026-08-24 16:54:03 - selenium.webdriver.remote.remote_connection - DEBUG - Finished Request
2026-08-24 16:54:03 - selenium.webdriver.remote.remote_connection - DEBUG - POST http://localhost:50665/session/c5527ac0feaa18233d0d8ab025ead360/execute/sync {'script': "return document.querySelectorAll('[data-rpa-tag-id]').length > 0", 'args': []}
2026-08-24 16:54:03 - urllib3.connectionpool - DEBUG - http://localhost:50665 "POST /session/c5527ac0feaa18233d0d8ab025ead360/execute/sync HTTP/1.1" 200 0
2026-08-24 16:54:03 - selenium.webdriver.remote.remote_connection - DEBUG - Remote response: status=200 | data={"value":false} | headers=HTTPHeaderDict({'Content-Length': '15', 'Content-Type': 'application/json; charset=utf-8', 'cache-control': 'no-cache'})
2026-08-24 16:54:03 - selenium.webdriver.remote.remote_connection - DEBUG - Finished Request
2026-08-24 16:54:04 - selenium.webdriver.remote.remote_connection - DEBUG - POST http://localhost:50665/session/c5527ac0feaa18233d0d8ab025ead360/execute/sync {'script': "return document.querySelectorAll('[data-rpa-tag-id]').length > 0", 'args': []}
2026-08-24 16:54:04 - urllib3.connectionpool - DEBUG - http://localhost:50665 "POST /session/c5527ac0feaa18233d0d8ab025ead360/execute/sync HTTP/1.1" 200 0
2026-08-24 16:54:04 - selenium.webdriver.remote.remote_connection - DEBUG - Remote response: status=200 | data={"value":false} | headers=HTTPHeaderDict({'Content-Length': '15', 'Content-Type': 'application/json; charset=utf-8', 'cache-control': 'no-cache'})
2026-08-24 16:54:04 - selenium.webdriver.remote.remote_connection - DEBUG - Finished Request
2026-08-24 16:54:04 - selenium.webdriver.remote.remote_connection - DEBUG - POST http://localhost:50665/session/c5527ac0feaa18233d0d8ab025ead360/execute/sync {'script': "return document.querySelectorAll('[data-rpa-tag-id]').length > 0", 'args': []}
2026-08-24 16:54:04 - urllib3.connectionpool - DEBUG - http://localhost:50665 "POST /session/c5527ac0feaa18233d0d8ab025ead360/execute/sync HTTP/1.1" 200 0
2026-08-24 16:54:04 - selenium.webdriver.remote.remote_connection - DEBUG - Remote response: status=200 | data={"value":false} | headers=HTTPHeaderDict({'Content-Length': '15', 'Content-Type': 'application/json; charset=utf-8', 'cache-control': 'no-cache'})
2026-08-24 16:54:04 - selenium.webdriver.remote.remote_connection - DEBUG - Finished Request
2026-08-24 16:54:05 - selenium.webdriver.remote.remote_connection - DEBUG - POST http://localhost:50665/session/c5527ac0feaa18233d0d8ab025ead360/execute/sync {'script': "return document.querySelectorAll('[data-rpa-tag-id]').length > 0", 'args': []}
2026-08-24 16:54:05 - urllib3.connectionpool - DEBUG - http://localhost:50665 "POST /session/c5527ac0feaa18233d0d8ab025ead360/execute/sync HTTP/1.1" 200 0
2026-08-24 16:54:05 - selenium.webdriver.remote.remote_connection - DEBUG - Remote response: status=200 | data={"value":false} | headers=HTTPHeaderDict({'Content-Length': '15', 'Content-Type': 'application/json; charset=utf-8', 'cache-control': 'no-cache'})
2026-08-24 16:54:05 - selenium.webdriver.remote.remote_connection - DEBUG - Finished Request
2026-08-24 16:54:06 - selenium.webdriver.remote.remote_connection - DEBUG - POST http://localhost:50665/session/c5527ac0feaa18233d0d8ab025ead360/execute/sync {'script': "return document.querySelectorAll('[data-rpa-tag-id]').length > 0", 'args': []}
2026-08-24 16:54:06 - urllib3.connectionpool - DEBUG - http://localhost:50665 "POST /session/c5527ac0feaa18233d0d8ab025ead360/execute/sync HTTP/1.1" 200 0
2026-08-24 16:54:06 - selenium.webdriver.remote.remote_connection - DEBUG - Remote response: status=200 | data={"value":false} | headers=HTTPHeaderDict({'Content-Length': '15', 'Content-Type': 'application/json; charset=utf-8', 'cache-control': 'no-cache'})
2026-08-24 16:54:06 - selenium.webdriver.remote.remote_connection - DEBUG - Finished Request
2026-08-24 16:54:06 - scraper - ERROR - Page failed to become ready even after refresh
2026-08-24 16:54:06 - scraper - INFO - Retry 2/3 for VCIT
2026-08-24 16:54:11 - scraper - INFO - Navigating to https://investor.vanguard.com/etf/profile/overview/vcit
2026-08-24 16:54:11 - selenium.webdriver.remote.remote_connection - DEBUG - POST http://localhost:50665/session/c5527ac0feaa18233d0d8ab025ead360/execute/sync {'script': 'return navigator.webdriver', 'args': []}
2026-08-24 16:54:11 - urllib3.connectionpool - DEBUG - http://localhost:50665 "POST /session/c5527ac0feaa18233d0d8ab025ead360/execute/sync HTTP/1.1" 200 0
2026-08-24 16:54:11 - selenium.webdriver.remote.remote_connection - DEBUG - Remote response: status=200 | data={"value":false} | headers=HTTPHeaderDict({'Content-Length': '15', 'Content-Type': 'application/json; charset=utf-8', 'cache-control': 'no-cache'})
2026-08-24 16:54:11 - selenium.webdriver.remote.remote_connection - DEBUG - Finished Request
2026-08-24 16:54:11 - selenium.webdriver.remote.remote_connection - DEBUG - POST http://localhost:50665/session/c5527ac0feaa18233d0d8ab025ead360/url {'url': 'https://investor.vanguard.com/etf/profile/overview/vcit'}
2026-08-24 16:54:15 - urllib3.connectionpool - DEBUG - http://localhost:50665 "POST /session/c5527ac0feaa18233d0d8ab025ead360/url HTTP/1.1" 200 0
2026-08-24 16:54:15 - selenium.webdriver.remote.remote_connection - DEBUG - Remote response: status=200 | data={"value":null} | headers=HTTPHeaderDict({'Content-Length': '14', 'Content-Type': 'application/json; charset=utf-8', 'cache-control': 'no-cache'})
2026-08-24 16:54:15 - selenium.webdriver.remote.remote_connection - DEBUG - Finished Request
2026-08-24 16:54:15 - selenium.webdriver.remote.remote_connection - DEBUG - POST http://localhost:50665/session/c5527ac0feaa18233d0d8ab025ead360/execute/sync {'script': "\n                var candidates = [\n                    document.querySelector('#onetrust-accept-btn...", 'args': []}
2026-08-24 16:54:17 - urllib3.connectionpool - DEBUG - http://localhost:50665 "POST /session/c5527ac0feaa18233d0d8ab025ead360/execute/sync HTTP/1.1" 200 0
2026-08-24 16:54:17 - selenium.webdriver.remote.remote_connection - DEBUG - Remote response: status=200 | data={"value":null} | headers=HTTPHeaderDict({'Content-Length': '14', 'Content-Type': 'application/json; charset=utf-8', 'cache-control': 'no-cache'})
2026-08-24 16:54:17 - selenium.webdriver.remote.remote_connection - DEBUG - Finished Request
2026-08-24 16:54:17 - selenium.webdriver.remote.remote_connection - DEBUG - POST http://localhost:50665/session/c5527ac0feaa18233d0d8ab025ead360/execute/sync {'script': "return document.querySelectorAll('[data-rpa-tag-id]').length > 0", 'args': []}
2026-08-24 16:54:17 - urllib3.connectionpool - DEBUG - http://localhost:50665 "POST /session/c5527ac0feaa18233d0d8ab025ead360/execute/sync HTTP/1.1" 200 0
2026-08-24 16:54:17 - selenium.webdriver.remote.remote_connection - DEBUG - Remote response: status=200 | data={"value":false} | headers=HTTPHeaderDict({'Content-Length': '15', 'Content-Type': 'application/json; charset=utf-8', 'cache-control': 'no-cache'})
2026-08-24 16:54:17 - selenium.webdriver.remote.remote_connection - DEBUG - Finished Request
2026-08-24 16:54:17 - selenium.webdriver.remote.remote_connection - DEBUG - POST http://localhost:50665/session/c5527ac0feaa18233d0d8ab025ead360/execute/sync {'script': "return document.querySelectorAll('[data-rpa-tag-id]').length > 0", 'args': []}
2026-08-24 16:54:17 - urllib3.connectionpool - DEBUG - http://localhost:50665 "POST /session/c5527ac0feaa18233d0d8ab025ead360/execute/sync HTTP/1.1" 200 0
2026-08-24 16:54:17 - selenium.webdriver.remote.remote_connection - DEBUG - Remote response: status=200 | data={"value":false} | headers=HTTPHeaderDict({'Content-Length': '15', 'Content-Type': 'application/json; charset=utf-8', 'cache-control': 'no-cache'})
2026-08-24 16:54:17 - selenium.webdriver.remote.remote_connection - DEBUG - Finished Request
2026-08-24 16:54:18 - selenium.webdriver.remote.remote_connection - DEBUG - POST http://localhost:50665/session/c5527ac0feaa18233d0d8ab025ead360/execute/sync {'script': "return document.querySelectorAll('[data-rpa-tag-id]').length > 0", 'args': []}
2026-08-24 16:54:18 - urllib3.connectionpool - DEBUG - http://localhost:50665 "POST /session/c5527ac0feaa18233d0d8ab025ead360/execute/sync HTTP/1.1" 200 0
2026-08-24 16:54:18 - selenium.webdriver.remote.remote_connection - DEBUG - Remote response: status=200 | data={"value":false} | headers=HTTPHeaderDict({'Content-Length': '15', 'Content-Type': 'application/json; charset=utf-8', 'cache-control': 'no-cache'})
2026-08-24 16:54:18 - selenium.webdriver.remote.remote_connection - DEBUG - Finished Request
2026-08-24 16:54:18 - selenium.webdriver.remote.remote_connection - DEBUG - POST http://localhost:50665/session/c5527ac0feaa18233d0d8ab025ead360/execute/sync {'script': "return document.querySelectorAll('[data-rpa-tag-id]').length > 0", 'args': []}
2026-08-24 16:54:18 - urllib3.connectionpool - DEBUG - http://localhost:50665 "POST /session/c5527ac0feaa18233d0d8ab025ead360/execute/sync HTTP/1.1" 200 0
2026-08-24 16:54:18 - selenium.webdriver.remote.remote_connection - DEBUG - Remote response: status=200 | data={"value":false} | headers=HTTPHeaderDict({'Content-Length': '15', 'Content-Type': 'application/json; charset=utf-8', 'cache-control': 'no-cache'})
2026-08-24 16:54:18 - selenium.webdriver.remote.remote_connection - DEBUG - Finished Request
2026-08-24 16:54:19 - selenium.webdriver.remote.remote_connection - DEBUG - POST http://localhost:50665/session/c5527ac0feaa18233d0d8ab025ead360/execute/sync {'script': "return document.querySelectorAll('[data-rpa-tag-id]').length > 0", 'args': []}
2026-08-24 16:54:19 - urllib3.connectionpool - DEBUG - http://localhost:50665 "POST /session/c5527ac0feaa18233d0d8ab025ead360/execute/sync HTTP/1.1" 200 0
2026-08-24 16:54:19 - selenium.webdriver.remote.remote_connection - DEBUG - Remote response: status=200 | data={"value":false} | headers=HTTPHeaderDict({'Content-Length': '15', 'Content-Type': 'application/json; charset=utf-8', 'cache-control': 'no-cache'})
2026-08-24 16:54:19 - selenium.webdriver.remote.remote_connection - DEBUG - Finished Request
2026-08-24 16:54:19 - selenium.webdriver.remote.remote_connection - DEBUG - POST http://localhost:50665/session/c5527ac0feaa18233d0d8ab025ead360/execute/sync {'script': "return document.querySelectorAll('[data-rpa-tag-id]').length > 0", 'args': []}
2026-08-24 16:54:19 - urllib3.connectionpool - DEBUG - http://localhost:50665 "POST /session/c5527ac0feaa18233d0d8ab025ead360/execute/sync HTTP/1.1" 200 0
2026-08-24 16:54:19 - selenium.webdriver.remote.remote_connection - DEBUG - Remote response: status=200 | data={"value":false} | headers=HTTPHeaderDict({'Content-Length': '15', 'Content-Type': 'application/json; charset=utf-8', 'cache-control': 'no-cache'})
2026-08-24 16:54:19 - selenium.webdriver.remote.remote_connection - DEBUG - Finished Request
2026-08-24 16:54:20 - selenium.webdriver.remote.remote_connection - DEBUG - POST http://localhost:50665/session/c5527ac0feaa18233d0d8ab025ead360/execute/sync {'script': "return document.querySelectorAll('[data-rpa-tag-id]').length > 0", 'args': []}
2026-08-24 16:54:20 - urllib3.connectionpool - DEBUG - http://localhost:50665 "POST /session/c5527ac0feaa18233d0d8ab025ead360/execute/sync HTTP/1.1" 200 0
2026-08-24 16:54:20 - selenium.webdriver.remote.remote_connection - DEBUG - Remote response: status=200 | data={"value":false} | headers=HTTPHeaderDict({'Content-Length': '15', 'Content-Type': 'application/json; charset=utf-8', 'cache-control': 'no-cache'})
2026-08-24 16:54:20 - selenium.webdriver.remote.remote_connection - DEBUG - Finished Request
2026-08-24 16:54:20 - selenium.webdriver.remote.remote_connection - DEBUG - POST http://localhost:50665/session/c5527ac0feaa18233d0d8ab025ead360/execute/sync {'script': "return document.querySelectorAll('[data-rpa-tag-id]').length > 0", 'args': []}
2026-08-24 16:54:20 - urllib3.connectionpool - DEBUG - http://localhost:50665 "POST /session/c5527ac0feaa18233d0d8ab025ead360/execute/sync HTTP/1.1" 200 0
2026-08-24 16:54:20 - selenium.webdriver.remote.remote_connection - DEBUG - Remote response: status=200 | data={"value":false} | headers=HTTPHeaderDict({'Content-Length': '15', 'Content-Type': 'application/json; charset=utf-8', 'cache-control': 'no-cache'})
2026-08-24 16:54:20 - selenium.webdriver.remote.remote_connection - DEBUG - Finished Request
2026-08-24 16:54:21 - selenium.webdriver.remote.remote_connection - DEBUG - POST http://localhost:50665/session/c5527ac0feaa18233d0d8ab025ead360/execute/sync {'script': "return document.querySelectorAll('[data-rpa-tag-id]').length > 0", 'args': []}
2026-08-24 16:54:21 - urllib3.connectionpool - DEBUG - http://localhost:50665 "POST /session/c5527ac0feaa18233d0d8ab025ead360/execute/sync HTTP/1.1" 200 0
2026-08-24 16:54:21 - selenium.webdriver.remote.remote_connection - DEBUG - Remote response: status=200 | data={"value":false} | headers=HTTPHeaderDict({'Content-Length': '15', 'Content-Type': 'application/json; charset=utf-8', 'cache-control': 'no-cache'})
2026-08-24 16:54:21 - selenium.webdriver.remote.remote_connection - DEBUG - Finished Request
2026-08-24 16:54:21 - selenium.webdriver.remote.remote_connection - DEBUG - POST http://localhost:50665/session/c5527ac0feaa18233d0d8ab025ead360/execute/sync {'script': "return document.querySelectorAll('[data-rpa-tag-id]').length > 0", 'args': []}
2026-08-24 16:54:22 - urllib3.connectionpool - DEBUG - http://localhost:50665 "POST /session/c5527ac0feaa18233d0d8ab025ead360/execute/sync HTTP/1.1" 200 0
2026-08-24 16:54:22 - selenium.webdriver.remote.remote_connection - DEBUG - Remote response: status=200 | data={"value":false} | headers=HTTPHeaderDict({'Content-Length': '15', 'Content-Type': 'application/json; charset=utf-8', 'cache-control': 'no-cache'})
2026-08-24 16:54:22 - selenium.webdriver.remote.remote_connection - DEBUG - Finished Request
2026-08-24 16:54:22 - selenium.webdriver.remote.remote_connection - DEBUG - POST http://localhost:50665/session/c5527ac0feaa18233d0d8ab025ead360/execute/sync {'script': "return document.querySelectorAll('[data-rpa-tag-id]').length > 0", 'args': []}
2026-08-24 16:54:22 - urllib3.connectionpool - DEBUG - http://localhost:50665 "POST /session/c5527ac0feaa18233d0d8ab025ead360/execute/sync HTTP/1.1" 200 0
2026-08-24 16:54:22 - selenium.webdriver.remote.remote_connection - DEBUG - Remote response: status=200 | data={"value":false} | headers=HTTPHeaderDict({'Content-Length': '15', 'Content-Type': 'application/json; charset=utf-8', 'cache-control': 'no-cache'})
2026-08-24 16:54:22 - selenium.webdriver.remote.remote_connection - DEBUG - Finished Request
2026-08-24 16:54:23 - selenium.webdriver.remote.remote_connection - DEBUG - POST http://localhost:50665/session/c5527ac0feaa18233d0d8ab025ead360/execute/sync {'script': "return document.querySelectorAll('[data-rpa-tag-id]').length > 0", 'args': []}
2026-08-24 16:54:23 - urllib3.connectionpool - DEBUG - http://localhost:50665 "POST /session/c5527ac0feaa18233d0d8ab025ead360/execute/sync HTTP/1.1" 200 0
2026-08-24 16:54:23 - selenium.webdriver.remote.remote_connection - DEBUG - Remote response: status=200 | data={"value":false} | headers=HTTPHeaderDict({'Content-Length': '15', 'Content-Type': 'application/json; charset=utf-8', 'cache-control': 'no-cache'})
2026-08-24 16:54:23 - selenium.webdriver.remote.remote_connection - DEBUG - Finished Request
2026-08-24 16:54:23 - selenium.webdriver.remote.remote_connection - DEBUG - POST http://localhost:50665/session/c5527ac0feaa18233d0d8ab025ead360/execute/sync {'script': "return document.querySelectorAll('[data-rpa-tag-id]').length > 0", 'args': []}
2026-08-24 16:54:23 - urllib3.connectionpool - DEBUG - http://localhost:50665 "POST /session/c5527ac0feaa18233d0d8ab025ead360/execute/sync HTTP/1.1" 200 0
2026-08-24 16:54:23 - selenium.webdriver.remote.remote_connection - DEBUG - Remote response: status=200 | data={"value":false} | headers=HTTPHeaderDict({'Content-Length': '15', 'Content-Type': 'application/json; charset=utf-8', 'cache-control': 'no-cache'})
2026-08-24 16:54:23 - selenium.webdriver.remote.remote_connection - DEBUG - Finished Request
2026-08-24 16:54:24 - selenium.webdriver.remote.remote_connection - DEBUG - POST http://localhost:50665/session/c5527ac0feaa18233d0d8ab025ead360/execute/sync {'script': "return document.querySelectorAll('[data-rpa-tag-id]').length > 0", 'args': []}
2026-08-24 16:54:24 - urllib3.connectionpool - DEBUG - http://localhost:50665 "POST /session/c5527ac0feaa18233d0d8ab025ead360/execute/sync HTTP/1.1" 200 0
2026-08-24 16:54:24 - selenium.webdriver.remote.remote_connection - DEBUG - Remote response: status=200 | data={"value":false} | headers=HTTPHeaderDict({'Content-Length': '15', 'Content-Type': 'application/json; charset=utf-8', 'cache-control': 'no-cache'})
2026-08-24 16:54:24 - selenium.webdriver.remote.remote_connection - DEBUG - Finished Request
2026-08-24 16:54:24 - selenium.webdriver.remote.remote_connection - DEBUG - POST http://localhost:50665/session/c5527ac0feaa18233d0d8ab025ead360/execute/sync {'script': "return document.querySelectorAll('[data-rpa-tag-id]').length > 0", 'args': []}
2026-08-24 16:54:24 - urllib3.connectionpool - DEBUG - http://localhost:50665 "POST /session/c5527ac0feaa18233d0d8ab025ead360/execute/sync HTTP/1.1" 200 0
2026-08-24 16:54:24 - selenium.webdriver.remote.remote_connection - DEBUG - Remote response: status=200 | data={"value":false} | headers=HTTPHeaderDict({'Content-Length': '15', 'Content-Type': 'application/json; charset=utf-8', 'cache-control': 'no-cache'})
2026-08-24 16:54:24 - selenium.webdriver.remote.remote_connection - DEBUG - Finished Request
2026-08-24 16:54:25 - selenium.webdriver.remote.remote_connection - DEBUG - POST http://localhost:50665/session/c5527ac0feaa18233d0d8ab025ead360/execute/sync {'script': "return document.querySelectorAll('[data-rpa-tag-id]').length > 0", 'args': []}
2026-08-24 16:54:25 - urllib3.connectionpool - DEBUG - http://localhost:50665 "POST /session/c5527ac0feaa18233d0d8ab025ead360/execute/sync HTTP/1.1" 200 0
2026-08-24 16:54:25 - selenium.webdriver.remote.remote_connection - DEBUG - Remote response: status=200 | data={"value":false} | headers=HTTPHeaderDict({'Content-Length': '15', 'Content-Type': 'application/json; charset=utf-8', 'cache-control': 'no-cache'})
2026-08-24 16:54:25 - selenium.webdriver.remote.remote_connection - DEBUG - Finished Request
2026-08-24 16:54:25 - selenium.webdriver.remote.remote_connection - DEBUG - POST http://localhost:50665/session/c5527ac0feaa18233d0d8ab025ead360/execute/sync {'script': "return document.querySelectorAll('[data-rpa-tag-id]').length > 0", 'args': []}
2026-08-24 16:54:25 - urllib3.connectionpool - DEBUG - http://localhost:50665 "POST /session/c5527ac0feaa18233d0d8ab025ead360/execute/sync HTTP/1.1" 200 0
2026-08-24 16:54:25 - selenium.webdriver.remote.remote_connection - DEBUG - Remote response: status=200 | data={"value":false} | headers=HTTPHeaderDict({'Content-Length': '15', 'Content-Type': 'application/json; charset=utf-8', 'cache-control': 'no-cache'})
2026-08-24 16:54:25 - selenium.webdriver.remote.remote_connection - DEBUG - Finished Request
2026-08-24 16:54:26 - selenium.webdriver.remote.remote_connection - DEBUG - POST http://localhost:50665/session/c5527ac0feaa18233d0d8ab025ead360/execute/sync {'script': "return document.querySelectorAll('[data-rpa-tag-id]').length > 0", 'args': []}
2026-08-24 16:54:26 - urllib3.connectionpool - DEBUG - http://localhost:50665 "POST /session/c5527ac0feaa18233d0d8ab025ead360/execute/sync HTTP/1.1" 200 0
2026-08-24 16:54:26 - selenium.webdriver.remote.remote_connection - DEBUG - Remote response: status=200 | data={"value":false} | headers=HTTPHeaderDict({'Content-Length': '15', 'Content-Type': 'application/json; charset=utf-8', 'cache-control': 'no-cache'})
2026-08-24 16:54:26 - selenium.webdriver.remote.remote_connection - DEBUG - Finished Request
2026-08-24 16:54:26 - selenium.webdriver.remote.remote_connection - DEBUG - POST http://localhost:50665/session/c5527ac0feaa18233d0d8ab025ead360/execute/sync {'script': "return document.querySelectorAll('[data-rpa-tag-id]').length > 0", 'args': []}
2026-08-24 16:54:26 - urllib3.connectionpool - DEBUG - http://localhost:50665 "POST /session/c5527ac0feaa18233d0d8ab025ead360/execute/sync HTTP/1.1" 200 0
2026-08-24 16:54:26 - selenium.webdriver.remote.remote_connection - DEBUG - Remote response: status=200 | data={"value":false} | headers=HTTPHeaderDict({'Content-Length': '15', 'Content-Type': 'application/json; charset=utf-8', 'cache-control': 'no-cache'})
2026-08-24 16:54:26 - selenium.webdriver.remote.remote_connection - DEBUG - Finished Request
2026-08-24 16:54:27 - selenium.webdriver.remote.remote_connection - DEBUG - POST http://localhost:50665/session/c5527ac0feaa18233d0d8ab025ead360/execute/sync {'script': "return document.querySelectorAll('[data-rpa-tag-id]').length > 0", 'args': []}
2026-08-24 16:54:27 - urllib3.connectionpool - DEBUG - http://localhost:50665 "POST /session/c5527ac0feaa18233d0d8ab025ead360/execute/sync HTTP/1.1" 200 0
2026-08-24 16:54:27 - selenium.webdriver.remote.remote_connection - DEBUG - Remote response: status=200 | data={"value":false} | headers=HTTPHeaderDict({'Content-Length': '15', 'Content-Type': 'application/json; charset=utf-8', 'cache-control': 'no-cache'})
2026-08-24 16:54:27 - selenium.webdriver.remote.remote_connection - DEBUG - Finished Request
2026-08-24 16:54:27 - selenium.webdriver.remote.remote_connection - DEBUG - POST http://localhost:50665/session/c5527ac0feaa18233d0d8ab025ead360/execute/sync {'script': "return document.querySelectorAll('[data-rpa-tag-id]').length > 0", 'args': []}
2026-08-24 16:54:27 - urllib3.connectionpool - DEBUG - http://localhost:50665 "POST /session/c5527ac0feaa18233d0d8ab025ead360/execute/sync HTTP/1.1" 200 0
2026-08-24 16:54:27 - selenium.webdriver.remote.remote_connection - DEBUG - Remote response: status=200 | data={"value":false} | headers=HTTPHeaderDict({'Content-Length': '15', 'Content-Type': 'application/json; charset=utf-8', 'cache-control': 'no-cache'})
2026-08-24 16:54:27 - selenium.webdriver.remote.remote_connection - DEBUG - Finished Request
2026-08-24 16:54:28 - selenium.webdriver.remote.remote_connection - DEBUG - POST http://localhost:50665/session/c5527ac0feaa18233d0d8ab025ead360/execute/sync {'script': "return document.querySelectorAll('[data-rpa-tag-id]').length > 0", 'args': []}
2026-08-24 16:54:28 - urllib3.connectionpool - DEBUG - http://localhost:50665 "POST /session/c5527ac0feaa18233d0d8ab025ead360/execute/sync HTTP/1.1" 200 0
2026-08-24 16:54:28 - selenium.webdriver.remote.remote_connection - DEBUG - Remote response: status=200 | data={"value":false} | headers=HTTPHeaderDict({'Content-Length': '15', 'Content-Type': 'application/json; charset=utf-8', 'cache-control': 'no-cache'})
2026-08-24 16:54:28 - selenium.webdriver.remote.remote_connection - DEBUG - Finished Request
2026-08-24 16:54:28 - selenium.webdriver.remote.remote_connection - DEBUG - POST http://localhost:50665/session/c5527ac0feaa18233d0d8ab025ead360/execute/sync {'script': "return document.querySelectorAll('[data-rpa-tag-id]').length > 0", 'args': []}
2026-08-24 16:54:28 - urllib3.connectionpool - DEBUG - http://localhost:50665 "POST /session/c5527ac0feaa18233d0d8ab025ead360/execute/sync HTTP/1.1" 200 0
2026-08-24 16:54:28 - selenium.webdriver.remote.remote_connection - DEBUG - Remote response: status=200 | data={"value":false} | headers=HTTPHeaderDict({'Content-Length': '15', 'Content-Type': 'application/json; charset=utf-8', 'cache-control': 'no-cache'})
2026-08-24 16:54:28 - selenium.webdriver.remote.remote_connection - DEBUG - Finished Request
2026-08-24 16:54:29 - selenium.webdriver.remote.remote_connection - DEBUG - POST http://localhost:50665/session/c5527ac0feaa18233d0d8ab025ead360/execute/sync {'script': "return document.querySelectorAll('[data-rpa-tag-id]').length > 0", 'args': []}
2026-08-24 16:54:29 - urllib3.connectionpool - DEBUG - http://localhost:50665 "POST /session/c5527ac0feaa18233d0d8ab025ead360/execute/sync HTTP/1.1" 200 0
2026-08-24 16:54:29 - selenium.webdriver.remote.remote_connection - DEBUG - Remote response: status=200 | data={"value":false} | headers=HTTPHeaderDict({'Content-Length': '15', 'Content-Type': 'application/json; charset=utf-8', 'cache-control': 'no-cache'})
2026-08-24 16:54:29 - selenium.webdriver.remote.remote_connection - DEBUG - Finished Request
2026-08-24 16:54:29 - selenium.webdriver.remote.remote_connection - DEBUG - POST http://localhost:50665/session/c5527ac0feaa18233d0d8ab025ead360/execute/sync {'script': "return document.querySelectorAll('[data-rpa-tag-id]').length > 0", 'args': []}
2026-08-24 16:54:29 - urllib3.connectionpool - DEBUG - http://localhost:50665 "POST /session/c5527ac0feaa18233d0d8ab025ead360/execute/sync HTTP/1.1" 200 0
2026-08-24 16:54:29 - selenium.webdriver.remote.remote_connection - DEBUG - Remote response: status=200 | data={"value":false} | headers=HTTPHeaderDict({'Content-Length': '15', 'Content-Type': 'application/json; charset=utf-8', 'cache-control': 'no-cache'})
2026-08-24 16:54:29 - selenium.webdriver.remote.remote_connection - DEBUG - Finished Request
2026-08-24 16:54:30 - selenium.webdriver.remote.remote_connection - DEBUG - POST http://localhost:50665/session/c5527ac0feaa18233d0d8ab025ead360/execute/sync {'script': "return document.querySelectorAll('[data-rpa-tag-id]').length > 0", 'args': []}
2026-08-24 16:54:30 - urllib3.connectionpool - DEBUG - http://localhost:50665 "POST /session/c5527ac0feaa18233d0d8ab025ead360/execute/sync HTTP/1.1" 200 0
2026-08-24 16:54:30 - selenium.webdriver.remote.remote_connection - DEBUG - Remote response: status=200 | data={"value":false} | headers=HTTPHeaderDict({'Content-Length': '15', 'Content-Type': 'application/json; charset=utf-8', 'cache-control': 'no-cache'})
2026-08-24 16:54:30 - selenium.webdriver.remote.remote_connection - DEBUG - Finished Request
2026-08-24 16:54:30 - selenium.webdriver.remote.remote_connection - DEBUG - POST http://localhost:50665/session/c5527ac0feaa18233d0d8ab025ead360/execute/sync {'script': "return document.querySelectorAll('[data-rpa-tag-id]').length > 0", 'args': []}
2026-08-24 16:54:31 - urllib3.connectionpool - DEBUG - http://localhost:50665 "POST /session/c5527ac0feaa18233d0d8ab025ead360/execute/sync HTTP/1.1" 200 0
2026-08-24 16:54:31 - selenium.webdriver.remote.remote_connection - DEBUG - Remote response: status=200 | data={"value":false} | headers=HTTPHeaderDict({'Content-Length': '15', 'Content-Type': 'application/json; charset=utf-8', 'cache-control': 'no-cache'})
2026-08-24 16:54:31 - selenium.webdriver.remote.remote_connection - DEBUG - Finished Request
2026-08-24 16:54:31 - selenium.webdriver.remote.remote_connection - DEBUG - POST http://localhost:50665/session/c5527ac0feaa18233d0d8ab025ead360/execute/sync {'script': "return document.querySelectorAll('[data-rpa-tag-id]').length > 0", 'args': []}
2026-08-24 16:54:31 - urllib3.connectionpool - DEBUG - http://localhost:50665 "POST /session/c5527ac0feaa18233d0d8ab025ead360/execute/sync HTTP/1.1" 200 0
2026-08-24 16:54:31 - selenium.webdriver.remote.remote_connection - DEBUG - Remote response: status=200 | data={"value":false} | headers=HTTPHeaderDict({'Content-Length': '15', 'Content-Type': 'application/json; charset=utf-8', 'cache-control': 'no-cache'})
2026-08-24 16:54:31 - selenium.webdriver.remote.remote_connection - DEBUG - Finished Request
2026-08-24 16:54:32 - selenium.webdriver.remote.remote_connection - DEBUG - POST http://localhost:50665/session/c5527ac0feaa18233d0d8ab025ead360/execute/sync {'script': "return document.querySelectorAll('[data-rpa-tag-id]').length > 0", 'args': []}
2026-08-24 16:54:32 - urllib3.connectionpool - DEBUG - http://localhost:50665 "POST /session/c5527ac0feaa18233d0d8ab025ead360/execute/sync HTTP/1.1" 200 0
2026-08-24 16:54:32 - selenium.webdriver.remote.remote_connection - DEBUG - Remote response: status=200 | data={"value":false} | headers=HTTPHeaderDict({'Content-Length': '15', 'Content-Type': 'application/json; charset=utf-8', 'cache-control': 'no-cache'})
2026-08-24 16:54:32 - selenium.webdriver.remote.remote_connection - DEBUG - Finished Request
2026-08-24 16:54:32 - selenium.webdriver.remote.remote_connection - DEBUG - POST http://localhost:50665/session/c5527ac0feaa18233d0d8ab025ead360/execute/sync {'script': "return document.querySelectorAll('[data-rpa-tag-id]').length > 0", 'args': []}
2026-08-24 16:54:32 - urllib3.connectionpool - DEBUG - http://localhost:50665 "POST /session/c5527ac0feaa18233d0d8ab025ead360/execute/sync HTTP/1.1" 200 0
2026-08-24 16:54:32 - selenium.webdriver.remote.remote_connection - DEBUG - Remote response: status=200 | data={"value":false} | headers=HTTPHeaderDict({'Content-Length': '15', 'Content-Type': 'application/json; charset=utf-8', 'cache-control': 'no-cache'})
2026-08-24 16:54:32 - selenium.webdriver.remote.remote_connection - DEBUG - Finished Request
2026-08-24 16:54:33 - selenium.webdriver.remote.remote_connection - DEBUG - POST http://localhost:50665/session/c5527ac0feaa18233d0d8ab025ead360/execute/sync {'script': "return document.querySelectorAll('[data-rpa-tag-id]').length > 0", 'args': []}
2026-08-24 16:54:33 - urllib3.connectionpool - DEBUG - http://localhost:50665 "POST /session/c5527ac0feaa18233d0d8ab025ead360/execute/sync HTTP/1.1" 200 0
2026-08-24 16:54:33 - selenium.webdriver.remote.remote_connection - DEBUG - Remote response: status=200 | data={"value":false} | headers=HTTPHeaderDict({'Content-Length': '15', 'Content-Type': 'application/json; charset=utf-8', 'cache-control': 'no-cache'})
2026-08-24 16:54:33 - selenium.webdriver.remote.remote_connection - DEBUG - Finished Request
2026-08-24 16:54:33 - selenium.webdriver.remote.remote_connection - DEBUG - POST http://localhost:50665/session/c5527ac0feaa18233d0d8ab025ead360/execute/sync {'script': "return document.querySelectorAll('[data-rpa-tag-id]').length > 0", 'args': []}
2026-08-24 16:54:33 - urllib3.connectionpool - DEBUG - http://localhost:50665 "POST /session/c5527ac0feaa18233d0d8ab025ead360/execute/sync HTTP/1.1" 200 0
2026-08-24 16:54:33 - selenium.webdriver.remote.remote_connection - DEBUG - Remote response: status=200 | data={"value":false} | headers=HTTPHeaderDict({'Content-Length': '15', 'Content-Type': 'application/json; charset=utf-8', 'cache-control': 'no-cache'})
2026-08-24 16:54:33 - selenium.webdriver.remote.remote_connection - DEBUG - Finished Request
2026-08-24 16:54:34 - selenium.webdriver.remote.remote_connection - DEBUG - POST http://localhost:50665/session/c5527ac0feaa18233d0d8ab025ead360/execute/sync {'script': "return document.querySelectorAll('[data-rpa-tag-id]').length > 0", 'args': []}
2026-08-24 16:54:34 - urllib3.connectionpool - DEBUG - http://localhost:50665 "POST /session/c5527ac0feaa18233d0d8ab025ead360/execute/sync HTTP/1.1" 200 0
2026-08-24 16:54:34 - selenium.webdriver.remote.remote_connection - DEBUG - Remote response: status=200 | data={"value":false} | headers=HTTPHeaderDict({'Content-Length': '15', 'Content-Type': 'application/json; charset=utf-8', 'cache-control': 'no-cache'})
2026-08-24 16:54:34 - selenium.webdriver.remote.remote_connection - DEBUG - Finished Request
2026-08-24 16:54:34 - selenium.webdriver.remote.remote_connection - DEBUG - POST http://localhost:50665/session/c5527ac0feaa18233d0d8ab025ead360/execute/sync {'script': "return document.querySelectorAll('[data-rpa-tag-id]').length > 0", 'args': []}
2026-08-24 16:54:34 - urllib3.connectionpool - DEBUG - http://localhost:50665 "POST /session/c5527ac0feaa18233d0d8ab025ead360/execute/sync HTTP/1.1" 200 0
2026-08-24 16:54:34 - selenium.webdriver.remote.remote_connection - DEBUG - Remote response: status=200 | data={"value":false} | headers=HTTPHeaderDict({'Content-Length': '15', 'Content-Type': 'application/json; charset=utf-8', 'cache-control': 'no-cache'})
2026-08-24 16:54:34 - selenium.webdriver.remote.remote_connection - DEBUG - Finished Request
2026-08-24 16:54:35 - selenium.webdriver.remote.remote_connection - DEBUG - POST http://localhost:50665/session/c5527ac0feaa18233d0d8ab025ead360/execute/sync {'script': "return document.querySelectorAll('[data-rpa-tag-id]').length > 0", 'args': []}
2026-08-24 16:54:35 - urllib3.connectionpool - DEBUG - http://localhost:50665 "POST /session/c5527ac0feaa18233d0d8ab025ead360/execute/sync HTTP/1.1" 200 0
2026-08-24 16:54:35 - selenium.webdriver.remote.remote_connection - DEBUG - Remote response: status=200 | data={"value":false} | headers=HTTPHeaderDict({'Content-Length': '15', 'Content-Type': 'application/json; charset=utf-8', 'cache-control': 'no-cache'})
2026-08-24 16:54:35 - selenium.webdriver.remote.remote_connection - DEBUG - Finished Request
2026-08-24 16:54:35 - selenium.webdriver.remote.remote_connection - DEBUG - POST http://localhost:50665/session/c5527ac0feaa18233d0d8ab025ead360/execute/sync {'script': "return document.querySelectorAll('[data-rpa-tag-id]').length > 0", 'args': []}
2026-08-24 16:54:35 - urllib3.connectionpool - DEBUG - http://localhost:50665 "POST /session/c5527ac0feaa18233d0d8ab025ead360/execute/sync HTTP/1.1" 200 0
2026-08-24 16:54:35 - selenium.webdriver.remote.remote_connection - DEBUG - Remote response: status=200 | data={"value":false} | headers=HTTPHeaderDict({'Content-Length': '15', 'Content-Type': 'application/json; charset=utf-8', 'cache-control': 'no-cache'})
2026-08-24 16:54:35 - selenium.webdriver.remote.remote_connection - DEBUG - Finished Request
2026-08-24 16:54:36 - selenium.webdriver.remote.remote_connection - DEBUG - POST http://localhost:50665/session/c5527ac0feaa18233d0d8ab025ead360/execute/sync {'script': "return document.querySelectorAll('[data-rpa-tag-id]').length > 0", 'args': []}
2026-08-24 16:54:36 - urllib3.connectionpool - DEBUG - http://localhost:50665 "POST /session/c5527ac0feaa18233d0d8ab025ead360/execute/sync HTTP/1.1" 200 0
2026-08-24 16:54:36 - selenium.webdriver.remote.remote_connection - DEBUG - Remote response: status=200 | data={"value":false} | headers=HTTPHeaderDict({'Content-Length': '15', 'Content-Type': 'application/json; charset=utf-8', 'cache-control': 'no-cache'})
2026-08-24 16:54:36 - selenium.webdriver.remote.remote_connection - DEBUG - Finished Request
2026-08-24 16:54:36 - selenium.webdriver.remote.remote_connection - DEBUG - POST http://localhost:50665/session/c5527ac0feaa18233d0d8ab025ead360/execute/sync {'script': "return document.querySelectorAll('[data-rpa-tag-id]').length > 0", 'args': []}
2026-08-24 16:54:36 - urllib3.connectionpool - DEBUG - http://localhost:50665 "POST /session/c5527ac0feaa18233d0d8ab025ead360/execute/sync HTTP/1.1" 200 0
2026-08-24 16:54:36 - selenium.webdriver.remote.remote_connection - DEBUG - Remote response: status=200 | data={"value":false} | headers=HTTPHeaderDict({'Content-Length': '15', 'Content-Type': 'application/json; charset=utf-8', 'cache-control': 'no-cache'})
2026-08-24 16:54:36 - selenium.webdriver.remote.remote_connection - DEBUG - Finished Request
2026-08-24 16:54:37 - selenium.webdriver.remote.remote_connection - DEBUG - POST http://localhost:50665/session/c5527ac0feaa18233d0d8ab025ead360/execute/sync {'script': "return document.querySelectorAll('[data-rpa-tag-id]').length > 0", 'args': []}
2026-08-24 16:54:37 - urllib3.connectionpool - DEBUG - http://localhost:50665 "POST /session/c5527ac0feaa18233d0d8ab025ead360/execute/sync HTTP/1.1" 200 0
2026-08-24 16:54:37 - selenium.webdriver.remote.remote_connection - DEBUG - Remote response: status=200 | data={"value":false} | headers=HTTPHeaderDict({'Content-Length': '15', 'Content-Type': 'application/json; charset=utf-8', 'cache-control': 'no-cache'})
2026-08-24 16:54:37 - selenium.webdriver.remote.remote_connection - DEBUG - Finished Request
2026-08-24 16:54:37 - selenium.webdriver.remote.remote_connection - DEBUG - POST http://localhost:50665/session/c5527ac0feaa18233d0d8ab025ead360/execute/sync {'script': "return document.querySelectorAll('[data-rpa-tag-id]').length > 0", 'args': []}
2026-08-24 16:54:37 - urllib3.connectionpool - DEBUG - http://localhost:50665 "POST /session/c5527ac0feaa18233d0d8ab025ead360/execute/sync HTTP/1.1" 200 0
2026-08-24 16:54:37 - selenium.webdriver.remote.remote_connection - DEBUG - Remote response: status=200 | data={"value":false} | headers=HTTPHeaderDict({'Content-Length': '15', 'Content-Type': 'application/json; charset=utf-8', 'cache-control': 'no-cache'})
2026-08-24 16:54:37 - selenium.webdriver.remote.remote_connection - DEBUG - Finished Request
2026-08-24 16:54:38 - selenium.webdriver.remote.remote_connection - DEBUG - POST http://localhost:50665/session/c5527ac0feaa18233d0d8ab025ead360/execute/sync {'script': "return document.querySelectorAll('[data-rpa-tag-id]').length > 0", 'args': []}
2026-08-24 16:54:38 - urllib3.connectionpool - DEBUG - http://localhost:50665 "POST /session/c5527ac0feaa18233d0d8ab025ead360/execute/sync HTTP/1.1" 200 0
2026-08-24 16:54:38 - selenium.webdriver.remote.remote_connection - DEBUG - Remote response: status=200 | data={"value":false} | headers=HTTPHeaderDict({'Content-Length': '15', 'Content-Type': 'application/json; charset=utf-8', 'cache-control': 'no-cache'})
2026-08-24 16:54:38 - selenium.webdriver.remote.remote_connection - DEBUG - Finished Request
2026-08-24 16:54:38 - selenium.webdriver.remote.remote_connection - DEBUG - POST http://localhost:50665/session/c5527ac0feaa18233d0d8ab025ead360/execute/sync {'script': "return document.querySelectorAll('[data-rpa-tag-id]').length > 0", 'args': []}
2026-08-24 16:54:38 - urllib3.connectionpool - DEBUG - http://localhost:50665 "POST /session/c5527ac0feaa18233d0d8ab025ead360/execute/sync HTTP/1.1" 200 0
2026-08-24 16:54:38 - selenium.webdriver.remote.remote_connection - DEBUG - Remote response: status=200 | data={"value":false} | headers=HTTPHeaderDict({'Content-Length': '15', 'Content-Type': 'application/json; charset=utf-8', 'cache-control': 'no-cache'})
2026-08-24 16:54:38 - selenium.webdriver.remote.remote_connection - DEBUG - Finished Request
2026-08-24 16:54:39 - selenium.webdriver.remote.remote_connection - DEBUG - POST http://localhost:50665/session/c5527ac0feaa18233d0d8ab025ead360/execute/sync {'script': "return document.querySelectorAll('[data-rpa-tag-id]').length > 0", 'args': []}
2026-08-24 16:54:39 - urllib3.connectionpool - DEBUG - http://localhost:50665 "POST /session/c5527ac0feaa18233d0d8ab025ead360/execute/sync HTTP/1.1" 200 0
2026-08-24 16:54:39 - selenium.webdriver.remote.remote_connection - DEBUG - Remote response: status=200 | data={"value":false} | headers=HTTPHeaderDict({'Content-Length': '15', 'Content-Type': 'application/json; charset=utf-8', 'cache-control': 'no-cache'})
2026-08-24 16:54:39 - selenium.webdriver.remote.remote_connection - DEBUG - Finished Request
2026-08-24 16:54:39 - selenium.webdriver.remote.remote_connection - DEBUG - POST http://localhost:50665/session/c5527ac0feaa18233d0d8ab025ead360/execute/sync {'script': "return document.querySelectorAll('[data-rpa-tag-id]').length > 0", 'args': []}
2026-08-24 16:54:39 - urllib3.connectionpool - DEBUG - http://localhost:50665 "POST /session/c5527ac0feaa18233d0d8ab025ead360/execute/sync HTTP/1.1" 200 0
2026-08-24 16:54:39 - selenium.webdriver.remote.remote_connection - DEBUG - Remote response: status=200 | data={"value":false} | headers=HTTPHeaderDict({'Content-Length': '15', 'Content-Type': 'application/json; charset=utf-8', 'cache-control': 'no-cache'})
2026-08-24 16:54:39 - selenium.webdriver.remote.remote_connection - DEBUG - Finished Request
2026-08-24 16:54:40 - selenium.webdriver.remote.remote_connection - DEBUG - POST http://localhost:50665/session/c5527ac0feaa18233d0d8ab025ead360/execute/sync {'script': "return document.querySelectorAll('[data-rpa-tag-id]').length > 0", 'args': []}
2026-08-24 16:54:40 - urllib3.connectionpool - DEBUG - http://localhost:50665 "POST /session/c5527ac0feaa18233d0d8ab025ead360/execute/sync HTTP/1.1" 200 0
2026-08-24 16:54:40 - selenium.webdriver.remote.remote_connection - DEBUG - Remote response: status=200 | data={"value":false} | headers=HTTPHeaderDict({'Content-Length': '15', 'Content-Type': 'application/json; charset=utf-8', 'cache-control': 'no-cache'})
2026-08-24 16:54:40 - selenium.webdriver.remote.remote_connection - DEBUG - Finished Request
2026-08-24 16:54:40 - selenium.webdriver.remote.remote_connection - DEBUG - POST http://localhost:50665/session/c5527ac0feaa18233d0d8ab025ead360/execute/sync {'script': "return document.querySelectorAll('[data-rpa-tag-id]').length > 0", 'args': []}
2026-08-24 16:54:40 - urllib3.connectionpool - DEBUG - http://localhost:50665 "POST /session/c5527ac0feaa18233d0d8ab025ead360/execute/sync HTTP/1.1" 200 0
2026-08-24 16:54:40 - selenium.webdriver.remote.remote_connection - DEBUG - Remote response: status=200 | data={"value":false} | headers=HTTPHeaderDict({'Content-Length': '15', 'Content-Type': 'application/json; charset=utf-8', 'cache-control': 'no-cache'})
2026-08-24 16:54:40 - selenium.webdriver.remote.remote_connection - DEBUG - Finished Request
2026-08-24 16:54:41 - selenium.webdriver.remote.remote_connection - DEBUG - POST http://localhost:50665/session/c5527ac0feaa18233d0d8ab025ead360/execute/sync {'script': "return document.querySelectorAll('[data-rpa-tag-id]').length > 0", 'args': []}
2026-08-24 16:54:41 - urllib3.connectionpool - DEBUG - http://localhost:50665 "POST /session/c5527ac0feaa18233d0d8ab025ead360/execute/sync HTTP/1.1" 200 0
2026-08-24 16:54:41 - selenium.webdriver.remote.remote_connection - DEBUG - Remote response: status=200 | data={"value":false} | headers=HTTPHeaderDict({'Content-Length': '15', 'Content-Type': 'application/json; charset=utf-8', 'cache-control': 'no-cache'})
2026-08-24 16:54:41 - selenium.webdriver.remote.remote_connection - DEBUG - Finished Request
2026-08-24 16:54:41 - selenium.webdriver.remote.remote_connection - DEBUG - POST http://localhost:50665/session/c5527ac0feaa18233d0d8ab025ead360/execute/sync {'script': "return document.querySelectorAll('[data-rpa-tag-id]').length > 0", 'args': []}
2026-08-24 16:54:42 - urllib3.connectionpool - DEBUG - http://localhost:50665 "POST /session/c5527ac0feaa18233d0d8ab025ead360/execute/sync HTTP/1.1" 200 0
2026-08-24 16:54:42 - selenium.webdriver.remote.remote_connection - DEBUG - Remote response: status=200 | data={"value":false} | headers=HTTPHeaderDict({'Content-Length': '15', 'Content-Type': 'application/json; charset=utf-8', 'cache-control': 'no-cache'})
2026-08-24 16:54:42 - selenium.webdriver.remote.remote_connection - DEBUG - Finished Request
2026-08-24 16:54:42 - selenium.webdriver.remote.remote_connection - DEBUG - POST http://localhost:50665/session/c5527ac0feaa18233d0d8ab025ead360/execute/sync {'script': "return document.querySelectorAll('[data-rpa-tag-id]').length > 0", 'args': []}
2026-08-24 16:54:42 - urllib3.connectionpool - DEBUG - http://localhost:50665 "POST /session/c5527ac0feaa18233d0d8ab025ead360/execute/sync HTTP/1.1" 200 0
2026-08-24 16:54:42 - selenium.webdriver.remote.remote_connection - DEBUG - Remote response: status=200 | data={"value":false} | headers=HTTPHeaderDict({'Content-Length': '15', 'Content-Type': 'application/json; charset=utf-8', 'cache-control': 'no-cache'})
2026-08-24 16:54:42 - selenium.webdriver.remote.remote_connection - DEBUG - Finished Request
2026-08-24 16:54:43 - selenium.webdriver.remote.remote_connection - DEBUG - POST http://localhost:50665/session/c5527ac0feaa18233d0d8ab025ead360/execute/sync {'script': "return document.querySelectorAll('[data-rpa-tag-id]').length > 0", 'args': []}
2026-08-24 16:54:43 - urllib3.connectionpool - DEBUG - http://localhost:50665 "POST /session/c5527ac0feaa18233d0d8ab025ead360/execute/sync HTTP/1.1" 200 0
2026-08-24 16:54:43 - selenium.webdriver.remote.remote_connection - DEBUG - Remote response: status=200 | data={"value":false} | headers=HTTPHeaderDict({'Content-Length': '15', 'Content-Type': 'application/json; charset=utf-8', 'cache-control': 'no-cache'})
2026-08-24 16:54:43 - selenium.webdriver.remote.remote_connection - DEBUG - Finished Request
2026-08-24 16:54:43 - selenium.webdriver.remote.remote_connection - DEBUG - POST http://localhost:50665/session/c5527ac0feaa18233d0d8ab025ead360/execute/sync {'script': "return document.querySelectorAll('[data-rpa-tag-id]').length > 0", 'args': []}
2026-08-24 16:54:43 - urllib3.connectionpool - DEBUG - http://localhost:50665 "POST /session/c5527ac0feaa18233d0d8ab025ead360/execute/sync HTTP/1.1" 200 0
2026-08-24 16:54:43 - selenium.webdriver.remote.remote_connection - DEBUG - Remote response: status=200 | data={"value":false} | headers=HTTPHeaderDict({'Content-Length': '15', 'Content-Type': 'application/json; charset=utf-8', 'cache-control': 'no-cache'})
2026-08-24 16:54:43 - selenium.webdriver.remote.remote_connection - DEBUG - Finished Request
2026-08-24 16:54:44 - selenium.webdriver.remote.remote_connection - DEBUG - POST http://localhost:50665/session/c5527ac0feaa18233d0d8ab025ead360/execute/sync {'script': "return document.querySelectorAll('[data-rpa-tag-id]').length > 0", 'args': []}
2026-08-24 16:54:44 - urllib3.connectionpool - DEBUG - http://localhost:50665 "POST /session/c5527ac0feaa18233d0d8ab025ead360/execute/sync HTTP/1.1" 200 0
2026-08-24 16:54:44 - selenium.webdriver.remote.remote_connection - DEBUG - Remote response: status=200 | data={"value":false} | headers=HTTPHeaderDict({'Content-Length': '15', 'Content-Type': 'application/json; charset=utf-8', 'cache-control': 'no-cache'})
2026-08-24 16:54:44 - selenium.webdriver.remote.remote_connection - DEBUG - Finished Request
2026-08-24 16:54:44 - selenium.webdriver.remote.remote_connection - DEBUG - POST http://localhost:50665/session/c5527ac0feaa18233d0d8ab025ead360/execute/sync {'script': "return document.querySelectorAll('[data-rpa-tag-id]').length > 0", 'args': []}
2026-08-24 16:54:44 - urllib3.connectionpool - DEBUG - http://localhost:50665 "POST /session/c5527ac0feaa18233d0d8ab025ead360/execute/sync HTTP/1.1" 200 0
2026-08-24 16:54:44 - selenium.webdriver.remote.remote_connection - DEBUG - Remote response: status=200 | data={"value":false} | headers=HTTPHeaderDict({'Content-Length': '15', 'Content-Type': 'application/json; charset=utf-8', 'cache-control': 'no-cache'})
2026-08-24 16:54:44 - selenium.webdriver.remote.remote_connection - DEBUG - Finished Request
2026-08-24 16:54:45 - selenium.webdriver.remote.remote_connection - DEBUG - POST http://localhost:50665/session/c5527ac0feaa18233d0d8ab025ead360/execute/sync {'script': "return document.querySelectorAll('[data-rpa-tag-id]').length > 0", 'args': []}
2026-08-24 16:54:45 - urllib3.connectionpool - DEBUG - http://localhost:50665 "POST /session/c5527ac0feaa18233d0d8ab025ead360/execute/sync HTTP/1.1" 200 0
2026-08-24 16:54:45 - selenium.webdriver.remote.remote_connection - DEBUG - Remote response: status=200 | data={"value":false} | headers=HTTPHeaderDict({'Content-Length': '15', 'Content-Type': 'application/json; charset=utf-8', 'cache-control': 'no-cache'})
2026-08-24 16:54:45 - selenium.webdriver.remote.remote_connection - DEBUG - Finished Request
2026-08-24 16:54:45 - selenium.webdriver.remote.remote_connection - DEBUG - POST http://localhost:50665/session/c5527ac0feaa18233d0d8ab025ead360/execute/sync {'script': "return document.querySelectorAll('[data-rpa-tag-id]').length > 0", 'args': []}
2026-08-24 16:54:45 - urllib3.connectionpool - DEBUG - http://localhost:50665 "POST /session/c5527ac0feaa18233d0d8ab025ead360/execute/sync HTTP/1.1" 200 0
2026-08-24 16:54:45 - selenium.webdriver.remote.remote_connection - DEBUG - Remote response: status=200 | data={"value":false} | headers=HTTPHeaderDict({'Content-Length': '15', 'Content-Type': 'application/json; charset=utf-8', 'cache-control': 'no-cache'})
2026-08-24 16:54:45 - selenium.webdriver.remote.remote_connection - DEBUG - Finished Request
2026-08-24 16:54:46 - selenium.webdriver.remote.remote_connection - DEBUG - POST http://localhost:50665/session/c5527ac0feaa18233d0d8ab025ead360/execute/sync {'script': "return document.querySelectorAll('[data-rpa-tag-id]').length > 0", 'args': []}
2026-08-24 16:54:46 - urllib3.connectionpool - DEBUG - http://localhost:50665 "POST /session/c5527ac0feaa18233d0d8ab025ead360/execute/sync HTTP/1.1" 200 0
2026-08-24 16:54:46 - selenium.webdriver.remote.remote_connection - DEBUG - Remote response: status=200 | data={"value":false} | headers=HTTPHeaderDict({'Content-Length': '15', 'Content-Type': 'application/json; charset=utf-8', 'cache-control': 'no-cache'})
2026-08-24 16:54:46 - selenium.webdriver.remote.remote_connection - DEBUG - Finished Request
2026-08-24 16:54:46 - selenium.webdriver.remote.remote_connection - DEBUG - POST http://localhost:50665/session/c5527ac0feaa18233d0d8ab025ead360/execute/sync {'script': "return document.querySelectorAll('[data-rpa-tag-id]').length > 0", 'args': []}
2026-08-24 16:54:46 - urllib3.connectionpool - DEBUG - http://localhost:50665 "POST /session/c5527ac0feaa18233d0d8ab025ead360/execute/sync HTTP/1.1" 200 0
2026-08-24 16:54:46 - selenium.webdriver.remote.remote_connection - DEBUG - Remote response: status=200 | data={"value":false} | headers=HTTPHeaderDict({'Content-Length': '15', 'Content-Type': 'application/json; charset=utf-8', 'cache-control': 'no-cache'})
2026-08-24 16:54:46 - selenium.webdriver.remote.remote_connection - DEBUG - Finished Request
2026-08-24 16:54:47 - selenium.webdriver.remote.remote_connection - DEBUG - POST http://localhost:50665/session/c5527ac0feaa18233d0d8ab025ead360/execute/sync {'script': "return document.querySelectorAll('[data-rpa-tag-id]').length > 0", 'args': []}
2026-08-24 16:54:47 - urllib3.connectionpool - DEBUG - http://localhost:50665 "POST /session/c5527ac0feaa18233d0d8ab025ead360/execute/sync HTTP/1.1" 200 0
2026-08-24 16:54:47 - selenium.webdriver.remote.remote_connection - DEBUG - Remote response: status=200 | data={"value":false} | headers=HTTPHeaderDict({'Content-Length': '15', 'Content-Type': 'application/json; charset=utf-8', 'cache-control': 'no-cache'})
2026-08-24 16:54:47 - selenium.webdriver.remote.remote_connection - DEBUG - Finished Request
2026-08-24 16:54:47 - scraper - WARNING - Angular did not bootstrap within 30s — will refresh
2026-08-24 16:54:47 - scraper - INFO - Angular stalled — refreshing page (bundle now cached)
2026-08-24 16:54:47 - selenium.webdriver.remote.remote_connection - DEBUG - POST http://localhost:50665/session/c5527ac0feaa18233d0d8ab025ead360/refresh {}
2026-08-24 16:54:49 - urllib3.connectionpool - DEBUG - http://localhost:50665 "POST /session/c5527ac0feaa18233d0d8ab025ead360/refresh HTTP/1.1" 200 0
2026-08-24 16:54:49 - selenium.webdriver.remote.remote_connection - DEBUG - Remote response: status=200 | data={"value":null} | headers=HTTPHeaderDict({'Content-Length': '14', 'Content-Type': 'application/json; charset=utf-8', 'cache-control': 'no-cache'})
2026-08-24 16:54:49 - selenium.webdriver.remote.remote_connection - DEBUG - Finished Request
2026-08-24 16:54:49 - selenium.webdriver.remote.remote_connection - DEBUG - POST http://localhost:50665/session/c5527ac0feaa18233d0d8ab025ead360/execute/sync {'script': "\n                var candidates = [\n                    document.querySelector('#onetrust-accept-btn...", 'args': []}
2026-08-24 16:54:49 - urllib3.connectionpool - DEBUG - http://localhost:50665 "POST /session/c5527ac0feaa18233d0d8ab025ead360/execute/sync HTTP/1.1" 200 0
2026-08-24 16:54:49 - selenium.webdriver.remote.remote_connection - DEBUG - Remote response: status=200 | data={"value":null} | headers=HTTPHeaderDict({'Content-Length': '14', 'Content-Type': 'application/json; charset=utf-8', 'cache-control': 'no-cache'})
2026-08-24 16:54:49 - selenium.webdriver.remote.remote_connection - DEBUG - Finished Request
2026-08-24 16:54:49 - selenium.webdriver.remote.remote_connection - DEBUG - POST http://localhost:50665/session/c5527ac0feaa18233d0d8ab025ead360/execute/sync {'script': "return document.querySelectorAll('[data-rpa-tag-id]').length > 0", 'args': []}
2026-08-24 16:54:50 - urllib3.connectionpool - DEBUG - http://localhost:50665 "POST /session/c5527ac0feaa18233d0d8ab025ead360/execute/sync HTTP/1.1" 200 0
2026-08-24 16:54:50 - selenium.webdriver.remote.remote_connection - DEBUG - Remote response: status=200 | data={"value":false} | headers=HTTPHeaderDict({'Content-Length': '15', 'Content-Type': 'application/json; charset=utf-8', 'cache-control': 'no-cache'})
2026-08-24 16:54:50 - selenium.webdriver.remote.remote_connection - DEBUG - Finished Request
2026-08-24 16:54:50 - selenium.webdriver.remote.remote_connection - DEBUG - POST http://localhost:50665/session/c5527ac0feaa18233d0d8ab025ead360/execute/sync {'script': "return document.querySelectorAll('[data-rpa-tag-id]').length > 0", 'args': []}
2026-08-24 16:54:52 - urllib3.connectionpool - DEBUG - http://localhost:50665 "POST /session/c5527ac0feaa18233d0d8ab025ead360/execute/sync HTTP/1.1" 200 0
2026-08-24 16:54:52 - selenium.webdriver.remote.remote_connection - DEBUG - Remote response: status=200 | data={"value":false} | headers=HTTPHeaderDict({'Content-Length': '15', 'Content-Type': 'application/json; charset=utf-8', 'cache-control': 'no-cache'})
2026-08-24 16:54:52 - selenium.webdriver.remote.remote_connection - DEBUG - Finished Request
2026-08-24 16:54:52 - selenium.webdriver.remote.remote_connection - DEBUG - POST http://localhost:50665/session/c5527ac0feaa18233d0d8ab025ead360/execute/sync {'script': "return document.querySelectorAll('[data-rpa-tag-id]').length > 0", 'args': []}
2026-08-24 16:54:52 - urllib3.connectionpool - DEBUG - http://localhost:50665 "POST /session/c5527ac0feaa18233d0d8ab025ead360/execute/sync HTTP/1.1" 200 0
2026-08-24 16:54:52 - selenium.webdriver.remote.remote_connection - DEBUG - Remote response: status=200 | data={"value":false} | headers=HTTPHeaderDict({'Content-Length': '15', 'Content-Type': 'application/json; charset=utf-8', 'cache-control': 'no-cache'})
2026-08-24 16:54:52 - selenium.webdriver.remote.remote_connection - DEBUG - Finished Request
2026-08-24 16:54:53 - selenium.webdriver.remote.remote_connection - DEBUG - POST http://localhost:50665/session/c5527ac0feaa18233d0d8ab025ead360/execute/sync {'script': "return document.querySelectorAll('[data-rpa-tag-id]').length > 0", 'args': []}
2026-08-24 16:54:53 - urllib3.connectionpool - DEBUG - http://localhost:50665 "POST /session/c5527ac0feaa18233d0d8ab025ead360/execute/sync HTTP/1.1" 200 0
2026-08-24 16:54:53 - selenium.webdriver.remote.remote_connection - DEBUG - Remote response: status=200 | data={"value":false} | headers=HTTPHeaderDict({'Content-Length': '15', 'Content-Type': 'application/json; charset=utf-8', 'cache-control': 'no-cache'})
2026-08-24 16:54:53 - selenium.webdriver.remote.remote_connection - DEBUG - Finished Request
2026-08-24 16:54:53 - selenium.webdriver.remote.remote_connection - DEBUG - POST http://localhost:50665/session/c5527ac0feaa18233d0d8ab025ead360/execute/sync {'script': "return document.querySelectorAll('[data-rpa-tag-id]').length > 0", 'args': []}
2026-08-24 16:54:53 - urllib3.connectionpool - DEBUG - http://localhost:50665 "POST /session/c5527ac0feaa18233d0d8ab025ead360/execute/sync HTTP/1.1" 200 0
2026-08-24 16:54:53 - selenium.webdriver.remote.remote_connection - DEBUG - Remote response: status=200 | data={"value":false} | headers=HTTPHeaderDict({'Content-Length': '15', 'Content-Type': 'application/json; charset=utf-8', 'cache-control': 'no-cache'})
2026-08-24 16:54:53 - selenium.webdriver.remote.remote_connection - DEBUG - Finished Request
2026-08-24 16:54:54 - selenium.webdriver.remote.remote_connection - DEBUG - POST http://localhost:50665/session/c5527ac0feaa18233d0d8ab025ead360/execute/sync {'script': "return document.querySelectorAll('[data-rpa-tag-id]').length > 0", 'args': []}
2026-08-24 16:54:54 - urllib3.connectionpool - DEBUG - http://localhost:50665 "POST /session/c5527ac0feaa18233d0d8ab025ead360/execute/sync HTTP/1.1" 200 0
2026-08-24 16:54:54 - selenium.webdriver.remote.remote_connection - DEBUG - Remote response: status=200 | data={"value":false} | headers=HTTPHeaderDict({'Content-Length': '15', 'Content-Type': 'application/json; charset=utf-8', 'cache-control': 'no-cache'})
2026-08-24 16:54:54 - selenium.webdriver.remote.remote_connection - DEBUG - Finished Request
2026-08-24 16:54:54 - selenium.webdriver.remote.remote_connection - DEBUG - POST http://localhost:50665/session/c5527ac0feaa18233d0d8ab025ead360/execute/sync {'script': "return document.querySelectorAll('[data-rpa-tag-id]').length > 0", 'args': []}
2026-08-24 16:54:54 - urllib3.connectionpool - DEBUG - http://localhost:50665 "POST /session/c5527ac0feaa18233d0d8ab025ead360/execute/sync HTTP/1.1" 200 0
2026-08-24 16:54:54 - selenium.webdriver.remote.remote_connection - DEBUG - Remote response: status=200 | data={"value":false} | headers=HTTPHeaderDict({'Content-Length': '15', 'Content-Type': 'application/json; charset=utf-8', 'cache-control': 'no-cache'})
2026-08-24 16:54:54 - selenium.webdriver.remote.remote_connection - DEBUG - Finished Request
2026-08-24 16:54:55 - selenium.webdriver.remote.remote_connection - DEBUG - POST http://localhost:50665/session/c5527ac0feaa18233d0d8ab025ead360/execute/sync {'script': "return document.querySelectorAll('[data-rpa-tag-id]').length > 0", 'args': []}
2026-08-24 16:54:55 - urllib3.connectionpool - DEBUG - http://localhost:50665 "POST /session/c5527ac0feaa18233d0d8ab025ead360/execute/sync HTTP/1.1" 200 0
2026-08-24 16:54:55 - selenium.webdriver.remote.remote_connection - DEBUG - Remote response: status=200 | data={"value":false} | headers=HTTPHeaderDict({'Content-Length': '15', 'Content-Type': 'application/json; charset=utf-8', 'cache-control': 'no-cache'})
2026-08-24 16:54:55 - selenium.webdriver.remote.remote_connection - DEBUG - Finished Request
2026-08-24 16:54:55 - selenium.webdriver.remote.remote_connection - DEBUG - POST http://localhost:50665/session/c5527ac0feaa18233d0d8ab025ead360/execute/sync {'script': "return document.querySelectorAll('[data-rpa-tag-id]').length > 0", 'args': []}
2026-08-24 16:54:55 - urllib3.connectionpool - DEBUG - http://localhost:50665 "POST /session/c5527ac0feaa18233d0d8ab025ead360/execute/sync HTTP/1.1" 200 0
2026-08-24 16:54:55 - selenium.webdriver.remote.remote_connection - DEBUG - Remote response: status=200 | data={"value":false} | headers=HTTPHeaderDict({'Content-Length': '15', 'Content-Type': 'application/json; charset=utf-8', 'cache-control': 'no-cache'})
2026-08-24 16:54:55 - selenium.webdriver.remote.remote_connection - DEBUG - Finished Request
2026-08-24 16:54:56 - selenium.webdriver.remote.remote_connection - DEBUG - POST http://localhost:50665/session/c5527ac0feaa18233d0d8ab025ead360/execute/sync {'script': "return document.querySelectorAll('[data-rpa-tag-id]').length > 0", 'args': []}
2026-08-24 16:54:56 - urllib3.connectionpool - DEBUG - http://localhost:50665 "POST /session/c5527ac0feaa18233d0d8ab025ead360/execute/sync HTTP/1.1" 200 0
2026-08-24 16:54:56 - selenium.webdriver.remote.remote_connection - DEBUG - Remote response: status=200 | data={"value":false} | headers=HTTPHeaderDict({'Content-Length': '15', 'Content-Type': 'application/json; charset=utf-8', 'cache-control': 'no-cache'})
2026-08-24 16:54:56 - selenium.webdriver.remote.remote_connection - DEBUG - Finished Request
2026-08-24 16:54:56 - selenium.webdriver.remote.remote_connection - DEBUG - POST http://localhost:50665/session/c5527ac0feaa18233d0d8ab025ead360/execute/sync {'script': "return document.querySelectorAll('[data-rpa-tag-id]').length > 0", 'args': []}
2026-08-24 16:54:56 - urllib3.connectionpool - DEBUG - http://localhost:50665 "POST /session/c5527ac0feaa18233d0d8ab025ead360/execute/sync HTTP/1.1" 200 0
2026-08-24 16:54:56 - selenium.webdriver.remote.remote_connection - DEBUG - Remote response: status=200 | data={"value":false} | headers=HTTPHeaderDict({'Content-Length': '15', 'Content-Type': 'application/json; charset=utf-8', 'cache-control': 'no-cache'})
2026-08-24 16:54:56 - selenium.webdriver.remote.remote_connection - DEBUG - Finished Request
2026-08-24 16:54:57 - selenium.webdriver.remote.remote_connection - DEBUG - POST http://localhost:50665/session/c5527ac0feaa18233d0d8ab025ead360/execute/sync {'script': "return document.querySelectorAll('[data-rpa-tag-id]').length > 0", 'args': []}
2026-08-24 16:54:57 - urllib3.connectionpool - DEBUG - http://localhost:50665 "POST /session/c5527ac0feaa18233d0d8ab025ead360/execute/sync HTTP/1.1" 200 0
2026-08-24 16:54:57 - selenium.webdriver.remote.remote_connection - DEBUG - Remote response: status=200 | data={"value":false} | headers=HTTPHeaderDict({'Content-Length': '15', 'Content-Type': 'application/json; charset=utf-8', 'cache-control': 'no-cache'})
2026-08-24 16:54:57 - selenium.webdriver.remote.remote_connection - DEBUG - Finished Request
2026-08-24 16:54:58 - selenium.webdriver.remote.remote_connection - DEBUG - POST http://localhost:50665/session/c5527ac0feaa18233d0d8ab025ead360/execute/sync {'script': "return document.querySelectorAll('[data-rpa-tag-id]').length > 0", 'args': []}
2026-08-24 16:54:58 - urllib3.connectionpool - DEBUG - http://localhost:50665 "POST /session/c5527ac0feaa18233d0d8ab025ead360/execute/sync HTTP/1.1" 200 0
2026-08-24 16:54:58 - selenium.webdriver.remote.remote_connection - DEBUG - Remote response: status=200 | data={"value":false} | headers=HTTPHeaderDict({'Content-Length': '15', 'Content-Type': 'application/json; charset=utf-8', 'cache-control': 'no-cache'})
2026-08-24 16:54:58 - selenium.webdriver.remote.remote_connection - DEBUG - Finished Request
2026-08-24 16:54:58 - selenium.webdriver.remote.remote_connection - DEBUG - POST http://localhost:50665/session/c5527ac0feaa18233d0d8ab025ead360/execute/sync {'script': "return document.querySelectorAll('[data-rpa-tag-id]').length > 0", 'args': []}
2026-08-24 16:54:58 - urllib3.connectionpool - DEBUG - http://localhost:50665 "POST /session/c5527ac0feaa18233d0d8ab025ead360/execute/sync HTTP/1.1" 200 0
2026-08-24 16:54:58 - selenium.webdriver.remote.remote_connection - DEBUG - Remote response: status=200 | data={"value":false} | headers=HTTPHeaderDict({'Content-Length': '15', 'Content-Type': 'application/json; charset=utf-8', 'cache-control': 'no-cache'})
2026-08-24 16:54:58 - selenium.webdriver.remote.remote_connection - DEBUG - Finished Request
2026-08-24 16:54:59 - selenium.webdriver.remote.remote_connection - DEBUG - POST http://localhost:50665/session/c5527ac0feaa18233d0d8ab025ead360/execute/sync {'script': "return document.querySelectorAll('[data-rpa-tag-id]').length > 0", 'args': []}
2026-08-24 16:55:00 - urllib3.connectionpool - DEBUG - http://localhost:50665 "POST /session/c5527ac0feaa18233d0d8ab025ead360/execute/sync HTTP/1.1" 200 0
2026-08-24 16:55:00 - selenium.webdriver.remote.remote_connection - DEBUG - Remote response: status=200 | data={"value":false} | headers=HTTPHeaderDict({'Content-Length': '15', 'Content-Type': 'application/json; charset=utf-8', 'cache-control': 'no-cache'})
2026-08-24 16:55:00 - selenium.webdriver.remote.remote_connection - DEBUG - Finished Request
2026-08-24 16:55:00 - selenium.webdriver.remote.remote_connection - DEBUG - POST http://localhost:50665/session/c5527ac0feaa18233d0d8ab025ead360/execute/sync {'script': "return document.querySelectorAll('[data-rpa-tag-id]').length > 0", 'args': []}
2026-08-24 16:55:00 - urllib3.connectionpool - DEBUG - http://localhost:50665 "POST /session/c5527ac0feaa18233d0d8ab025ead360/execute/sync HTTP/1.1" 200 0
2026-08-24 16:55:00 - selenium.webdriver.remote.remote_connection - DEBUG - Remote response: status=200 | data={"value":false} | headers=HTTPHeaderDict({'Content-Length': '15', 'Content-Type': 'application/json; charset=utf-8', 'cache-control': 'no-cache'})
2026-08-24 16:55:00 - selenium.webdriver.remote.remote_connection - DEBUG - Finished Request
2026-08-24 16:55:01 - selenium.webdriver.remote.remote_connection - DEBUG - POST http://localhost:50665/session/c5527ac0feaa18233d0d8ab025ead360/execute/sync {'script': "return document.querySelectorAll('[data-rpa-tag-id]').length > 0", 'args': []}
2026-08-24 16:55:01 - urllib3.connectionpool - DEBUG - http://localhost:50665 "POST /session/c5527ac0feaa18233d0d8ab025ead360/execute/sync HTTP/1.1" 200 0
2026-08-24 16:55:01 - selenium.webdriver.remote.remote_connection - DEBUG - Remote response: status=200 | data={"value":false} | headers=HTTPHeaderDict({'Content-Length': '15', 'Content-Type': 'application/json; charset=utf-8', 'cache-control': 'no-cache'})
2026-08-24 16:55:01 - selenium.webdriver.remote.remote_connection - DEBUG - Finished Request
2026-08-24 16:55:01 - selenium.webdriver.remote.remote_connection - DEBUG - POST http://localhost:50665/session/c5527ac0feaa18233d0d8ab025ead360/execute/sync {'script': "return document.querySelectorAll('[data-rpa-tag-id]').length > 0", 'args': []}
2026-08-24 16:55:01 - urllib3.connectionpool - DEBUG - http://localhost:50665 "POST /session/c5527ac0feaa18233d0d8ab025ead360/execute/sync HTTP/1.1" 200 0
2026-08-24 16:55:01 - selenium.webdriver.remote.remote_connection - DEBUG - Remote response: status=200 | data={"value":false} | headers=HTTPHeaderDict({'Content-Length': '15', 'Content-Type': 'application/json; charset=utf-8', 'cache-control': 'no-cache'})
2026-08-24 16:55:01 - selenium.webdriver.remote.remote_connection - DEBUG - Finished Request
2026-08-24 16:55:02 - selenium.webdriver.remote.remote_connection - DEBUG - POST http://localhost:50665/session/c5527ac0feaa18233d0d8ab025ead360/execute/sync {'script': "return document.querySelectorAll('[data-rpa-tag-id]').length > 0", 'args': []}
2026-08-24 16:55:02 - urllib3.connectionpool - DEBUG - http://localhost:50665 "POST /session/c5527ac0feaa18233d0d8ab025ead360/execute/sync HTTP/1.1" 200 0
2026-08-24 16:55:02 - selenium.webdriver.remote.remote_connection - DEBUG - Remote response: status=200 | data={"value":false} | headers=HTTPHeaderDict({'Content-Length': '15', 'Content-Type': 'application/json; charset=utf-8', 'cache-control': 'no-cache'})
2026-08-24 16:55:02 - selenium.webdriver.remote.remote_connection - DEBUG - Finished Request
2026-08-24 16:55:02 - selenium.webdriver.remote.remote_connection - DEBUG - POST http://localhost:50665/session/c5527ac0feaa18233d0d8ab025ead360/execute/sync {'script': "return document.querySelectorAll('[data-rpa-tag-id]').length > 0", 'args': []}
2026-08-24 16:55:02 - urllib3.connectionpool - DEBUG - http://localhost:50665 "POST /session/c5527ac0feaa18233d0d8ab025ead360/execute/sync HTTP/1.1" 200 0
2026-08-24 16:55:02 - selenium.webdriver.remote.remote_connection - DEBUG - Remote response: status=200 | data={"value":false} | headers=HTTPHeaderDict({'Content-Length': '15', 'Content-Type': 'application/json; charset=utf-8', 'cache-control': 'no-cache'})
2026-08-24 16:55:02 - selenium.webdriver.remote.remote_connection - DEBUG - Finished Request
2026-08-24 16:55:03 - selenium.webdriver.remote.remote_connection - DEBUG - POST http://localhost:50665/session/c5527ac0feaa18233d0d8ab025ead360/execute/sync {'script': "return document.querySelectorAll('[data-rpa-tag-id]').length > 0", 'args': []}
2026-08-24 16:55:03 - urllib3.connectionpool - DEBUG - http://localhost:50665 "POST /session/c5527ac0feaa18233d0d8ab025ead360/execute/sync HTTP/1.1" 200 0
2026-08-24 16:55:03 - selenium.webdriver.remote.remote_connection - DEBUG - Remote response: status=200 | data={"value":false} | headers=HTTPHeaderDict({'Content-Length': '15', 'Content-Type': 'application/json; charset=utf-8', 'cache-control': 'no-cache'})
2026-08-24 16:55:03 - selenium.webdriver.remote.remote_connection - DEBUG - Finished Request
2026-08-24 16:55:04 - selenium.webdriver.remote.remote_connection - DEBUG - POST http://localhost:50665/session/c5527ac0feaa18233d0d8ab025ead360/execute/sync {'script': "return document.querySelectorAll('[data-rpa-tag-id]').length > 0", 'args': []}
2026-08-24 16:55:04 - urllib3.connectionpool - DEBUG - http://localhost:50665 "POST /session/c5527ac0feaa18233d0d8ab025ead360/execute/sync HTTP/1.1" 200 0
2026-08-24 16:55:04 - selenium.webdriver.remote.remote_connection - DEBUG - Remote response: status=200 | data={"value":false} | headers=HTTPHeaderDict({'Content-Length': '15', 'Content-Type': 'application/json; charset=utf-8', 'cache-control': 'no-cache'})
2026-08-24 16:55:04 - selenium.webdriver.remote.remote_connection - DEBUG - Finished Request
2026-08-24 16:55:04 - selenium.webdriver.remote.remote_connection - DEBUG - POST http://localhost:50665/session/c5527ac0feaa18233d0d8ab025ead360/execute/sync {'script': "return document.querySelectorAll('[data-rpa-tag-id]').length > 0", 'args': []}
2026-08-24 16:55:04 - urllib3.connectionpool - DEBUG - http://localhost:50665 "POST /session/c5527ac0feaa18233d0d8ab025ead360/execute/sync HTTP/1.1" 200 0
2026-08-24 16:55:04 - selenium.webdriver.remote.remote_connection - DEBUG - Remote response: status=200 | data={"value":false} | headers=HTTPHeaderDict({'Content-Length': '15', 'Content-Type': 'application/json; charset=utf-8', 'cache-control': 'no-cache'})
2026-08-24 16:55:04 - selenium.webdriver.remote.remote_connection - DEBUG - Finished Request
2026-08-24 16:55:05 - selenium.webdriver.remote.remote_connection - DEBUG - POST http://localhost:50665/session/c5527ac0feaa18233d0d8ab025ead360/execute/sync {'script': "return document.querySelectorAll('[data-rpa-tag-id]').length > 0", 'args': []}
2026-08-24 16:55:05 - urllib3.connectionpool - DEBUG - http://localhost:50665 "POST /session/c5527ac0feaa18233d0d8ab025ead360/execute/sync HTTP/1.1" 200 0
2026-08-24 16:55:05 - selenium.webdriver.remote.remote_connection - DEBUG - Remote response: status=200 | data={"value":false} | headers=HTTPHeaderDict({'Content-Length': '15', 'Content-Type': 'application/json; charset=utf-8', 'cache-control': 'no-cache'})
2026-08-24 16:55:05 - selenium.webdriver.remote.remote_connection - DEBUG - Finished Request
2026-08-24 16:55:06 - selenium.webdriver.remote.remote_connection - DEBUG - POST http://localhost:50665/session/c5527ac0feaa18233d0d8ab025ead360/execute/sync {'script': "return document.querySelectorAll('[data-rpa-tag-id]').length > 0", 'args': []}
2026-08-24 16:55:06 - urllib3.connectionpool - DEBUG - http://localhost:50665 "POST /session/c5527ac0feaa18233d0d8ab025ead360/execute/sync HTTP/1.1" 200 0
2026-08-24 16:55:06 - selenium.webdriver.remote.remote_connection - DEBUG - Remote response: status=200 | data={"value":false} | headers=HTTPHeaderDict({'Content-Length': '15', 'Content-Type': 'application/json; charset=utf-8', 'cache-control': 'no-cache'})
2026-08-24 16:55:06 - selenium.webdriver.remote.remote_connection - DEBUG - Finished Request
2026-08-24 16:55:06 - selenium.webdriver.remote.remote_connection - DEBUG - POST http://localhost:50665/session/c5527ac0feaa18233d0d8ab025ead360/execute/sync {'script': "return document.querySelectorAll('[data-rpa-tag-id]').length > 0", 'args': []}
2026-08-24 16:55:06 - urllib3.connectionpool - DEBUG - http://localhost:50665 "POST /session/c5527ac0feaa18233d0d8ab025ead360/execute/sync HTTP/1.1" 200 0
2026-08-24 16:55:06 - selenium.webdriver.remote.remote_connection - DEBUG - Remote response: status=200 | data={"value":false} | headers=HTTPHeaderDict({'Content-Length': '15', 'Content-Type': 'application/json; charset=utf-8', 'cache-control': 'no-cache'})
2026-08-24 16:55:06 - selenium.webdriver.remote.remote_connection - DEBUG - Finished Request
2026-08-24 16:55:07 - selenium.webdriver.remote.remote_connection - DEBUG - POST http://localhost:50665/session/c5527ac0feaa18233d0d8ab025ead360/execute/sync {'script': "return document.querySelectorAll('[data-rpa-tag-id]').length > 0", 'args': []}
2026-08-24 16:55:07 - urllib3.connectionpool - DEBUG - http://localhost:50665 "POST /session/c5527ac0feaa18233d0d8ab025ead360/execute/sync HTTP/1.1" 200 0
2026-08-24 16:55:07 - selenium.webdriver.remote.remote_connection - DEBUG - Remote response: status=200 | data={"value":false} | headers=HTTPHeaderDict({'Content-Length': '15', 'Content-Type': 'application/json; charset=utf-8', 'cache-control': 'no-cache'})
2026-08-24 16:55:07 - selenium.webdriver.remote.remote_connection - DEBUG - Finished Request
2026-08-24 16:55:07 - selenium.webdriver.remote.remote_connection - DEBUG - POST http://localhost:50665/session/c5527ac0feaa18233d0d8ab025ead360/execute/sync {'script': "return document.querySelectorAll('[data-rpa-tag-id]').length > 0", 'args': []}
2026-08-24 16:55:07 - urllib3.connectionpool - DEBUG - http://localhost:50665 "POST /session/c5527ac0feaa18233d0d8ab025ead360/execute/sync HTTP/1.1" 200 0
2026-08-24 16:55:07 - selenium.webdriver.remote.remote_connection - DEBUG - Remote response: status=200 | data={"value":false} | headers=HTTPHeaderDict({'Content-Length': '15', 'Content-Type': 'application/json; charset=utf-8', 'cache-control': 'no-cache'})
2026-08-24 16:55:07 - selenium.webdriver.remote.remote_connection - DEBUG - Finished Request
2026-08-24 16:55:08 - selenium.webdriver.remote.remote_connection - DEBUG - POST http://localhost:50665/session/c5527ac0feaa18233d0d8ab025ead360/execute/sync {'script': "return document.querySelectorAll('[data-rpa-tag-id]').length > 0", 'args': []}
2026-08-24 16:55:08 - urllib3.connectionpool - DEBUG - http://localhost:50665 "POST /session/c5527ac0feaa18233d0d8ab025ead360/execute/sync HTTP/1.1" 200 0
2026-08-24 16:55:08 - selenium.webdriver.remote.remote_connection - DEBUG - Remote response: status=200 | data={"value":false} | headers=HTTPHeaderDict({'Content-Length': '15', 'Content-Type': 'application/json; charset=utf-8', 'cache-control': 'no-cache'})
2026-08-24 16:55:08 - selenium.webdriver.remote.remote_connection - DEBUG - Finished Request
2026-08-24 16:55:08 - selenium.webdriver.remote.remote_connection - DEBUG - POST http://localhost:50665/session/c5527ac0feaa18233d0d8ab025ead360/execute/sync {'script': "return document.querySelectorAll('[data-rpa-tag-id]').length > 0", 'args': []}
2026-08-24 16:55:08 - urllib3.connectionpool - DEBUG - http://localhost:50665 "POST /session/c5527ac0feaa18233d0d8ab025ead360/execute/sync HTTP/1.1" 200 0
2026-08-24 16:55:08 - selenium.webdriver.remote.remote_connection - DEBUG - Remote response: status=200 | data={"value":false} | headers=HTTPHeaderDict({'Content-Length': '15', 'Content-Type': 'application/json; charset=utf-8', 'cache-control': 'no-cache'})
2026-08-24 16:55:08 - selenium.webdriver.remote.remote_connection - DEBUG - Finished Request
2026-08-24 16:55:09 - selenium.webdriver.remote.remote_connection - DEBUG - POST http://localhost:50665/session/c5527ac0feaa18233d0d8ab025ead360/execute/sync {'script': "return document.querySelectorAll('[data-rpa-tag-id]').length > 0", 'args': []}
2026-08-24 16:55:09 - urllib3.connectionpool - DEBUG - http://localhost:50665 "POST /session/c5527ac0feaa18233d0d8ab025ead360/execute/sync HTTP/1.1" 200 0
2026-08-24 16:55:09 - selenium.webdriver.remote.remote_connection - DEBUG - Remote response: status=200 | data={"value":false} | headers=HTTPHeaderDict({'Content-Length': '15', 'Content-Type': 'application/json; charset=utf-8', 'cache-control': 'no-cache'})
2026-08-24 16:55:09 - selenium.webdriver.remote.remote_connection - DEBUG - Finished Request
2026-08-24 16:55:09 - selenium.webdriver.remote.remote_connection - DEBUG - POST http://localhost:50665/session/c5527ac0feaa18233d0d8ab025ead360/execute/sync {'script': "return document.querySelectorAll('[data-rpa-tag-id]').length > 0", 'args': []}
2026-08-24 16:55:09 - urllib3.connectionpool - DEBUG - http://localhost:50665 "POST /session/c5527ac0feaa18233d0d8ab025ead360/execute/sync HTTP/1.1" 200 0
2026-08-24 16:55:09 - selenium.webdriver.remote.remote_connection - DEBUG - Remote response: status=200 | data={"value":false} | headers=HTTPHeaderDict({'Content-Length': '15', 'Content-Type': 'application/json; charset=utf-8', 'cache-control': 'no-cache'})
2026-08-24 16:55:09 - selenium.webdriver.remote.remote_connection - DEBUG - Finished Request
2026-08-24 16:55:10 - selenium.webdriver.remote.remote_connection - DEBUG - POST http://localhost:50665/session/c5527ac0feaa18233d0d8ab025ead360/execute/sync {'script': "return document.querySelectorAll('[data-rpa-tag-id]').length > 0", 'args': []}
2026-08-24 16:55:10 - urllib3.connectionpool - DEBUG - http://localhost:50665 "POST /session/c5527ac0feaa18233d0d8ab025ead360/execute/sync HTTP/1.1" 200 0
2026-08-24 16:55:10 - selenium.webdriver.remote.remote_connection - DEBUG - Remote response: status=200 | data={"value":false} | headers=HTTPHeaderDict({'Content-Length': '15', 'Content-Type': 'application/json; charset=utf-8', 'cache-control': 'no-cache'})
2026-08-24 16:55:10 - selenium.webdriver.remote.remote_connection - DEBUG - Finished Request
2026-08-24 16:55:10 - selenium.webdriver.remote.remote_connection - DEBUG - POST http://localhost:50665/session/c5527ac0feaa18233d0d8ab025ead360/execute/sync {'script': "return document.querySelectorAll('[data-rpa-tag-id]').length > 0", 'args': []}
2026-08-24 16:55:10 - urllib3.connectionpool - DEBUG - http://localhost:50665 "POST /session/c5527ac0feaa18233d0d8ab025ead360/execute/sync HTTP/1.1" 200 0
2026-08-24 16:55:10 - selenium.webdriver.remote.remote_connection - DEBUG - Remote response: status=200 | data={"value":false} | headers=HTTPHeaderDict({'Content-Length': '15', 'Content-Type': 'application/json; charset=utf-8', 'cache-control': 'no-cache'})
2026-08-24 16:55:10 - selenium.webdriver.remote.remote_connection - DEBUG - Finished Request
2026-08-24 16:55:11 - selenium.webdriver.remote.remote_connection - DEBUG - POST http://localhost:50665/session/c5527ac0feaa18233d0d8ab025ead360/execute/sync {'script': "return document.querySelectorAll('[data-rpa-tag-id]').length > 0", 'args': []}
2026-08-24 16:55:11 - urllib3.connectionpool - DEBUG - http://localhost:50665 "POST /session/c5527ac0feaa18233d0d8ab025ead360/execute/sync HTTP/1.1" 200 0
2026-08-24 16:55:11 - selenium.webdriver.remote.remote_connection - DEBUG - Remote response: status=200 | data={"value":false} | headers=HTTPHeaderDict({'Content-Length': '15', 'Content-Type': 'application/json; charset=utf-8', 'cache-control': 'no-cache'})
2026-08-24 16:55:11 - selenium.webdriver.remote.remote_connection - DEBUG - Finished Request
2026-08-24 16:55:11 - selenium.webdriver.remote.remote_connection - DEBUG - POST http://localhost:50665/session/c5527ac0feaa18233d0d8ab025ead360/execute/sync {'script': "return document.querySelectorAll('[data-rpa-tag-id]').length > 0", 'args': []}
2026-08-24 16:55:11 - urllib3.connectionpool - DEBUG - http://localhost:50665 "POST /session/c5527ac0feaa18233d0d8ab025ead360/execute/sync HTTP/1.1" 200 0
2026-08-24 16:55:11 - selenium.webdriver.remote.remote_connection - DEBUG - Remote response: status=200 | data={"value":false} | headers=HTTPHeaderDict({'Content-Length': '15', 'Content-Type': 'application/json; charset=utf-8', 'cache-control': 'no-cache'})
2026-08-24 16:55:11 - selenium.webdriver.remote.remote_connection - DEBUG - Finished Request
2026-08-24 16:55:12 - selenium.webdriver.remote.remote_connection - DEBUG - POST http://localhost:50665/session/c5527ac0feaa18233d0d8ab025ead360/execute/sync {'script': "return document.querySelectorAll('[data-rpa-tag-id]').length > 0", 'args': []}
2026-08-24 16:55:12 - urllib3.connectionpool - DEBUG - http://localhost:50665 "POST /session/c5527ac0feaa18233d0d8ab025ead360/execute/sync HTTP/1.1" 200 0
2026-08-24 16:55:12 - selenium.webdriver.remote.remote_connection - DEBUG - Remote response: status=200 | data={"value":false} | headers=HTTPHeaderDict({'Content-Length': '15', 'Content-Type': 'application/json; charset=utf-8', 'cache-control': 'no-cache'})
2026-08-24 16:55:12 - selenium.webdriver.remote.remote_connection - DEBUG - Finished Request
2026-08-24 16:55:12 - selenium.webdriver.remote.remote_connection - DEBUG - POST http://localhost:50665/session/c5527ac0feaa18233d0d8ab025ead360/execute/sync {'script': "return document.querySelectorAll('[data-rpa-tag-id]').length > 0", 'args': []}
2026-08-24 16:55:12 - urllib3.connectionpool - DEBUG - http://localhost:50665 "POST /session/c5527ac0feaa18233d0d8ab025ead360/execute/sync HTTP/1.1" 200 0
2026-08-24 16:55:12 - selenium.webdriver.remote.remote_connection - DEBUG - Remote response: status=200 | data={"value":false} | headers=HTTPHeaderDict({'Content-Length': '15', 'Content-Type': 'application/json; charset=utf-8', 'cache-control': 'no-cache'})
2026-08-24 16:55:12 - selenium.webdriver.remote.remote_connection - DEBUG - Finished Request
2026-08-24 16:55:13 - selenium.webdriver.remote.remote_connection - DEBUG - POST http://localhost:50665/session/c5527ac0feaa18233d0d8ab025ead360/execute/sync {'script': "return document.querySelectorAll('[data-rpa-tag-id]').length > 0", 'args': []}
2026-08-24 16:55:13 - urllib3.connectionpool - DEBUG - http://localhost:50665 "POST /session/c5527ac0feaa18233d0d8ab025ead360/execute/sync HTTP/1.1" 200 0
2026-08-24 16:55:13 - selenium.webdriver.remote.remote_connection - DEBUG - Remote response: status=200 | data={"value":false} | headers=HTTPHeaderDict({'Content-Length': '15', 'Content-Type': 'application/json; charset=utf-8', 'cache-control': 'no-cache'})
2026-08-24 16:55:13 - selenium.webdriver.remote.remote_connection - DEBUG - Finished Request
2026-08-24 16:55:13 - selenium.webdriver.remote.remote_connection - DEBUG - POST http://localhost:50665/session/c5527ac0feaa18233d0d8ab025ead360/execute/sync {'script': "return document.querySelectorAll('[data-rpa-tag-id]').length > 0", 'args': []}
2026-08-24 16:55:13 - urllib3.connectionpool - DEBUG - http://localhost:50665 "POST /session/c5527ac0feaa18233d0d8ab025ead360/execute/sync HTTP/1.1" 200 0
2026-08-24 16:55:13 - selenium.webdriver.remote.remote_connection - DEBUG - Remote response: status=200 | data={"value":false} | headers=HTTPHeaderDict({'Content-Length': '15', 'Content-Type': 'application/json; charset=utf-8', 'cache-control': 'no-cache'})
2026-08-24 16:55:13 - selenium.webdriver.remote.remote_connection - DEBUG - Finished Request
2026-08-24 16:55:14 - selenium.webdriver.remote.remote_connection - DEBUG - POST http://localhost:50665/session/c5527ac0feaa18233d0d8ab025ead360/execute/sync {'script': "return document.querySelectorAll('[data-rpa-tag-id]').length > 0", 'args': []}
2026-08-24 16:55:14 - urllib3.connectionpool - DEBUG - http://localhost:50665 "POST /session/c5527ac0feaa18233d0d8ab025ead360/execute/sync HTTP/1.1" 200 0
2026-08-24 16:55:14 - selenium.webdriver.remote.remote_connection - DEBUG - Remote response: status=200 | data={"value":false} | headers=HTTPHeaderDict({'Content-Length': '15', 'Content-Type': 'application/json; charset=utf-8', 'cache-control': 'no-cache'})
2026-08-24 16:55:14 - selenium.webdriver.remote.remote_connection - DEBUG - Finished Request
2026-08-24 16:55:14 - selenium.webdriver.remote.remote_connection - DEBUG - POST http://localhost:50665/session/c5527ac0feaa18233d0d8ab025ead360/execute/sync {'script': "return document.querySelectorAll('[data-rpa-tag-id]').length > 0", 'args': []}
2026-08-24 16:55:14 - urllib3.connectionpool - DEBUG - http://localhost:50665 "POST /session/c5527ac0feaa18233d0d8ab025ead360/execute/sync HTTP/1.1" 200 0
2026-08-24 16:55:14 - selenium.webdriver.remote.remote_connection - DEBUG - Remote response: status=200 | data={"value":false} | headers=HTTPHeaderDict({'Content-Length': '15', 'Content-Type': 'application/json; charset=utf-8', 'cache-control': 'no-cache'})
2026-08-24 16:55:14 - selenium.webdriver.remote.remote_connection - DEBUG - Finished Request
2026-08-24 16:55:15 - selenium.webdriver.remote.remote_connection - DEBUG - POST http://localhost:50665/session/c5527ac0feaa18233d0d8ab025ead360/execute/sync {'script': "return document.querySelectorAll('[data-rpa-tag-id]').length > 0", 'args': []}
2026-08-24 16:55:15 - urllib3.connectionpool - DEBUG - http://localhost:50665 "POST /session/c5527ac0feaa18233d0d8ab025ead360/execute/sync HTTP/1.1" 200 0
2026-08-24 16:55:15 - selenium.webdriver.remote.remote_connection - DEBUG - Remote response: status=200 | data={"value":false} | headers=HTTPHeaderDict({'Content-Length': '15', 'Content-Type': 'application/json; charset=utf-8', 'cache-control': 'no-cache'})
2026-08-24 16:55:15 - selenium.webdriver.remote.remote_connection - DEBUG - Finished Request
2026-08-24 16:55:15 - selenium.webdriver.remote.remote_connection - DEBUG - POST http://localhost:50665/session/c5527ac0feaa18233d0d8ab025ead360/execute/sync {'script': "return document.querySelectorAll('[data-rpa-tag-id]').length > 0", 'args': []}
2026-08-24 16:55:15 - urllib3.connectionpool - DEBUG - http://localhost:50665 "POST /session/c5527ac0feaa18233d0d8ab025ead360/execute/sync HTTP/1.1" 200 0
2026-08-24 16:55:15 - selenium.webdriver.remote.remote_connection - DEBUG - Remote response: status=200 | data={"value":false} | headers=HTTPHeaderDict({'Content-Length': '15', 'Content-Type': 'application/json; charset=utf-8', 'cache-control': 'no-cache'})
2026-08-24 16:55:15 - selenium.webdriver.remote.remote_connection - DEBUG - Finished Request
2026-08-24 16:55:16 - selenium.webdriver.remote.remote_connection - DEBUG - POST http://localhost:50665/session/c5527ac0feaa18233d0d8ab025ead360/execute/sync {'script': "return document.querySelectorAll('[data-rpa-tag-id]').length > 0", 'args': []}
2026-08-24 16:55:16 - urllib3.connectionpool - DEBUG - http://localhost:50665 "POST /session/c5527ac0feaa18233d0d8ab025ead360/execute/sync HTTP/1.1" 200 0
2026-08-24 16:55:16 - selenium.webdriver.remote.remote_connection - DEBUG - Remote response: status=200 | data={"value":false} | headers=HTTPHeaderDict({'Content-Length': '15', 'Content-Type': 'application/json; charset=utf-8', 'cache-control': 'no-cache'})
2026-08-24 16:55:16 - selenium.webdriver.remote.remote_connection - DEBUG - Finished Request
2026-08-24 16:55:16 - selenium.webdriver.remote.remote_connection - DEBUG - POST http://localhost:50665/session/c5527ac0feaa18233d0d8ab025ead360/execute/sync {'script': "return document.querySelectorAll('[data-rpa-tag-id]').length > 0", 'args': []}
2026-08-24 16:55:16 - urllib3.connectionpool - DEBUG - http://localhost:50665 "POST /session/c5527ac0feaa18233d0d8ab025ead360/execute/sync HTTP/1.1" 200 0
2026-08-24 16:55:16 - selenium.webdriver.remote.remote_connection - DEBUG - Remote response: status=200 | data={"value":false} | headers=HTTPHeaderDict({'Content-Length': '15', 'Content-Type': 'application/json; charset=utf-8', 'cache-control': 'no-cache'})
2026-08-24 16:55:16 - selenium.webdriver.remote.remote_connection - DEBUG - Finished Request
2026-08-24 16:55:17 - selenium.webdriver.remote.remote_connection - DEBUG - POST http://localhost:50665/session/c5527ac0feaa18233d0d8ab025ead360/execute/sync {'script': "return document.querySelectorAll('[data-rpa-tag-id]').length > 0", 'args': []}
2026-08-24 16:55:17 - urllib3.connectionpool - DEBUG - http://localhost:50665 "POST /session/c5527ac0feaa18233d0d8ab025ead360/execute/sync HTTP/1.1" 200 0
2026-08-24 16:55:17 - selenium.webdriver.remote.remote_connection - DEBUG - Remote response: status=200 | data={"value":false} | headers=HTTPHeaderDict({'Content-Length': '15', 'Content-Type': 'application/json; charset=utf-8', 'cache-control': 'no-cache'})
2026-08-24 16:55:17 - selenium.webdriver.remote.remote_connection - DEBUG - Finished Request
2026-08-24 16:55:17 - selenium.webdriver.remote.remote_connection - DEBUG - POST http://localhost:50665/session/c5527ac0feaa18233d0d8ab025ead360/execute/sync {'script': "return document.querySelectorAll('[data-rpa-tag-id]').length > 0", 'args': []}
2026-08-24 16:55:17 - urllib3.connectionpool - DEBUG - http://localhost:50665 "POST /session/c5527ac0feaa18233d0d8ab025ead360/execute/sync HTTP/1.1" 200 0
2026-08-24 16:55:17 - selenium.webdriver.remote.remote_connection - DEBUG - Remote response: status=200 | data={"value":false} | headers=HTTPHeaderDict({'Content-Length': '15', 'Content-Type': 'application/json; charset=utf-8', 'cache-control': 'no-cache'})
2026-08-24 16:55:17 - selenium.webdriver.remote.remote_connection - DEBUG - Finished Request
2026-08-24 16:55:18 - selenium.webdriver.remote.remote_connection - DEBUG - POST http://localhost:50665/session/c5527ac0feaa18233d0d8ab025ead360/execute/sync {'script': "return document.querySelectorAll('[data-rpa-tag-id]').length > 0", 'args': []}
2026-08-24 16:55:18 - urllib3.connectionpool - DEBUG - http://localhost:50665 "POST /session/c5527ac0feaa18233d0d8ab025ead360/execute/sync HTTP/1.1" 200 0
2026-08-24 16:55:18 - selenium.webdriver.remote.remote_connection - DEBUG - Remote response: status=200 | data={"value":false} | headers=HTTPHeaderDict({'Content-Length': '15', 'Content-Type': 'application/json; charset=utf-8', 'cache-control': 'no-cache'})
2026-08-24 16:55:18 - selenium.webdriver.remote.remote_connection - DEBUG - Finished Request
2026-08-24 16:55:18 - selenium.webdriver.remote.remote_connection - DEBUG - POST http://localhost:50665/session/c5527ac0feaa18233d0d8ab025ead360/execute/sync {'script': "return document.querySelectorAll('[data-rpa-tag-id]').length > 0", 'args': []}
2026-08-24 16:55:18 - urllib3.connectionpool - DEBUG - http://localhost:50665 "POST /session/c5527ac0feaa18233d0d8ab025ead360/execute/sync HTTP/1.1" 200 0
2026-08-24 16:55:18 - selenium.webdriver.remote.remote_connection - DEBUG - Remote response: status=200 | data={"value":false} | headers=HTTPHeaderDict({'Content-Length': '15', 'Content-Type': 'application/json; charset=utf-8', 'cache-control': 'no-cache'})
2026-08-24 16:55:18 - selenium.webdriver.remote.remote_connection - DEBUG - Finished Request
2026-08-24 16:55:19 - selenium.webdriver.remote.remote_connection - DEBUG - POST http://localhost:50665/session/c5527ac0feaa18233d0d8ab025ead360/execute/sync {'script': "return document.querySelectorAll('[data-rpa-tag-id]').length > 0", 'args': []}
2026-08-24 16:55:19 - urllib3.connectionpool - DEBUG - http://localhost:50665 "POST /session/c5527ac0feaa18233d0d8ab025ead360/execute/sync HTTP/1.1" 200 0
2026-08-24 16:55:19 - selenium.webdriver.remote.remote_connection - DEBUG - Remote response: status=200 | data={"value":false} | headers=HTTPHeaderDict({'Content-Length': '15', 'Content-Type': 'application/json; charset=utf-8', 'cache-control': 'no-cache'})
2026-08-24 16:55:19 - selenium.webdriver.remote.remote_connection - DEBUG - Finished Request
2026-08-24 16:55:19 - selenium.webdriver.remote.remote_connection - DEBUG - POST http://localhost:50665/session/c5527ac0feaa18233d0d8ab025ead360/execute/sync {'script': "return document.querySelectorAll('[data-rpa-tag-id]').length > 0", 'args': []}
2026-08-24 16:55:19 - urllib3.connectionpool - DEBUG - http://localhost:50665 "POST /session/c5527ac0feaa18233d0d8ab025ead360/execute/sync HTTP/1.1" 200 0
2026-08-24 16:55:19 - selenium.webdriver.remote.remote_connection - DEBUG - Remote response: status=200 | data={"value":false} | headers=HTTPHeaderDict({'Content-Length': '15', 'Content-Type': 'application/json; charset=utf-8', 'cache-control': 'no-cache'})
2026-08-24 16:55:19 - selenium.webdriver.remote.remote_connection - DEBUG - Finished Request
2026-08-24 16:55:20 - selenium.webdriver.remote.remote_connection - DEBUG - POST http://localhost:50665/session/c5527ac0feaa18233d0d8ab025ead360/execute/sync {'script': "return document.querySelectorAll('[data-rpa-tag-id]').length > 0", 'args': []}
2026-08-24 16:55:20 - urllib3.connectionpool - DEBUG - http://localhost:50665 "POST /session/c5527ac0feaa18233d0d8ab025ead360/execute/sync HTTP/1.1" 200 0
2026-08-24 16:55:20 - selenium.webdriver.remote.remote_connection - DEBUG - Remote response: status=200 | data={"value":false} | headers=HTTPHeaderDict({'Content-Length': '15', 'Content-Type': 'application/json; charset=utf-8', 'cache-control': 'no-cache'})
2026-08-24 16:55:20 - selenium.webdriver.remote.remote_connection - DEBUG - Finished Request
2026-08-24 16:55:20 - scraper - ERROR - Page failed to become ready even after refresh
2026-08-24 16:55:20 - scraper - INFO - Retry 3/3 for VCIT
2026-08-24 16:55:25 - scraper - INFO - Navigating to https://investor.vanguard.com/etf/profile/overview/vcit
2026-08-24 16:55:25 - selenium.webdriver.remote.remote_connection - DEBUG - POST http://localhost:50665/session/c5527ac0feaa18233d0d8ab025ead360/execute/sync {'script': 'return navigator.webdriver', 'args': []}
2026-08-24 16:55:25 - urllib3.connectionpool - DEBUG - http://localhost:50665 "POST /session/c5527ac0feaa18233d0d8ab025ead360/execute/sync HTTP/1.1" 200 0
2026-08-24 16:55:25 - selenium.webdriver.remote.remote_connection - DEBUG - Remote response: status=200 | data={"value":false} | headers=HTTPHeaderDict({'Content-Length': '15', 'Content-Type': 'application/json; charset=utf-8', 'cache-control': 'no-cache'})
2026-08-24 16:55:25 - selenium.webdriver.remote.remote_connection - DEBUG - Finished Request
2026-08-24 16:55:25 - selenium.webdriver.remote.remote_connection - DEBUG - POST http://localhost:50665/session/c5527ac0feaa18233d0d8ab025ead360/url {'url': 'https://investor.vanguard.com/etf/profile/overview/vcit'}
2026-08-24 16:55:29 - urllib3.connectionpool - DEBUG - http://localhost:50665 "POST /session/c5527ac0feaa18233d0d8ab025ead360/url HTTP/1.1" 200 0
2026-08-24 16:55:29 - selenium.webdriver.remote.remote_connection - DEBUG - Remote response: status=200 | data={"value":null} | headers=HTTPHeaderDict({'Content-Length': '14', 'Content-Type': 'application/json; charset=utf-8', 'cache-control': 'no-cache'})
2026-08-24 16:55:29 - selenium.webdriver.remote.remote_connection - DEBUG - Finished Request
2026-08-24 16:55:29 - selenium.webdriver.remote.remote_connection - DEBUG - POST http://localhost:50665/session/c5527ac0feaa18233d0d8ab025ead360/execute/sync {'script': "\n                var candidates = [\n                    document.querySelector('#onetrust-accept-btn...", 'args': []}
2026-08-24 16:55:29 - urllib3.connectionpool - DEBUG - http://localhost:50665 "POST /session/c5527ac0feaa18233d0d8ab025ead360/execute/sync HTTP/1.1" 200 0
2026-08-24 16:55:29 - selenium.webdriver.remote.remote_connection - DEBUG - Remote response: status=200 | data={"value":null} | headers=HTTPHeaderDict({'Content-Length': '14', 'Content-Type': 'application/json; charset=utf-8', 'cache-control': 'no-cache'})
2026-08-24 16:55:29 - selenium.webdriver.remote.remote_connection - DEBUG - Finished Request
2026-08-24 16:55:29 - selenium.webdriver.remote.remote_connection - DEBUG - POST http://localhost:50665/session/c5527ac0feaa18233d0d8ab025ead360/execute/sync {'script': "return document.querySelectorAll('[data-rpa-tag-id]').length > 0", 'args': []}
2026-08-24 16:55:29 - urllib3.connectionpool - DEBUG - http://localhost:50665 "POST /session/c5527ac0feaa18233d0d8ab025ead360/execute/sync HTTP/1.1" 200 0
2026-08-24 16:55:29 - selenium.webdriver.remote.remote_connection - DEBUG - Remote response: status=200 | data={"value":false} | headers=HTTPHeaderDict({'Content-Length': '15', 'Content-Type': 'application/json; charset=utf-8', 'cache-control': 'no-cache'})
2026-08-24 16:55:29 - selenium.webdriver.remote.remote_connection - DEBUG - Finished Request
2026-08-24 16:55:30 - selenium.webdriver.remote.remote_connection - DEBUG - POST http://localhost:50665/session/c5527ac0feaa18233d0d8ab025ead360/execute/sync {'script': "return document.querySelectorAll('[data-rpa-tag-id]').length > 0", 'args': []}
2026-08-24 16:55:30 - urllib3.connectionpool - DEBUG - http://localhost:50665 "POST /session/c5527ac0feaa18233d0d8ab025ead360/execute/sync HTTP/1.1" 200 0
2026-08-24 16:55:30 - selenium.webdriver.remote.remote_connection - DEBUG - Remote response: status=200 | data={"value":false} | headers=HTTPHeaderDict({'Content-Length': '15', 'Content-Type': 'application/json; charset=utf-8', 'cache-control': 'no-cache'})
2026-08-24 16:55:30 - selenium.webdriver.remote.remote_connection - DEBUG - Finished Request
2026-08-24 16:55:31 - selenium.webdriver.remote.remote_connection - DEBUG - POST http://localhost:50665/session/c5527ac0feaa18233d0d8ab025ead360/execute/sync {'script': "return document.querySelectorAll('[data-rpa-tag-id]').length > 0", 'args': []}
2026-08-24 16:55:31 - urllib3.connectionpool - DEBUG - http://localhost:50665 "POST /session/c5527ac0feaa18233d0d8ab025ead360/execute/sync HTTP/1.1" 200 0
2026-08-24 16:55:31 - selenium.webdriver.remote.remote_connection - DEBUG - Remote response: status=200 | data={"value":false} | headers=HTTPHeaderDict({'Content-Length': '15', 'Content-Type': 'application/json; charset=utf-8', 'cache-control': 'no-cache'})
2026-08-24 16:55:31 - selenium.webdriver.remote.remote_connection - DEBUG - Finished Request
2026-08-24 16:55:31 - selenium.webdriver.remote.remote_connection - DEBUG - POST http://localhost:50665/session/c5527ac0feaa18233d0d8ab025ead360/execute/sync {'script': "return document.querySelectorAll('[data-rpa-tag-id]').length > 0", 'args': []}
2026-08-24 16:55:31 - urllib3.connectionpool - DEBUG - http://localhost:50665 "POST /session/c5527ac0feaa18233d0d8ab025ead360/execute/sync HTTP/1.1" 200 0
2026-08-24 16:55:31 - selenium.webdriver.remote.remote_connection - DEBUG - Remote response: status=200 | data={"value":false} | headers=HTTPHeaderDict({'Content-Length': '15', 'Content-Type': 'application/json; charset=utf-8', 'cache-control': 'no-cache'})
2026-08-24 16:55:31 - selenium.webdriver.remote.remote_connection - DEBUG - Finished Request
2026-08-24 16:55:32 - selenium.webdriver.remote.remote_connection - DEBUG - POST http://localhost:50665/session/c5527ac0feaa18233d0d8ab025ead360/execute/sync {'script': "return document.querySelectorAll('[data-rpa-tag-id]').length > 0", 'args': []}
2026-08-24 16:55:32 - urllib3.connectionpool - DEBUG - http://localhost:50665 "POST /session/c5527ac0feaa18233d0d8ab025ead360/execute/sync HTTP/1.1" 200 0
2026-08-24 16:55:32 - selenium.webdriver.remote.remote_connection - DEBUG - Remote response: status=200 | data={"value":false} | headers=HTTPHeaderDict({'Content-Length': '15', 'Content-Type': 'application/json; charset=utf-8', 'cache-control': 'no-cache'})
2026-08-24 16:55:32 - selenium.webdriver.remote.remote_connection - DEBUG - Finished Request
2026-08-24 16:55:33 - selenium.webdriver.remote.remote_connection - DEBUG - POST http://localhost:50665/session/c5527ac0feaa18233d0d8ab025ead360/execute/sync {'script': "return document.querySelectorAll('[data-rpa-tag-id]').length > 0", 'args': []}
2026-08-24 16:55:33 - urllib3.connectionpool - DEBUG - http://localhost:50665 "POST /session/c5527ac0feaa18233d0d8ab025ead360/execute/sync HTTP/1.1" 200 0
2026-08-24 16:55:33 - selenium.webdriver.remote.remote_connection - DEBUG - Remote response: status=200 | data={"value":false} | headers=HTTPHeaderDict({'Content-Length': '15', 'Content-Type': 'application/json; charset=utf-8', 'cache-control': 'no-cache'})
2026-08-24 16:55:33 - selenium.webdriver.remote.remote_connection - DEBUG - Finished Request
2026-08-24 16:55:33 - selenium.webdriver.remote.remote_connection - DEBUG - POST http://localhost:50665/session/c5527ac0feaa18233d0d8ab025ead360/execute/sync {'script': "return document.querySelectorAll('[data-rpa-tag-id]').length > 0", 'args': []}
2026-08-24 16:55:33 - urllib3.connectionpool - DEBUG - http://localhost:50665 "POST /session/c5527ac0feaa18233d0d8ab025ead360/execute/sync HTTP/1.1" 200 0
2026-08-24 16:55:33 - selenium.webdriver.remote.remote_connection - DEBUG - Remote response: status=200 | data={"value":false} | headers=HTTPHeaderDict({'Content-Length': '15', 'Content-Type': 'application/json; charset=utf-8', 'cache-control': 'no-cache'})
2026-08-24 16:55:33 - selenium.webdriver.remote.remote_connection - DEBUG - Finished Request
2026-08-24 16:55:34 - selenium.webdriver.remote.remote_connection - DEBUG - POST http://localhost:50665/session/c5527ac0feaa18233d0d8ab025ead360/execute/sync {'script': "return document.querySelectorAll('[data-rpa-tag-id]').length > 0", 'args': []}
2026-08-24 16:55:34 - urllib3.connectionpool - DEBUG - http://localhost:50665 "POST /session/c5527ac0feaa18233d0d8ab025ead360/execute/sync HTTP/1.1" 200 0
2026-08-24 16:55:34 - selenium.webdriver.remote.remote_connection - DEBUG - Remote response: status=200 | data={"value":false} | headers=HTTPHeaderDict({'Content-Length': '15', 'Content-Type': 'application/json; charset=utf-8', 'cache-control': 'no-cache'})
2026-08-24 16:55:34 - selenium.webdriver.remote.remote_connection - DEBUG - Finished Request
2026-08-24 16:55:34 - selenium.webdriver.remote.remote_connection - DEBUG - POST http://localhost:50665/session/c5527ac0feaa18233d0d8ab025ead360/execute/sync {'script': "return document.querySelectorAll('[data-rpa-tag-id]').length > 0", 'args': []}
2026-08-24 16:55:34 - urllib3.connectionpool - DEBUG - http://localhost:50665 "POST /session/c5527ac0feaa18233d0d8ab025ead360/execute/sync HTTP/1.1" 200 0
2026-08-24 16:55:34 - selenium.webdriver.remote.remote_connection - DEBUG - Remote response: status=200 | data={"value":false} | headers=HTTPHeaderDict({'Content-Length': '15', 'Content-Type': 'application/json; charset=utf-8', 'cache-control': 'no-cache'})
2026-08-24 16:55:34 - selenium.webdriver.remote.remote_connection - DEBUG - Finished Request
2026-08-24 16:55:35 - selenium.webdriver.remote.remote_connection - DEBUG - POST http://localhost:50665/session/c5527ac0feaa18233d0d8ab025ead360/execute/sync {'script': "return document.querySelectorAll('[data-rpa-tag-id]').length > 0", 'args': []}
2026-08-24 16:55:35 - urllib3.connectionpool - DEBUG - http://localhost:50665 "POST /session/c5527ac0feaa18233d0d8ab025ead360/execute/sync HTTP/1.1" 200 0
2026-08-24 16:55:35 - selenium.webdriver.remote.remote_connection - DEBUG - Remote response: status=200 | data={"value":false} | headers=HTTPHeaderDict({'Content-Length': '15', 'Content-Type': 'application/json; charset=utf-8', 'cache-control': 'no-cache'})
2026-08-24 16:55:35 - selenium.webdriver.remote.remote_connection - DEBUG - Finished Request
2026-08-24 16:55:35 - selenium.webdriver.remote.remote_connection - DEBUG - POST http://localhost:50665/session/c5527ac0feaa18233d0d8ab025ead360/execute/sync {'script': "return document.querySelectorAll('[data-rpa-tag-id]').length > 0", 'args': []}
2026-08-24 16:55:35 - urllib3.connectionpool - DEBUG - http://localhost:50665 "POST /session/c5527ac0feaa18233d0d8ab025ead360/execute/sync HTTP/1.1" 200 0
2026-08-24 16:55:35 - selenium.webdriver.remote.remote_connection - DEBUG - Remote response: status=200 | data={"value":false} | headers=HTTPHeaderDict({'Content-Length': '15', 'Content-Type': 'application/json; charset=utf-8', 'cache-control': 'no-cache'})
2026-08-24 16:55:35 - selenium.webdriver.remote.remote_connection - DEBUG - Finished Request
2026-08-24 16:55:36 - selenium.webdriver.remote.remote_connection - DEBUG - POST http://localhost:50665/session/c5527ac0feaa18233d0d8ab025ead360/execute/sync {'script': "return document.querySelectorAll('[data-rpa-tag-id]').length > 0", 'args': []}
2026-08-24 16:55:36 - urllib3.connectionpool - DEBUG - http://localhost:50665 "POST /session/c5527ac0feaa18233d0d8ab025ead360/execute/sync HTTP/1.1" 200 0
2026-08-24 16:55:36 - selenium.webdriver.remote.remote_connection - DEBUG - Remote response: status=200 | data={"value":false} | headers=HTTPHeaderDict({'Content-Length': '15', 'Content-Type': 'application/json; charset=utf-8', 'cache-control': 'no-cache'})
2026-08-24 16:55:36 - selenium.webdriver.remote.remote_connection - DEBUG - Finished Request
2026-08-24 16:55:36 - selenium.webdriver.remote.remote_connection - DEBUG - POST http://localhost:50665/session/c5527ac0feaa18233d0d8ab025ead360/execute/sync {'script': "return document.querySelectorAll('[data-rpa-tag-id]').length > 0", 'args': []}
2026-08-24 16:55:36 - urllib3.connectionpool - DEBUG - http://localhost:50665 "POST /session/c5527ac0feaa18233d0d8ab025ead360/execute/sync HTTP/1.1" 200 0
2026-08-24 16:55:36 - selenium.webdriver.remote.remote_connection - DEBUG - Remote response: status=200 | data={"value":false} | headers=HTTPHeaderDict({'Content-Length': '15', 'Content-Type': 'application/json; charset=utf-8', 'cache-control': 'no-cache'})
2026-08-24 16:55:36 - selenium.webdriver.remote.remote_connection - DEBUG - Finished Request
2026-08-24 16:55:37 - selenium.webdriver.remote.remote_connection - DEBUG - POST http://localhost:50665/session/c5527ac0feaa18233d0d8ab025ead360/execute/sync {'script': "return document.querySelectorAll('[data-rpa-tag-id]').length > 0", 'args': []}
2026-08-24 16:55:37 - urllib3.connectionpool - DEBUG - http://localhost:50665 "POST /session/c5527ac0feaa18233d0d8ab025ead360/execute/sync HTTP/1.1" 200 0
2026-08-24 16:55:37 - selenium.webdriver.remote.remote_connection - DEBUG - Remote response: status=200 | data={"value":false} | headers=HTTPHeaderDict({'Content-Length': '15', 'Content-Type': 'application/json; charset=utf-8', 'cache-control': 'no-cache'})
2026-08-24 16:55:37 - selenium.webdriver.remote.remote_connection - DEBUG - Finished Request
2026-08-24 16:55:37 - selenium.webdriver.remote.remote_connection - DEBUG - POST http://localhost:50665/session/c5527ac0feaa18233d0d8ab025ead360/execute/sync {'script': "return document.querySelectorAll('[data-rpa-tag-id]').length > 0", 'args': []}
2026-08-24 16:55:37 - urllib3.connectionpool - DEBUG - http://localhost:50665 "POST /session/c5527ac0feaa18233d0d8ab025ead360/execute/sync HTTP/1.1" 200 0
2026-08-24 16:55:37 - selenium.webdriver.remote.remote_connection - DEBUG - Remote response: status=200 | data={"value":false} | headers=HTTPHeaderDict({'Content-Length': '15', 'Content-Type': 'application/json; charset=utf-8', 'cache-control': 'no-cache'})
2026-08-24 16:55:37 - selenium.webdriver.remote.remote_connection - DEBUG - Finished Request
2026-08-24 16:55:38 - selenium.webdriver.remote.remote_connection - DEBUG - POST http://localhost:50665/session/c5527ac0feaa18233d0d8ab025ead360/execute/sync {'script': "return document.querySelectorAll('[data-rpa-tag-id]').length > 0", 'args': []}
2026-08-24 16:55:38 - urllib3.connectionpool - DEBUG - http://localhost:50665 "POST /session/c5527ac0feaa18233d0d8ab025ead360/execute/sync HTTP/1.1" 200 0
2026-08-24 16:55:38 - selenium.webdriver.remote.remote_connection - DEBUG - Remote response: status=200 | data={"value":false} | headers=HTTPHeaderDict({'Content-Length': '15', 'Content-Type': 'application/json; charset=utf-8', 'cache-control': 'no-cache'})
2026-08-24 16:55:38 - selenium.webdriver.remote.remote_connection - DEBUG - Finished Request
2026-08-24 16:55:38 - selenium.webdriver.remote.remote_connection - DEBUG - POST http://localhost:50665/session/c5527ac0feaa18233d0d8ab025ead360/execute/sync {'script': "return document.querySelectorAll('[data-rpa-tag-id]').length > 0", 'args': []}
2026-08-24 16:55:38 - urllib3.connectionpool - DEBUG - http://localhost:50665 "POST /session/c5527ac0feaa18233d0d8ab025ead360/execute/sync HTTP/1.1" 200 0
2026-08-24 16:55:38 - selenium.webdriver.remote.remote_connection - DEBUG - Remote response: status=200 | data={"value":false} | headers=HTTPHeaderDict({'Content-Length': '15', 'Content-Type': 'application/json; charset=utf-8', 'cache-control': 'no-cache'})
2026-08-24 16:55:38 - selenium.webdriver.remote.remote_connection - DEBUG - Finished Request
2026-08-24 16:55:39 - selenium.webdriver.remote.remote_connection - DEBUG - POST http://localhost:50665/session/c5527ac0feaa18233d0d8ab025ead360/execute/sync {'script': "return document.querySelectorAll('[data-rpa-tag-id]').length > 0", 'args': []}
2026-08-24 16:55:39 - urllib3.connectionpool - DEBUG - http://localhost:50665 "POST /session/c5527ac0feaa18233d0d8ab025ead360/execute/sync HTTP/1.1" 200 0
2026-08-24 16:55:39 - selenium.webdriver.remote.remote_connection - DEBUG - Remote response: status=200 | data={"value":false} | headers=HTTPHeaderDict({'Content-Length': '15', 'Content-Type': 'application/json; charset=utf-8', 'cache-control': 'no-cache'})
2026-08-24 16:55:39 - selenium.webdriver.remote.remote_connection - DEBUG - Finished Request
2026-08-24 16:55:40 - selenium.webdriver.remote.remote_connection - DEBUG - POST http://localhost:50665/session/c5527ac0feaa18233d0d8ab025ead360/execute/sync {'script': "return document.querySelectorAll('[data-rpa-tag-id]').length > 0", 'args': []}
2026-08-24 16:55:40 - urllib3.connectionpool - DEBUG - http://localhost:50665 "POST /session/c5527ac0feaa18233d0d8ab025ead360/execute/sync HTTP/1.1" 200 0
2026-08-24 16:55:40 - selenium.webdriver.remote.remote_connection - DEBUG - Remote response: status=200 | data={"value":false} | headers=HTTPHeaderDict({'Content-Length': '15', 'Content-Type': 'application/json; charset=utf-8', 'cache-control': 'no-cache'})
2026-08-24 16:55:40 - selenium.webdriver.remote.remote_connection - DEBUG - Finished Request
2026-08-24 16:55:40 - selenium.webdriver.remote.remote_connection - DEBUG - POST http://localhost:50665/session/c5527ac0feaa18233d0d8ab025ead360/execute/sync {'script': "return document.querySelectorAll('[data-rpa-tag-id]').length > 0", 'args': []}
2026-08-24 16:55:40 - urllib3.connectionpool - DEBUG - http://localhost:50665 "POST /session/c5527ac0feaa18233d0d8ab025ead360/execute/sync HTTP/1.1" 200 0
2026-08-24 16:55:40 - selenium.webdriver.remote.remote_connection - DEBUG - Remote response: status=200 | data={"value":false} | headers=HTTPHeaderDict({'Content-Length': '15', 'Content-Type': 'application/json; charset=utf-8', 'cache-control': 'no-cache'})
2026-08-24 16:55:40 - selenium.webdriver.remote.remote_connection - DEBUG - Finished Request
2026-08-24 16:55:41 - selenium.webdriver.remote.remote_connection - DEBUG - POST http://localhost:50665/session/c5527ac0feaa18233d0d8ab025ead360/execute/sync {'script': "return document.querySelectorAll('[data-rpa-tag-id]').length > 0", 'args': []}
2026-08-24 16:55:41 - urllib3.connectionpool - DEBUG - http://localhost:50665 "POST /session/c5527ac0feaa18233d0d8ab025ead360/execute/sync HTTP/1.1" 200 0
2026-08-24 16:55:41 - selenium.webdriver.remote.remote_connection - DEBUG - Remote response: status=200 | data={"value":false} | headers=HTTPHeaderDict({'Content-Length': '15', 'Content-Type': 'application/json; charset=utf-8', 'cache-control': 'no-cache'})
2026-08-24 16:55:41 - selenium.webdriver.remote.remote_connection - DEBUG - Finished Request
2026-08-24 16:55:41 - selenium.webdriver.remote.remote_connection - DEBUG - POST http://localhost:50665/session/c5527ac0feaa18233d0d8ab025ead360/execute/sync {'script': "return document.querySelectorAll('[data-rpa-tag-id]').length > 0", 'args': []}
2026-08-24 16:55:41 - urllib3.connectionpool - DEBUG - http://localhost:50665 "POST /session/c5527ac0feaa18233d0d8ab025ead360/execute/sync HTTP/1.1" 200 0
2026-08-24 16:55:41 - selenium.webdriver.remote.remote_connection - DEBUG - Remote response: status=200 | data={"value":false} | headers=HTTPHeaderDict({'Content-Length': '15', 'Content-Type': 'application/json; charset=utf-8', 'cache-control': 'no-cache'})
2026-08-24 16:55:41 - selenium.webdriver.remote.remote_connection - DEBUG - Finished Request
2026-08-24 16:55:42 - selenium.webdriver.remote.remote_connection - DEBUG - POST http://localhost:50665/session/c5527ac0feaa18233d0d8ab025ead360/execute/sync {'script': "return document.querySelectorAll('[data-rpa-tag-id]').length > 0", 'args': []}
2026-08-24 16:55:42 - urllib3.connectionpool - DEBUG - http://localhost:50665 "POST /session/c5527ac0feaa18233d0d8ab025ead360/execute/sync HTTP/1.1" 200 0
2026-08-24 16:55:42 - selenium.webdriver.remote.remote_connection - DEBUG - Remote response: status=200 | data={"value":false} | headers=HTTPHeaderDict({'Content-Length': '15', 'Content-Type': 'application/json; charset=utf-8', 'cache-control': 'no-cache'})
2026-08-24 16:55:42 - selenium.webdriver.remote.remote_connection - DEBUG - Finished Request
2026-08-24 16:55:42 - selenium.webdriver.remote.remote_connection - DEBUG - POST http://localhost:50665/session/c5527ac0feaa18233d0d8ab025ead360/execute/sync {'script': "return document.querySelectorAll('[data-rpa-tag-id]').length > 0", 'args': []}
2026-08-24 16:55:42 - urllib3.connectionpool - DEBUG - http://localhost:50665 "POST /session/c5527ac0feaa18233d0d8ab025ead360/execute/sync HTTP/1.1" 200 0
2026-08-24 16:55:42 - selenium.webdriver.remote.remote_connection - DEBUG - Remote response: status=200 | data={"value":false} | headers=HTTPHeaderDict({'Content-Length': '15', 'Content-Type': 'application/json; charset=utf-8', 'cache-control': 'no-cache'})
2026-08-24 16:55:42 - selenium.webdriver.remote.remote_connection - DEBUG - Finished Request
2026-08-24 16:55:43 - selenium.webdriver.remote.remote_connection - DEBUG - POST http://localhost:50665/session/c5527ac0feaa18233d0d8ab025ead360/execute/sync {'script': "return document.querySelectorAll('[data-rpa-tag-id]').length > 0", 'args': []}
2026-08-24 16:55:43 - urllib3.connectionpool - DEBUG - http://localhost:50665 "POST /session/c5527ac0feaa18233d0d8ab025ead360/execute/sync HTTP/1.1" 200 0
2026-08-24 16:55:43 - selenium.webdriver.remote.remote_connection - DEBUG - Remote response: status=200 | data={"value":false} | headers=HTTPHeaderDict({'Content-Length': '15', 'Content-Type': 'application/json; charset=utf-8', 'cache-control': 'no-cache'})
2026-08-24 16:55:43 - selenium.webdriver.remote.remote_connection - DEBUG - Finished Request
2026-08-24 16:55:43 - selenium.webdriver.remote.remote_connection - DEBUG - POST http://localhost:50665/session/c5527ac0feaa18233d0d8ab025ead360/execute/sync {'script': "return document.querySelectorAll('[data-rpa-tag-id]').length > 0", 'args': []}
2026-08-24 16:55:43 - urllib3.connectionpool - DEBUG - http://localhost:50665 "POST /session/c5527ac0feaa18233d0d8ab025ead360/execute/sync HTTP/1.1" 200 0
2026-08-24 16:55:43 - selenium.webdriver.remote.remote_connection - DEBUG - Remote response: status=200 | data={"value":false} | headers=HTTPHeaderDict({'Content-Length': '15', 'Content-Type': 'application/json; charset=utf-8', 'cache-control': 'no-cache'})
2026-08-24 16:55:43 - selenium.webdriver.remote.remote_connection - DEBUG - Finished Request
2026-08-24 16:55:44 - selenium.webdriver.remote.remote_connection - DEBUG - POST http://localhost:50665/session/c5527ac0feaa18233d0d8ab025ead360/execute/sync {'script': "return document.querySelectorAll('[data-rpa-tag-id]').length > 0", 'args': []}
2026-08-24 16:55:44 - urllib3.connectionpool - DEBUG - http://localhost:50665 "POST /session/c5527ac0feaa18233d0d8ab025ead360/execute/sync HTTP/1.1" 200 0
2026-08-24 16:55:44 - selenium.webdriver.remote.remote_connection - DEBUG - Remote response: status=200 | data={"value":false} | headers=HTTPHeaderDict({'Content-Length': '15', 'Content-Type': 'application/json; charset=utf-8', 'cache-control': 'no-cache'})
2026-08-24 16:55:44 - selenium.webdriver.remote.remote_connection - DEBUG - Finished Request
