2026-08-19 15:30:24 - root - INFO - ======================================================================
2026-08-19 15:30:24 - root - INFO - Logging initialized
2026-08-19 15:30:24 - root - INFO - Log file: ./logs\20260819_153022\vanguarddd_20260819_153022.log
2026-08-19 15:30:24 - root - INFO - Log level: DEBUG
2026-08-19 15:30:24 - root - INFO - ======================================================================
2026-08-19 15:30:24 - selenium.webdriver.common.selenium_manager - DEBUG - Selenium Manager binary found at: C:\Users\Mark Castro\AppData\Local\Programs\Python\Python311\Lib\site-packages\selenium\webdriver\common\windows\selenium-manager.exe
2026-08-19 15:30:24 - selenium.webdriver.common.selenium_manager - DEBUG - Executing process: C:\Users\Mark Castro\AppData\Local\Programs\Python\Python311\Lib\site-packages\selenium\webdriver\common\windows\selenium-manager.exe --browser chrome --debug --language-binding python --output json
2026-08-19 15:30:26 - selenium.webdriver.common.selenium_manager - DEBUG - Sending stats to Plausible: Props { browser: "chrome", browser_version: "", os: "windows", arch: "amd64", lang: "python", selenium_version: "4.27" }
2026-08-19 15:30:26 - selenium.webdriver.common.selenium_manager - DEBUG - chromedriver not found in PATH
2026-08-19 15:30:26 - selenium.webdriver.common.selenium_manager - DEBUG - chrome detected at C:\Program Files\Google\Chrome\Application\chrome.exe
2026-08-19 15:30:26 - selenium.webdriver.common.selenium_manager - DEBUG - Running command: wmic datafile where name='C:\\Program Files\\Google\\Chrome\\Application\\chrome.exe' get Version /value
2026-08-19 15:30:26 - selenium.webdriver.common.selenium_manager - DEBUG - Output: "\r\r\n\r\r\nVersion=151.0.7922.138\r\r\n\r\r\n\r\r\n\r"
2026-08-19 15:30:26 - selenium.webdriver.common.selenium_manager - DEBUG - Detected browser: chrome 151.0.7922.138
2026-08-19 15:30:26 - selenium.webdriver.common.selenium_manager - DEBUG - Discovering versions from https://googlechromelabs.github.io/chrome-for-testing/known-good-versions-with-downloads.json
2026-08-19 15:30:26 - selenium.webdriver.common.selenium_manager - DEBUG - Required driver: chromedriver 151.0.7922.138
2026-08-19 15:30:26 - selenium.webdriver.common.selenium_manager - DEBUG - chromedriver 151.0.7922.138 already in the cache
2026-08-19 15:30:26 - selenium.webdriver.common.selenium_manager - DEBUG - Driver path: C:\Users\Mark Castro\.cache\selenium\chromedriver\win64\151.0.7922.138\chromedriver.exe
2026-08-19 15:30:26 - selenium.webdriver.common.selenium_manager - DEBUG - Browser path: C:\Program Files\Google\Chrome\Application\chrome.exe
2026-08-19 15:30:27 - selenium.webdriver.common.service - DEBUG - Started executable: `C:\Users\Mark Castro\.cache\selenium\chromedriver\win64\151.0.7922.138\chromedriver.exe` in a child process with pid: 7296 using 0 to output -3
2026-08-19 15:30:27 - selenium.webdriver.remote.remote_connection - DEBUG - POST http://localhost:61496/session {'capabilities': {'firstMatch': [{}], 'alwaysMatch': {'browserName': 'chrome', 'pageLoadStrategy': <PageLoadStrategy.normal: 'normal'>, 'browserVersion': None, 'goog:chromeOptions': {'extensions': [], 'binary': 'C:\\Program Files\\Google\\Chrome\\Application\\chrome.exe', 'args': ['--headless', '--disable-gpu', '--no-sandbox', '--disable-dev-shm-usage', '--window-size=1920,1080', '--user-agent=Mozilla/5.0 (Windows NT 10.0; Win64; x64) AppleWebKit/537.36 (KHTML, like Gecko) Chrome/120.0.0.0 Safari/537.36']}}}}
2026-08-19 15:30:27 - urllib3.connectionpool - DEBUG - Starting new HTTP connection (1): localhost:61496
2026-08-19 15:30:29 - urllib3.connectionpool - DEBUG - http://localhost:61496 "POST /session HTTP/1.1" 200 0
2026-08-19 15:30:29 - selenium.webdriver.remote.remote_connection - DEBUG - Remote response: status=200 | data={"value":{"capabilities":{"acceptInsecureCerts":false,"browserName":"chrome","browserVersion":"151.0.7922.138","chrome":{"chromedriverVersion":"151.0.7922.138 (41fa82442390a4d4456c78f2d69a832d5720cb27-refs/branch-heads/7922@{#2891})","userDataDir":"C:\\Users\\MARKCA~1\\AppData\\Local\\Temp\\scoped_dir7296_1857019303"},"fedcm:accounts":true,"goog:chromeOptions":{"debuggerAddress":"localhost:61501"},"goog:processID":12940,"networkConnectionEnabled":false,"pageLoadStrategy":"normal","platformName":"windows","proxy":{},"setWindowRect":true,"strictFileInteractability":false,"timeouts":{"implicit":0,"pageLoad":300000,"script":30000},"unhandledPromptBehavior":"dismiss and notify","webauthn:extension:credBlob":true,"webauthn:extension:largeBlob":true,"webauthn:extension:minPinLength":true,"webauthn:extension:prf":true,"webauthn:virtualAuthenticators":true},"sessionId":"9df5a0bb58e7e7bc925a6b9e087655bd"}} | headers=HTTPHeaderDict({'Content-Length': '909', 'Content-Type': 'application/json; charset=utf-8', 'cache-control': 'no-cache'})
2026-08-19 15:30:29 - selenium.webdriver.remote.remote_connection - DEBUG - Finished Request
2026-08-19 15:30:29 - selenium.webdriver.remote.remote_connection - DEBUG - POST http://localhost:61496/session/9df5a0bb58e7e7bc925a6b9e087655bd/timeouts {'pageLoad': 30000}
2026-08-19 15:30:29 - urllib3.connectionpool - DEBUG - http://localhost:61496 "POST /session/9df5a0bb58e7e7bc925a6b9e087655bd/timeouts HTTP/1.1" 200 0
2026-08-19 15:30:29 - selenium.webdriver.remote.remote_connection - DEBUG - Remote response: status=200 | data={"value":null} | headers=HTTPHeaderDict({'Content-Length': '14', 'Content-Type': 'application/json; charset=utf-8', 'cache-control': 'no-cache'})
2026-08-19 15:30:29 - selenium.webdriver.remote.remote_connection - DEBUG - Finished Request
2026-08-19 15:30:29 - scraper - INFO - Chrome driver initialized
2026-08-19 15:30:29 - scraper - INFO - 
======================================================================
2026-08-19 15:30:29 - scraper - INFO - Scraping VCIT: https://investor.vanguard.com/etf/profile/overview/vcit
2026-08-19 15:30:29 - scraper - INFO - ======================================================================
2026-08-19 15:30:29 - scraper - INFO - Navigating to https://investor.vanguard.com/etf/profile/overview/vcit
2026-08-19 15:30:29 - selenium.webdriver.remote.remote_connection - DEBUG - POST http://localhost:61496/session/9df5a0bb58e7e7bc925a6b9e087655bd/url {'url': 'https://investor.vanguard.com/etf/profile/overview/vcit'}
2026-08-19 15:30:43 - urllib3.connectionpool - DEBUG - http://localhost:61496 "POST /session/9df5a0bb58e7e7bc925a6b9e087655bd/url HTTP/1.1" 200 0
2026-08-19 15:30:43 - selenium.webdriver.remote.remote_connection - DEBUG - Remote response: status=200 | data={"value":null} | headers=HTTPHeaderDict({'Content-Length': '14', 'Content-Type': 'application/json; charset=utf-8', 'cache-control': 'no-cache'})
2026-08-19 15:30:43 - selenium.webdriver.remote.remote_connection - DEBUG - Finished Request
2026-08-19 15:30:43 - selenium.webdriver.remote.remote_connection - DEBUG - POST http://localhost:61496/session/9df5a0bb58e7e7bc925a6b9e087655bd/element {'using': 'css selector', 'value': 'h1.ticker'}
2026-08-19 15:30:43 - urllib3.connectionpool - DEBUG - http://localhost:61496 "POST /session/9df5a0bb58e7e7bc925a6b9e087655bd/element HTTP/1.1" 200 0
2026-08-19 15:30:43 - selenium.webdriver.remote.remote_connection - DEBUG - Remote response: status=200 | data={"value":{"element-6066-11e4-a52e-4f735466cecf":"f.B494878729A6DDFFD6D1F1DB042219E3.d.5840B451DBA04DE275F259869DCFE74B.e.64"}} | headers=HTTPHeaderDict({'Content-Length': '126', 'Content-Type': 'application/json; charset=utf-8', 'cache-control': 'no-cache'})
2026-08-19 15:30:43 - selenium.webdriver.remote.remote_connection - DEBUG - Finished Request
2026-08-19 15:30:43 - scraper - INFO - Page loaded (h1.ticker present)
2026-08-19 15:30:43 - selenium.webdriver.remote.remote_connection - DEBUG - POST http://localhost:61496/session/9df5a0bb58e7e7bc925a6b9e087655bd/element {'using': 'css selector', 'value': 'h1.ticker span.fund-name'}
2026-08-19 15:30:43 - urllib3.connectionpool - DEBUG - http://localhost:61496 "POST /session/9df5a0bb58e7e7bc925a6b9e087655bd/element HTTP/1.1" 200 0
2026-08-19 15:30:43 - selenium.webdriver.remote.remote_connection - DEBUG - Remote response: status=200 | data={"value":{"element-6066-11e4-a52e-4f735466cecf":"f.B494878729A6DDFFD6D1F1DB042219E3.d.5840B451DBA04DE275F259869DCFE74B.e.65"}} | headers=HTTPHeaderDict({'Content-Length': '126', 'Content-Type': 'application/json; charset=utf-8', 'cache-control': 'no-cache'})
2026-08-19 15:30:43 - selenium.webdriver.remote.remote_connection - DEBUG - Finished Request
2026-08-19 15:30:43 - selenium.webdriver.remote.remote_connection - DEBUG - GET http://localhost:61496/session/9df5a0bb58e7e7bc925a6b9e087655bd/element/f.B494878729A6DDFFD6D1F1DB042219E3.d.5840B451DBA04DE275F259869DCFE74B.e.65/text {}
2026-08-19 15:30:43 - urllib3.connectionpool - DEBUG - http://localhost:61496 "GET /session/9df5a0bb58e7e7bc925a6b9e087655bd/element/f.B494878729A6DDFFD6D1F1DB042219E3.d.5840B451DBA04DE275F259869DCFE74B.e.65/text HTTP/1.1" 200 0
2026-08-19 15:30:43 - selenium.webdriver.remote.remote_connection - DEBUG - Remote response: status=200 | data={"value":"Vanguard Intermediate-Term Corporate Bond ETF"} | headers=HTTPHeaderDict({'Content-Length': '57', 'Content-Type': 'application/json; charset=utf-8', 'cache-control': 'no-cache'})
2026-08-19 15:30:43 - selenium.webdriver.remote.remote_connection - DEBUG - Finished Request
2026-08-19 15:30:43 - scraper - INFO - Verified fund name: Vanguard Intermediate-Term Corporate Bond ETF
2026-08-19 15:30:43 - scraper - INFO - Scrolling to Portfolio Composition section...
2026-08-19 15:30:43 - selenium.webdriver.remote.remote_connection - DEBUG - POST http://localhost:61496/session/9df5a0bb58e7e7bc925a6b9e087655bd/element {'using': 'css selector', 'value': 'section#portfolio-composition'}
2026-08-19 15:30:43 - urllib3.connectionpool - DEBUG - http://localhost:61496 "POST /session/9df5a0bb58e7e7bc925a6b9e087655bd/element HTTP/1.1" 200 0
2026-08-19 15:30:43 - selenium.webdriver.remote.remote_connection - DEBUG - Remote response: status=200 | data={"value":{"element-6066-11e4-a52e-4f735466cecf":"f.B494878729A6DDFFD6D1F1DB042219E3.d.5840B451DBA04DE275F259869DCFE74B.e.66"}} | headers=HTTPHeaderDict({'Content-Length': '126', 'Content-Type': 'application/json; charset=utf-8', 'cache-control': 'no-cache'})
2026-08-19 15:30:43 - selenium.webdriver.remote.remote_connection - DEBUG - Finished Request
2026-08-19 15:30:43 - selenium.webdriver.remote.remote_connection - DEBUG - POST http://localhost:61496/session/9df5a0bb58e7e7bc925a6b9e087655bd/execute/sync {'script': "arguments[0].scrollIntoView({behavior: 'instant', block: 'center'});", 'args': [{'element-6066-11e4-a52e-4f735466cecf': 'f.B494878729A6DDFFD6D1F1DB042219E3.d.5840B451DBA04DE275F259869DCFE74B.e.66'}]}
2026-08-19 15:30:43 - urllib3.connectionpool - DEBUG - http://localhost:61496 "POST /session/9df5a0bb58e7e7bc925a6b9e087655bd/execute/sync HTTP/1.1" 200 0
2026-08-19 15:30:43 - selenium.webdriver.remote.remote_connection - DEBUG - Remote response: status=200 | data={"value":null} | headers=HTTPHeaderDict({'Content-Length': '14', 'Content-Type': 'application/json; charset=utf-8', 'cache-control': 'no-cache'})
2026-08-19 15:30:43 - selenium.webdriver.remote.remote_connection - DEBUG - Finished Request
2026-08-19 15:30:43 - selenium.webdriver.remote.remote_connection - DEBUG - POST http://localhost:61496/session/9df5a0bb58e7e7bc925a6b9e087655bd/element {'using': 'css selector', 'value': 'tr.fixed-income'}
2026-08-19 15:30:43 - urllib3.connectionpool - DEBUG - http://localhost:61496 "POST /session/9df5a0bb58e7e7bc925a6b9e087655bd/element HTTP/1.1" 200 0
2026-08-19 15:30:43 - selenium.webdriver.remote.remote_connection - DEBUG - Remote response: status=200 | data={"value":{"element-6066-11e4-a52e-4f735466cecf":"f.B494878729A6DDFFD6D1F1DB042219E3.d.5840B451DBA04DE275F259869DCFE74B.e.67"}} | headers=HTTPHeaderDict({'Content-Length': '126', 'Content-Type': 'application/json; charset=utf-8', 'cache-control': 'no-cache'})
2026-08-19 15:30:43 - selenium.webdriver.remote.remote_connection - DEBUG - Finished Request
2026-08-19 15:30:43 - scraper - INFO - Portfolio Composition section rendered (tr.fixed-income present)
2026-08-19 15:30:43 - scraper - INFO - Extracting 'as of' date...
2026-08-19 15:30:43 - selenium.webdriver.remote.remote_connection - DEBUG - POST http://localhost:61496/session/9df5a0bb58e7e7bc925a6b9e087655bd/element {'using': 'css selector', 'value': 'p.date.rps-paragraph-two'}
2026-08-19 15:30:43 - urllib3.connectionpool - DEBUG - http://localhost:61496 "POST /session/9df5a0bb58e7e7bc925a6b9e087655bd/element HTTP/1.1" 200 0
2026-08-19 15:30:43 - selenium.webdriver.remote.remote_connection - DEBUG - Remote response: status=200 | data={"value":{"element-6066-11e4-a52e-4f735466cecf":"f.B494878729A6DDFFD6D1F1DB042219E3.d.5840B451DBA04DE275F259869DCFE74B.e.68"}} | headers=HTTPHeaderDict({'Content-Length': '126', 'Content-Type': 'application/json; charset=utf-8', 'cache-control': 'no-cache'})
2026-08-19 15:30:43 - selenium.webdriver.remote.remote_connection - DEBUG - Finished Request
2026-08-19 15:30:43 - selenium.webdriver.remote.remote_connection - DEBUG - GET http://localhost:61496/session/9df5a0bb58e7e7bc925a6b9e087655bd/element/f.B494878729A6DDFFD6D1F1DB042219E3.d.5840B451DBA04DE275F259869DCFE74B.e.68/text {}
2026-08-19 15:30:43 - urllib3.connectionpool - DEBUG - http://localhost:61496 "GET /session/9df5a0bb58e7e7bc925a6b9e087655bd/element/f.B494878729A6DDFFD6D1F1DB042219E3.d.5840B451DBA04DE275F259869DCFE74B.e.68/text HTTP/1.1" 200 0
2026-08-19 15:30:43 - selenium.webdriver.remote.remote_connection - DEBUG - Remote response: status=200 | data={"value":"as of 07/31/2026"} | headers=HTTPHeaderDict({'Content-Length': '28', 'Content-Type': 'application/json; charset=utf-8', 'cache-control': 'no-cache'})
2026-08-19 15:30:43 - selenium.webdriver.remote.remote_connection - DEBUG - Finished Request
2026-08-19 15:30:43 - scraper - INFO - Date found via CSS p.date.rps-paragraph-two: 07/31/2026
2026-08-19 15:30:43 - scraper - INFO - Extracting Average Duration for VCIT...
2026-08-19 15:30:43 - selenium.webdriver.remote.remote_connection - DEBUG - POST http://localhost:61496/session/9df5a0bb58e7e7bc925a6b9e087655bd/element {'using': 'css selector', 'value': 'td[data-rpa-tag-id="symbolAvgDuration"]'}
2026-08-19 15:30:43 - urllib3.connectionpool - DEBUG - http://localhost:61496 "POST /session/9df5a0bb58e7e7bc925a6b9e087655bd/element HTTP/1.1" 200 0
2026-08-19 15:30:43 - selenium.webdriver.remote.remote_connection - DEBUG - Remote response: status=200 | data={"value":{"element-6066-11e4-a52e-4f735466cecf":"f.B494878729A6DDFFD6D1F1DB042219E3.d.5840B451DBA04DE275F259869DCFE74B.e.69"}} | headers=HTTPHeaderDict({'Content-Length': '126', 'Content-Type': 'application/json; charset=utf-8', 'cache-control': 'no-cache'})
2026-08-19 15:30:43 - selenium.webdriver.remote.remote_connection - DEBUG - Finished Request
2026-08-19 15:30:43 - selenium.webdriver.remote.remote_connection - DEBUG - GET http://localhost:61496/session/9df5a0bb58e7e7bc925a6b9e087655bd/element/f.B494878729A6DDFFD6D1F1DB042219E3.d.5840B451DBA04DE275F259869DCFE74B.e.69/text {}
2026-08-19 15:30:43 - urllib3.connectionpool - DEBUG - http://localhost:61496 "GET /session/9df5a0bb58e7e7bc925a6b9e087655bd/element/f.B494878729A6DDFFD6D1F1DB042219E3.d.5840B451DBA04DE275F259869DCFE74B.e.69/text HTTP/1.1" 200 0
2026-08-19 15:30:43 - selenium.webdriver.remote.remote_connection - DEBUG - Remote response: status=200 | data={"value":"6.0 years"} | headers=HTTPHeaderDict({'Content-Length': '21', 'Content-Type': 'application/json; charset=utf-8', 'cache-control': 'no-cache'})
2026-08-19 15:30:43 - selenium.webdriver.remote.remote_connection - DEBUG - Finished Request
2026-08-19 15:30:43 - scraper - INFO - Duration found via RPA tag [symbolAvgDuration]: 6.0 years
2026-08-19 15:30:43 - scraper - INFO - Successfully scraped VCIT: date=07/31/2026, duration=6.0 years
2026-08-19 15:30:43 - scraper - INFO - 
======================================================================
2026-08-19 15:30:43 - scraper - INFO - Scraping VCSH: https://investor.vanguard.com/etf/profile/overview/vcsh
2026-08-19 15:30:43 - scraper - INFO - ======================================================================
2026-08-19 15:30:43 - scraper - INFO - Navigating to https://investor.vanguard.com/etf/profile/overview/vcsh
2026-08-19 15:30:43 - selenium.webdriver.remote.remote_connection - DEBUG - POST http://localhost:61496/session/9df5a0bb58e7e7bc925a6b9e087655bd/url {'url': 'https://investor.vanguard.com/etf/profile/overview/vcsh'}
2026-08-19 15:30:51 - urllib3.connectionpool - DEBUG - http://localhost:61496 "POST /session/9df5a0bb58e7e7bc925a6b9e087655bd/url HTTP/1.1" 200 0
2026-08-19 15:30:51 - selenium.webdriver.remote.remote_connection - DEBUG - Remote response: status=200 | data={"value":null} | headers=HTTPHeaderDict({'Content-Length': '14', 'Content-Type': 'application/json; charset=utf-8', 'cache-control': 'no-cache'})
2026-08-19 15:30:51 - selenium.webdriver.remote.remote_connection - DEBUG - Finished Request
2026-08-19 15:30:51 - selenium.webdriver.remote.remote_connection - DEBUG - POST http://localhost:61496/session/9df5a0bb58e7e7bc925a6b9e087655bd/element {'using': 'css selector', 'value': 'h1.ticker'}
2026-08-19 15:30:52 - urllib3.connectionpool - DEBUG - http://localhost:61496 "POST /session/9df5a0bb58e7e7bc925a6b9e087655bd/element HTTP/1.1" 200 0
2026-08-19 15:30:52 - selenium.webdriver.remote.remote_connection - DEBUG - Remote response: status=200 | data={"value":{"element-6066-11e4-a52e-4f735466cecf":"f.B494878729A6DDFFD6D1F1DB042219E3.d.08E7E14A180A0DBE3CBA1662EB335A79.e.129"}} | headers=HTTPHeaderDict({'Content-Length': '127', 'Content-Type': 'application/json; charset=utf-8', 'cache-control': 'no-cache'})
2026-08-19 15:30:52 - selenium.webdriver.remote.remote_connection - DEBUG - Finished Request
2026-08-19 15:30:52 - scraper - INFO - Page loaded (h1.ticker present)
2026-08-19 15:30:52 - selenium.webdriver.remote.remote_connection - DEBUG - POST http://localhost:61496/session/9df5a0bb58e7e7bc925a6b9e087655bd/element {'using': 'css selector', 'value': 'h1.ticker span.fund-name'}
2026-08-19 15:30:52 - urllib3.connectionpool - DEBUG - http://localhost:61496 "POST /session/9df5a0bb58e7e7bc925a6b9e087655bd/element HTTP/1.1" 200 0
2026-08-19 15:30:52 - selenium.webdriver.remote.remote_connection - DEBUG - Remote response: status=200 | data={"value":{"element-6066-11e4-a52e-4f735466cecf":"f.B494878729A6DDFFD6D1F1DB042219E3.d.08E7E14A180A0DBE3CBA1662EB335A79.e.130"}} | headers=HTTPHeaderDict({'Content-Length': '127', 'Content-Type': 'application/json; charset=utf-8', 'cache-control': 'no-cache'})
2026-08-19 15:30:52 - selenium.webdriver.remote.remote_connection - DEBUG - Finished Request
2026-08-19 15:30:52 - selenium.webdriver.remote.remote_connection - DEBUG - GET http://localhost:61496/session/9df5a0bb58e7e7bc925a6b9e087655bd/element/f.B494878729A6DDFFD6D1F1DB042219E3.d.08E7E14A180A0DBE3CBA1662EB335A79.e.130/text {}
2026-08-19 15:30:52 - urllib3.connectionpool - DEBUG - http://localhost:61496 "GET /session/9df5a0bb58e7e7bc925a6b9e087655bd/element/f.B494878729A6DDFFD6D1F1DB042219E3.d.08E7E14A180A0DBE3CBA1662EB335A79.e.130/text HTTP/1.1" 200 0
2026-08-19 15:30:52 - selenium.webdriver.remote.remote_connection - DEBUG - Remote response: status=200 | data={"value":"Vanguard Short-Term Corporate Bond ETF"} | headers=HTTPHeaderDict({'Content-Length': '50', 'Content-Type': 'application/json; charset=utf-8', 'cache-control': 'no-cache'})
2026-08-19 15:30:52 - selenium.webdriver.remote.remote_connection - DEBUG - Finished Request
2026-08-19 15:30:52 - scraper - INFO - Verified fund name: Vanguard Short-Term Corporate Bond ETF
2026-08-19 15:30:52 - scraper - INFO - Scrolling to Portfolio Composition section...
2026-08-19 15:30:52 - selenium.webdriver.remote.remote_connection - DEBUG - POST http://localhost:61496/session/9df5a0bb58e7e7bc925a6b9e087655bd/element {'using': 'css selector', 'value': 'section#portfolio-composition'}
2026-08-19 15:30:52 - urllib3.connectionpool - DEBUG - http://localhost:61496 "POST /session/9df5a0bb58e7e7bc925a6b9e087655bd/element HTTP/1.1" 200 0
2026-08-19 15:30:52 - selenium.webdriver.remote.remote_connection - DEBUG - Remote response: status=200 | data={"value":{"element-6066-11e4-a52e-4f735466cecf":"f.B494878729A6DDFFD6D1F1DB042219E3.d.08E7E14A180A0DBE3CBA1662EB335A79.e.131"}} | headers=HTTPHeaderDict({'Content-Length': '127', 'Content-Type': 'application/json; charset=utf-8', 'cache-control': 'no-cache'})
2026-08-19 15:30:52 - selenium.webdriver.remote.remote_connection - DEBUG - Finished Request
2026-08-19 15:30:52 - selenium.webdriver.remote.remote_connection - DEBUG - POST http://localhost:61496/session/9df5a0bb58e7e7bc925a6b9e087655bd/execute/sync {'script': "arguments[0].scrollIntoView({behavior: 'instant', block: 'center'});", 'args': [{'element-6066-11e4-a52e-4f735466cecf': 'f.B494878729A6DDFFD6D1F1DB042219E3.d.08E7E14A180A0DBE3CBA1662EB335A79.e.131'}]}
2026-08-19 15:30:52 - urllib3.connectionpool - DEBUG - http://localhost:61496 "POST /session/9df5a0bb58e7e7bc925a6b9e087655bd/execute/sync HTTP/1.1" 200 0
2026-08-19 15:30:52 - selenium.webdriver.remote.remote_connection - DEBUG - Remote response: status=200 | data={"value":null} | headers=HTTPHeaderDict({'Content-Length': '14', 'Content-Type': 'application/json; charset=utf-8', 'cache-control': 'no-cache'})
2026-08-19 15:30:52 - selenium.webdriver.remote.remote_connection - DEBUG - Finished Request
2026-08-19 15:30:52 - selenium.webdriver.remote.remote_connection - DEBUG - POST http://localhost:61496/session/9df5a0bb58e7e7bc925a6b9e087655bd/element {'using': 'css selector', 'value': 'tr.fixed-income'}
2026-08-19 15:30:52 - urllib3.connectionpool - DEBUG - http://localhost:61496 "POST /session/9df5a0bb58e7e7bc925a6b9e087655bd/element HTTP/1.1" 200 0
2026-08-19 15:30:52 - selenium.webdriver.remote.remote_connection - DEBUG - Remote response: status=200 | data={"value":{"element-6066-11e4-a52e-4f735466cecf":"f.B494878729A6DDFFD6D1F1DB042219E3.d.08E7E14A180A0DBE3CBA1662EB335A79.e.134"}} | headers=HTTPHeaderDict({'Content-Length': '127', 'Content-Type': 'application/json; charset=utf-8', 'cache-control': 'no-cache'})
2026-08-19 15:30:52 - selenium.webdriver.remote.remote_connection - DEBUG - Finished Request
2026-08-19 15:30:52 - scraper - INFO - Portfolio Composition section rendered (tr.fixed-income present)
2026-08-19 15:30:52 - scraper - INFO - Extracting 'as of' date...
2026-08-19 15:30:52 - selenium.webdriver.remote.remote_connection - DEBUG - POST http://localhost:61496/session/9df5a0bb58e7e7bc925a6b9e087655bd/element {'using': 'css selector', 'value': 'p.date.rps-paragraph-two'}
2026-08-19 15:30:52 - urllib3.connectionpool - DEBUG - http://localhost:61496 "POST /session/9df5a0bb58e7e7bc925a6b9e087655bd/element HTTP/1.1" 200 0
2026-08-19 15:30:52 - selenium.webdriver.remote.remote_connection - DEBUG - Remote response: status=200 | data={"value":{"element-6066-11e4-a52e-4f735466cecf":"f.B494878729A6DDFFD6D1F1DB042219E3.d.08E7E14A180A0DBE3CBA1662EB335A79.e.135"}} | headers=HTTPHeaderDict({'Content-Length': '127', 'Content-Type': 'application/json; charset=utf-8', 'cache-control': 'no-cache'})
2026-08-19 15:30:52 - selenium.webdriver.remote.remote_connection - DEBUG - Finished Request
2026-08-19 15:30:52 - selenium.webdriver.remote.remote_connection - DEBUG - GET http://localhost:61496/session/9df5a0bb58e7e7bc925a6b9e087655bd/element/f.B494878729A6DDFFD6D1F1DB042219E3.d.08E7E14A180A0DBE3CBA1662EB335A79.e.135/text {}
2026-08-19 15:30:52 - urllib3.connectionpool - DEBUG - http://localhost:61496 "GET /session/9df5a0bb58e7e7bc925a6b9e087655bd/element/f.B494878729A6DDFFD6D1F1DB042219E3.d.08E7E14A180A0DBE3CBA1662EB335A79.e.135/text HTTP/1.1" 200 0
2026-08-19 15:30:52 - selenium.webdriver.remote.remote_connection - DEBUG - Remote response: status=200 | data={"value":"as of 07/31/2026"} | headers=HTTPHeaderDict({'Content-Length': '28', 'Content-Type': 'application/json; charset=utf-8', 'cache-control': 'no-cache'})
2026-08-19 15:30:52 - selenium.webdriver.remote.remote_connection - DEBUG - Finished Request
2026-08-19 15:30:52 - scraper - INFO - Date found via CSS p.date.rps-paragraph-two: 07/31/2026
2026-08-19 15:30:52 - scraper - INFO - Extracting Average Duration for VCSH...
2026-08-19 15:30:52 - selenium.webdriver.remote.remote_connection - DEBUG - POST http://localhost:61496/session/9df5a0bb58e7e7bc925a6b9e087655bd/element {'using': 'css selector', 'value': 'td[data-rpa-tag-id="symbolAvgDuration"]'}
2026-08-19 15:30:52 - urllib3.connectionpool - DEBUG - http://localhost:61496 "POST /session/9df5a0bb58e7e7bc925a6b9e087655bd/element HTTP/1.1" 200 0
2026-08-19 15:30:52 - selenium.webdriver.remote.remote_connection - DEBUG - Remote response: status=200 | data={"value":{"element-6066-11e4-a52e-4f735466cecf":"f.B494878729A6DDFFD6D1F1DB042219E3.d.08E7E14A180A0DBE3CBA1662EB335A79.e.136"}} | headers=HTTPHeaderDict({'Content-Length': '127', 'Content-Type': 'application/json; charset=utf-8', 'cache-control': 'no-cache'})
2026-08-19 15:30:52 - selenium.webdriver.remote.remote_connection - DEBUG - Finished Request
2026-08-19 15:30:52 - selenium.webdriver.remote.remote_connection - DEBUG - GET http://localhost:61496/session/9df5a0bb58e7e7bc925a6b9e087655bd/element/f.B494878729A6DDFFD6D1F1DB042219E3.d.08E7E14A180A0DBE3CBA1662EB335A79.e.136/text {}
2026-08-19 15:30:52 - urllib3.connectionpool - DEBUG - http://localhost:61496 "GET /session/9df5a0bb58e7e7bc925a6b9e087655bd/element/f.B494878729A6DDFFD6D1F1DB042219E3.d.08E7E14A180A0DBE3CBA1662EB335A79.e.136/text HTTP/1.1" 200 0
2026-08-19 15:30:52 - selenium.webdriver.remote.remote_connection - DEBUG - Remote response: status=200 | data={"value":"2.7 years"} | headers=HTTPHeaderDict({'Content-Length': '21', 'Content-Type': 'application/json; charset=utf-8', 'cache-control': 'no-cache'})
2026-08-19 15:30:52 - selenium.webdriver.remote.remote_connection - DEBUG - Finished Request
2026-08-19 15:30:52 - scraper - INFO - Duration found via RPA tag [symbolAvgDuration]: 2.7 years
2026-08-19 15:30:52 - scraper - INFO - Successfully scraped VCSH: date=07/31/2026, duration=2.7 years
2026-08-19 15:30:52 - scraper - INFO - 
======================================================================
2026-08-19 15:30:52 - scraper - INFO - Scraping VCLT: https://investor.vanguard.com/etf/profile/overview/vclt
2026-08-19 15:30:52 - scraper - INFO - ======================================================================
2026-08-19 15:30:52 - scraper - INFO - Navigating to https://investor.vanguard.com/etf/profile/overview/vclt
2026-08-19 15:30:52 - selenium.webdriver.remote.remote_connection - DEBUG - POST http://localhost:61496/session/9df5a0bb58e7e7bc925a6b9e087655bd/url {'url': 'https://investor.vanguard.com/etf/profile/overview/vclt'}
2026-08-19 15:30:58 - urllib3.connectionpool - DEBUG - http://localhost:61496 "POST /session/9df5a0bb58e7e7bc925a6b9e087655bd/url HTTP/1.1" 200 0
2026-08-19 15:30:58 - selenium.webdriver.remote.remote_connection - DEBUG - Remote response: status=200 | data={"value":null} | headers=HTTPHeaderDict({'Content-Length': '14', 'Content-Type': 'application/json; charset=utf-8', 'cache-control': 'no-cache'})
2026-08-19 15:30:58 - selenium.webdriver.remote.remote_connection - DEBUG - Finished Request
2026-08-19 15:30:58 - selenium.webdriver.remote.remote_connection - DEBUG - POST http://localhost:61496/session/9df5a0bb58e7e7bc925a6b9e087655bd/element {'using': 'css selector', 'value': 'h1.ticker'}
2026-08-19 15:30:59 - urllib3.connectionpool - DEBUG - http://localhost:61496 "POST /session/9df5a0bb58e7e7bc925a6b9e087655bd/element HTTP/1.1" 404 0
2026-08-19 15:30:59 - selenium.webdriver.remote.remote_connection - DEBUG - Remote response: status=404 | data={"value":{"error":"no such element","message":"no such element: Unable to locate element: {\"method\":\"css selector\",\"selector\":\"h1.ticker\"}\n  (Session info: chrome=151.0.7922.138)","stacktrace":"\tchromedriver!GetHandleVerifier [0x7ff617bcabb5+151b5]\n\tchromedriver!GetHandleVerifier [0x7ff617bcac10+15210]\n\tchromedriver!(No symbol) [0x7ff6176f5d6d]\n\tchromedriver!(No symbol) [0x7ff617751289]\n\tchromedriver!(No symbol) [0x7ff61775158c]\n\tchromedriver!(No symbol) [0x7ff6177a2027]\n\tchromedriver!(No symbol) [0x7ff61779ec0b]\n\tchromedriver!(No symbol) [0x7ff6177437cc]\n\tchromedriver!(No symbol) [0x7ff6177446f3]\n\tchromedriver!GetHandleVerifier [0x7ff6181eb79b+635d9b]\n\tchromedriver!GetHandleVerifier [0x7ff6181e5ac6+6300c6]\n\tchromedriver!GetHandleVerifier [0x7ff61820bcee+6562ee]\n\tchromedriver!GetHandleVerifier [0x7ff617be8ffe+335fe]\n\tchromedriver!GetHandleVerifier [0x7ff617bf147c+3ba7c]\n\tchromedriver!GetHandleVerifier [0x7ff617bd4d64+1f364]\n\tchromedriver!GetHandleVerifier [0x7ff617bd4ef4+1f4f4]\n\tchromedriver!GetHandleVerifier [0x7ff617bb7d97+2397]\n\tKERNEL32!BaseThreadInitThunk [0x7ffeb4f453e0+10]\n\tntdll!RtlUserThreadStart [0x7ffeb6d4485b+2b]\n"}} | headers=HTTPHeaderDict({'Content-Length': '1193', 'Content-Type': 'application/json; charset=utf-8', 'cache-control': 'no-cache'})
2026-08-19 15:30:59 - selenium.webdriver.remote.remote_connection - DEBUG - Finished Request
2026-08-19 15:30:59 - selenium.webdriver.remote.remote_connection - DEBUG - POST http://localhost:61496/session/9df5a0bb58e7e7bc925a6b9e087655bd/element {'using': 'css selector', 'value': 'h1.ticker'}
2026-08-19 15:31:05 - urllib3.connectionpool - DEBUG - http://localhost:61496 "POST /session/9df5a0bb58e7e7bc925a6b9e087655bd/element HTTP/1.1" 404 0
2026-08-19 15:31:05 - selenium.webdriver.remote.remote_connection - DEBUG - Remote response: status=404 | data={"value":{"error":"no such element","message":"no such element: Unable to locate element: {\"method\":\"css selector\",\"selector\":\"h1.ticker\"}\n  (Session info: chrome=151.0.7922.138)","stacktrace":"\tchromedriver!GetHandleVerifier [0x7ff617bcabb5+151b5]\n\tchromedriver!GetHandleVerifier [0x7ff617bcac10+15210]\n\tchromedriver!(No symbol) [0x7ff6176f5d6d]\n\tchromedriver!(No symbol) [0x7ff617751289]\n\tchromedriver!(No symbol) [0x7ff61775158c]\n\tchromedriver!(No symbol) [0x7ff6177a2027]\n\tchromedriver!(No symbol) [0x7ff61779ec0b]\n\tchromedriver!(No symbol) [0x7ff6177437cc]\n\tchromedriver!(No symbol) [0x7ff6177446f3]\n\tchromedriver!GetHandleVerifier [0x7ff6181eb79b+635d9b]\n\tchromedriver!GetHandleVerifier [0x7ff6181e5ac6+6300c6]\n\tchromedriver!GetHandleVerifier [0x7ff61820bcee+6562ee]\n\tchromedriver!GetHandleVerifier [0x7ff617be8ffe+335fe]\n\tchromedriver!GetHandleVerifier [0x7ff617bf147c+3ba7c]\n\tchromedriver!GetHandleVerifier [0x7ff617bd4d64+1f364]\n\tchromedriver!GetHandleVerifier [0x7ff617bd4ef4+1f4f4]\n\tchromedriver!GetHandleVerifier [0x7ff617bb7d97+2397]\n\tKERNEL32!BaseThreadInitThunk [0x7ffeb4f453e0+10]\n\tntdll!RtlUserThreadStart [0x7ffeb6d4485b+2b]\n"}} | headers=HTTPHeaderDict({'Content-Length': '1193', 'Content-Type': 'application/json; charset=utf-8', 'cache-control': 'no-cache'})
2026-08-19 15:31:05 - selenium.webdriver.remote.remote_connection - DEBUG - Finished Request
2026-08-19 15:31:05 - selenium.webdriver.remote.remote_connection - DEBUG - POST http://localhost:61496/session/9df5a0bb58e7e7bc925a6b9e087655bd/element {'using': 'css selector', 'value': 'h1.ticker'}
2026-08-19 15:31:06 - urllib3.connectionpool - DEBUG - http://localhost:61496 "POST /session/9df5a0bb58e7e7bc925a6b9e087655bd/element HTTP/1.1" 404 0
2026-08-19 15:31:06 - selenium.webdriver.remote.remote_connection - DEBUG - Remote response: status=404 | data={"value":{"error":"no such element","message":"no such element: Unable to locate element: {\"method\":\"css selector\",\"selector\":\"h1.ticker\"}\n  (Session info: chrome=151.0.7922.138)","stacktrace":"\tchromedriver!GetHandleVerifier [0x7ff617bcabb5+151b5]\n\tchromedriver!GetHandleVerifier [0x7ff617bcac10+15210]\n\tchromedriver!(No symbol) [0x7ff6176f5d6d]\n\tchromedriver!(No symbol) [0x7ff617751289]\n\tchromedriver!(No symbol) [0x7ff61775158c]\n\tchromedriver!(No symbol) [0x7ff6177a2027]\n\tchromedriver!(No symbol) [0x7ff61779ec0b]\n\tchromedriver!(No symbol) [0x7ff6177437cc]\n\tchromedriver!(No symbol) [0x7ff6177446f3]\n\tchromedriver!GetHandleVerifier [0x7ff6181eb79b+635d9b]\n\tchromedriver!GetHandleVerifier [0x7ff6181e5ac6+6300c6]\n\tchromedriver!GetHandleVerifier [0x7ff61820bcee+6562ee]\n\tchromedriver!GetHandleVerifier [0x7ff617be8ffe+335fe]\n\tchromedriver!GetHandleVerifier [0x7ff617bf147c+3ba7c]\n\tchromedriver!GetHandleVerifier [0x7ff617bd4d64+1f364]\n\tchromedriver!GetHandleVerifier [0x7ff617bd4ef4+1f4f4]\n\tchromedriver!GetHandleVerifier [0x7ff617bb7d97+2397]\n\tKERNEL32!BaseThreadInitThunk [0x7ffeb4f453e0+10]\n\tntdll!RtlUserThreadStart [0x7ffeb6d4485b+2b]\n"}} | headers=HTTPHeaderDict({'Content-Length': '1193', 'Content-Type': 'application/json; charset=utf-8', 'cache-control': 'no-cache'})
2026-08-19 15:31:06 - selenium.webdriver.remote.remote_connection - DEBUG - Finished Request
2026-08-19 15:31:06 - selenium.webdriver.remote.remote_connection - DEBUG - POST http://localhost:61496/session/9df5a0bb58e7e7bc925a6b9e087655bd/element {'using': 'css selector', 'value': 'h1.ticker'}
2026-08-19 15:31:06 - urllib3.connectionpool - DEBUG - http://localhost:61496 "POST /session/9df5a0bb58e7e7bc925a6b9e087655bd/element HTTP/1.1" 404 0
2026-08-19 15:31:06 - selenium.webdriver.remote.remote_connection - DEBUG - Remote response: status=404 | data={"value":{"error":"no such element","message":"no such element: Unable to locate element: {\"method\":\"css selector\",\"selector\":\"h1.ticker\"}\n  (Session info: chrome=151.0.7922.138)","stacktrace":"\tchromedriver!GetHandleVerifier [0x7ff617bcabb5+151b5]\n\tchromedriver!GetHandleVerifier [0x7ff617bcac10+15210]\n\tchromedriver!(No symbol) [0x7ff6176f5d6d]\n\tchromedriver!(No symbol) [0x7ff617751289]\n\tchromedriver!(No symbol) [0x7ff61775158c]\n\tchromedriver!(No symbol) [0x7ff6177a2027]\n\tchromedriver!(No symbol) [0x7ff61779ec0b]\n\tchromedriver!(No symbol) [0x7ff6177437cc]\n\tchromedriver!(No symbol) [0x7ff6177446f3]\n\tchromedriver!GetHandleVerifier [0x7ff6181eb79b+635d9b]\n\tchromedriver!GetHandleVerifier [0x7ff6181e5ac6+6300c6]\n\tchromedriver!GetHandleVerifier [0x7ff61820bcee+6562ee]\n\tchromedriver!GetHandleVerifier [0x7ff617be8ffe+335fe]\n\tchromedriver!GetHandleVerifier [0x7ff617bf147c+3ba7c]\n\tchromedriver!GetHandleVerifier [0x7ff617bd4d64+1f364]\n\tchromedriver!GetHandleVerifier [0x7ff617bd4ef4+1f4f4]\n\tchromedriver!GetHandleVerifier [0x7ff617bb7d97+2397]\n\tKERNEL32!BaseThreadInitThunk [0x7ffeb4f453e0+10]\n\tntdll!RtlUserThreadStart [0x7ffeb6d4485b+2b]\n"}} | headers=HTTPHeaderDict({'Content-Length': '1193', 'Content-Type': 'application/json; charset=utf-8', 'cache-control': 'no-cache'})
2026-08-19 15:31:06 - selenium.webdriver.remote.remote_connection - DEBUG - Finished Request
2026-08-19 15:31:07 - selenium.webdriver.remote.remote_connection - DEBUG - POST http://localhost:61496/session/9df5a0bb58e7e7bc925a6b9e087655bd/element {'using': 'css selector', 'value': 'h1.ticker'}
2026-08-19 15:31:07 - urllib3.connectionpool - DEBUG - http://localhost:61496 "POST /session/9df5a0bb58e7e7bc925a6b9e087655bd/element HTTP/1.1" 404 0
2026-08-19 15:31:07 - selenium.webdriver.remote.remote_connection - DEBUG - Remote response: status=404 | data={"value":{"error":"no such element","message":"no such element: Unable to locate element: {\"method\":\"css selector\",\"selector\":\"h1.ticker\"}\n  (Session info: chrome=151.0.7922.138)","stacktrace":"\tchromedriver!GetHandleVerifier [0x7ff617bcabb5+151b5]\n\tchromedriver!GetHandleVerifier [0x7ff617bcac10+15210]\n\tchromedriver!(No symbol) [0x7ff6176f5d6d]\n\tchromedriver!(No symbol) [0x7ff617751289]\n\tchromedriver!(No symbol) [0x7ff61775158c]\n\tchromedriver!(No symbol) [0x7ff6177a2027]\n\tchromedriver!(No symbol) [0x7ff61779ec0b]\n\tchromedriver!(No symbol) [0x7ff6177437cc]\n\tchromedriver!(No symbol) [0x7ff6177446f3]\n\tchromedriver!GetHandleVerifier [0x7ff6181eb79b+635d9b]\n\tchromedriver!GetHandleVerifier [0x7ff6181e5ac6+6300c6]\n\tchromedriver!GetHandleVerifier [0x7ff61820bcee+6562ee]\n\tchromedriver!GetHandleVerifier [0x7ff617be8ffe+335fe]\n\tchromedriver!GetHandleVerifier [0x7ff617bf147c+3ba7c]\n\tchromedriver!GetHandleVerifier [0x7ff617bd4d64+1f364]\n\tchromedriver!GetHandleVerifier [0x7ff617bd4ef4+1f4f4]\n\tchromedriver!GetHandleVerifier [0x7ff617bb7d97+2397]\n\tKERNEL32!BaseThreadInitThunk [0x7ffeb4f453e0+10]\n\tntdll!RtlUserThreadStart [0x7ffeb6d4485b+2b]\n"}} | headers=HTTPHeaderDict({'Content-Length': '1193', 'Content-Type': 'application/json; charset=utf-8', 'cache-control': 'no-cache'})
2026-08-19 15:31:07 - selenium.webdriver.remote.remote_connection - DEBUG - Finished Request
2026-08-19 15:31:07 - selenium.webdriver.remote.remote_connection - DEBUG - POST http://localhost:61496/session/9df5a0bb58e7e7bc925a6b9e087655bd/element {'using': 'css selector', 'value': 'h1.ticker'}
2026-08-19 15:31:07 - urllib3.connectionpool - DEBUG - http://localhost:61496 "POST /session/9df5a0bb58e7e7bc925a6b9e087655bd/element HTTP/1.1" 404 0
2026-08-19 15:31:07 - selenium.webdriver.remote.remote_connection - DEBUG - Remote response: status=404 | data={"value":{"error":"no such element","message":"no such element: Unable to locate element: {\"method\":\"css selector\",\"selector\":\"h1.ticker\"}\n  (Session info: chrome=151.0.7922.138)","stacktrace":"\tchromedriver!GetHandleVerifier [0x7ff617bcabb5+151b5]\n\tchromedriver!GetHandleVerifier [0x7ff617bcac10+15210]\n\tchromedriver!(No symbol) [0x7ff6176f5d6d]\n\tchromedriver!(No symbol) [0x7ff617751289]\n\tchromedriver!(No symbol) [0x7ff61775158c]\n\tchromedriver!(No symbol) [0x7ff6177a2027]\n\tchromedriver!(No symbol) [0x7ff61779ec0b]\n\tchromedriver!(No symbol) [0x7ff6177437cc]\n\tchromedriver!(No symbol) [0x7ff6177446f3]\n\tchromedriver!GetHandleVerifier [0x7ff6181eb79b+635d9b]\n\tchromedriver!GetHandleVerifier [0x7ff6181e5ac6+6300c6]\n\tchromedriver!GetHandleVerifier [0x7ff61820bcee+6562ee]\n\tchromedriver!GetHandleVerifier [0x7ff617be8ffe+335fe]\n\tchromedriver!GetHandleVerifier [0x7ff617bf147c+3ba7c]\n\tchromedriver!GetHandleVerifier [0x7ff617bd4d64+1f364]\n\tchromedriver!GetHandleVerifier [0x7ff617bd4ef4+1f4f4]\n\tchromedriver!GetHandleVerifier [0x7ff617bb7d97+2397]\n\tKERNEL32!BaseThreadInitThunk [0x7ffeb4f453e0+10]\n\tntdll!RtlUserThreadStart [0x7ffeb6d4485b+2b]\n"}} | headers=HTTPHeaderDict({'Content-Length': '1193', 'Content-Type': 'application/json; charset=utf-8', 'cache-control': 'no-cache'})
2026-08-19 15:31:07 - selenium.webdriver.remote.remote_connection - DEBUG - Finished Request
2026-08-19 15:31:08 - selenium.webdriver.remote.remote_connection - DEBUG - POST http://localhost:61496/session/9df5a0bb58e7e7bc925a6b9e087655bd/element {'using': 'css selector', 'value': 'h1.ticker'}
2026-08-19 15:31:08 - urllib3.connectionpool - DEBUG - http://localhost:61496 "POST /session/9df5a0bb58e7e7bc925a6b9e087655bd/element HTTP/1.1" 404 0
2026-08-19 15:31:08 - selenium.webdriver.remote.remote_connection - DEBUG - Remote response: status=404 | data={"value":{"error":"no such element","message":"no such element: Unable to locate element: {\"method\":\"css selector\",\"selector\":\"h1.ticker\"}\n  (Session info: chrome=151.0.7922.138)","stacktrace":"\tchromedriver!GetHandleVerifier [0x7ff617bcabb5+151b5]\n\tchromedriver!GetHandleVerifier [0x7ff617bcac10+15210]\n\tchromedriver!(No symbol) [0x7ff6176f5d6d]\n\tchromedriver!(No symbol) [0x7ff617751289]\n\tchromedriver!(No symbol) [0x7ff61775158c]\n\tchromedriver!(No symbol) [0x7ff6177a2027]\n\tchromedriver!(No symbol) [0x7ff61779ec0b]\n\tchromedriver!(No symbol) [0x7ff6177437cc]\n\tchromedriver!(No symbol) [0x7ff6177446f3]\n\tchromedriver!GetHandleVerifier [0x7ff6181eb79b+635d9b]\n\tchromedriver!GetHandleVerifier [0x7ff6181e5ac6+6300c6]\n\tchromedriver!GetHandleVerifier [0x7ff61820bcee+6562ee]\n\tchromedriver!GetHandleVerifier [0x7ff617be8ffe+335fe]\n\tchromedriver!GetHandleVerifier [0x7ff617bf147c+3ba7c]\n\tchromedriver!GetHandleVerifier [0x7ff617bd4d64+1f364]\n\tchromedriver!GetHandleVerifier [0x7ff617bd4ef4+1f4f4]\n\tchromedriver!GetHandleVerifier [0x7ff617bb7d97+2397]\n\tKERNEL32!BaseThreadInitThunk [0x7ffeb4f453e0+10]\n\tntdll!RtlUserThreadStart [0x7ffeb6d4485b+2b]\n"}} | headers=HTTPHeaderDict({'Content-Length': '1193', 'Content-Type': 'application/json; charset=utf-8', 'cache-control': 'no-cache'})
2026-08-19 15:31:08 - selenium.webdriver.remote.remote_connection - DEBUG - Finished Request
2026-08-19 15:31:08 - selenium.webdriver.remote.remote_connection - DEBUG - POST http://localhost:61496/session/9df5a0bb58e7e7bc925a6b9e087655bd/element {'using': 'css selector', 'value': 'h1.ticker'}
2026-08-19 15:31:08 - urllib3.connectionpool - DEBUG - http://localhost:61496 "POST /session/9df5a0bb58e7e7bc925a6b9e087655bd/element HTTP/1.1" 404 0
2026-08-19 15:31:08 - selenium.webdriver.remote.remote_connection - DEBUG - Remote response: status=404 | data={"value":{"error":"no such element","message":"no such element: Unable to locate element: {\"method\":\"css selector\",\"selector\":\"h1.ticker\"}\n  (Session info: chrome=151.0.7922.138)","stacktrace":"\tchromedriver!GetHandleVerifier [0x7ff617bcabb5+151b5]\n\tchromedriver!GetHandleVerifier [0x7ff617bcac10+15210]\n\tchromedriver!(No symbol) [0x7ff6176f5d6d]\n\tchromedriver!(No symbol) [0x7ff617751289]\n\tchromedriver!(No symbol) [0x7ff61775158c]\n\tchromedriver!(No symbol) [0x7ff6177a2027]\n\tchromedriver!(No symbol) [0x7ff61779ec0b]\n\tchromedriver!(No symbol) [0x7ff6177437cc]\n\tchromedriver!(No symbol) [0x7ff6177446f3]\n\tchromedriver!GetHandleVerifier [0x7ff6181eb79b+635d9b]\n\tchromedriver!GetHandleVerifier [0x7ff6181e5ac6+6300c6]\n\tchromedriver!GetHandleVerifier [0x7ff61820bcee+6562ee]\n\tchromedriver!GetHandleVerifier [0x7ff617be8ffe+335fe]\n\tchromedriver!GetHandleVerifier [0x7ff617bf147c+3ba7c]\n\tchromedriver!GetHandleVerifier [0x7ff617bd4d64+1f364]\n\tchromedriver!GetHandleVerifier [0x7ff617bd4ef4+1f4f4]\n\tchromedriver!GetHandleVerifier [0x7ff617bb7d97+2397]\n\tKERNEL32!BaseThreadInitThunk [0x7ffeb4f453e0+10]\n\tntdll!RtlUserThreadStart [0x7ffeb6d4485b+2b]\n"}} | headers=HTTPHeaderDict({'Content-Length': '1193', 'Content-Type': 'application/json; charset=utf-8', 'cache-control': 'no-cache'})
2026-08-19 15:31:08 - selenium.webdriver.remote.remote_connection - DEBUG - Finished Request
2026-08-19 15:31:09 - selenium.webdriver.remote.remote_connection - DEBUG - POST http://localhost:61496/session/9df5a0bb58e7e7bc925a6b9e087655bd/element {'using': 'css selector', 'value': 'h1.ticker'}
2026-08-19 15:31:09 - urllib3.connectionpool - DEBUG - http://localhost:61496 "POST /session/9df5a0bb58e7e7bc925a6b9e087655bd/element HTTP/1.1" 404 0
2026-08-19 15:31:09 - selenium.webdriver.remote.remote_connection - DEBUG - Remote response: status=404 | data={"value":{"error":"no such element","message":"no such element: Unable to locate element: {\"method\":\"css selector\",\"selector\":\"h1.ticker\"}\n  (Session info: chrome=151.0.7922.138)","stacktrace":"\tchromedriver!GetHandleVerifier [0x7ff617bcabb5+151b5]\n\tchromedriver!GetHandleVerifier [0x7ff617bcac10+15210]\n\tchromedriver!(No symbol) [0x7ff6176f5d6d]\n\tchromedriver!(No symbol) [0x7ff617751289]\n\tchromedriver!(No symbol) [0x7ff61775158c]\n\tchromedriver!(No symbol) [0x7ff6177a2027]\n\tchromedriver!(No symbol) [0x7ff61779ec0b]\n\tchromedriver!(No symbol) [0x7ff6177437cc]\n\tchromedriver!(No symbol) [0x7ff6177446f3]\n\tchromedriver!GetHandleVerifier [0x7ff6181eb79b+635d9b]\n\tchromedriver!GetHandleVerifier [0x7ff6181e5ac6+6300c6]\n\tchromedriver!GetHandleVerifier [0x7ff61820bcee+6562ee]\n\tchromedriver!GetHandleVerifier [0x7ff617be8ffe+335fe]\n\tchromedriver!GetHandleVerifier [0x7ff617bf147c+3ba7c]\n\tchromedriver!GetHandleVerifier [0x7ff617bd4d64+1f364]\n\tchromedriver!GetHandleVerifier [0x7ff617bd4ef4+1f4f4]\n\tchromedriver!GetHandleVerifier [0x7ff617bb7d97+2397]\n\tKERNEL32!BaseThreadInitThunk [0x7ffeb4f453e0+10]\n\tntdll!RtlUserThreadStart [0x7ffeb6d4485b+2b]\n"}} | headers=HTTPHeaderDict({'Content-Length': '1193', 'Content-Type': 'application/json; charset=utf-8', 'cache-control': 'no-cache'})
2026-08-19 15:31:09 - selenium.webdriver.remote.remote_connection - DEBUG - Finished Request
2026-08-19 15:31:09 - selenium.webdriver.remote.remote_connection - DEBUG - POST http://localhost:61496/session/9df5a0bb58e7e7bc925a6b9e087655bd/element {'using': 'css selector', 'value': 'h1.ticker'}
2026-08-19 15:31:10 - urllib3.connectionpool - DEBUG - http://localhost:61496 "POST /session/9df5a0bb58e7e7bc925a6b9e087655bd/element HTTP/1.1" 404 0
2026-08-19 15:31:10 - selenium.webdriver.remote.remote_connection - DEBUG - Remote response: status=404 | data={"value":{"error":"no such element","message":"no such element: Unable to locate element: {\"method\":\"css selector\",\"selector\":\"h1.ticker\"}\n  (Session info: chrome=151.0.7922.138)","stacktrace":"\tchromedriver!GetHandleVerifier [0x7ff617bcabb5+151b5]\n\tchromedriver!GetHandleVerifier [0x7ff617bcac10+15210]\n\tchromedriver!(No symbol) [0x7ff6176f5d6d]\n\tchromedriver!(No symbol) [0x7ff617751289]\n\tchromedriver!(No symbol) [0x7ff61775158c]\n\tchromedriver!(No symbol) [0x7ff6177a2027]\n\tchromedriver!(No symbol) [0x7ff61779ec0b]\n\tchromedriver!(No symbol) [0x7ff6177437cc]\n\tchromedriver!(No symbol) [0x7ff6177446f3]\n\tchromedriver!GetHandleVerifier [0x7ff6181eb79b+635d9b]\n\tchromedriver!GetHandleVerifier [0x7ff6181e5ac6+6300c6]\n\tchromedriver!GetHandleVerifier [0x7ff61820bcee+6562ee]\n\tchromedriver!GetHandleVerifier [0x7ff617be8ffe+335fe]\n\tchromedriver!GetHandleVerifier [0x7ff617bf147c+3ba7c]\n\tchromedriver!GetHandleVerifier [0x7ff617bd4d64+1f364]\n\tchromedriver!GetHandleVerifier [0x7ff617bd4ef4+1f4f4]\n\tchromedriver!GetHandleVerifier [0x7ff617bb7d97+2397]\n\tKERNEL32!BaseThreadInitThunk [0x7ffeb4f453e0+10]\n\tntdll!RtlUserThreadStart [0x7ffeb6d4485b+2b]\n"}} | headers=HTTPHeaderDict({'Content-Length': '1193', 'Content-Type': 'application/json; charset=utf-8', 'cache-control': 'no-cache'})
2026-08-19 15:31:10 - selenium.webdriver.remote.remote_connection - DEBUG - Finished Request
2026-08-19 15:31:10 - selenium.webdriver.remote.remote_connection - DEBUG - POST http://localhost:61496/session/9df5a0bb58e7e7bc925a6b9e087655bd/element {'using': 'css selector', 'value': 'h1.ticker'}
2026-08-19 15:31:10 - urllib3.connectionpool - DEBUG - http://localhost:61496 "POST /session/9df5a0bb58e7e7bc925a6b9e087655bd/element HTTP/1.1" 404 0
2026-08-19 15:31:10 - selenium.webdriver.remote.remote_connection - DEBUG - Remote response: status=404 | data={"value":{"error":"no such element","message":"no such element: Unable to locate element: {\"method\":\"css selector\",\"selector\":\"h1.ticker\"}\n  (Session info: chrome=151.0.7922.138)","stacktrace":"\tchromedriver!GetHandleVerifier [0x7ff617bcabb5+151b5]\n\tchromedriver!GetHandleVerifier [0x7ff617bcac10+15210]\n\tchromedriver!(No symbol) [0x7ff6176f5d6d]\n\tchromedriver!(No symbol) [0x7ff617751289]\n\tchromedriver!(No symbol) [0x7ff61775158c]\n\tchromedriver!(No symbol) [0x7ff6177a2027]\n\tchromedriver!(No symbol) [0x7ff61779ec0b]\n\tchromedriver!(No symbol) [0x7ff6177437cc]\n\tchromedriver!(No symbol) [0x7ff6177446f3]\n\tchromedriver!GetHandleVerifier [0x7ff6181eb79b+635d9b]\n\tchromedriver!GetHandleVerifier [0x7ff6181e5ac6+6300c6]\n\tchromedriver!GetHandleVerifier [0x7ff61820bcee+6562ee]\n\tchromedriver!GetHandleVerifier [0x7ff617be8ffe+335fe]\n\tchromedriver!GetHandleVerifier [0x7ff617bf147c+3ba7c]\n\tchromedriver!GetHandleVerifier [0x7ff617bd4d64+1f364]\n\tchromedriver!GetHandleVerifier [0x7ff617bd4ef4+1f4f4]\n\tchromedriver!GetHandleVerifier [0x7ff617bb7d97+2397]\n\tKERNEL32!BaseThreadInitThunk [0x7ffeb4f453e0+10]\n\tntdll!RtlUserThreadStart [0x7ffeb6d4485b+2b]\n"}} | headers=HTTPHeaderDict({'Content-Length': '1193', 'Content-Type': 'application/json; charset=utf-8', 'cache-control': 'no-cache'})
2026-08-19 15:31:10 - selenium.webdriver.remote.remote_connection - DEBUG - Finished Request
2026-08-19 15:31:11 - selenium.webdriver.remote.remote_connection - DEBUG - POST http://localhost:61496/session/9df5a0bb58e7e7bc925a6b9e087655bd/element {'using': 'css selector', 'value': 'h1.ticker'}
2026-08-19 15:31:11 - urllib3.connectionpool - DEBUG - http://localhost:61496 "POST /session/9df5a0bb58e7e7bc925a6b9e087655bd/element HTTP/1.1" 404 0
2026-08-19 15:31:11 - selenium.webdriver.remote.remote_connection - DEBUG - Remote response: status=404 | data={"value":{"error":"no such element","message":"no such element: Unable to locate element: {\"method\":\"css selector\",\"selector\":\"h1.ticker\"}\n  (Session info: chrome=151.0.7922.138)","stacktrace":"\tchromedriver!GetHandleVerifier [0x7ff617bcabb5+151b5]\n\tchromedriver!GetHandleVerifier [0x7ff617bcac10+15210]\n\tchromedriver!(No symbol) [0x7ff6176f5d6d]\n\tchromedriver!(No symbol) [0x7ff617751289]\n\tchromedriver!(No symbol) [0x7ff61775158c]\n\tchromedriver!(No symbol) [0x7ff6177a2027]\n\tchromedriver!(No symbol) [0x7ff61779ec0b]\n\tchromedriver!(No symbol) [0x7ff6177437cc]\n\tchromedriver!(No symbol) [0x7ff6177446f3]\n\tchromedriver!GetHandleVerifier [0x7ff6181eb79b+635d9b]\n\tchromedriver!GetHandleVerifier [0x7ff6181e5ac6+6300c6]\n\tchromedriver!GetHandleVerifier [0x7ff61820bcee+6562ee]\n\tchromedriver!GetHandleVerifier [0x7ff617be8ffe+335fe]\n\tchromedriver!GetHandleVerifier [0x7ff617bf147c+3ba7c]\n\tchromedriver!GetHandleVerifier [0x7ff617bd4d64+1f364]\n\tchromedriver!GetHandleVerifier [0x7ff617bd4ef4+1f4f4]\n\tchromedriver!GetHandleVerifier [0x7ff617bb7d97+2397]\n\tKERNEL32!BaseThreadInitThunk [0x7ffeb4f453e0+10]\n\tntdll!RtlUserThreadStart [0x7ffeb6d4485b+2b]\n"}} | headers=HTTPHeaderDict({'Content-Length': '1193', 'Content-Type': 'application/json; charset=utf-8', 'cache-control': 'no-cache'})
2026-08-19 15:31:11 - selenium.webdriver.remote.remote_connection - DEBUG - Finished Request
2026-08-19 15:31:11 - selenium.webdriver.remote.remote_connection - DEBUG - POST http://localhost:61496/session/9df5a0bb58e7e7bc925a6b9e087655bd/element {'using': 'css selector', 'value': 'h1.ticker'}
2026-08-19 15:31:11 - urllib3.connectionpool - DEBUG - http://localhost:61496 "POST /session/9df5a0bb58e7e7bc925a6b9e087655bd/element HTTP/1.1" 404 0
2026-08-19 15:31:11 - selenium.webdriver.remote.remote_connection - DEBUG - Remote response: status=404 | data={"value":{"error":"no such element","message":"no such element: Unable to locate element: {\"method\":\"css selector\",\"selector\":\"h1.ticker\"}\n  (Session info: chrome=151.0.7922.138)","stacktrace":"\tchromedriver!GetHandleVerifier [0x7ff617bcabb5+151b5]\n\tchromedriver!GetHandleVerifier [0x7ff617bcac10+15210]\n\tchromedriver!(No symbol) [0x7ff6176f5d6d]\n\tchromedriver!(No symbol) [0x7ff617751289]\n\tchromedriver!(No symbol) [0x7ff61775158c]\n\tchromedriver!(No symbol) [0x7ff6177a2027]\n\tchromedriver!(No symbol) [0x7ff61779ec0b]\n\tchromedriver!(No symbol) [0x7ff6177437cc]\n\tchromedriver!(No symbol) [0x7ff6177446f3]\n\tchromedriver!GetHandleVerifier [0x7ff6181eb79b+635d9b]\n\tchromedriver!GetHandleVerifier [0x7ff6181e5ac6+6300c6]\n\tchromedriver!GetHandleVerifier [0x7ff61820bcee+6562ee]\n\tchromedriver!GetHandleVerifier [0x7ff617be8ffe+335fe]\n\tchromedriver!GetHandleVerifier [0x7ff617bf147c+3ba7c]\n\tchromedriver!GetHandleVerifier [0x7ff617bd4d64+1f364]\n\tchromedriver!GetHandleVerifier [0x7ff617bd4ef4+1f4f4]\n\tchromedriver!GetHandleVerifier [0x7ff617bb7d97+2397]\n\tKERNEL32!BaseThreadInitThunk [0x7ffeb4f453e0+10]\n\tntdll!RtlUserThreadStart [0x7ffeb6d4485b+2b]\n"}} | headers=HTTPHeaderDict({'Content-Length': '1193', 'Content-Type': 'application/json; charset=utf-8', 'cache-control': 'no-cache'})
2026-08-19 15:31:11 - selenium.webdriver.remote.remote_connection - DEBUG - Finished Request
2026-08-19 15:31:12 - selenium.webdriver.remote.remote_connection - DEBUG - POST http://localhost:61496/session/9df5a0bb58e7e7bc925a6b9e087655bd/element {'using': 'css selector', 'value': 'h1.ticker'}
2026-08-19 15:31:12 - urllib3.connectionpool - DEBUG - http://localhost:61496 "POST /session/9df5a0bb58e7e7bc925a6b9e087655bd/element HTTP/1.1" 404 0
2026-08-19 15:31:12 - selenium.webdriver.remote.remote_connection - DEBUG - Remote response: status=404 | data={"value":{"error":"no such element","message":"no such element: Unable to locate element: {\"method\":\"css selector\",\"selector\":\"h1.ticker\"}\n  (Session info: chrome=151.0.7922.138)","stacktrace":"\tchromedriver!GetHandleVerifier [0x7ff617bcabb5+151b5]\n\tchromedriver!GetHandleVerifier [0x7ff617bcac10+15210]\n\tchromedriver!(No symbol) [0x7ff6176f5d6d]\n\tchromedriver!(No symbol) [0x7ff617751289]\n\tchromedriver!(No symbol) [0x7ff61775158c]\n\tchromedriver!(No symbol) [0x7ff6177a2027]\n\tchromedriver!(No symbol) [0x7ff61779ec0b]\n\tchromedriver!(No symbol) [0x7ff6177437cc]\n\tchromedriver!(No symbol) [0x7ff6177446f3]\n\tchromedriver!GetHandleVerifier [0x7ff6181eb79b+635d9b]\n\tchromedriver!GetHandleVerifier [0x7ff6181e5ac6+6300c6]\n\tchromedriver!GetHandleVerifier [0x7ff61820bcee+6562ee]\n\tchromedriver!GetHandleVerifier [0x7ff617be8ffe+335fe]\n\tchromedriver!GetHandleVerifier [0x7ff617bf147c+3ba7c]\n\tchromedriver!GetHandleVerifier [0x7ff617bd4d64+1f364]\n\tchromedriver!GetHandleVerifier [0x7ff617bd4ef4+1f4f4]\n\tchromedriver!GetHandleVerifier [0x7ff617bb7d97+2397]\n\tKERNEL32!BaseThreadInitThunk [0x7ffeb4f453e0+10]\n\tntdll!RtlUserThreadStart [0x7ffeb6d4485b+2b]\n"}} | headers=HTTPHeaderDict({'Content-Length': '1193', 'Content-Type': 'application/json; charset=utf-8', 'cache-control': 'no-cache'})
2026-08-19 15:31:12 - selenium.webdriver.remote.remote_connection - DEBUG - Finished Request
2026-08-19 15:31:12 - selenium.webdriver.remote.remote_connection - DEBUG - POST http://localhost:61496/session/9df5a0bb58e7e7bc925a6b9e087655bd/element {'using': 'css selector', 'value': 'h1.ticker'}
2026-08-19 15:31:13 - urllib3.connectionpool - DEBUG - http://localhost:61496 "POST /session/9df5a0bb58e7e7bc925a6b9e087655bd/element HTTP/1.1" 404 0
2026-08-19 15:31:13 - selenium.webdriver.remote.remote_connection - DEBUG - Remote response: status=404 | data={"value":{"error":"no such element","message":"no such element: Unable to locate element: {\"method\":\"css selector\",\"selector\":\"h1.ticker\"}\n  (Session info: chrome=151.0.7922.138)","stacktrace":"\tchromedriver!GetHandleVerifier [0x7ff617bcabb5+151b5]\n\tchromedriver!GetHandleVerifier [0x7ff617bcac10+15210]\n\tchromedriver!(No symbol) [0x7ff6176f5d6d]\n\tchromedriver!(No symbol) [0x7ff617751289]\n\tchromedriver!(No symbol) [0x7ff61775158c]\n\tchromedriver!(No symbol) [0x7ff6177a2027]\n\tchromedriver!(No symbol) [0x7ff61779ec0b]\n\tchromedriver!(No symbol) [0x7ff6177437cc]\n\tchromedriver!(No symbol) [0x7ff6177446f3]\n\tchromedriver!GetHandleVerifier [0x7ff6181eb79b+635d9b]\n\tchromedriver!GetHandleVerifier [0x7ff6181e5ac6+6300c6]\n\tchromedriver!GetHandleVerifier [0x7ff61820bcee+6562ee]\n\tchromedriver!GetHandleVerifier [0x7ff617be8ffe+335fe]\n\tchromedriver!GetHandleVerifier [0x7ff617bf147c+3ba7c]\n\tchromedriver!GetHandleVerifier [0x7ff617bd4d64+1f364]\n\tchromedriver!GetHandleVerifier [0x7ff617bd4ef4+1f4f4]\n\tchromedriver!GetHandleVerifier [0x7ff617bb7d97+2397]\n\tKERNEL32!BaseThreadInitThunk [0x7ffeb4f453e0+10]\n\tntdll!RtlUserThreadStart [0x7ffeb6d4485b+2b]\n"}} | headers=HTTPHeaderDict({'Content-Length': '1193', 'Content-Type': 'application/json; charset=utf-8', 'cache-control': 'no-cache'})
2026-08-19 15:31:13 - selenium.webdriver.remote.remote_connection - DEBUG - Finished Request
2026-08-19 15:31:13 - selenium.webdriver.remote.remote_connection - DEBUG - POST http://localhost:61496/session/9df5a0bb58e7e7bc925a6b9e087655bd/element {'using': 'css selector', 'value': 'h1.ticker'}
2026-08-19 15:31:13 - urllib3.connectionpool - DEBUG - http://localhost:61496 "POST /session/9df5a0bb58e7e7bc925a6b9e087655bd/element HTTP/1.1" 404 0
2026-08-19 15:31:13 - selenium.webdriver.remote.remote_connection - DEBUG - Remote response: status=404 | data={"value":{"error":"no such element","message":"no such element: Unable to locate element: {\"method\":\"css selector\",\"selector\":\"h1.ticker\"}\n  (Session info: chrome=151.0.7922.138)","stacktrace":"\tchromedriver!GetHandleVerifier [0x7ff617bcabb5+151b5]\n\tchromedriver!GetHandleVerifier [0x7ff617bcac10+15210]\n\tchromedriver!(No symbol) [0x7ff6176f5d6d]\n\tchromedriver!(No symbol) [0x7ff617751289]\n\tchromedriver!(No symbol) [0x7ff61775158c]\n\tchromedriver!(No symbol) [0x7ff6177a2027]\n\tchromedriver!(No symbol) [0x7ff61779ec0b]\n\tchromedriver!(No symbol) [0x7ff6177437cc]\n\tchromedriver!(No symbol) [0x7ff6177446f3]\n\tchromedriver!GetHandleVerifier [0x7ff6181eb79b+635d9b]\n\tchromedriver!GetHandleVerifier [0x7ff6181e5ac6+6300c6]\n\tchromedriver!GetHandleVerifier [0x7ff61820bcee+6562ee]\n\tchromedriver!GetHandleVerifier [0x7ff617be8ffe+335fe]\n\tchromedriver!GetHandleVerifier [0x7ff617bf147c+3ba7c]\n\tchromedriver!GetHandleVerifier [0x7ff617bd4d64+1f364]\n\tchromedriver!GetHandleVerifier [0x7ff617bd4ef4+1f4f4]\n\tchromedriver!GetHandleVerifier [0x7ff617bb7d97+2397]\n\tKERNEL32!BaseThreadInitThunk [0x7ffeb4f453e0+10]\n\tntdll!RtlUserThreadStart [0x7ffeb6d4485b+2b]\n"}} | headers=HTTPHeaderDict({'Content-Length': '1193', 'Content-Type': 'application/json; charset=utf-8', 'cache-control': 'no-cache'})
2026-08-19 15:31:13 - selenium.webdriver.remote.remote_connection - DEBUG - Finished Request
2026-08-19 15:31:13 - scraper - ERROR - Timed out waiting for page to load: https://investor.vanguard.com/etf/profile/overview/vclt
2026-08-19 15:31:13 - scraper - INFO - Retry 2/3 for VCLT
2026-08-19 15:31:18 - scraper - INFO - Navigating to https://investor.vanguard.com/etf/profile/overview/vclt
2026-08-19 15:31:18 - selenium.webdriver.remote.remote_connection - DEBUG - POST http://localhost:61496/session/9df5a0bb58e7e7bc925a6b9e087655bd/url {'url': 'https://investor.vanguard.com/etf/profile/overview/vclt'}
2026-08-19 15:31:24 - urllib3.connectionpool - DEBUG - http://localhost:61496 "POST /session/9df5a0bb58e7e7bc925a6b9e087655bd/url HTTP/1.1" 200 0
2026-08-19 15:31:24 - selenium.webdriver.remote.remote_connection - DEBUG - Remote response: status=200 | data={"value":null} | headers=HTTPHeaderDict({'Content-Length': '14', 'Content-Type': 'application/json; charset=utf-8', 'cache-control': 'no-cache'})
2026-08-19 15:31:24 - selenium.webdriver.remote.remote_connection - DEBUG - Finished Request
2026-08-19 15:31:24 - selenium.webdriver.remote.remote_connection - DEBUG - POST http://localhost:61496/session/9df5a0bb58e7e7bc925a6b9e087655bd/element {'using': 'css selector', 'value': 'h1.ticker'}
2026-08-19 15:31:24 - urllib3.connectionpool - DEBUG - http://localhost:61496 "POST /session/9df5a0bb58e7e7bc925a6b9e087655bd/element HTTP/1.1" 404 0
2026-08-19 15:31:24 - selenium.webdriver.remote.remote_connection - DEBUG - Remote response: status=404 | data={"value":{"error":"no such element","message":"no such element: Unable to locate element: {\"method\":\"css selector\",\"selector\":\"h1.ticker\"}\n  (Session info: chrome=151.0.7922.138)","stacktrace":"\tchromedriver!GetHandleVerifier [0x7ff617bcabb5+151b5]\n\tchromedriver!GetHandleVerifier [0x7ff617bcac10+15210]\n\tchromedriver!(No symbol) [0x7ff6176f5d6d]\n\tchromedriver!(No symbol) [0x7ff617751289]\n\tchromedriver!(No symbol) [0x7ff61775158c]\n\tchromedriver!(No symbol) [0x7ff6177a2027]\n\tchromedriver!(No symbol) [0x7ff61779ec0b]\n\tchromedriver!(No symbol) [0x7ff6177437cc]\n\tchromedriver!(No symbol) [0x7ff6177446f3]\n\tchromedriver!GetHandleVerifier [0x7ff6181eb79b+635d9b]\n\tchromedriver!GetHandleVerifier [0x7ff6181e5ac6+6300c6]\n\tchromedriver!GetHandleVerifier [0x7ff61820bcee+6562ee]\n\tchromedriver!GetHandleVerifier [0x7ff617be8ffe+335fe]\n\tchromedriver!GetHandleVerifier [0x7ff617bf147c+3ba7c]\n\tchromedriver!GetHandleVerifier [0x7ff617bd4d64+1f364]\n\tchromedriver!GetHandleVerifier [0x7ff617bd4ef4+1f4f4]\n\tchromedriver!GetHandleVerifier [0x7ff617bb7d97+2397]\n\tKERNEL32!BaseThreadInitThunk [0x7ffeb4f453e0+10]\n\tntdll!RtlUserThreadStart [0x7ffeb6d4485b+2b]\n"}} | headers=HTTPHeaderDict({'Content-Length': '1193', 'Content-Type': 'application/json; charset=utf-8', 'cache-control': 'no-cache'})
2026-08-19 15:31:24 - selenium.webdriver.remote.remote_connection - DEBUG - Finished Request
2026-08-19 15:31:25 - selenium.webdriver.remote.remote_connection - DEBUG - POST http://localhost:61496/session/9df5a0bb58e7e7bc925a6b9e087655bd/element {'using': 'css selector', 'value': 'h1.ticker'}
2026-08-19 15:31:26 - urllib3.connectionpool - DEBUG - http://localhost:61496 "POST /session/9df5a0bb58e7e7bc925a6b9e087655bd/element HTTP/1.1" 404 0
2026-08-19 15:31:26 - selenium.webdriver.remote.remote_connection - DEBUG - Remote response: status=404 | data={"value":{"error":"no such element","message":"no such element: Unable to locate element: {\"method\":\"css selector\",\"selector\":\"h1.ticker\"}\n  (Session info: chrome=151.0.7922.138)","stacktrace":"\tchromedriver!GetHandleVerifier [0x7ff617bcabb5+151b5]\n\tchromedriver!GetHandleVerifier [0x7ff617bcac10+15210]\n\tchromedriver!(No symbol) [0x7ff6176f5d6d]\n\tchromedriver!(No symbol) [0x7ff617751289]\n\tchromedriver!(No symbol) [0x7ff61775158c]\n\tchromedriver!(No symbol) [0x7ff6177a2027]\n\tchromedriver!(No symbol) [0x7ff61779ec0b]\n\tchromedriver!(No symbol) [0x7ff6177437cc]\n\tchromedriver!(No symbol) [0x7ff6177446f3]\n\tchromedriver!GetHandleVerifier [0x7ff6181eb79b+635d9b]\n\tchromedriver!GetHandleVerifier [0x7ff6181e5ac6+6300c6]\n\tchromedriver!GetHandleVerifier [0x7ff61820bcee+6562ee]\n\tchromedriver!GetHandleVerifier [0x7ff617be8ffe+335fe]\n\tchromedriver!GetHandleVerifier [0x7ff617bf147c+3ba7c]\n\tchromedriver!GetHandleVerifier [0x7ff617bd4d64+1f364]\n\tchromedriver!GetHandleVerifier [0x7ff617bd4ef4+1f4f4]\n\tchromedriver!GetHandleVerifier [0x7ff617bb7d97+2397]\n\tKERNEL32!BaseThreadInitThunk [0x7ffeb4f453e0+10]\n\tntdll!RtlUserThreadStart [0x7ffeb6d4485b+2b]\n"}} | headers=HTTPHeaderDict({'Content-Length': '1193', 'Content-Type': 'application/json; charset=utf-8', 'cache-control': 'no-cache'})
2026-08-19 15:31:26 - selenium.webdriver.remote.remote_connection - DEBUG - Finished Request
2026-08-19 15:31:27 - selenium.webdriver.remote.remote_connection - DEBUG - POST http://localhost:61496/session/9df5a0bb58e7e7bc925a6b9e087655bd/element {'using': 'css selector', 'value': 'h1.ticker'}
2026-08-19 15:31:27 - urllib3.connectionpool - DEBUG - http://localhost:61496 "POST /session/9df5a0bb58e7e7bc925a6b9e087655bd/element HTTP/1.1" 404 0
2026-08-19 15:31:27 - selenium.webdriver.remote.remote_connection - DEBUG - Remote response: status=404 | data={"value":{"error":"no such element","message":"no such element: Unable to locate element: {\"method\":\"css selector\",\"selector\":\"h1.ticker\"}\n  (Session info: chrome=151.0.7922.138)","stacktrace":"\tchromedriver!GetHandleVerifier [0x7ff617bcabb5+151b5]\n\tchromedriver!GetHandleVerifier [0x7ff617bcac10+15210]\n\tchromedriver!(No symbol) [0x7ff6176f5d6d]\n\tchromedriver!(No symbol) [0x7ff617751289]\n\tchromedriver!(No symbol) [0x7ff61775158c]\n\tchromedriver!(No symbol) [0x7ff6177a2027]\n\tchromedriver!(No symbol) [0x7ff61779ec0b]\n\tchromedriver!(No symbol) [0x7ff6177437cc]\n\tchromedriver!(No symbol) [0x7ff6177446f3]\n\tchromedriver!GetHandleVerifier [0x7ff6181eb79b+635d9b]\n\tchromedriver!GetHandleVerifier [0x7ff6181e5ac6+6300c6]\n\tchromedriver!GetHandleVerifier [0x7ff61820bcee+6562ee]\n\tchromedriver!GetHandleVerifier [0x7ff617be8ffe+335fe]\n\tchromedriver!GetHandleVerifier [0x7ff617bf147c+3ba7c]\n\tchromedriver!GetHandleVerifier [0x7ff617bd4d64+1f364]\n\tchromedriver!GetHandleVerifier [0x7ff617bd4ef4+1f4f4]\n\tchromedriver!GetHandleVerifier [0x7ff617bb7d97+2397]\n\tKERNEL32!BaseThreadInitThunk [0x7ffeb4f453e0+10]\n\tntdll!RtlUserThreadStart [0x7ffeb6d4485b+2b]\n"}} | headers=HTTPHeaderDict({'Content-Length': '1193', 'Content-Type': 'application/json; charset=utf-8', 'cache-control': 'no-cache'})
2026-08-19 15:31:27 - selenium.webdriver.remote.remote_connection - DEBUG - Finished Request
2026-08-19 15:31:27 - selenium.webdriver.remote.remote_connection - DEBUG - POST http://localhost:61496/session/9df5a0bb58e7e7bc925a6b9e087655bd/element {'using': 'css selector', 'value': 'h1.ticker'}
2026-08-19 15:31:27 - urllib3.connectionpool - DEBUG - http://localhost:61496 "POST /session/9df5a0bb58e7e7bc925a6b9e087655bd/element HTTP/1.1" 404 0
2026-08-19 15:31:27 - selenium.webdriver.remote.remote_connection - DEBUG - Remote response: status=404 | data={"value":{"error":"no such element","message":"no such element: Unable to locate element: {\"method\":\"css selector\",\"selector\":\"h1.ticker\"}\n  (Session info: chrome=151.0.7922.138)","stacktrace":"\tchromedriver!GetHandleVerifier [0x7ff617bcabb5+151b5]\n\tchromedriver!GetHandleVerifier [0x7ff617bcac10+15210]\n\tchromedriver!(No symbol) [0x7ff6176f5d6d]\n\tchromedriver!(No symbol) [0x7ff617751289]\n\tchromedriver!(No symbol) [0x7ff61775158c]\n\tchromedriver!(No symbol) [0x7ff6177a2027]\n\tchromedriver!(No symbol) [0x7ff61779ec0b]\n\tchromedriver!(No symbol) [0x7ff6177437cc]\n\tchromedriver!(No symbol) [0x7ff6177446f3]\n\tchromedriver!GetHandleVerifier [0x7ff6181eb79b+635d9b]\n\tchromedriver!GetHandleVerifier [0x7ff6181e5ac6+6300c6]\n\tchromedriver!GetHandleVerifier [0x7ff61820bcee+6562ee]\n\tchromedriver!GetHandleVerifier [0x7ff617be8ffe+335fe]\n\tchromedriver!GetHandleVerifier [0x7ff617bf147c+3ba7c]\n\tchromedriver!GetHandleVerifier [0x7ff617bd4d64+1f364]\n\tchromedriver!GetHandleVerifier [0x7ff617bd4ef4+1f4f4]\n\tchromedriver!GetHandleVerifier [0x7ff617bb7d97+2397]\n\tKERNEL32!BaseThreadInitThunk [0x7ffeb4f453e0+10]\n\tntdll!RtlUserThreadStart [0x7ffeb6d4485b+2b]\n"}} | headers=HTTPHeaderDict({'Content-Length': '1193', 'Content-Type': 'application/json; charset=utf-8', 'cache-control': 'no-cache'})
2026-08-19 15:31:27 - selenium.webdriver.remote.remote_connection - DEBUG - Finished Request
2026-08-19 15:31:28 - selenium.webdriver.remote.remote_connection - DEBUG - POST http://localhost:61496/session/9df5a0bb58e7e7bc925a6b9e087655bd/element {'using': 'css selector', 'value': 'h1.ticker'}
2026-08-19 15:31:28 - urllib3.connectionpool - DEBUG - http://localhost:61496 "POST /session/9df5a0bb58e7e7bc925a6b9e087655bd/element HTTP/1.1" 404 0
2026-08-19 15:31:28 - selenium.webdriver.remote.remote_connection - DEBUG - Remote response: status=404 | data={"value":{"error":"no such element","message":"no such element: Unable to locate element: {\"method\":\"css selector\",\"selector\":\"h1.ticker\"}\n  (Session info: chrome=151.0.7922.138)","stacktrace":"\tchromedriver!GetHandleVerifier [0x7ff617bcabb5+151b5]\n\tchromedriver!GetHandleVerifier [0x7ff617bcac10+15210]\n\tchromedriver!(No symbol) [0x7ff6176f5d6d]\n\tchromedriver!(No symbol) [0x7ff617751289]\n\tchromedriver!(No symbol) [0x7ff61775158c]\n\tchromedriver!(No symbol) [0x7ff6177a2027]\n\tchromedriver!(No symbol) [0x7ff61779ec0b]\n\tchromedriver!(No symbol) [0x7ff6177437cc]\n\tchromedriver!(No symbol) [0x7ff6177446f3]\n\tchromedriver!GetHandleVerifier [0x7ff6181eb79b+635d9b]\n\tchromedriver!GetHandleVerifier [0x7ff6181e5ac6+6300c6]\n\tchromedriver!GetHandleVerifier [0x7ff61820bcee+6562ee]\n\tchromedriver!GetHandleVerifier [0x7ff617be8ffe+335fe]\n\tchromedriver!GetHandleVerifier [0x7ff617bf147c+3ba7c]\n\tchromedriver!GetHandleVerifier [0x7ff617bd4d64+1f364]\n\tchromedriver!GetHandleVerifier [0x7ff617bd4ef4+1f4f4]\n\tchromedriver!GetHandleVerifier [0x7ff617bb7d97+2397]\n\tKERNEL32!BaseThreadInitThunk [0x7ffeb4f453e0+10]\n\tntdll!RtlUserThreadStart [0x7ffeb6d4485b+2b]\n"}} | headers=HTTPHeaderDict({'Content-Length': '1193', 'Content-Type': 'application/json; charset=utf-8', 'cache-control': 'no-cache'})
2026-08-19 15:31:28 - selenium.webdriver.remote.remote_connection - DEBUG - Finished Request
2026-08-19 15:31:28 - selenium.webdriver.remote.remote_connection - DEBUG - POST http://localhost:61496/session/9df5a0bb58e7e7bc925a6b9e087655bd/element {'using': 'css selector', 'value': 'h1.ticker'}
2026-08-19 15:31:28 - urllib3.connectionpool - DEBUG - http://localhost:61496 "POST /session/9df5a0bb58e7e7bc925a6b9e087655bd/element HTTP/1.1" 404 0
2026-08-19 15:31:28 - selenium.webdriver.remote.remote_connection - DEBUG - Remote response: status=404 | data={"value":{"error":"no such element","message":"no such element: Unable to locate element: {\"method\":\"css selector\",\"selector\":\"h1.ticker\"}\n  (Session info: chrome=151.0.7922.138)","stacktrace":"\tchromedriver!GetHandleVerifier [0x7ff617bcabb5+151b5]\n\tchromedriver!GetHandleVerifier [0x7ff617bcac10+15210]\n\tchromedriver!(No symbol) [0x7ff6176f5d6d]\n\tchromedriver!(No symbol) [0x7ff617751289]\n\tchromedriver!(No symbol) [0x7ff61775158c]\n\tchromedriver!(No symbol) [0x7ff6177a2027]\n\tchromedriver!(No symbol) [0x7ff61779ec0b]\n\tchromedriver!(No symbol) [0x7ff6177437cc]\n\tchromedriver!(No symbol) [0x7ff6177446f3]\n\tchromedriver!GetHandleVerifier [0x7ff6181eb79b+635d9b]\n\tchromedriver!GetHandleVerifier [0x7ff6181e5ac6+6300c6]\n\tchromedriver!GetHandleVerifier [0x7ff61820bcee+6562ee]\n\tchromedriver!GetHandleVerifier [0x7ff617be8ffe+335fe]\n\tchromedriver!GetHandleVerifier [0x7ff617bf147c+3ba7c]\n\tchromedriver!GetHandleVerifier [0x7ff617bd4d64+1f364]\n\tchromedriver!GetHandleVerifier [0x7ff617bd4ef4+1f4f4]\n\tchromedriver!GetHandleVerifier [0x7ff617bb7d97+2397]\n\tKERNEL32!BaseThreadInitThunk [0x7ffeb4f453e0+10]\n\tntdll!RtlUserThreadStart [0x7ffeb6d4485b+2b]\n"}} | headers=HTTPHeaderDict({'Content-Length': '1193', 'Content-Type': 'application/json; charset=utf-8', 'cache-control': 'no-cache'})
2026-08-19 15:31:28 - selenium.webdriver.remote.remote_connection - DEBUG - Finished Request
2026-08-19 15:31:29 - selenium.webdriver.remote.remote_connection - DEBUG - POST http://localhost:61496/session/9df5a0bb58e7e7bc925a6b9e087655bd/element {'using': 'css selector', 'value': 'h1.ticker'}
2026-08-19 15:31:29 - urllib3.connectionpool - DEBUG - http://localhost:61496 "POST /session/9df5a0bb58e7e7bc925a6b9e087655bd/element HTTP/1.1" 404 0
2026-08-19 15:31:29 - selenium.webdriver.remote.remote_connection - DEBUG - Remote response: status=404 | data={"value":{"error":"no such element","message":"no such element: Unable to locate element: {\"method\":\"css selector\",\"selector\":\"h1.ticker\"}\n  (Session info: chrome=151.0.7922.138)","stacktrace":"\tchromedriver!GetHandleVerifier [0x7ff617bcabb5+151b5]\n\tchromedriver!GetHandleVerifier [0x7ff617bcac10+15210]\n\tchromedriver!(No symbol) [0x7ff6176f5d6d]\n\tchromedriver!(No symbol) [0x7ff617751289]\n\tchromedriver!(No symbol) [0x7ff61775158c]\n\tchromedriver!(No symbol) [0x7ff6177a2027]\n\tchromedriver!(No symbol) [0x7ff61779ec0b]\n\tchromedriver!(No symbol) [0x7ff6177437cc]\n\tchromedriver!(No symbol) [0x7ff6177446f3]\n\tchromedriver!GetHandleVerifier [0x7ff6181eb79b+635d9b]\n\tchromedriver!GetHandleVerifier [0x7ff6181e5ac6+6300c6]\n\tchromedriver!GetHandleVerifier [0x7ff61820bcee+6562ee]\n\tchromedriver!GetHandleVerifier [0x7ff617be8ffe+335fe]\n\tchromedriver!GetHandleVerifier [0x7ff617bf147c+3ba7c]\n\tchromedriver!GetHandleVerifier [0x7ff617bd4d64+1f364]\n\tchromedriver!GetHandleVerifier [0x7ff617bd4ef4+1f4f4]\n\tchromedriver!GetHandleVerifier [0x7ff617bb7d97+2397]\n\tKERNEL32!BaseThreadInitThunk [0x7ffeb4f453e0+10]\n\tntdll!RtlUserThreadStart [0x7ffeb6d4485b+2b]\n"}} | headers=HTTPHeaderDict({'Content-Length': '1193', 'Content-Type': 'application/json; charset=utf-8', 'cache-control': 'no-cache'})
2026-08-19 15:31:29 - selenium.webdriver.remote.remote_connection - DEBUG - Finished Request
2026-08-19 15:31:29 - selenium.webdriver.remote.remote_connection - DEBUG - POST http://localhost:61496/session/9df5a0bb58e7e7bc925a6b9e087655bd/element {'using': 'css selector', 'value': 'h1.ticker'}
2026-08-19 15:31:29 - urllib3.connectionpool - DEBUG - http://localhost:61496 "POST /session/9df5a0bb58e7e7bc925a6b9e087655bd/element HTTP/1.1" 404 0
2026-08-19 15:31:29 - selenium.webdriver.remote.remote_connection - DEBUG - Remote response: status=404 | data={"value":{"error":"no such element","message":"no such element: Unable to locate element: {\"method\":\"css selector\",\"selector\":\"h1.ticker\"}\n  (Session info: chrome=151.0.7922.138)","stacktrace":"\tchromedriver!GetHandleVerifier [0x7ff617bcabb5+151b5]\n\tchromedriver!GetHandleVerifier [0x7ff617bcac10+15210]\n\tchromedriver!(No symbol) [0x7ff6176f5d6d]\n\tchromedriver!(No symbol) [0x7ff617751289]\n\tchromedriver!(No symbol) [0x7ff61775158c]\n\tchromedriver!(No symbol) [0x7ff6177a2027]\n\tchromedriver!(No symbol) [0x7ff61779ec0b]\n\tchromedriver!(No symbol) [0x7ff6177437cc]\n\tchromedriver!(No symbol) [0x7ff6177446f3]\n\tchromedriver!GetHandleVerifier [0x7ff6181eb79b+635d9b]\n\tchromedriver!GetHandleVerifier [0x7ff6181e5ac6+6300c6]\n\tchromedriver!GetHandleVerifier [0x7ff61820bcee+6562ee]\n\tchromedriver!GetHandleVerifier [0x7ff617be8ffe+335fe]\n\tchromedriver!GetHandleVerifier [0x7ff617bf147c+3ba7c]\n\tchromedriver!GetHandleVerifier [0x7ff617bd4d64+1f364]\n\tchromedriver!GetHandleVerifier [0x7ff617bd4ef4+1f4f4]\n\tchromedriver!GetHandleVerifier [0x7ff617bb7d97+2397]\n\tKERNEL32!BaseThreadInitThunk [0x7ffeb4f453e0+10]\n\tntdll!RtlUserThreadStart [0x7ffeb6d4485b+2b]\n"}} | headers=HTTPHeaderDict({'Content-Length': '1193', 'Content-Type': 'application/json; charset=utf-8', 'cache-control': 'no-cache'})
2026-08-19 15:31:29 - selenium.webdriver.remote.remote_connection - DEBUG - Finished Request
2026-08-19 15:31:30 - selenium.webdriver.remote.remote_connection - DEBUG - POST http://localhost:61496/session/9df5a0bb58e7e7bc925a6b9e087655bd/element {'using': 'css selector', 'value': 'h1.ticker'}
2026-08-19 15:31:30 - urllib3.connectionpool - DEBUG - http://localhost:61496 "POST /session/9df5a0bb58e7e7bc925a6b9e087655bd/element HTTP/1.1" 404 0
2026-08-19 15:31:30 - selenium.webdriver.remote.remote_connection - DEBUG - Remote response: status=404 | data={"value":{"error":"no such element","message":"no such element: Unable to locate element: {\"method\":\"css selector\",\"selector\":\"h1.ticker\"}\n  (Session info: chrome=151.0.7922.138)","stacktrace":"\tchromedriver!GetHandleVerifier [0x7ff617bcabb5+151b5]\n\tchromedriver!GetHandleVerifier [0x7ff617bcac10+15210]\n\tchromedriver!(No symbol) [0x7ff6176f5d6d]\n\tchromedriver!(No symbol) [0x7ff617751289]\n\tchromedriver!(No symbol) [0x7ff61775158c]\n\tchromedriver!(No symbol) [0x7ff6177a2027]\n\tchromedriver!(No symbol) [0x7ff61779ec0b]\n\tchromedriver!(No symbol) [0x7ff6177437cc]\n\tchromedriver!(No symbol) [0x7ff6177446f3]\n\tchromedriver!GetHandleVerifier [0x7ff6181eb79b+635d9b]\n\tchromedriver!GetHandleVerifier [0x7ff6181e5ac6+6300c6]\n\tchromedriver!GetHandleVerifier [0x7ff61820bcee+6562ee]\n\tchromedriver!GetHandleVerifier [0x7ff617be8ffe+335fe]\n\tchromedriver!GetHandleVerifier [0x7ff617bf147c+3ba7c]\n\tchromedriver!GetHandleVerifier [0x7ff617bd4d64+1f364]\n\tchromedriver!GetHandleVerifier [0x7ff617bd4ef4+1f4f4]\n\tchromedriver!GetHandleVerifier [0x7ff617bb7d97+2397]\n\tKERNEL32!BaseThreadInitThunk [0x7ffeb4f453e0+10]\n\tntdll!RtlUserThreadStart [0x7ffeb6d4485b+2b]\n"}} | headers=HTTPHeaderDict({'Content-Length': '1193', 'Content-Type': 'application/json; charset=utf-8', 'cache-control': 'no-cache'})
2026-08-19 15:31:30 - selenium.webdriver.remote.remote_connection - DEBUG - Finished Request
2026-08-19 15:31:30 - selenium.webdriver.remote.remote_connection - DEBUG - POST http://localhost:61496/session/9df5a0bb58e7e7bc925a6b9e087655bd/element {'using': 'css selector', 'value': 'h1.ticker'}
2026-08-19 15:31:30 - urllib3.connectionpool - DEBUG - http://localhost:61496 "POST /session/9df5a0bb58e7e7bc925a6b9e087655bd/element HTTP/1.1" 404 0
2026-08-19 15:31:30 - selenium.webdriver.remote.remote_connection - DEBUG - Remote response: status=404 | data={"value":{"error":"no such element","message":"no such element: Unable to locate element: {\"method\":\"css selector\",\"selector\":\"h1.ticker\"}\n  (Session info: chrome=151.0.7922.138)","stacktrace":"\tchromedriver!GetHandleVerifier [0x7ff617bcabb5+151b5]\n\tchromedriver!GetHandleVerifier [0x7ff617bcac10+15210]\n\tchromedriver!(No symbol) [0x7ff6176f5d6d]\n\tchromedriver!(No symbol) [0x7ff617751289]\n\tchromedriver!(No symbol) [0x7ff61775158c]\n\tchromedriver!(No symbol) [0x7ff6177a2027]\n\tchromedriver!(No symbol) [0x7ff61779ec0b]\n\tchromedriver!(No symbol) [0x7ff6177437cc]\n\tchromedriver!(No symbol) [0x7ff6177446f3]\n\tchromedriver!GetHandleVerifier [0x7ff6181eb79b+635d9b]\n\tchromedriver!GetHandleVerifier [0x7ff6181e5ac6+6300c6]\n\tchromedriver!GetHandleVerifier [0x7ff61820bcee+6562ee]\n\tchromedriver!GetHandleVerifier [0x7ff617be8ffe+335fe]\n\tchromedriver!GetHandleVerifier [0x7ff617bf147c+3ba7c]\n\tchromedriver!GetHandleVerifier [0x7ff617bd4d64+1f364]\n\tchromedriver!GetHandleVerifier [0x7ff617bd4ef4+1f4f4]\n\tchromedriver!GetHandleVerifier [0x7ff617bb7d97+2397]\n\tKERNEL32!BaseThreadInitThunk [0x7ffeb4f453e0+10]\n\tntdll!RtlUserThreadStart [0x7ffeb6d4485b+2b]\n"}} | headers=HTTPHeaderDict({'Content-Length': '1193', 'Content-Type': 'application/json; charset=utf-8', 'cache-control': 'no-cache'})
2026-08-19 15:31:30 - selenium.webdriver.remote.remote_connection - DEBUG - Finished Request
2026-08-19 15:31:31 - selenium.webdriver.remote.remote_connection - DEBUG - POST http://localhost:61496/session/9df5a0bb58e7e7bc925a6b9e087655bd/element {'using': 'css selector', 'value': 'h1.ticker'}
2026-08-19 15:31:31 - urllib3.connectionpool - DEBUG - http://localhost:61496 "POST /session/9df5a0bb58e7e7bc925a6b9e087655bd/element HTTP/1.1" 404 0
2026-08-19 15:31:31 - selenium.webdriver.remote.remote_connection - DEBUG - Remote response: status=404 | data={"value":{"error":"no such element","message":"no such element: Unable to locate element: {\"method\":\"css selector\",\"selector\":\"h1.ticker\"}\n  (Session info: chrome=151.0.7922.138)","stacktrace":"\tchromedriver!GetHandleVerifier [0x7ff617bcabb5+151b5]\n\tchromedriver!GetHandleVerifier [0x7ff617bcac10+15210]\n\tchromedriver!(No symbol) [0x7ff6176f5d6d]\n\tchromedriver!(No symbol) [0x7ff617751289]\n\tchromedriver!(No symbol) [0x7ff61775158c]\n\tchromedriver!(No symbol) [0x7ff6177a2027]\n\tchromedriver!(No symbol) [0x7ff61779ec0b]\n\tchromedriver!(No symbol) [0x7ff6177437cc]\n\tchromedriver!(No symbol) [0x7ff6177446f3]\n\tchromedriver!GetHandleVerifier [0x7ff6181eb79b+635d9b]\n\tchromedriver!GetHandleVerifier [0x7ff6181e5ac6+6300c6]\n\tchromedriver!GetHandleVerifier [0x7ff61820bcee+6562ee]\n\tchromedriver!GetHandleVerifier [0x7ff617be8ffe+335fe]\n\tchromedriver!GetHandleVerifier [0x7ff617bf147c+3ba7c]\n\tchromedriver!GetHandleVerifier [0x7ff617bd4d64+1f364]\n\tchromedriver!GetHandleVerifier [0x7ff617bd4ef4+1f4f4]\n\tchromedriver!GetHandleVerifier [0x7ff617bb7d97+2397]\n\tKERNEL32!BaseThreadInitThunk [0x7ffeb4f453e0+10]\n\tntdll!RtlUserThreadStart [0x7ffeb6d4485b+2b]\n"}} | headers=HTTPHeaderDict({'Content-Length': '1193', 'Content-Type': 'application/json; charset=utf-8', 'cache-control': 'no-cache'})
2026-08-19 15:31:31 - selenium.webdriver.remote.remote_connection - DEBUG - Finished Request
2026-08-19 15:31:31 - selenium.webdriver.remote.remote_connection - DEBUG - POST http://localhost:61496/session/9df5a0bb58e7e7bc925a6b9e087655bd/element {'using': 'css selector', 'value': 'h1.ticker'}
2026-08-19 15:31:31 - urllib3.connectionpool - DEBUG - http://localhost:61496 "POST /session/9df5a0bb58e7e7bc925a6b9e087655bd/element HTTP/1.1" 404 0
2026-08-19 15:31:31 - selenium.webdriver.remote.remote_connection - DEBUG - Remote response: status=404 | data={"value":{"error":"no such element","message":"no such element: Unable to locate element: {\"method\":\"css selector\",\"selector\":\"h1.ticker\"}\n  (Session info: chrome=151.0.7922.138)","stacktrace":"\tchromedriver!GetHandleVerifier [0x7ff617bcabb5+151b5]\n\tchromedriver!GetHandleVerifier [0x7ff617bcac10+15210]\n\tchromedriver!(No symbol) [0x7ff6176f5d6d]\n\tchromedriver!(No symbol) [0x7ff617751289]\n\tchromedriver!(No symbol) [0x7ff61775158c]\n\tchromedriver!(No symbol) [0x7ff6177a2027]\n\tchromedriver!(No symbol) [0x7ff61779ec0b]\n\tchromedriver!(No symbol) [0x7ff6177437cc]\n\tchromedriver!(No symbol) [0x7ff6177446f3]\n\tchromedriver!GetHandleVerifier [0x7ff6181eb79b+635d9b]\n\tchromedriver!GetHandleVerifier [0x7ff6181e5ac6+6300c6]\n\tchromedriver!GetHandleVerifier [0x7ff61820bcee+6562ee]\n\tchromedriver!GetHandleVerifier [0x7ff617be8ffe+335fe]\n\tchromedriver!GetHandleVerifier [0x7ff617bf147c+3ba7c]\n\tchromedriver!GetHandleVerifier [0x7ff617bd4d64+1f364]\n\tchromedriver!GetHandleVerifier [0x7ff617bd4ef4+1f4f4]\n\tchromedriver!GetHandleVerifier [0x7ff617bb7d97+2397]\n\tKERNEL32!BaseThreadInitThunk [0x7ffeb4f453e0+10]\n\tntdll!RtlUserThreadStart [0x7ffeb6d4485b+2b]\n"}} | headers=HTTPHeaderDict({'Content-Length': '1193', 'Content-Type': 'application/json; charset=utf-8', 'cache-control': 'no-cache'})
2026-08-19 15:31:31 - selenium.webdriver.remote.remote_connection - DEBUG - Finished Request
2026-08-19 15:31:32 - selenium.webdriver.remote.remote_connection - DEBUG - POST http://localhost:61496/session/9df5a0bb58e7e7bc925a6b9e087655bd/element {'using': 'css selector', 'value': 'h1.ticker'}
2026-08-19 15:31:32 - urllib3.connectionpool - DEBUG - http://localhost:61496 "POST /session/9df5a0bb58e7e7bc925a6b9e087655bd/element HTTP/1.1" 404 0
2026-08-19 15:31:32 - selenium.webdriver.remote.remote_connection - DEBUG - Remote response: status=404 | data={"value":{"error":"no such element","message":"no such element: Unable to locate element: {\"method\":\"css selector\",\"selector\":\"h1.ticker\"}\n  (Session info: chrome=151.0.7922.138)","stacktrace":"\tchromedriver!GetHandleVerifier [0x7ff617bcabb5+151b5]\n\tchromedriver!GetHandleVerifier [0x7ff617bcac10+15210]\n\tchromedriver!(No symbol) [0x7ff6176f5d6d]\n\tchromedriver!(No symbol) [0x7ff617751289]\n\tchromedriver!(No symbol) [0x7ff61775158c]\n\tchromedriver!(No symbol) [0x7ff6177a2027]\n\tchromedriver!(No symbol) [0x7ff61779ec0b]\n\tchromedriver!(No symbol) [0x7ff6177437cc]\n\tchromedriver!(No symbol) [0x7ff6177446f3]\n\tchromedriver!GetHandleVerifier [0x7ff6181eb79b+635d9b]\n\tchromedriver!GetHandleVerifier [0x7ff6181e5ac6+6300c6]\n\tchromedriver!GetHandleVerifier [0x7ff61820bcee+6562ee]\n\tchromedriver!GetHandleVerifier [0x7ff617be8ffe+335fe]\n\tchromedriver!GetHandleVerifier [0x7ff617bf147c+3ba7c]\n\tchromedriver!GetHandleVerifier [0x7ff617bd4d64+1f364]\n\tchromedriver!GetHandleVerifier [0x7ff617bd4ef4+1f4f4]\n\tchromedriver!GetHandleVerifier [0x7ff617bb7d97+2397]\n\tKERNEL32!BaseThreadInitThunk [0x7ffeb4f453e0+10]\n\tntdll!RtlUserThreadStart [0x7ffeb6d4485b+2b]\n"}} | headers=HTTPHeaderDict({'Content-Length': '1193', 'Content-Type': 'application/json; charset=utf-8', 'cache-control': 'no-cache'})
2026-08-19 15:31:32 - selenium.webdriver.remote.remote_connection - DEBUG - Finished Request
2026-08-19 15:31:32 - selenium.webdriver.remote.remote_connection - DEBUG - POST http://localhost:61496/session/9df5a0bb58e7e7bc925a6b9e087655bd/element {'using': 'css selector', 'value': 'h1.ticker'}
2026-08-19 15:31:33 - urllib3.connectionpool - DEBUG - http://localhost:61496 "POST /session/9df5a0bb58e7e7bc925a6b9e087655bd/element HTTP/1.1" 404 0
2026-08-19 15:31:33 - selenium.webdriver.remote.remote_connection - DEBUG - Remote response: status=404 | data={"value":{"error":"no such element","message":"no such element: Unable to locate element: {\"method\":\"css selector\",\"selector\":\"h1.ticker\"}\n  (Session info: chrome=151.0.7922.138)","stacktrace":"\tchromedriver!GetHandleVerifier [0x7ff617bcabb5+151b5]\n\tchromedriver!GetHandleVerifier [0x7ff617bcac10+15210]\n\tchromedriver!(No symbol) [0x7ff6176f5d6d]\n\tchromedriver!(No symbol) [0x7ff617751289]\n\tchromedriver!(No symbol) [0x7ff61775158c]\n\tchromedriver!(No symbol) [0x7ff6177a2027]\n\tchromedriver!(No symbol) [0x7ff61779ec0b]\n\tchromedriver!(No symbol) [0x7ff6177437cc]\n\tchromedriver!(No symbol) [0x7ff6177446f3]\n\tchromedriver!GetHandleVerifier [0x7ff6181eb79b+635d9b]\n\tchromedriver!GetHandleVerifier [0x7ff6181e5ac6+6300c6]\n\tchromedriver!GetHandleVerifier [0x7ff61820bcee+6562ee]\n\tchromedriver!GetHandleVerifier [0x7ff617be8ffe+335fe]\n\tchromedriver!GetHandleVerifier [0x7ff617bf147c+3ba7c]\n\tchromedriver!GetHandleVerifier [0x7ff617bd4d64+1f364]\n\tchromedriver!GetHandleVerifier [0x7ff617bd4ef4+1f4f4]\n\tchromedriver!GetHandleVerifier [0x7ff617bb7d97+2397]\n\tKERNEL32!BaseThreadInitThunk [0x7ffeb4f453e0+10]\n\tntdll!RtlUserThreadStart [0x7ffeb6d4485b+2b]\n"}} | headers=HTTPHeaderDict({'Content-Length': '1193', 'Content-Type': 'application/json; charset=utf-8', 'cache-control': 'no-cache'})
2026-08-19 15:31:33 - selenium.webdriver.remote.remote_connection - DEBUG - Finished Request
2026-08-19 15:31:34 - selenium.webdriver.remote.remote_connection - DEBUG - POST http://localhost:61496/session/9df5a0bb58e7e7bc925a6b9e087655bd/element {'using': 'css selector', 'value': 'h1.ticker'}
2026-08-19 15:31:34 - urllib3.connectionpool - DEBUG - http://localhost:61496 "POST /session/9df5a0bb58e7e7bc925a6b9e087655bd/element HTTP/1.1" 404 0
2026-08-19 15:31:34 - selenium.webdriver.remote.remote_connection - DEBUG - Remote response: status=404 | data={"value":{"error":"no such element","message":"no such element: Unable to locate element: {\"method\":\"css selector\",\"selector\":\"h1.ticker\"}\n  (Session info: chrome=151.0.7922.138)","stacktrace":"\tchromedriver!GetHandleVerifier [0x7ff617bcabb5+151b5]\n\tchromedriver!GetHandleVerifier [0x7ff617bcac10+15210]\n\tchromedriver!(No symbol) [0x7ff6176f5d6d]\n\tchromedriver!(No symbol) [0x7ff617751289]\n\tchromedriver!(No symbol) [0x7ff61775158c]\n\tchromedriver!(No symbol) [0x7ff6177a2027]\n\tchromedriver!(No symbol) [0x7ff61779ec0b]\n\tchromedriver!(No symbol) [0x7ff6177437cc]\n\tchromedriver!(No symbol) [0x7ff6177446f3]\n\tchromedriver!GetHandleVerifier [0x7ff6181eb79b+635d9b]\n\tchromedriver!GetHandleVerifier [0x7ff6181e5ac6+6300c6]\n\tchromedriver!GetHandleVerifier [0x7ff61820bcee+6562ee]\n\tchromedriver!GetHandleVerifier [0x7ff617be8ffe+335fe]\n\tchromedriver!GetHandleVerifier [0x7ff617bf147c+3ba7c]\n\tchromedriver!GetHandleVerifier [0x7ff617bd4d64+1f364]\n\tchromedriver!GetHandleVerifier [0x7ff617bd4ef4+1f4f4]\n\tchromedriver!GetHandleVerifier [0x7ff617bb7d97+2397]\n\tKERNEL32!BaseThreadInitThunk [0x7ffeb4f453e0+10]\n\tntdll!RtlUserThreadStart [0x7ffeb6d4485b+2b]\n"}} | headers=HTTPHeaderDict({'Content-Length': '1193', 'Content-Type': 'application/json; charset=utf-8', 'cache-control': 'no-cache'})
2026-08-19 15:31:34 - selenium.webdriver.remote.remote_connection - DEBUG - Finished Request
2026-08-19 15:31:34 - selenium.webdriver.remote.remote_connection - DEBUG - POST http://localhost:61496/session/9df5a0bb58e7e7bc925a6b9e087655bd/element {'using': 'css selector', 'value': 'h1.ticker'}
2026-08-19 15:31:34 - urllib3.connectionpool - DEBUG - http://localhost:61496 "POST /session/9df5a0bb58e7e7bc925a6b9e087655bd/element HTTP/1.1" 404 0
2026-08-19 15:31:34 - selenium.webdriver.remote.remote_connection - DEBUG - Remote response: status=404 | data={"value":{"error":"no such element","message":"no such element: Unable to locate element: {\"method\":\"css selector\",\"selector\":\"h1.ticker\"}\n  (Session info: chrome=151.0.7922.138)","stacktrace":"\tchromedriver!GetHandleVerifier [0x7ff617bcabb5+151b5]\n\tchromedriver!GetHandleVerifier [0x7ff617bcac10+15210]\n\tchromedriver!(No symbol) [0x7ff6176f5d6d]\n\tchromedriver!(No symbol) [0x7ff617751289]\n\tchromedriver!(No symbol) [0x7ff61775158c]\n\tchromedriver!(No symbol) [0x7ff6177a2027]\n\tchromedriver!(No symbol) [0x7ff61779ec0b]\n\tchromedriver!(No symbol) [0x7ff6177437cc]\n\tchromedriver!(No symbol) [0x7ff6177446f3]\n\tchromedriver!GetHandleVerifier [0x7ff6181eb79b+635d9b]\n\tchromedriver!GetHandleVerifier [0x7ff6181e5ac6+6300c6]\n\tchromedriver!GetHandleVerifier [0x7ff61820bcee+6562ee]\n\tchromedriver!GetHandleVerifier [0x7ff617be8ffe+335fe]\n\tchromedriver!GetHandleVerifier [0x7ff617bf147c+3ba7c]\n\tchromedriver!GetHandleVerifier [0x7ff617bd4d64+1f364]\n\tchromedriver!GetHandleVerifier [0x7ff617bd4ef4+1f4f4]\n\tchromedriver!GetHandleVerifier [0x7ff617bb7d97+2397]\n\tKERNEL32!BaseThreadInitThunk [0x7ffeb4f453e0+10]\n\tntdll!RtlUserThreadStart [0x7ffeb6d4485b+2b]\n"}} | headers=HTTPHeaderDict({'Content-Length': '1193', 'Content-Type': 'application/json; charset=utf-8', 'cache-control': 'no-cache'})
2026-08-19 15:31:34 - selenium.webdriver.remote.remote_connection - DEBUG - Finished Request
2026-08-19 15:31:35 - selenium.webdriver.remote.remote_connection - DEBUG - POST http://localhost:61496/session/9df5a0bb58e7e7bc925a6b9e087655bd/element {'using': 'css selector', 'value': 'h1.ticker'}
2026-08-19 15:31:35 - urllib3.connectionpool - DEBUG - http://localhost:61496 "POST /session/9df5a0bb58e7e7bc925a6b9e087655bd/element HTTP/1.1" 404 0
2026-08-19 15:31:35 - selenium.webdriver.remote.remote_connection - DEBUG - Remote response: status=404 | data={"value":{"error":"no such element","message":"no such element: Unable to locate element: {\"method\":\"css selector\",\"selector\":\"h1.ticker\"}\n  (Session info: chrome=151.0.7922.138)","stacktrace":"\tchromedriver!GetHandleVerifier [0x7ff617bcabb5+151b5]\n\tchromedriver!GetHandleVerifier [0x7ff617bcac10+15210]\n\tchromedriver!(No symbol) [0x7ff6176f5d6d]\n\tchromedriver!(No symbol) [0x7ff617751289]\n\tchromedriver!(No symbol) [0x7ff61775158c]\n\tchromedriver!(No symbol) [0x7ff6177a2027]\n\tchromedriver!(No symbol) [0x7ff61779ec0b]\n\tchromedriver!(No symbol) [0x7ff6177437cc]\n\tchromedriver!(No symbol) [0x7ff6177446f3]\n\tchromedriver!GetHandleVerifier [0x7ff6181eb79b+635d9b]\n\tchromedriver!GetHandleVerifier [0x7ff6181e5ac6+6300c6]\n\tchromedriver!GetHandleVerifier [0x7ff61820bcee+6562ee]\n\tchromedriver!GetHandleVerifier [0x7ff617be8ffe+335fe]\n\tchromedriver!GetHandleVerifier [0x7ff617bf147c+3ba7c]\n\tchromedriver!GetHandleVerifier [0x7ff617bd4d64+1f364]\n\tchromedriver!GetHandleVerifier [0x7ff617bd4ef4+1f4f4]\n\tchromedriver!GetHandleVerifier [0x7ff617bb7d97+2397]\n\tKERNEL32!BaseThreadInitThunk [0x7ffeb4f453e0+10]\n\tntdll!RtlUserThreadStart [0x7ffeb6d4485b+2b]\n"}} | headers=HTTPHeaderDict({'Content-Length': '1193', 'Content-Type': 'application/json; charset=utf-8', 'cache-control': 'no-cache'})
2026-08-19 15:31:35 - selenium.webdriver.remote.remote_connection - DEBUG - Finished Request
2026-08-19 15:31:35 - selenium.webdriver.remote.remote_connection - DEBUG - POST http://localhost:61496/session/9df5a0bb58e7e7bc925a6b9e087655bd/element {'using': 'css selector', 'value': 'h1.ticker'}
2026-08-19 15:31:35 - urllib3.connectionpool - DEBUG - http://localhost:61496 "POST /session/9df5a0bb58e7e7bc925a6b9e087655bd/element HTTP/1.1" 404 0
2026-08-19 15:31:35 - selenium.webdriver.remote.remote_connection - DEBUG - Remote response: status=404 | data={"value":{"error":"no such element","message":"no such element: Unable to locate element: {\"method\":\"css selector\",\"selector\":\"h1.ticker\"}\n  (Session info: chrome=151.0.7922.138)","stacktrace":"\tchromedriver!GetHandleVerifier [0x7ff617bcabb5+151b5]\n\tchromedriver!GetHandleVerifier [0x7ff617bcac10+15210]\n\tchromedriver!(No symbol) [0x7ff6176f5d6d]\n\tchromedriver!(No symbol) [0x7ff617751289]\n\tchromedriver!(No symbol) [0x7ff61775158c]\n\tchromedriver!(No symbol) [0x7ff6177a2027]\n\tchromedriver!(No symbol) [0x7ff61779ec0b]\n\tchromedriver!(No symbol) [0x7ff6177437cc]\n\tchromedriver!(No symbol) [0x7ff6177446f3]\n\tchromedriver!GetHandleVerifier [0x7ff6181eb79b+635d9b]\n\tchromedriver!GetHandleVerifier [0x7ff6181e5ac6+6300c6]\n\tchromedriver!GetHandleVerifier [0x7ff61820bcee+6562ee]\n\tchromedriver!GetHandleVerifier [0x7ff617be8ffe+335fe]\n\tchromedriver!GetHandleVerifier [0x7ff617bf147c+3ba7c]\n\tchromedriver!GetHandleVerifier [0x7ff617bd4d64+1f364]\n\tchromedriver!GetHandleVerifier [0x7ff617bd4ef4+1f4f4]\n\tchromedriver!GetHandleVerifier [0x7ff617bb7d97+2397]\n\tKERNEL32!BaseThreadInitThunk [0x7ffeb4f453e0+10]\n\tntdll!RtlUserThreadStart [0x7ffeb6d4485b+2b]\n"}} | headers=HTTPHeaderDict({'Content-Length': '1193', 'Content-Type': 'application/json; charset=utf-8', 'cache-control': 'no-cache'})
2026-08-19 15:31:35 - selenium.webdriver.remote.remote_connection - DEBUG - Finished Request
2026-08-19 15:31:36 - selenium.webdriver.remote.remote_connection - DEBUG - POST http://localhost:61496/session/9df5a0bb58e7e7bc925a6b9e087655bd/element {'using': 'css selector', 'value': 'h1.ticker'}
2026-08-19 15:31:36 - urllib3.connectionpool - DEBUG - http://localhost:61496 "POST /session/9df5a0bb58e7e7bc925a6b9e087655bd/element HTTP/1.1" 404 0
2026-08-19 15:31:36 - selenium.webdriver.remote.remote_connection - DEBUG - Remote response: status=404 | data={"value":{"error":"no such element","message":"no such element: Unable to locate element: {\"method\":\"css selector\",\"selector\":\"h1.ticker\"}\n  (Session info: chrome=151.0.7922.138)","stacktrace":"\tchromedriver!GetHandleVerifier [0x7ff617bcabb5+151b5]\n\tchromedriver!GetHandleVerifier [0x7ff617bcac10+15210]\n\tchromedriver!(No symbol) [0x7ff6176f5d6d]\n\tchromedriver!(No symbol) [0x7ff617751289]\n\tchromedriver!(No symbol) [0x7ff61775158c]\n\tchromedriver!(No symbol) [0x7ff6177a2027]\n\tchromedriver!(No symbol) [0x7ff61779ec0b]\n\tchromedriver!(No symbol) [0x7ff6177437cc]\n\tchromedriver!(No symbol) [0x7ff6177446f3]\n\tchromedriver!GetHandleVerifier [0x7ff6181eb79b+635d9b]\n\tchromedriver!GetHandleVerifier [0x7ff6181e5ac6+6300c6]\n\tchromedriver!GetHandleVerifier [0x7ff61820bcee+6562ee]\n\tchromedriver!GetHandleVerifier [0x7ff617be8ffe+335fe]\n\tchromedriver!GetHandleVerifier [0x7ff617bf147c+3ba7c]\n\tchromedriver!GetHandleVerifier [0x7ff617bd4d64+1f364]\n\tchromedriver!GetHandleVerifier [0x7ff617bd4ef4+1f4f4]\n\tchromedriver!GetHandleVerifier [0x7ff617bb7d97+2397]\n\tKERNEL32!BaseThreadInitThunk [0x7ffeb4f453e0+10]\n\tntdll!RtlUserThreadStart [0x7ffeb6d4485b+2b]\n"}} | headers=HTTPHeaderDict({'Content-Length': '1193', 'Content-Type': 'application/json; charset=utf-8', 'cache-control': 'no-cache'})
2026-08-19 15:31:36 - selenium.webdriver.remote.remote_connection - DEBUG - Finished Request
2026-08-19 15:31:36 - selenium.webdriver.remote.remote_connection - DEBUG - POST http://localhost:61496/session/9df5a0bb58e7e7bc925a6b9e087655bd/element {'using': 'css selector', 'value': 'h1.ticker'}
2026-08-19 15:31:36 - urllib3.connectionpool - DEBUG - http://localhost:61496 "POST /session/9df5a0bb58e7e7bc925a6b9e087655bd/element HTTP/1.1" 404 0
2026-08-19 15:31:36 - selenium.webdriver.remote.remote_connection - DEBUG - Remote response: status=404 | data={"value":{"error":"no such element","message":"no such element: Unable to locate element: {\"method\":\"css selector\",\"selector\":\"h1.ticker\"}\n  (Session info: chrome=151.0.7922.138)","stacktrace":"\tchromedriver!GetHandleVerifier [0x7ff617bcabb5+151b5]\n\tchromedriver!GetHandleVerifier [0x7ff617bcac10+15210]\n\tchromedriver!(No symbol) [0x7ff6176f5d6d]\n\tchromedriver!(No symbol) [0x7ff617751289]\n\tchromedriver!(No symbol) [0x7ff61775158c]\n\tchromedriver!(No symbol) [0x7ff6177a2027]\n\tchromedriver!(No symbol) [0x7ff61779ec0b]\n\tchromedriver!(No symbol) [0x7ff6177437cc]\n\tchromedriver!(No symbol) [0x7ff6177446f3]\n\tchromedriver!GetHandleVerifier [0x7ff6181eb79b+635d9b]\n\tchromedriver!GetHandleVerifier [0x7ff6181e5ac6+6300c6]\n\tchromedriver!GetHandleVerifier [0x7ff61820bcee+6562ee]\n\tchromedriver!GetHandleVerifier [0x7ff617be8ffe+335fe]\n\tchromedriver!GetHandleVerifier [0x7ff617bf147c+3ba7c]\n\tchromedriver!GetHandleVerifier [0x7ff617bd4d64+1f364]\n\tchromedriver!GetHandleVerifier [0x7ff617bd4ef4+1f4f4]\n\tchromedriver!GetHandleVerifier [0x7ff617bb7d97+2397]\n\tKERNEL32!BaseThreadInitThunk [0x7ffeb4f453e0+10]\n\tntdll!RtlUserThreadStart [0x7ffeb6d4485b+2b]\n"}} | headers=HTTPHeaderDict({'Content-Length': '1193', 'Content-Type': 'application/json; charset=utf-8', 'cache-control': 'no-cache'})
2026-08-19 15:31:36 - selenium.webdriver.remote.remote_connection - DEBUG - Finished Request
2026-08-19 15:31:37 - selenium.webdriver.remote.remote_connection - DEBUG - POST http://localhost:61496/session/9df5a0bb58e7e7bc925a6b9e087655bd/element {'using': 'css selector', 'value': 'h1.ticker'}
2026-08-19 15:31:37 - urllib3.connectionpool - DEBUG - http://localhost:61496 "POST /session/9df5a0bb58e7e7bc925a6b9e087655bd/element HTTP/1.1" 404 0
2026-08-19 15:31:37 - selenium.webdriver.remote.remote_connection - DEBUG - Remote response: status=404 | data={"value":{"error":"no such element","message":"no such element: Unable to locate element: {\"method\":\"css selector\",\"selector\":\"h1.ticker\"}\n  (Session info: chrome=151.0.7922.138)","stacktrace":"\tchromedriver!GetHandleVerifier [0x7ff617bcabb5+151b5]\n\tchromedriver!GetHandleVerifier [0x7ff617bcac10+15210]\n\tchromedriver!(No symbol) [0x7ff6176f5d6d]\n\tchromedriver!(No symbol) [0x7ff617751289]\n\tchromedriver!(No symbol) [0x7ff61775158c]\n\tchromedriver!(No symbol) [0x7ff6177a2027]\n\tchromedriver!(No symbol) [0x7ff61779ec0b]\n\tchromedriver!(No symbol) [0x7ff6177437cc]\n\tchromedriver!(No symbol) [0x7ff6177446f3]\n\tchromedriver!GetHandleVerifier [0x7ff6181eb79b+635d9b]\n\tchromedriver!GetHandleVerifier [0x7ff6181e5ac6+6300c6]\n\tchromedriver!GetHandleVerifier [0x7ff61820bcee+6562ee]\n\tchromedriver!GetHandleVerifier [0x7ff617be8ffe+335fe]\n\tchromedriver!GetHandleVerifier [0x7ff617bf147c+3ba7c]\n\tchromedriver!GetHandleVerifier [0x7ff617bd4d64+1f364]\n\tchromedriver!GetHandleVerifier [0x7ff617bd4ef4+1f4f4]\n\tchromedriver!GetHandleVerifier [0x7ff617bb7d97+2397]\n\tKERNEL32!BaseThreadInitThunk [0x7ffeb4f453e0+10]\n\tntdll!RtlUserThreadStart [0x7ffeb6d4485b+2b]\n"}} | headers=HTTPHeaderDict({'Content-Length': '1193', 'Content-Type': 'application/json; charset=utf-8', 'cache-control': 'no-cache'})
2026-08-19 15:31:37 - selenium.webdriver.remote.remote_connection - DEBUG - Finished Request
2026-08-19 15:31:37 - selenium.webdriver.remote.remote_connection - DEBUG - POST http://localhost:61496/session/9df5a0bb58e7e7bc925a6b9e087655bd/element {'using': 'css selector', 'value': 'h1.ticker'}
2026-08-19 15:31:37 - urllib3.connectionpool - DEBUG - http://localhost:61496 "POST /session/9df5a0bb58e7e7bc925a6b9e087655bd/element HTTP/1.1" 404 0
2026-08-19 15:31:37 - selenium.webdriver.remote.remote_connection - DEBUG - Remote response: status=404 | data={"value":{"error":"no such element","message":"no such element: Unable to locate element: {\"method\":\"css selector\",\"selector\":\"h1.ticker\"}\n  (Session info: chrome=151.0.7922.138)","stacktrace":"\tchromedriver!GetHandleVerifier [0x7ff617bcabb5+151b5]\n\tchromedriver!GetHandleVerifier [0x7ff617bcac10+15210]\n\tchromedriver!(No symbol) [0x7ff6176f5d6d]\n\tchromedriver!(No symbol) [0x7ff617751289]\n\tchromedriver!(No symbol) [0x7ff61775158c]\n\tchromedriver!(No symbol) [0x7ff6177a2027]\n\tchromedriver!(No symbol) [0x7ff61779ec0b]\n\tchromedriver!(No symbol) [0x7ff6177437cc]\n\tchromedriver!(No symbol) [0x7ff6177446f3]\n\tchromedriver!GetHandleVerifier [0x7ff6181eb79b+635d9b]\n\tchromedriver!GetHandleVerifier [0x7ff6181e5ac6+6300c6]\n\tchromedriver!GetHandleVerifier [0x7ff61820bcee+6562ee]\n\tchromedriver!GetHandleVerifier [0x7ff617be8ffe+335fe]\n\tchromedriver!GetHandleVerifier [0x7ff617bf147c+3ba7c]\n\tchromedriver!GetHandleVerifier [0x7ff617bd4d64+1f364]\n\tchromedriver!GetHandleVerifier [0x7ff617bd4ef4+1f4f4]\n\tchromedriver!GetHandleVerifier [0x7ff617bb7d97+2397]\n\tKERNEL32!BaseThreadInitThunk [0x7ffeb4f453e0+10]\n\tntdll!RtlUserThreadStart [0x7ffeb6d4485b+2b]\n"}} | headers=HTTPHeaderDict({'Content-Length': '1193', 'Content-Type': 'application/json; charset=utf-8', 'cache-control': 'no-cache'})
2026-08-19 15:31:37 - selenium.webdriver.remote.remote_connection - DEBUG - Finished Request
2026-08-19 15:31:38 - selenium.webdriver.remote.remote_connection - DEBUG - POST http://localhost:61496/session/9df5a0bb58e7e7bc925a6b9e087655bd/element {'using': 'css selector', 'value': 'h1.ticker'}
2026-08-19 15:31:38 - urllib3.connectionpool - DEBUG - http://localhost:61496 "POST /session/9df5a0bb58e7e7bc925a6b9e087655bd/element HTTP/1.1" 404 0
2026-08-19 15:31:38 - selenium.webdriver.remote.remote_connection - DEBUG - Remote response: status=404 | data={"value":{"error":"no such element","message":"no such element: Unable to locate element: {\"method\":\"css selector\",\"selector\":\"h1.ticker\"}\n  (Session info: chrome=151.0.7922.138)","stacktrace":"\tchromedriver!GetHandleVerifier [0x7ff617bcabb5+151b5]\n\tchromedriver!GetHandleVerifier [0x7ff617bcac10+15210]\n\tchromedriver!(No symbol) [0x7ff6176f5d6d]\n\tchromedriver!(No symbol) [0x7ff617751289]\n\tchromedriver!(No symbol) [0x7ff61775158c]\n\tchromedriver!(No symbol) [0x7ff6177a2027]\n\tchromedriver!(No symbol) [0x7ff61779ec0b]\n\tchromedriver!(No symbol) [0x7ff6177437cc]\n\tchromedriver!(No symbol) [0x7ff6177446f3]\n\tchromedriver!GetHandleVerifier [0x7ff6181eb79b+635d9b]\n\tchromedriver!GetHandleVerifier [0x7ff6181e5ac6+6300c6]\n\tchromedriver!GetHandleVerifier [0x7ff61820bcee+6562ee]\n\tchromedriver!GetHandleVerifier [0x7ff617be8ffe+335fe]\n\tchromedriver!GetHandleVerifier [0x7ff617bf147c+3ba7c]\n\tchromedriver!GetHandleVerifier [0x7ff617bd4d64+1f364]\n\tchromedriver!GetHandleVerifier [0x7ff617bd4ef4+1f4f4]\n\tchromedriver!GetHandleVerifier [0x7ff617bb7d97+2397]\n\tKERNEL32!BaseThreadInitThunk [0x7ffeb4f453e0+10]\n\tntdll!RtlUserThreadStart [0x7ffeb6d4485b+2b]\n"}} | headers=HTTPHeaderDict({'Content-Length': '1193', 'Content-Type': 'application/json; charset=utf-8', 'cache-control': 'no-cache'})
2026-08-19 15:31:38 - selenium.webdriver.remote.remote_connection - DEBUG - Finished Request
2026-08-19 15:31:38 - selenium.webdriver.remote.remote_connection - DEBUG - POST http://localhost:61496/session/9df5a0bb58e7e7bc925a6b9e087655bd/element {'using': 'css selector', 'value': 'h1.ticker'}
2026-08-19 15:31:38 - urllib3.connectionpool - DEBUG - http://localhost:61496 "POST /session/9df5a0bb58e7e7bc925a6b9e087655bd/element HTTP/1.1" 404 0
2026-08-19 15:31:38 - selenium.webdriver.remote.remote_connection - DEBUG - Remote response: status=404 | data={"value":{"error":"no such element","message":"no such element: Unable to locate element: {\"method\":\"css selector\",\"selector\":\"h1.ticker\"}\n  (Session info: chrome=151.0.7922.138)","stacktrace":"\tchromedriver!GetHandleVerifier [0x7ff617bcabb5+151b5]\n\tchromedriver!GetHandleVerifier [0x7ff617bcac10+15210]\n\tchromedriver!(No symbol) [0x7ff6176f5d6d]\n\tchromedriver!(No symbol) [0x7ff617751289]\n\tchromedriver!(No symbol) [0x7ff61775158c]\n\tchromedriver!(No symbol) [0x7ff6177a2027]\n\tchromedriver!(No symbol) [0x7ff61779ec0b]\n\tchromedriver!(No symbol) [0x7ff6177437cc]\n\tchromedriver!(No symbol) [0x7ff6177446f3]\n\tchromedriver!GetHandleVerifier [0x7ff6181eb79b+635d9b]\n\tchromedriver!GetHandleVerifier [0x7ff6181e5ac6+6300c6]\n\tchromedriver!GetHandleVerifier [0x7ff61820bcee+6562ee]\n\tchromedriver!GetHandleVerifier [0x7ff617be8ffe+335fe]\n\tchromedriver!GetHandleVerifier [0x7ff617bf147c+3ba7c]\n\tchromedriver!GetHandleVerifier [0x7ff617bd4d64+1f364]\n\tchromedriver!GetHandleVerifier [0x7ff617bd4ef4+1f4f4]\n\tchromedriver!GetHandleVerifier [0x7ff617bb7d97+2397]\n\tKERNEL32!BaseThreadInitThunk [0x7ffeb4f453e0+10]\n\tntdll!RtlUserThreadStart [0x7ffeb6d4485b+2b]\n"}} | headers=HTTPHeaderDict({'Content-Length': '1193', 'Content-Type': 'application/json; charset=utf-8', 'cache-control': 'no-cache'})
2026-08-19 15:31:38 - selenium.webdriver.remote.remote_connection - DEBUG - Finished Request
2026-08-19 15:31:39 - selenium.webdriver.remote.remote_connection - DEBUG - POST http://localhost:61496/session/9df5a0bb58e7e7bc925a6b9e087655bd/element {'using': 'css selector', 'value': 'h1.ticker'}
2026-08-19 15:31:39 - urllib3.connectionpool - DEBUG - http://localhost:61496 "POST /session/9df5a0bb58e7e7bc925a6b9e087655bd/element HTTP/1.1" 404 0
2026-08-19 15:31:39 - selenium.webdriver.remote.remote_connection - DEBUG - Remote response: status=404 | data={"value":{"error":"no such element","message":"no such element: Unable to locate element: {\"method\":\"css selector\",\"selector\":\"h1.ticker\"}\n  (Session info: chrome=151.0.7922.138)","stacktrace":"\tchromedriver!GetHandleVerifier [0x7ff617bcabb5+151b5]\n\tchromedriver!GetHandleVerifier [0x7ff617bcac10+15210]\n\tchromedriver!(No symbol) [0x7ff6176f5d6d]\n\tchromedriver!(No symbol) [0x7ff617751289]\n\tchromedriver!(No symbol) [0x7ff61775158c]\n\tchromedriver!(No symbol) [0x7ff6177a2027]\n\tchromedriver!(No symbol) [0x7ff61779ec0b]\n\tchromedriver!(No symbol) [0x7ff6177437cc]\n\tchromedriver!(No symbol) [0x7ff6177446f3]\n\tchromedriver!GetHandleVerifier [0x7ff6181eb79b+635d9b]\n\tchromedriver!GetHandleVerifier [0x7ff6181e5ac6+6300c6]\n\tchromedriver!GetHandleVerifier [0x7ff61820bcee+6562ee]\n\tchromedriver!GetHandleVerifier [0x7ff617be8ffe+335fe]\n\tchromedriver!GetHandleVerifier [0x7ff617bf147c+3ba7c]\n\tchromedriver!GetHandleVerifier [0x7ff617bd4d64+1f364]\n\tchromedriver!GetHandleVerifier [0x7ff617bd4ef4+1f4f4]\n\tchromedriver!GetHandleVerifier [0x7ff617bb7d97+2397]\n\tKERNEL32!BaseThreadInitThunk [0x7ffeb4f453e0+10]\n\tntdll!RtlUserThreadStart [0x7ffeb6d4485b+2b]\n"}} | headers=HTTPHeaderDict({'Content-Length': '1193', 'Content-Type': 'application/json; charset=utf-8', 'cache-control': 'no-cache'})
2026-08-19 15:31:39 - selenium.webdriver.remote.remote_connection - DEBUG - Finished Request
2026-08-19 15:31:39 - scraper - ERROR - Timed out waiting for page to load: https://investor.vanguard.com/etf/profile/overview/vclt
2026-08-19 15:31:39 - scraper - INFO - Retry 3/3 for VCLT
2026-08-19 15:31:44 - scraper - INFO - Navigating to https://investor.vanguard.com/etf/profile/overview/vclt
2026-08-19 15:31:44 - selenium.webdriver.remote.remote_connection - DEBUG - POST http://localhost:61496/session/9df5a0bb58e7e7bc925a6b9e087655bd/url {'url': 'https://investor.vanguard.com/etf/profile/overview/vclt'}
2026-08-19 15:31:49 - urllib3.connectionpool - DEBUG - http://localhost:61496 "POST /session/9df5a0bb58e7e7bc925a6b9e087655bd/url HTTP/1.1" 200 0
2026-08-19 15:31:49 - selenium.webdriver.remote.remote_connection - DEBUG - Remote response: status=200 | data={"value":null} | headers=HTTPHeaderDict({'Content-Length': '14', 'Content-Type': 'application/json; charset=utf-8', 'cache-control': 'no-cache'})
2026-08-19 15:31:49 - selenium.webdriver.remote.remote_connection - DEBUG - Finished Request
2026-08-19 15:31:49 - selenium.webdriver.remote.remote_connection - DEBUG - POST http://localhost:61496/session/9df5a0bb58e7e7bc925a6b9e087655bd/element {'using': 'css selector', 'value': 'h1.ticker'}
2026-08-19 15:31:49 - urllib3.connectionpool - DEBUG - http://localhost:61496 "POST /session/9df5a0bb58e7e7bc925a6b9e087655bd/element HTTP/1.1" 404 0
2026-08-19 15:31:49 - selenium.webdriver.remote.remote_connection - DEBUG - Remote response: status=404 | data={"value":{"error":"no such element","message":"no such element: Unable to locate element: {\"method\":\"css selector\",\"selector\":\"h1.ticker\"}\n  (Session info: chrome=151.0.7922.138)","stacktrace":"\tchromedriver!GetHandleVerifier [0x7ff617bcabb5+151b5]\n\tchromedriver!GetHandleVerifier [0x7ff617bcac10+15210]\n\tchromedriver!(No symbol) [0x7ff6176f5d6d]\n\tchromedriver!(No symbol) [0x7ff617751289]\n\tchromedriver!(No symbol) [0x7ff61775158c]\n\tchromedriver!(No symbol) [0x7ff6177a2027]\n\tchromedriver!(No symbol) [0x7ff61779ec0b]\n\tchromedriver!(No symbol) [0x7ff6177437cc]\n\tchromedriver!(No symbol) [0x7ff6177446f3]\n\tchromedriver!GetHandleVerifier [0x7ff6181eb79b+635d9b]\n\tchromedriver!GetHandleVerifier [0x7ff6181e5ac6+6300c6]\n\tchromedriver!GetHandleVerifier [0x7ff61820bcee+6562ee]\n\tchromedriver!GetHandleVerifier [0x7ff617be8ffe+335fe]\n\tchromedriver!GetHandleVerifier [0x7ff617bf147c+3ba7c]\n\tchromedriver!GetHandleVerifier [0x7ff617bd4d64+1f364]\n\tchromedriver!GetHandleVerifier [0x7ff617bd4ef4+1f4f4]\n\tchromedriver!GetHandleVerifier [0x7ff617bb7d97+2397]\n\tKERNEL32!BaseThreadInitThunk [0x7ffeb4f453e0+10]\n\tntdll!RtlUserThreadStart [0x7ffeb6d4485b+2b]\n"}} | headers=HTTPHeaderDict({'Content-Length': '1193', 'Content-Type': 'application/json; charset=utf-8', 'cache-control': 'no-cache'})
2026-08-19 15:31:49 - selenium.webdriver.remote.remote_connection - DEBUG - Finished Request
2026-08-19 15:31:50 - selenium.webdriver.remote.remote_connection - DEBUG - POST http://localhost:61496/session/9df5a0bb58e7e7bc925a6b9e087655bd/element {'using': 'css selector', 'value': 'h1.ticker'}
2026-08-19 15:31:51 - urllib3.connectionpool - DEBUG - http://localhost:61496 "POST /session/9df5a0bb58e7e7bc925a6b9e087655bd/element HTTP/1.1" 404 0
2026-08-19 15:31:51 - selenium.webdriver.remote.remote_connection - DEBUG - Remote response: status=404 | data={"value":{"error":"no such element","message":"no such element: Unable to locate element: {\"method\":\"css selector\",\"selector\":\"h1.ticker\"}\n  (Session info: chrome=151.0.7922.138)","stacktrace":"\tchromedriver!GetHandleVerifier [0x7ff617bcabb5+151b5]\n\tchromedriver!GetHandleVerifier [0x7ff617bcac10+15210]\n\tchromedriver!(No symbol) [0x7ff6176f5d6d]\n\tchromedriver!(No symbol) [0x7ff617751289]\n\tchromedriver!(No symbol) [0x7ff61775158c]\n\tchromedriver!(No symbol) [0x7ff6177a2027]\n\tchromedriver!(No symbol) [0x7ff61779ec0b]\n\tchromedriver!(No symbol) [0x7ff6177437cc]\n\tchromedriver!(No symbol) [0x7ff6177446f3]\n\tchromedriver!GetHandleVerifier [0x7ff6181eb79b+635d9b]\n\tchromedriver!GetHandleVerifier [0x7ff6181e5ac6+6300c6]\n\tchromedriver!GetHandleVerifier [0x7ff61820bcee+6562ee]\n\tchromedriver!GetHandleVerifier [0x7ff617be8ffe+335fe]\n\tchromedriver!GetHandleVerifier [0x7ff617bf147c+3ba7c]\n\tchromedriver!GetHandleVerifier [0x7ff617bd4d64+1f364]\n\tchromedriver!GetHandleVerifier [0x7ff617bd4ef4+1f4f4]\n\tchromedriver!GetHandleVerifier [0x7ff617bb7d97+2397]\n\tKERNEL32!BaseThreadInitThunk [0x7ffeb4f453e0+10]\n\tntdll!RtlUserThreadStart [0x7ffeb6d4485b+2b]\n"}} | headers=HTTPHeaderDict({'Content-Length': '1193', 'Content-Type': 'application/json; charset=utf-8', 'cache-control': 'no-cache'})
2026-08-19 15:31:51 - selenium.webdriver.remote.remote_connection - DEBUG - Finished Request
2026-08-19 15:31:52 - selenium.webdriver.remote.remote_connection - DEBUG - POST http://localhost:61496/session/9df5a0bb58e7e7bc925a6b9e087655bd/element {'using': 'css selector', 'value': 'h1.ticker'}
2026-08-19 15:31:52 - urllib3.connectionpool - DEBUG - http://localhost:61496 "POST /session/9df5a0bb58e7e7bc925a6b9e087655bd/element HTTP/1.1" 404 0
2026-08-19 15:31:52 - selenium.webdriver.remote.remote_connection - DEBUG - Remote response: status=404 | data={"value":{"error":"no such element","message":"no such element: Unable to locate element: {\"method\":\"css selector\",\"selector\":\"h1.ticker\"}\n  (Session info: chrome=151.0.7922.138)","stacktrace":"\tchromedriver!GetHandleVerifier [0x7ff617bcabb5+151b5]\n\tchromedriver!GetHandleVerifier [0x7ff617bcac10+15210]\n\tchromedriver!(No symbol) [0x7ff6176f5d6d]\n\tchromedriver!(No symbol) [0x7ff617751289]\n\tchromedriver!(No symbol) [0x7ff61775158c]\n\tchromedriver!(No symbol) [0x7ff6177a2027]\n\tchromedriver!(No symbol) [0x7ff61779ec0b]\n\tchromedriver!(No symbol) [0x7ff6177437cc]\n\tchromedriver!(No symbol) [0x7ff6177446f3]\n\tchromedriver!GetHandleVerifier [0x7ff6181eb79b+635d9b]\n\tchromedriver!GetHandleVerifier [0x7ff6181e5ac6+6300c6]\n\tchromedriver!GetHandleVerifier [0x7ff61820bcee+6562ee]\n\tchromedriver!GetHandleVerifier [0x7ff617be8ffe+335fe]\n\tchromedriver!GetHandleVerifier [0x7ff617bf147c+3ba7c]\n\tchromedriver!GetHandleVerifier [0x7ff617bd4d64+1f364]\n\tchromedriver!GetHandleVerifier [0x7ff617bd4ef4+1f4f4]\n\tchromedriver!GetHandleVerifier [0x7ff617bb7d97+2397]\n\tKERNEL32!BaseThreadInitThunk [0x7ffeb4f453e0+10]\n\tntdll!RtlUserThreadStart [0x7ffeb6d4485b+2b]\n"}} | headers=HTTPHeaderDict({'Content-Length': '1193', 'Content-Type': 'application/json; charset=utf-8', 'cache-control': 'no-cache'})
2026-08-19 15:31:52 - selenium.webdriver.remote.remote_connection - DEBUG - Finished Request
2026-08-19 15:31:52 - selenium.webdriver.remote.remote_connection - DEBUG - POST http://localhost:61496/session/9df5a0bb58e7e7bc925a6b9e087655bd/element {'using': 'css selector', 'value': 'h1.ticker'}
2026-08-19 15:31:52 - urllib3.connectionpool - DEBUG - http://localhost:61496 "POST /session/9df5a0bb58e7e7bc925a6b9e087655bd/element HTTP/1.1" 404 0
2026-08-19 15:31:52 - selenium.webdriver.remote.remote_connection - DEBUG - Remote response: status=404 | data={"value":{"error":"no such element","message":"no such element: Unable to locate element: {\"method\":\"css selector\",\"selector\":\"h1.ticker\"}\n  (Session info: chrome=151.0.7922.138)","stacktrace":"\tchromedriver!GetHandleVerifier [0x7ff617bcabb5+151b5]\n\tchromedriver!GetHandleVerifier [0x7ff617bcac10+15210]\n\tchromedriver!(No symbol) [0x7ff6176f5d6d]\n\tchromedriver!(No symbol) [0x7ff617751289]\n\tchromedriver!(No symbol) [0x7ff61775158c]\n\tchromedriver!(No symbol) [0x7ff6177a2027]\n\tchromedriver!(No symbol) [0x7ff61779ec0b]\n\tchromedriver!(No symbol) [0x7ff6177437cc]\n\tchromedriver!(No symbol) [0x7ff6177446f3]\n\tchromedriver!GetHandleVerifier [0x7ff6181eb79b+635d9b]\n\tchromedriver!GetHandleVerifier [0x7ff6181e5ac6+6300c6]\n\tchromedriver!GetHandleVerifier [0x7ff61820bcee+6562ee]\n\tchromedriver!GetHandleVerifier [0x7ff617be8ffe+335fe]\n\tchromedriver!GetHandleVerifier [0x7ff617bf147c+3ba7c]\n\tchromedriver!GetHandleVerifier [0x7ff617bd4d64+1f364]\n\tchromedriver!GetHandleVerifier [0x7ff617bd4ef4+1f4f4]\n\tchromedriver!GetHandleVerifier [0x7ff617bb7d97+2397]\n\tKERNEL32!BaseThreadInitThunk [0x7ffeb4f453e0+10]\n\tntdll!RtlUserThreadStart [0x7ffeb6d4485b+2b]\n"}} | headers=HTTPHeaderDict({'Content-Length': '1193', 'Content-Type': 'application/json; charset=utf-8', 'cache-control': 'no-cache'})
2026-08-19 15:31:52 - selenium.webdriver.remote.remote_connection - DEBUG - Finished Request
2026-08-19 15:31:53 - selenium.webdriver.remote.remote_connection - DEBUG - POST http://localhost:61496/session/9df5a0bb58e7e7bc925a6b9e087655bd/element {'using': 'css selector', 'value': 'h1.ticker'}
2026-08-19 15:31:53 - urllib3.connectionpool - DEBUG - http://localhost:61496 "POST /session/9df5a0bb58e7e7bc925a6b9e087655bd/element HTTP/1.1" 404 0
2026-08-19 15:31:53 - selenium.webdriver.remote.remote_connection - DEBUG - Remote response: status=404 | data={"value":{"error":"no such element","message":"no such element: Unable to locate element: {\"method\":\"css selector\",\"selector\":\"h1.ticker\"}\n  (Session info: chrome=151.0.7922.138)","stacktrace":"\tchromedriver!GetHandleVerifier [0x7ff617bcabb5+151b5]\n\tchromedriver!GetHandleVerifier [0x7ff617bcac10+15210]\n\tchromedriver!(No symbol) [0x7ff6176f5d6d]\n\tchromedriver!(No symbol) [0x7ff617751289]\n\tchromedriver!(No symbol) [0x7ff61775158c]\n\tchromedriver!(No symbol) [0x7ff6177a2027]\n\tchromedriver!(No symbol) [0x7ff61779ec0b]\n\tchromedriver!(No symbol) [0x7ff6177437cc]\n\tchromedriver!(No symbol) [0x7ff6177446f3]\n\tchromedriver!GetHandleVerifier [0x7ff6181eb79b+635d9b]\n\tchromedriver!GetHandleVerifier [0x7ff6181e5ac6+6300c6]\n\tchromedriver!GetHandleVerifier [0x7ff61820bcee+6562ee]\n\tchromedriver!GetHandleVerifier [0x7ff617be8ffe+335fe]\n\tchromedriver!GetHandleVerifier [0x7ff617bf147c+3ba7c]\n\tchromedriver!GetHandleVerifier [0x7ff617bd4d64+1f364]\n\tchromedriver!GetHandleVerifier [0x7ff617bd4ef4+1f4f4]\n\tchromedriver!GetHandleVerifier [0x7ff617bb7d97+2397]\n\tKERNEL32!BaseThreadInitThunk [0x7ffeb4f453e0+10]\n\tntdll!RtlUserThreadStart [0x7ffeb6d4485b+2b]\n"}} | headers=HTTPHeaderDict({'Content-Length': '1193', 'Content-Type': 'application/json; charset=utf-8', 'cache-control': 'no-cache'})
2026-08-19 15:31:53 - selenium.webdriver.remote.remote_connection - DEBUG - Finished Request
2026-08-19 15:31:53 - selenium.webdriver.remote.remote_connection - DEBUG - POST http://localhost:61496/session/9df5a0bb58e7e7bc925a6b9e087655bd/element {'using': 'css selector', 'value': 'h1.ticker'}
2026-08-19 15:31:53 - urllib3.connectionpool - DEBUG - http://localhost:61496 "POST /session/9df5a0bb58e7e7bc925a6b9e087655bd/element HTTP/1.1" 404 0
2026-08-19 15:31:53 - selenium.webdriver.remote.remote_connection - DEBUG - Remote response: status=404 | data={"value":{"error":"no such element","message":"no such element: Unable to locate element: {\"method\":\"css selector\",\"selector\":\"h1.ticker\"}\n  (Session info: chrome=151.0.7922.138)","stacktrace":"\tchromedriver!GetHandleVerifier [0x7ff617bcabb5+151b5]\n\tchromedriver!GetHandleVerifier [0x7ff617bcac10+15210]\n\tchromedriver!(No symbol) [0x7ff6176f5d6d]\n\tchromedriver!(No symbol) [0x7ff617751289]\n\tchromedriver!(No symbol) [0x7ff61775158c]\n\tchromedriver!(No symbol) [0x7ff6177a2027]\n\tchromedriver!(No symbol) [0x7ff61779ec0b]\n\tchromedriver!(No symbol) [0x7ff6177437cc]\n\tchromedriver!(No symbol) [0x7ff6177446f3]\n\tchromedriver!GetHandleVerifier [0x7ff6181eb79b+635d9b]\n\tchromedriver!GetHandleVerifier [0x7ff6181e5ac6+6300c6]\n\tchromedriver!GetHandleVerifier [0x7ff61820bcee+6562ee]\n\tchromedriver!GetHandleVerifier [0x7ff617be8ffe+335fe]\n\tchromedriver!GetHandleVerifier [0x7ff617bf147c+3ba7c]\n\tchromedriver!GetHandleVerifier [0x7ff617bd4d64+1f364]\n\tchromedriver!GetHandleVerifier [0x7ff617bd4ef4+1f4f4]\n\tchromedriver!GetHandleVerifier [0x7ff617bb7d97+2397]\n\tKERNEL32!BaseThreadInitThunk [0x7ffeb4f453e0+10]\n\tntdll!RtlUserThreadStart [0x7ffeb6d4485b+2b]\n"}} | headers=HTTPHeaderDict({'Content-Length': '1193', 'Content-Type': 'application/json; charset=utf-8', 'cache-control': 'no-cache'})
2026-08-19 15:31:53 - selenium.webdriver.remote.remote_connection - DEBUG - Finished Request
2026-08-19 15:31:54 - selenium.webdriver.remote.remote_connection - DEBUG - POST http://localhost:61496/session/9df5a0bb58e7e7bc925a6b9e087655bd/element {'using': 'css selector', 'value': 'h1.ticker'}
2026-08-19 15:31:54 - urllib3.connectionpool - DEBUG - http://localhost:61496 "POST /session/9df5a0bb58e7e7bc925a6b9e087655bd/element HTTP/1.1" 404 0
2026-08-19 15:31:54 - selenium.webdriver.remote.remote_connection - DEBUG - Remote response: status=404 | data={"value":{"error":"no such element","message":"no such element: Unable to locate element: {\"method\":\"css selector\",\"selector\":\"h1.ticker\"}\n  (Session info: chrome=151.0.7922.138)","stacktrace":"\tchromedriver!GetHandleVerifier [0x7ff617bcabb5+151b5]\n\tchromedriver!GetHandleVerifier [0x7ff617bcac10+15210]\n\tchromedriver!(No symbol) [0x7ff6176f5d6d]\n\tchromedriver!(No symbol) [0x7ff617751289]\n\tchromedriver!(No symbol) [0x7ff61775158c]\n\tchromedriver!(No symbol) [0x7ff6177a2027]\n\tchromedriver!(No symbol) [0x7ff61779ec0b]\n\tchromedriver!(No symbol) [0x7ff6177437cc]\n\tchromedriver!(No symbol) [0x7ff6177446f3]\n\tchromedriver!GetHandleVerifier [0x7ff6181eb79b+635d9b]\n\tchromedriver!GetHandleVerifier [0x7ff6181e5ac6+6300c6]\n\tchromedriver!GetHandleVerifier [0x7ff61820bcee+6562ee]\n\tchromedriver!GetHandleVerifier [0x7ff617be8ffe+335fe]\n\tchromedriver!GetHandleVerifier [0x7ff617bf147c+3ba7c]\n\tchromedriver!GetHandleVerifier [0x7ff617bd4d64+1f364]\n\tchromedriver!GetHandleVerifier [0x7ff617bd4ef4+1f4f4]\n\tchromedriver!GetHandleVerifier [0x7ff617bb7d97+2397]\n\tKERNEL32!BaseThreadInitThunk [0x7ffeb4f453e0+10]\n\tntdll!RtlUserThreadStart [0x7ffeb6d4485b+2b]\n"}} | headers=HTTPHeaderDict({'Content-Length': '1193', 'Content-Type': 'application/json; charset=utf-8', 'cache-control': 'no-cache'})
2026-08-19 15:31:54 - selenium.webdriver.remote.remote_connection - DEBUG - Finished Request
2026-08-19 15:31:54 - selenium.webdriver.remote.remote_connection - DEBUG - POST http://localhost:61496/session/9df5a0bb58e7e7bc925a6b9e087655bd/element {'using': 'css selector', 'value': 'h1.ticker'}
2026-08-19 15:31:54 - urllib3.connectionpool - DEBUG - http://localhost:61496 "POST /session/9df5a0bb58e7e7bc925a6b9e087655bd/element HTTP/1.1" 404 0
2026-08-19 15:31:54 - selenium.webdriver.remote.remote_connection - DEBUG - Remote response: status=404 | data={"value":{"error":"no such element","message":"no such element: Unable to locate element: {\"method\":\"css selector\",\"selector\":\"h1.ticker\"}\n  (Session info: chrome=151.0.7922.138)","stacktrace":"\tchromedriver!GetHandleVerifier [0x7ff617bcabb5+151b5]\n\tchromedriver!GetHandleVerifier [0x7ff617bcac10+15210]\n\tchromedriver!(No symbol) [0x7ff6176f5d6d]\n\tchromedriver!(No symbol) [0x7ff617751289]\n\tchromedriver!(No symbol) [0x7ff61775158c]\n\tchromedriver!(No symbol) [0x7ff6177a2027]\n\tchromedriver!(No symbol) [0x7ff61779ec0b]\n\tchromedriver!(No symbol) [0x7ff6177437cc]\n\tchromedriver!(No symbol) [0x7ff6177446f3]\n\tchromedriver!GetHandleVerifier [0x7ff6181eb79b+635d9b]\n\tchromedriver!GetHandleVerifier [0x7ff6181e5ac6+6300c6]\n\tchromedriver!GetHandleVerifier [0x7ff61820bcee+6562ee]\n\tchromedriver!GetHandleVerifier [0x7ff617be8ffe+335fe]\n\tchromedriver!GetHandleVerifier [0x7ff617bf147c+3ba7c]\n\tchromedriver!GetHandleVerifier [0x7ff617bd4d64+1f364]\n\tchromedriver!GetHandleVerifier [0x7ff617bd4ef4+1f4f4]\n\tchromedriver!GetHandleVerifier [0x7ff617bb7d97+2397]\n\tKERNEL32!BaseThreadInitThunk [0x7ffeb4f453e0+10]\n\tntdll!RtlUserThreadStart [0x7ffeb6d4485b+2b]\n"}} | headers=HTTPHeaderDict({'Content-Length': '1193', 'Content-Type': 'application/json; charset=utf-8', 'cache-control': 'no-cache'})
2026-08-19 15:31:54 - selenium.webdriver.remote.remote_connection - DEBUG - Finished Request
2026-08-19 15:31:55 - selenium.webdriver.remote.remote_connection - DEBUG - POST http://localhost:61496/session/9df5a0bb58e7e7bc925a6b9e087655bd/element {'using': 'css selector', 'value': 'h1.ticker'}
2026-08-19 15:31:55 - urllib3.connectionpool - DEBUG - http://localhost:61496 "POST /session/9df5a0bb58e7e7bc925a6b9e087655bd/element HTTP/1.1" 404 0
2026-08-19 15:31:55 - selenium.webdriver.remote.remote_connection - DEBUG - Remote response: status=404 | data={"value":{"error":"no such element","message":"no such element: Unable to locate element: {\"method\":\"css selector\",\"selector\":\"h1.ticker\"}\n  (Session info: chrome=151.0.7922.138)","stacktrace":"\tchromedriver!GetHandleVerifier [0x7ff617bcabb5+151b5]\n\tchromedriver!GetHandleVerifier [0x7ff617bcac10+15210]\n\tchromedriver!(No symbol) [0x7ff6176f5d6d]\n\tchromedriver!(No symbol) [0x7ff617751289]\n\tchromedriver!(No symbol) [0x7ff61775158c]\n\tchromedriver!(No symbol) [0x7ff6177a2027]\n\tchromedriver!(No symbol) [0x7ff61779ec0b]\n\tchromedriver!(No symbol) [0x7ff6177437cc]\n\tchromedriver!(No symbol) [0x7ff6177446f3]\n\tchromedriver!GetHandleVerifier [0x7ff6181eb79b+635d9b]\n\tchromedriver!GetHandleVerifier [0x7ff6181e5ac6+6300c6]\n\tchromedriver!GetHandleVerifier [0x7ff61820bcee+6562ee]\n\tchromedriver!GetHandleVerifier [0x7ff617be8ffe+335fe]\n\tchromedriver!GetHandleVerifier [0x7ff617bf147c+3ba7c]\n\tchromedriver!GetHandleVerifier [0x7ff617bd4d64+1f364]\n\tchromedriver!GetHandleVerifier [0x7ff617bd4ef4+1f4f4]\n\tchromedriver!GetHandleVerifier [0x7ff617bb7d97+2397]\n\tKERNEL32!BaseThreadInitThunk [0x7ffeb4f453e0+10]\n\tntdll!RtlUserThreadStart [0x7ffeb6d4485b+2b]\n"}} | headers=HTTPHeaderDict({'Content-Length': '1193', 'Content-Type': 'application/json; charset=utf-8', 'cache-control': 'no-cache'})
2026-08-19 15:31:55 - selenium.webdriver.remote.remote_connection - DEBUG - Finished Request
2026-08-19 15:31:55 - selenium.webdriver.remote.remote_connection - DEBUG - POST http://localhost:61496/session/9df5a0bb58e7e7bc925a6b9e087655bd/element {'using': 'css selector', 'value': 'h1.ticker'}
2026-08-19 15:31:55 - urllib3.connectionpool - DEBUG - http://localhost:61496 "POST /session/9df5a0bb58e7e7bc925a6b9e087655bd/element HTTP/1.1" 404 0
2026-08-19 15:31:55 - selenium.webdriver.remote.remote_connection - DEBUG - Remote response: status=404 | data={"value":{"error":"no such element","message":"no such element: Unable to locate element: {\"method\":\"css selector\",\"selector\":\"h1.ticker\"}\n  (Session info: chrome=151.0.7922.138)","stacktrace":"\tchromedriver!GetHandleVerifier [0x7ff617bcabb5+151b5]\n\tchromedriver!GetHandleVerifier [0x7ff617bcac10+15210]\n\tchromedriver!(No symbol) [0x7ff6176f5d6d]\n\tchromedriver!(No symbol) [0x7ff617751289]\n\tchromedriver!(No symbol) [0x7ff61775158c]\n\tchromedriver!(No symbol) [0x7ff6177a2027]\n\tchromedriver!(No symbol) [0x7ff61779ec0b]\n\tchromedriver!(No symbol) [0x7ff6177437cc]\n\tchromedriver!(No symbol) [0x7ff6177446f3]\n\tchromedriver!GetHandleVerifier [0x7ff6181eb79b+635d9b]\n\tchromedriver!GetHandleVerifier [0x7ff6181e5ac6+6300c6]\n\tchromedriver!GetHandleVerifier [0x7ff61820bcee+6562ee]\n\tchromedriver!GetHandleVerifier [0x7ff617be8ffe+335fe]\n\tchromedriver!GetHandleVerifier [0x7ff617bf147c+3ba7c]\n\tchromedriver!GetHandleVerifier [0x7ff617bd4d64+1f364]\n\tchromedriver!GetHandleVerifier [0x7ff617bd4ef4+1f4f4]\n\tchromedriver!GetHandleVerifier [0x7ff617bb7d97+2397]\n\tKERNEL32!BaseThreadInitThunk [0x7ffeb4f453e0+10]\n\tntdll!RtlUserThreadStart [0x7ffeb6d4485b+2b]\n"}} | headers=HTTPHeaderDict({'Content-Length': '1193', 'Content-Type': 'application/json; charset=utf-8', 'cache-control': 'no-cache'})
2026-08-19 15:31:55 - selenium.webdriver.remote.remote_connection - DEBUG - Finished Request
2026-08-19 15:31:56 - selenium.webdriver.remote.remote_connection - DEBUG - POST http://localhost:61496/session/9df5a0bb58e7e7bc925a6b9e087655bd/element {'using': 'css selector', 'value': 'h1.ticker'}
2026-08-19 15:31:57 - urllib3.connectionpool - DEBUG - http://localhost:61496 "POST /session/9df5a0bb58e7e7bc925a6b9e087655bd/element HTTP/1.1" 404 0
2026-08-19 15:31:57 - selenium.webdriver.remote.remote_connection - DEBUG - Remote response: status=404 | data={"value":{"error":"no such element","message":"no such element: Unable to locate element: {\"method\":\"css selector\",\"selector\":\"h1.ticker\"}\n  (Session info: chrome=151.0.7922.138)","stacktrace":"\tchromedriver!GetHandleVerifier [0x7ff617bcabb5+151b5]\n\tchromedriver!GetHandleVerifier [0x7ff617bcac10+15210]\n\tchromedriver!(No symbol) [0x7ff6176f5d6d]\n\tchromedriver!(No symbol) [0x7ff617751289]\n\tchromedriver!(No symbol) [0x7ff61775158c]\n\tchromedriver!(No symbol) [0x7ff6177a2027]\n\tchromedriver!(No symbol) [0x7ff61779ec0b]\n\tchromedriver!(No symbol) [0x7ff6177437cc]\n\tchromedriver!(No symbol) [0x7ff6177446f3]\n\tchromedriver!GetHandleVerifier [0x7ff6181eb79b+635d9b]\n\tchromedriver!GetHandleVerifier [0x7ff6181e5ac6+6300c6]\n\tchromedriver!GetHandleVerifier [0x7ff61820bcee+6562ee]\n\tchromedriver!GetHandleVerifier [0x7ff617be8ffe+335fe]\n\tchromedriver!GetHandleVerifier [0x7ff617bf147c+3ba7c]\n\tchromedriver!GetHandleVerifier [0x7ff617bd4d64+1f364]\n\tchromedriver!GetHandleVerifier [0x7ff617bd4ef4+1f4f4]\n\tchromedriver!GetHandleVerifier [0x7ff617bb7d97+2397]\n\tKERNEL32!BaseThreadInitThunk [0x7ffeb4f453e0+10]\n\tntdll!RtlUserThreadStart [0x7ffeb6d4485b+2b]\n"}} | headers=HTTPHeaderDict({'Content-Length': '1193', 'Content-Type': 'application/json; charset=utf-8', 'cache-control': 'no-cache'})
2026-08-19 15:31:57 - selenium.webdriver.remote.remote_connection - DEBUG - Finished Request
2026-08-19 15:31:57 - selenium.webdriver.remote.remote_connection - DEBUG - POST http://localhost:61496/session/9df5a0bb58e7e7bc925a6b9e087655bd/element {'using': 'css selector', 'value': 'h1.ticker'}
2026-08-19 15:31:57 - urllib3.connectionpool - DEBUG - http://localhost:61496 "POST /session/9df5a0bb58e7e7bc925a6b9e087655bd/element HTTP/1.1" 404 0
2026-08-19 15:31:57 - selenium.webdriver.remote.remote_connection - DEBUG - Remote response: status=404 | data={"value":{"error":"no such element","message":"no such element: Unable to locate element: {\"method\":\"css selector\",\"selector\":\"h1.ticker\"}\n  (Session info: chrome=151.0.7922.138)","stacktrace":"\tchromedriver!GetHandleVerifier [0x7ff617bcabb5+151b5]\n\tchromedriver!GetHandleVerifier [0x7ff617bcac10+15210]\n\tchromedriver!(No symbol) [0x7ff6176f5d6d]\n\tchromedriver!(No symbol) [0x7ff617751289]\n\tchromedriver!(No symbol) [0x7ff61775158c]\n\tchromedriver!(No symbol) [0x7ff6177a2027]\n\tchromedriver!(No symbol) [0x7ff61779ec0b]\n\tchromedriver!(No symbol) [0x7ff6177437cc]\n\tchromedriver!(No symbol) [0x7ff6177446f3]\n\tchromedriver!GetHandleVerifier [0x7ff6181eb79b+635d9b]\n\tchromedriver!GetHandleVerifier [0x7ff6181e5ac6+6300c6]\n\tchromedriver!GetHandleVerifier [0x7ff61820bcee+6562ee]\n\tchromedriver!GetHandleVerifier [0x7ff617be8ffe+335fe]\n\tchromedriver!GetHandleVerifier [0x7ff617bf147c+3ba7c]\n\tchromedriver!GetHandleVerifier [0x7ff617bd4d64+1f364]\n\tchromedriver!GetHandleVerifier [0x7ff617bd4ef4+1f4f4]\n\tchromedriver!GetHandleVerifier [0x7ff617bb7d97+2397]\n\tKERNEL32!BaseThreadInitThunk [0x7ffeb4f453e0+10]\n\tntdll!RtlUserThreadStart [0x7ffeb6d4485b+2b]\n"}} | headers=HTTPHeaderDict({'Content-Length': '1193', 'Content-Type': 'application/json; charset=utf-8', 'cache-control': 'no-cache'})
2026-08-19 15:31:57 - selenium.webdriver.remote.remote_connection - DEBUG - Finished Request
2026-08-19 15:31:58 - selenium.webdriver.remote.remote_connection - DEBUG - POST http://localhost:61496/session/9df5a0bb58e7e7bc925a6b9e087655bd/element {'using': 'css selector', 'value': 'h1.ticker'}
2026-08-19 15:31:58 - urllib3.connectionpool - DEBUG - http://localhost:61496 "POST /session/9df5a0bb58e7e7bc925a6b9e087655bd/element HTTP/1.1" 404 0
2026-08-19 15:31:58 - selenium.webdriver.remote.remote_connection - DEBUG - Remote response: status=404 | data={"value":{"error":"no such element","message":"no such element: Unable to locate element: {\"method\":\"css selector\",\"selector\":\"h1.ticker\"}\n  (Session info: chrome=151.0.7922.138)","stacktrace":"\tchromedriver!GetHandleVerifier [0x7ff617bcabb5+151b5]\n\tchromedriver!GetHandleVerifier [0x7ff617bcac10+15210]\n\tchromedriver!(No symbol) [0x7ff6176f5d6d]\n\tchromedriver!(No symbol) [0x7ff617751289]\n\tchromedriver!(No symbol) [0x7ff61775158c]\n\tchromedriver!(No symbol) [0x7ff6177a2027]\n\tchromedriver!(No symbol) [0x7ff61779ec0b]\n\tchromedriver!(No symbol) [0x7ff6177437cc]\n\tchromedriver!(No symbol) [0x7ff6177446f3]\n\tchromedriver!GetHandleVerifier [0x7ff6181eb79b+635d9b]\n\tchromedriver!GetHandleVerifier [0x7ff6181e5ac6+6300c6]\n\tchromedriver!GetHandleVerifier [0x7ff61820bcee+6562ee]\n\tchromedriver!GetHandleVerifier [0x7ff617be8ffe+335fe]\n\tchromedriver!GetHandleVerifier [0x7ff617bf147c+3ba7c]\n\tchromedriver!GetHandleVerifier [0x7ff617bd4d64+1f364]\n\tchromedriver!GetHandleVerifier [0x7ff617bd4ef4+1f4f4]\n\tchromedriver!GetHandleVerifier [0x7ff617bb7d97+2397]\n\tKERNEL32!BaseThreadInitThunk [0x7ffeb4f453e0+10]\n\tntdll!RtlUserThreadStart [0x7ffeb6d4485b+2b]\n"}} | headers=HTTPHeaderDict({'Content-Length': '1193', 'Content-Type': 'application/json; charset=utf-8', 'cache-control': 'no-cache'})
2026-08-19 15:31:58 - selenium.webdriver.remote.remote_connection - DEBUG - Finished Request
2026-08-19 15:31:58 - selenium.webdriver.remote.remote_connection - DEBUG - POST http://localhost:61496/session/9df5a0bb58e7e7bc925a6b9e087655bd/element {'using': 'css selector', 'value': 'h1.ticker'}
2026-08-19 15:31:58 - urllib3.connectionpool - DEBUG - http://localhost:61496 "POST /session/9df5a0bb58e7e7bc925a6b9e087655bd/element HTTP/1.1" 404 0
2026-08-19 15:31:58 - selenium.webdriver.remote.remote_connection - DEBUG - Remote response: status=404 | data={"value":{"error":"no such element","message":"no such element: Unable to locate element: {\"method\":\"css selector\",\"selector\":\"h1.ticker\"}\n  (Session info: chrome=151.0.7922.138)","stacktrace":"\tchromedriver!GetHandleVerifier [0x7ff617bcabb5+151b5]\n\tchromedriver!GetHandleVerifier [0x7ff617bcac10+15210]\n\tchromedriver!(No symbol) [0x7ff6176f5d6d]\n\tchromedriver!(No symbol) [0x7ff617751289]\n\tchromedriver!(No symbol) [0x7ff61775158c]\n\tchromedriver!(No symbol) [0x7ff6177a2027]\n\tchromedriver!(No symbol) [0x7ff61779ec0b]\n\tchromedriver!(No symbol) [0x7ff6177437cc]\n\tchromedriver!(No symbol) [0x7ff6177446f3]\n\tchromedriver!GetHandleVerifier [0x7ff6181eb79b+635d9b]\n\tchromedriver!GetHandleVerifier [0x7ff6181e5ac6+6300c6]\n\tchromedriver!GetHandleVerifier [0x7ff61820bcee+6562ee]\n\tchromedriver!GetHandleVerifier [0x7ff617be8ffe+335fe]\n\tchromedriver!GetHandleVerifier [0x7ff617bf147c+3ba7c]\n\tchromedriver!GetHandleVerifier [0x7ff617bd4d64+1f364]\n\tchromedriver!GetHandleVerifier [0x7ff617bd4ef4+1f4f4]\n\tchromedriver!GetHandleVerifier [0x7ff617bb7d97+2397]\n\tKERNEL32!BaseThreadInitThunk [0x7ffeb4f453e0+10]\n\tntdll!RtlUserThreadStart [0x7ffeb6d4485b+2b]\n"}} | headers=HTTPHeaderDict({'Content-Length': '1193', 'Content-Type': 'application/json; charset=utf-8', 'cache-control': 'no-cache'})
2026-08-19 15:31:58 - selenium.webdriver.remote.remote_connection - DEBUG - Finished Request
2026-08-19 15:31:59 - selenium.webdriver.remote.remote_connection - DEBUG - POST http://localhost:61496/session/9df5a0bb58e7e7bc925a6b9e087655bd/element {'using': 'css selector', 'value': 'h1.ticker'}
2026-08-19 15:31:59 - urllib3.connectionpool - DEBUG - http://localhost:61496 "POST /session/9df5a0bb58e7e7bc925a6b9e087655bd/element HTTP/1.1" 404 0
2026-08-19 15:31:59 - selenium.webdriver.remote.remote_connection - DEBUG - Remote response: status=404 | data={"value":{"error":"no such element","message":"no such element: Unable to locate element: {\"method\":\"css selector\",\"selector\":\"h1.ticker\"}\n  (Session info: chrome=151.0.7922.138)","stacktrace":"\tchromedriver!GetHandleVerifier [0x7ff617bcabb5+151b5]\n\tchromedriver!GetHandleVerifier [0x7ff617bcac10+15210]\n\tchromedriver!(No symbol) [0x7ff6176f5d6d]\n\tchromedriver!(No symbol) [0x7ff617751289]\n\tchromedriver!(No symbol) [0x7ff61775158c]\n\tchromedriver!(No symbol) [0x7ff6177a2027]\n\tchromedriver!(No symbol) [0x7ff61779ec0b]\n\tchromedriver!(No symbol) [0x7ff6177437cc]\n\tchromedriver!(No symbol) [0x7ff6177446f3]\n\tchromedriver!GetHandleVerifier [0x7ff6181eb79b+635d9b]\n\tchromedriver!GetHandleVerifier [0x7ff6181e5ac6+6300c6]\n\tchromedriver!GetHandleVerifier [0x7ff61820bcee+6562ee]\n\tchromedriver!GetHandleVerifier [0x7ff617be8ffe+335fe]\n\tchromedriver!GetHandleVerifier [0x7ff617bf147c+3ba7c]\n\tchromedriver!GetHandleVerifier [0x7ff617bd4d64+1f364]\n\tchromedriver!GetHandleVerifier [0x7ff617bd4ef4+1f4f4]\n\tchromedriver!GetHandleVerifier [0x7ff617bb7d97+2397]\n\tKERNEL32!BaseThreadInitThunk [0x7ffeb4f453e0+10]\n\tntdll!RtlUserThreadStart [0x7ffeb6d4485b+2b]\n"}} | headers=HTTPHeaderDict({'Content-Length': '1193', 'Content-Type': 'application/json; charset=utf-8', 'cache-control': 'no-cache'})
2026-08-19 15:31:59 - selenium.webdriver.remote.remote_connection - DEBUG - Finished Request
2026-08-19 15:31:59 - selenium.webdriver.remote.remote_connection - DEBUG - POST http://localhost:61496/session/9df5a0bb58e7e7bc925a6b9e087655bd/element {'using': 'css selector', 'value': 'h1.ticker'}
2026-08-19 15:31:59 - urllib3.connectionpool - DEBUG - http://localhost:61496 "POST /session/9df5a0bb58e7e7bc925a6b9e087655bd/element HTTP/1.1" 404 0
2026-08-19 15:31:59 - selenium.webdriver.remote.remote_connection - DEBUG - Remote response: status=404 | data={"value":{"error":"no such element","message":"no such element: Unable to locate element: {\"method\":\"css selector\",\"selector\":\"h1.ticker\"}\n  (Session info: chrome=151.0.7922.138)","stacktrace":"\tchromedriver!GetHandleVerifier [0x7ff617bcabb5+151b5]\n\tchromedriver!GetHandleVerifier [0x7ff617bcac10+15210]\n\tchromedriver!(No symbol) [0x7ff6176f5d6d]\n\tchromedriver!(No symbol) [0x7ff617751289]\n\tchromedriver!(No symbol) [0x7ff61775158c]\n\tchromedriver!(No symbol) [0x7ff6177a2027]\n\tchromedriver!(No symbol) [0x7ff61779ec0b]\n\tchromedriver!(No symbol) [0x7ff6177437cc]\n\tchromedriver!(No symbol) [0x7ff6177446f3]\n\tchromedriver!GetHandleVerifier [0x7ff6181eb79b+635d9b]\n\tchromedriver!GetHandleVerifier [0x7ff6181e5ac6+6300c6]\n\tchromedriver!GetHandleVerifier [0x7ff61820bcee+6562ee]\n\tchromedriver!GetHandleVerifier [0x7ff617be8ffe+335fe]\n\tchromedriver!GetHandleVerifier [0x7ff617bf147c+3ba7c]\n\tchromedriver!GetHandleVerifier [0x7ff617bd4d64+1f364]\n\tchromedriver!GetHandleVerifier [0x7ff617bd4ef4+1f4f4]\n\tchromedriver!GetHandleVerifier [0x7ff617bb7d97+2397]\n\tKERNEL32!BaseThreadInitThunk [0x7ffeb4f453e0+10]\n\tntdll!RtlUserThreadStart [0x7ffeb6d4485b+2b]\n"}} | headers=HTTPHeaderDict({'Content-Length': '1193', 'Content-Type': 'application/json; charset=utf-8', 'cache-control': 'no-cache'})
2026-08-19 15:31:59 - selenium.webdriver.remote.remote_connection - DEBUG - Finished Request
2026-08-19 15:32:00 - selenium.webdriver.remote.remote_connection - DEBUG - POST http://localhost:61496/session/9df5a0bb58e7e7bc925a6b9e087655bd/element {'using': 'css selector', 'value': 'h1.ticker'}
2026-08-19 15:32:00 - urllib3.connectionpool - DEBUG - http://localhost:61496 "POST /session/9df5a0bb58e7e7bc925a6b9e087655bd/element HTTP/1.1" 404 0
2026-08-19 15:32:00 - selenium.webdriver.remote.remote_connection - DEBUG - Remote response: status=404 | data={"value":{"error":"no such element","message":"no such element: Unable to locate element: {\"method\":\"css selector\",\"selector\":\"h1.ticker\"}\n  (Session info: chrome=151.0.7922.138)","stacktrace":"\tchromedriver!GetHandleVerifier [0x7ff617bcabb5+151b5]\n\tchromedriver!GetHandleVerifier [0x7ff617bcac10+15210]\n\tchromedriver!(No symbol) [0x7ff6176f5d6d]\n\tchromedriver!(No symbol) [0x7ff617751289]\n\tchromedriver!(No symbol) [0x7ff61775158c]\n\tchromedriver!(No symbol) [0x7ff6177a2027]\n\tchromedriver!(No symbol) [0x7ff61779ec0b]\n\tchromedriver!(No symbol) [0x7ff6177437cc]\n\tchromedriver!(No symbol) [0x7ff6177446f3]\n\tchromedriver!GetHandleVerifier [0x7ff6181eb79b+635d9b]\n\tchromedriver!GetHandleVerifier [0x7ff6181e5ac6+6300c6]\n\tchromedriver!GetHandleVerifier [0x7ff61820bcee+6562ee]\n\tchromedriver!GetHandleVerifier [0x7ff617be8ffe+335fe]\n\tchromedriver!GetHandleVerifier [0x7ff617bf147c+3ba7c]\n\tchromedriver!GetHandleVerifier [0x7ff617bd4d64+1f364]\n\tchromedriver!GetHandleVerifier [0x7ff617bd4ef4+1f4f4]\n\tchromedriver!GetHandleVerifier [0x7ff617bb7d97+2397]\n\tKERNEL32!BaseThreadInitThunk [0x7ffeb4f453e0+10]\n\tntdll!RtlUserThreadStart [0x7ffeb6d4485b+2b]\n"}} | headers=HTTPHeaderDict({'Content-Length': '1193', 'Content-Type': 'application/json; charset=utf-8', 'cache-control': 'no-cache'})
2026-08-19 15:32:00 - selenium.webdriver.remote.remote_connection - DEBUG - Finished Request
2026-08-19 15:32:00 - selenium.webdriver.remote.remote_connection - DEBUG - POST http://localhost:61496/session/9df5a0bb58e7e7bc925a6b9e087655bd/element {'using': 'css selector', 'value': 'h1.ticker'}
2026-08-19 15:32:00 - urllib3.connectionpool - DEBUG - http://localhost:61496 "POST /session/9df5a0bb58e7e7bc925a6b9e087655bd/element HTTP/1.1" 404 0
2026-08-19 15:32:00 - selenium.webdriver.remote.remote_connection - DEBUG - Remote response: status=404 | data={"value":{"error":"no such element","message":"no such element: Unable to locate element: {\"method\":\"css selector\",\"selector\":\"h1.ticker\"}\n  (Session info: chrome=151.0.7922.138)","stacktrace":"\tchromedriver!GetHandleVerifier [0x7ff617bcabb5+151b5]\n\tchromedriver!GetHandleVerifier [0x7ff617bcac10+15210]\n\tchromedriver!(No symbol) [0x7ff6176f5d6d]\n\tchromedriver!(No symbol) [0x7ff617751289]\n\tchromedriver!(No symbol) [0x7ff61775158c]\n\tchromedriver!(No symbol) [0x7ff6177a2027]\n\tchromedriver!(No symbol) [0x7ff61779ec0b]\n\tchromedriver!(No symbol) [0x7ff6177437cc]\n\tchromedriver!(No symbol) [0x7ff6177446f3]\n\tchromedriver!GetHandleVerifier [0x7ff6181eb79b+635d9b]\n\tchromedriver!GetHandleVerifier [0x7ff6181e5ac6+6300c6]\n\tchromedriver!GetHandleVerifier [0x7ff61820bcee+6562ee]\n\tchromedriver!GetHandleVerifier [0x7ff617be8ffe+335fe]\n\tchromedriver!GetHandleVerifier [0x7ff617bf147c+3ba7c]\n\tchromedriver!GetHandleVerifier [0x7ff617bd4d64+1f364]\n\tchromedriver!GetHandleVerifier [0x7ff617bd4ef4+1f4f4]\n\tchromedriver!GetHandleVerifier [0x7ff617bb7d97+2397]\n\tKERNEL32!BaseThreadInitThunk [0x7ffeb4f453e0+10]\n\tntdll!RtlUserThreadStart [0x7ffeb6d4485b+2b]\n"}} | headers=HTTPHeaderDict({'Content-Length': '1193', 'Content-Type': 'application/json; charset=utf-8', 'cache-control': 'no-cache'})
2026-08-19 15:32:00 - selenium.webdriver.remote.remote_connection - DEBUG - Finished Request
2026-08-19 15:32:01 - selenium.webdriver.remote.remote_connection - DEBUG - POST http://localhost:61496/session/9df5a0bb58e7e7bc925a6b9e087655bd/element {'using': 'css selector', 'value': 'h1.ticker'}
2026-08-19 15:32:01 - urllib3.connectionpool - DEBUG - http://localhost:61496 "POST /session/9df5a0bb58e7e7bc925a6b9e087655bd/element HTTP/1.1" 404 0
2026-08-19 15:32:01 - selenium.webdriver.remote.remote_connection - DEBUG - Remote response: status=404 | data={"value":{"error":"no such element","message":"no such element: Unable to locate element: {\"method\":\"css selector\",\"selector\":\"h1.ticker\"}\n  (Session info: chrome=151.0.7922.138)","stacktrace":"\tchromedriver!GetHandleVerifier [0x7ff617bcabb5+151b5]\n\tchromedriver!GetHandleVerifier [0x7ff617bcac10+15210]\n\tchromedriver!(No symbol) [0x7ff6176f5d6d]\n\tchromedriver!(No symbol) [0x7ff617751289]\n\tchromedriver!(No symbol) [0x7ff61775158c]\n\tchromedriver!(No symbol) [0x7ff6177a2027]\n\tchromedriver!(No symbol) [0x7ff61779ec0b]\n\tchromedriver!(No symbol) [0x7ff6177437cc]\n\tchromedriver!(No symbol) [0x7ff6177446f3]\n\tchromedriver!GetHandleVerifier [0x7ff6181eb79b+635d9b]\n\tchromedriver!GetHandleVerifier [0x7ff6181e5ac6+6300c6]\n\tchromedriver!GetHandleVerifier [0x7ff61820bcee+6562ee]\n\tchromedriver!GetHandleVerifier [0x7ff617be8ffe+335fe]\n\tchromedriver!GetHandleVerifier [0x7ff617bf147c+3ba7c]\n\tchromedriver!GetHandleVerifier [0x7ff617bd4d64+1f364]\n\tchromedriver!GetHandleVerifier [0x7ff617bd4ef4+1f4f4]\n\tchromedriver!GetHandleVerifier [0x7ff617bb7d97+2397]\n\tKERNEL32!BaseThreadInitThunk [0x7ffeb4f453e0+10]\n\tntdll!RtlUserThreadStart [0x7ffeb6d4485b+2b]\n"}} | headers=HTTPHeaderDict({'Content-Length': '1193', 'Content-Type': 'application/json; charset=utf-8', 'cache-control': 'no-cache'})
2026-08-19 15:32:01 - selenium.webdriver.remote.remote_connection - DEBUG - Finished Request
2026-08-19 15:32:01 - selenium.webdriver.remote.remote_connection - DEBUG - POST http://localhost:61496/session/9df5a0bb58e7e7bc925a6b9e087655bd/element {'using': 'css selector', 'value': 'h1.ticker'}
2026-08-19 15:32:01 - urllib3.connectionpool - DEBUG - http://localhost:61496 "POST /session/9df5a0bb58e7e7bc925a6b9e087655bd/element HTTP/1.1" 404 0
2026-08-19 15:32:01 - selenium.webdriver.remote.remote_connection - DEBUG - Remote response: status=404 | data={"value":{"error":"no such element","message":"no such element: Unable to locate element: {\"method\":\"css selector\",\"selector\":\"h1.ticker\"}\n  (Session info: chrome=151.0.7922.138)","stacktrace":"\tchromedriver!GetHandleVerifier [0x7ff617bcabb5+151b5]\n\tchromedriver!GetHandleVerifier [0x7ff617bcac10+15210]\n\tchromedriver!(No symbol) [0x7ff6176f5d6d]\n\tchromedriver!(No symbol) [0x7ff617751289]\n\tchromedriver!(No symbol) [0x7ff61775158c]\n\tchromedriver!(No symbol) [0x7ff6177a2027]\n\tchromedriver!(No symbol) [0x7ff61779ec0b]\n\tchromedriver!(No symbol) [0x7ff6177437cc]\n\tchromedriver!(No symbol) [0x7ff6177446f3]\n\tchromedriver!GetHandleVerifier [0x7ff6181eb79b+635d9b]\n\tchromedriver!GetHandleVerifier [0x7ff6181e5ac6+6300c6]\n\tchromedriver!GetHandleVerifier [0x7ff61820bcee+6562ee]\n\tchromedriver!GetHandleVerifier [0x7ff617be8ffe+335fe]\n\tchromedriver!GetHandleVerifier [0x7ff617bf147c+3ba7c]\n\tchromedriver!GetHandleVerifier [0x7ff617bd4d64+1f364]\n\tchromedriver!GetHandleVerifier [0x7ff617bd4ef4+1f4f4]\n\tchromedriver!GetHandleVerifier [0x7ff617bb7d97+2397]\n\tKERNEL32!BaseThreadInitThunk [0x7ffeb4f453e0+10]\n\tntdll!RtlUserThreadStart [0x7ffeb6d4485b+2b]\n"}} | headers=HTTPHeaderDict({'Content-Length': '1193', 'Content-Type': 'application/json; charset=utf-8', 'cache-control': 'no-cache'})
2026-08-19 15:32:01 - selenium.webdriver.remote.remote_connection - DEBUG - Finished Request
2026-08-19 15:32:02 - selenium.webdriver.remote.remote_connection - DEBUG - POST http://localhost:61496/session/9df5a0bb58e7e7bc925a6b9e087655bd/element {'using': 'css selector', 'value': 'h1.ticker'}
2026-08-19 15:32:02 - urllib3.connectionpool - DEBUG - http://localhost:61496 "POST /session/9df5a0bb58e7e7bc925a6b9e087655bd/element HTTP/1.1" 404 0
2026-08-19 15:32:02 - selenium.webdriver.remote.remote_connection - DEBUG - Remote response: status=404 | data={"value":{"error":"no such element","message":"no such element: Unable to locate element: {\"method\":\"css selector\",\"selector\":\"h1.ticker\"}\n  (Session info: chrome=151.0.7922.138)","stacktrace":"\tchromedriver!GetHandleVerifier [0x7ff617bcabb5+151b5]\n\tchromedriver!GetHandleVerifier [0x7ff617bcac10+15210]\n\tchromedriver!(No symbol) [0x7ff6176f5d6d]\n\tchromedriver!(No symbol) [0x7ff617751289]\n\tchromedriver!(No symbol) [0x7ff61775158c]\n\tchromedriver!(No symbol) [0x7ff6177a2027]\n\tchromedriver!(No symbol) [0x7ff61779ec0b]\n\tchromedriver!(No symbol) [0x7ff6177437cc]\n\tchromedriver!(No symbol) [0x7ff6177446f3]\n\tchromedriver!GetHandleVerifier [0x7ff6181eb79b+635d9b]\n\tchromedriver!GetHandleVerifier [0x7ff6181e5ac6+6300c6]\n\tchromedriver!GetHandleVerifier [0x7ff61820bcee+6562ee]\n\tchromedriver!GetHandleVerifier [0x7ff617be8ffe+335fe]\n\tchromedriver!GetHandleVerifier [0x7ff617bf147c+3ba7c]\n\tchromedriver!GetHandleVerifier [0x7ff617bd4d64+1f364]\n\tchromedriver!GetHandleVerifier [0x7ff617bd4ef4+1f4f4]\n\tchromedriver!GetHandleVerifier [0x7ff617bb7d97+2397]\n\tKERNEL32!BaseThreadInitThunk [0x7ffeb4f453e0+10]\n\tntdll!RtlUserThreadStart [0x7ffeb6d4485b+2b]\n"}} | headers=HTTPHeaderDict({'Content-Length': '1193', 'Content-Type': 'application/json; charset=utf-8', 'cache-control': 'no-cache'})
2026-08-19 15:32:02 - selenium.webdriver.remote.remote_connection - DEBUG - Finished Request
2026-08-19 15:32:02 - selenium.webdriver.remote.remote_connection - DEBUG - POST http://localhost:61496/session/9df5a0bb58e7e7bc925a6b9e087655bd/element {'using': 'css selector', 'value': 'h1.ticker'}
2026-08-19 15:32:02 - urllib3.connectionpool - DEBUG - http://localhost:61496 "POST /session/9df5a0bb58e7e7bc925a6b9e087655bd/element HTTP/1.1" 404 0
2026-08-19 15:32:02 - selenium.webdriver.remote.remote_connection - DEBUG - Remote response: status=404 | data={"value":{"error":"no such element","message":"no such element: Unable to locate element: {\"method\":\"css selector\",\"selector\":\"h1.ticker\"}\n  (Session info: chrome=151.0.7922.138)","stacktrace":"\tchromedriver!GetHandleVerifier [0x7ff617bcabb5+151b5]\n\tchromedriver!GetHandleVerifier [0x7ff617bcac10+15210]\n\tchromedriver!(No symbol) [0x7ff6176f5d6d]\n\tchromedriver!(No symbol) [0x7ff617751289]\n\tchromedriver!(No symbol) [0x7ff61775158c]\n\tchromedriver!(No symbol) [0x7ff6177a2027]\n\tchromedriver!(No symbol) [0x7ff61779ec0b]\n\tchromedriver!(No symbol) [0x7ff6177437cc]\n\tchromedriver!(No symbol) [0x7ff6177446f3]\n\tchromedriver!GetHandleVerifier [0x7ff6181eb79b+635d9b]\n\tchromedriver!GetHandleVerifier [0x7ff6181e5ac6+6300c6]\n\tchromedriver!GetHandleVerifier [0x7ff61820bcee+6562ee]\n\tchromedriver!GetHandleVerifier [0x7ff617be8ffe+335fe]\n\tchromedriver!GetHandleVerifier [0x7ff617bf147c+3ba7c]\n\tchromedriver!GetHandleVerifier [0x7ff617bd4d64+1f364]\n\tchromedriver!GetHandleVerifier [0x7ff617bd4ef4+1f4f4]\n\tchromedriver!GetHandleVerifier [0x7ff617bb7d97+2397]\n\tKERNEL32!BaseThreadInitThunk [0x7ffeb4f453e0+10]\n\tntdll!RtlUserThreadStart [0x7ffeb6d4485b+2b]\n"}} | headers=HTTPHeaderDict({'Content-Length': '1193', 'Content-Type': 'application/json; charset=utf-8', 'cache-control': 'no-cache'})
2026-08-19 15:32:02 - selenium.webdriver.remote.remote_connection - DEBUG - Finished Request
2026-08-19 15:32:03 - selenium.webdriver.remote.remote_connection - DEBUG - POST http://localhost:61496/session/9df5a0bb58e7e7bc925a6b9e087655bd/element {'using': 'css selector', 'value': 'h1.ticker'}
2026-08-19 15:32:03 - urllib3.connectionpool - DEBUG - http://localhost:61496 "POST /session/9df5a0bb58e7e7bc925a6b9e087655bd/element HTTP/1.1" 404 0
2026-08-19 15:32:03 - selenium.webdriver.remote.remote_connection - DEBUG - Remote response: status=404 | data={"value":{"error":"no such element","message":"no such element: Unable to locate element: {\"method\":\"css selector\",\"selector\":\"h1.ticker\"}\n  (Session info: chrome=151.0.7922.138)","stacktrace":"\tchromedriver!GetHandleVerifier [0x7ff617bcabb5+151b5]\n\tchromedriver!GetHandleVerifier [0x7ff617bcac10+15210]\n\tchromedriver!(No symbol) [0x7ff6176f5d6d]\n\tchromedriver!(No symbol) [0x7ff617751289]\n\tchromedriver!(No symbol) [0x7ff61775158c]\n\tchromedriver!(No symbol) [0x7ff6177a2027]\n\tchromedriver!(No symbol) [0x7ff61779ec0b]\n\tchromedriver!(No symbol) [0x7ff6177437cc]\n\tchromedriver!(No symbol) [0x7ff6177446f3]\n\tchromedriver!GetHandleVerifier [0x7ff6181eb79b+635d9b]\n\tchromedriver!GetHandleVerifier [0x7ff6181e5ac6+6300c6]\n\tchromedriver!GetHandleVerifier [0x7ff61820bcee+6562ee]\n\tchromedriver!GetHandleVerifier [0x7ff617be8ffe+335fe]\n\tchromedriver!GetHandleVerifier [0x7ff617bf147c+3ba7c]\n\tchromedriver!GetHandleVerifier [0x7ff617bd4d64+1f364]\n\tchromedriver!GetHandleVerifier [0x7ff617bd4ef4+1f4f4]\n\tchromedriver!GetHandleVerifier [0x7ff617bb7d97+2397]\n\tKERNEL32!BaseThreadInitThunk [0x7ffeb4f453e0+10]\n\tntdll!RtlUserThreadStart [0x7ffeb6d4485b+2b]\n"}} | headers=HTTPHeaderDict({'Content-Length': '1193', 'Content-Type': 'application/json; charset=utf-8', 'cache-control': 'no-cache'})
2026-08-19 15:32:03 - selenium.webdriver.remote.remote_connection - DEBUG - Finished Request
2026-08-19 15:32:03 - selenium.webdriver.remote.remote_connection - DEBUG - POST http://localhost:61496/session/9df5a0bb58e7e7bc925a6b9e087655bd/element {'using': 'css selector', 'value': 'h1.ticker'}
2026-08-19 15:32:03 - urllib3.connectionpool - DEBUG - http://localhost:61496 "POST /session/9df5a0bb58e7e7bc925a6b9e087655bd/element HTTP/1.1" 404 0
2026-08-19 15:32:03 - selenium.webdriver.remote.remote_connection - DEBUG - Remote response: status=404 | data={"value":{"error":"no such element","message":"no such element: Unable to locate element: {\"method\":\"css selector\",\"selector\":\"h1.ticker\"}\n  (Session info: chrome=151.0.7922.138)","stacktrace":"\tchromedriver!GetHandleVerifier [0x7ff617bcabb5+151b5]\n\tchromedriver!GetHandleVerifier [0x7ff617bcac10+15210]\n\tchromedriver!(No symbol) [0x7ff6176f5d6d]\n\tchromedriver!(No symbol) [0x7ff617751289]\n\tchromedriver!(No symbol) [0x7ff61775158c]\n\tchromedriver!(No symbol) [0x7ff6177a2027]\n\tchromedriver!(No symbol) [0x7ff61779ec0b]\n\tchromedriver!(No symbol) [0x7ff6177437cc]\n\tchromedriver!(No symbol) [0x7ff6177446f3]\n\tchromedriver!GetHandleVerifier [0x7ff6181eb79b+635d9b]\n\tchromedriver!GetHandleVerifier [0x7ff6181e5ac6+6300c6]\n\tchromedriver!GetHandleVerifier [0x7ff61820bcee+6562ee]\n\tchromedriver!GetHandleVerifier [0x7ff617be8ffe+335fe]\n\tchromedriver!GetHandleVerifier [0x7ff617bf147c+3ba7c]\n\tchromedriver!GetHandleVerifier [0x7ff617bd4d64+1f364]\n\tchromedriver!GetHandleVerifier [0x7ff617bd4ef4+1f4f4]\n\tchromedriver!GetHandleVerifier [0x7ff617bb7d97+2397]\n\tKERNEL32!BaseThreadInitThunk [0x7ffeb4f453e0+10]\n\tntdll!RtlUserThreadStart [0x7ffeb6d4485b+2b]\n"}} | headers=HTTPHeaderDict({'Content-Length': '1193', 'Content-Type': 'application/json; charset=utf-8', 'cache-control': 'no-cache'})
2026-08-19 15:32:03 - selenium.webdriver.remote.remote_connection - DEBUG - Finished Request
2026-08-19 15:32:04 - selenium.webdriver.remote.remote_connection - DEBUG - POST http://localhost:61496/session/9df5a0bb58e7e7bc925a6b9e087655bd/element {'using': 'css selector', 'value': 'h1.ticker'}
2026-08-19 15:32:04 - urllib3.connectionpool - DEBUG - http://localhost:61496 "POST /session/9df5a0bb58e7e7bc925a6b9e087655bd/element HTTP/1.1" 404 0
2026-08-19 15:32:04 - selenium.webdriver.remote.remote_connection - DEBUG - Remote response: status=404 | data={"value":{"error":"no such element","message":"no such element: Unable to locate element: {\"method\":\"css selector\",\"selector\":\"h1.ticker\"}\n  (Session info: chrome=151.0.7922.138)","stacktrace":"\tchromedriver!GetHandleVerifier [0x7ff617bcabb5+151b5]\n\tchromedriver!GetHandleVerifier [0x7ff617bcac10+15210]\n\tchromedriver!(No symbol) [0x7ff6176f5d6d]\n\tchromedriver!(No symbol) [0x7ff617751289]\n\tchromedriver!(No symbol) [0x7ff61775158c]\n\tchromedriver!(No symbol) [0x7ff6177a2027]\n\tchromedriver!(No symbol) [0x7ff61779ec0b]\n\tchromedriver!(No symbol) [0x7ff6177437cc]\n\tchromedriver!(No symbol) [0x7ff6177446f3]\n\tchromedriver!GetHandleVerifier [0x7ff6181eb79b+635d9b]\n\tchromedriver!GetHandleVerifier [0x7ff6181e5ac6+6300c6]\n\tchromedriver!GetHandleVerifier [0x7ff61820bcee+6562ee]\n\tchromedriver!GetHandleVerifier [0x7ff617be8ffe+335fe]\n\tchromedriver!GetHandleVerifier [0x7ff617bf147c+3ba7c]\n\tchromedriver!GetHandleVerifier [0x7ff617bd4d64+1f364]\n\tchromedriver!GetHandleVerifier [0x7ff617bd4ef4+1f4f4]\n\tchromedriver!GetHandleVerifier [0x7ff617bb7d97+2397]\n\tKERNEL32!BaseThreadInitThunk [0x7ffeb4f453e0+10]\n\tntdll!RtlUserThreadStart [0x7ffeb6d4485b+2b]\n"}} | headers=HTTPHeaderDict({'Content-Length': '1193', 'Content-Type': 'application/json; charset=utf-8', 'cache-control': 'no-cache'})
2026-08-19 15:32:04 - selenium.webdriver.remote.remote_connection - DEBUG - Finished Request
2026-08-19 15:32:04 - selenium.webdriver.remote.remote_connection - DEBUG - POST http://localhost:61496/session/9df5a0bb58e7e7bc925a6b9e087655bd/element {'using': 'css selector', 'value': 'h1.ticker'}
2026-08-19 15:32:04 - urllib3.connectionpool - DEBUG - http://localhost:61496 "POST /session/9df5a0bb58e7e7bc925a6b9e087655bd/element HTTP/1.1" 404 0
2026-08-19 15:32:04 - selenium.webdriver.remote.remote_connection - DEBUG - Remote response: status=404 | data={"value":{"error":"no such element","message":"no such element: Unable to locate element: {\"method\":\"css selector\",\"selector\":\"h1.ticker\"}\n  (Session info: chrome=151.0.7922.138)","stacktrace":"\tchromedriver!GetHandleVerifier [0x7ff617bcabb5+151b5]\n\tchromedriver!GetHandleVerifier [0x7ff617bcac10+15210]\n\tchromedriver!(No symbol) [0x7ff6176f5d6d]\n\tchromedriver!(No symbol) [0x7ff617751289]\n\tchromedriver!(No symbol) [0x7ff61775158c]\n\tchromedriver!(No symbol) [0x7ff6177a2027]\n\tchromedriver!(No symbol) [0x7ff61779ec0b]\n\tchromedriver!(No symbol) [0x7ff6177437cc]\n\tchromedriver!(No symbol) [0x7ff6177446f3]\n\tchromedriver!GetHandleVerifier [0x7ff6181eb79b+635d9b]\n\tchromedriver!GetHandleVerifier [0x7ff6181e5ac6+6300c6]\n\tchromedriver!GetHandleVerifier [0x7ff61820bcee+6562ee]\n\tchromedriver!GetHandleVerifier [0x7ff617be8ffe+335fe]\n\tchromedriver!GetHandleVerifier [0x7ff617bf147c+3ba7c]\n\tchromedriver!GetHandleVerifier [0x7ff617bd4d64+1f364]\n\tchromedriver!GetHandleVerifier [0x7ff617bd4ef4+1f4f4]\n\tchromedriver!GetHandleVerifier [0x7ff617bb7d97+2397]\n\tKERNEL32!BaseThreadInitThunk [0x7ffeb4f453e0+10]\n\tntdll!RtlUserThreadStart [0x7ffeb6d4485b+2b]\n"}} | headers=HTTPHeaderDict({'Content-Length': '1193', 'Content-Type': 'application/json; charset=utf-8', 'cache-control': 'no-cache'})
2026-08-19 15:32:04 - selenium.webdriver.remote.remote_connection - DEBUG - Finished Request
2026-08-19 15:32:04 - scraper - ERROR - Timed out waiting for page to load: https://investor.vanguard.com/etf/profile/overview/vclt
2026-08-19 15:32:04 - scraper - ERROR - All 3 attempts failed for VCLT
2026-08-19 15:32:04 - scraper - ERROR - Required product VCLT failed — aborting
2026-08-19 15:32:04 - selenium.webdriver.remote.remote_connection - DEBUG - DELETE http://localhost:61496/session/9df5a0bb58e7e7bc925a6b9e087655bd {}
2026-08-19 15:32:05 - urllib3.connectionpool - DEBUG - http://localhost:61496 "DELETE /session/9df5a0bb58e7e7bc925a6b9e087655bd HTTP/1.1" 200 0
2026-08-19 15:32:05 - selenium.webdriver.remote.remote_connection - DEBUG - Remote response: status=200 | data={"value":null} | headers=HTTPHeaderDict({'Content-Length': '14', 'Content-Type': 'application/json; charset=utf-8', 'cache-control': 'no-cache'})
2026-08-19 15:32:05 - selenium.webdriver.remote.remote_connection - DEBUG - Finished Request
2026-08-19 15:32:08 - scraper - INFO - Browser closed
2026-08-19 15:32:08 - __main__ - ERROR - Failed to scrape ETF data
