2026-08-24 16:23:14 - root - INFO - ======================================================================
2026-08-24 16:23:14 - root - INFO - Logging initialized
2026-08-24 16:23:14 - root - INFO - Log file: ./logs\20260824_162314\vanguarddd_20260824_162314.log
2026-08-24 16:23:14 - root - INFO - Log level: DEBUG
2026-08-24 16:23:14 - root - INFO - ======================================================================
2026-08-24 16:23:14 - selenium.webdriver.common.selenium_manager - DEBUG - Selenium Manager binary found at: C:\Users\Mark Castro\AppData\Local\Programs\Python\Python311\Lib\site-packages\selenium\webdriver\common\windows\selenium-manager.exe
2026-08-24 16:23:14 - selenium.webdriver.common.selenium_manager - DEBUG - Executing process: C:\Users\Mark Castro\AppData\Local\Programs\Python\Python311\Lib\site-packages\selenium\webdriver\common\windows\selenium-manager.exe --browser chrome --debug --language-binding python --output json
2026-08-24 16:23:15 - selenium.webdriver.common.selenium_manager - DEBUG - chromedriver not found in PATH
2026-08-24 16:23:15 - selenium.webdriver.common.selenium_manager - DEBUG - chrome detected at C:\Program Files\Google\Chrome\Application\chrome.exe
2026-08-24 16:23:15 - selenium.webdriver.common.selenium_manager - DEBUG - Running command: wmic datafile where name='C:\\Program Files\\Google\\Chrome\\Application\\chrome.exe' get Version /value
2026-08-24 16:23:15 - selenium.webdriver.common.selenium_manager - DEBUG - Output: "\r\r\n\r\r\nVersion=151.0.7922.173\r\r\n\r\r\n\r\r\n\r"
2026-08-24 16:23:15 - selenium.webdriver.common.selenium_manager - DEBUG - Detected browser: chrome 151.0.7922.173
2026-08-24 16:23:15 - selenium.webdriver.common.selenium_manager - DEBUG - Required driver: chromedriver 151.0.7922.138
2026-08-24 16:23:15 - selenium.webdriver.common.selenium_manager - DEBUG - chromedriver 151.0.7922.138 already in the cache
2026-08-24 16:23:15 - selenium.webdriver.common.selenium_manager - DEBUG - Driver path: C:\Users\Mark Castro\.cache\selenium\chromedriver\win64\151.0.7922.138\chromedriver.exe
2026-08-24 16:23:15 - selenium.webdriver.common.selenium_manager - DEBUG - Browser path: C:\Program Files\Google\Chrome\Application\chrome.exe
2026-08-24 16:23:15 - selenium.webdriver.common.service - DEBUG - Started executable: `C:\Users\Mark Castro\.cache\selenium\chromedriver\win64\151.0.7922.138\chromedriver.exe` in a child process with pid: 11428 using 0 to output -3
2026-08-24 16:23:16 - selenium.webdriver.remote.remote_connection - DEBUG - POST http://localhost:59571/session {'capabilities': {'firstMatch': [{}], 'alwaysMatch': {'browserName': 'chrome', 'pageLoadStrategy': <PageLoadStrategy.normal: 'normal'>, 'browserVersion': None, 'goog:chromeOptions': {'excludeSwitches': ['enable-automation'], 'useAutomationExtension': False, 'extensions': [], 'binary': 'C:\\Program Files\\Google\\Chrome\\Application\\chrome.exe', 'args': ['--headless=new', '--window-size=1920,1080', '--no-sandbox', '--disable-dev-shm-usage', '--disable-blink-features=AutomationControlled', '--user-agent=Mozilla/5.0 (Windows NT 10.0; Win64; x64) AppleWebKit/537.36 (KHTML, like Gecko) Chrome/126.0.0.0 Safari/537.36']}}}}
2026-08-24 16:23:16 - urllib3.connectionpool - DEBUG - Starting new HTTP connection (1): localhost:59571
2026-08-24 16:23:17 - urllib3.connectionpool - DEBUG - http://localhost:59571 "POST /session HTTP/1.1" 200 0
2026-08-24 16:23:17 - selenium.webdriver.remote.remote_connection - DEBUG - Remote response: status=200 | data={"value":{"capabilities":{"acceptInsecureCerts":false,"browserName":"chrome","browserVersion":"151.0.7922.173","chrome":{"chromedriverVersion":"151.0.7922.138 (41fa82442390a4d4456c78f2d69a832d5720cb27-refs/branch-heads/7922@{#2891})","userDataDir":"C:\\Users\\MARKCA~1\\AppData\\Local\\Temp\\scoped_dir11428_1506108377"},"fedcm:accounts":true,"goog:chromeOptions":{"debuggerAddress":"localhost:59575"},"goog:processID":15828,"networkConnectionEnabled":false,"pageLoadStrategy":"normal","platformName":"windows","proxy":{},"setWindowRect":true,"strictFileInteractability":false,"timeouts":{"implicit":0,"pageLoad":300000,"script":30000},"unhandledPromptBehavior":"dismiss and notify","webauthn:extension:credBlob":true,"webauthn:extension:largeBlob":true,"webauthn:extension:minPinLength":true,"webauthn:extension:prf":true,"webauthn:virtualAuthenticators":true},"sessionId":"c2c0bb35dc47ae4af76ddacfb45bc519"}} | headers=HTTPHeaderDict({'Content-Length': '910', 'Content-Type': 'application/json; charset=utf-8', 'cache-control': 'no-cache'})
2026-08-24 16:23:17 - selenium.webdriver.remote.remote_connection - DEBUG - Finished Request
2026-08-24 16:23:17 - selenium.webdriver.remote.remote_connection - DEBUG - POST http://localhost:59571/session/c2c0bb35dc47ae4af76ddacfb45bc519/goog/cdp/execute {'cmd': 'Page.addScriptToEvaluateOnNewDocument', 'params': {'source': 'Object.defineProperty(navigator,"webdriver",{get:()=>undefined});window.chrome={runtime:{}};'}}
2026-08-24 16:23:17 - urllib3.connectionpool - DEBUG - http://localhost:59571 "POST /session/c2c0bb35dc47ae4af76ddacfb45bc519/goog/cdp/execute HTTP/1.1" 200 0
2026-08-24 16:23:17 - selenium.webdriver.remote.remote_connection - DEBUG - Remote response: status=200 | data={"value":{"identifier":"2"}} | headers=HTTPHeaderDict({'Content-Length': '28', 'Content-Type': 'application/json; charset=utf-8', 'cache-control': 'no-cache'})
2026-08-24 16:23:17 - selenium.webdriver.remote.remote_connection - DEBUG - Finished Request
2026-08-24 16:23:17 - selenium.webdriver.remote.remote_connection - DEBUG - POST http://localhost:59571/session/c2c0bb35dc47ae4af76ddacfb45bc519/timeouts {'pageLoad': 60000}
2026-08-24 16:23:17 - urllib3.connectionpool - DEBUG - http://localhost:59571 "POST /session/c2c0bb35dc47ae4af76ddacfb45bc519/timeouts HTTP/1.1" 200 0
2026-08-24 16:23:17 - selenium.webdriver.remote.remote_connection - DEBUG - Remote response: status=200 | data={"value":null} | headers=HTTPHeaderDict({'Content-Length': '14', 'Content-Type': 'application/json; charset=utf-8', 'cache-control': 'no-cache'})
2026-08-24 16:23:17 - selenium.webdriver.remote.remote_connection - DEBUG - Finished Request
2026-08-24 16:23:17 - __main__ - INFO - Chrome driver initialized (stealth, headless=new)
2026-08-24 16:23:17 - __main__ - INFO - 
======================================================================
Scraping VCIT: https://investor.vanguard.com/etf/profile/overview/vcit
======================================================================
2026-08-24 16:23:17 - __main__ - INFO - Navigating to https://investor.vanguard.com/etf/profile/overview/vcit
2026-08-24 16:23:17 - selenium.webdriver.remote.remote_connection - DEBUG - POST http://localhost:59571/session/c2c0bb35dc47ae4af76ddacfb45bc519/url {'url': 'https://investor.vanguard.com/etf/profile/overview/vcit'}
2026-08-24 16:23:22 - urllib3.connectionpool - DEBUG - http://localhost:59571 "POST /session/c2c0bb35dc47ae4af76ddacfb45bc519/url HTTP/1.1" 200 0
2026-08-24 16:23:22 - selenium.webdriver.remote.remote_connection - DEBUG - Remote response: status=200 | data={"value":null} | headers=HTTPHeaderDict({'Content-Length': '14', 'Content-Type': 'application/json; charset=utf-8', 'cache-control': 'no-cache'})
2026-08-24 16:23:22 - selenium.webdriver.remote.remote_connection - DEBUG - Finished Request
2026-08-24 16:23:22 - selenium.webdriver.remote.remote_connection - DEBUG - POST http://localhost:59571/session/c2c0bb35dc47ae4af76ddacfb45bc519/execute/sync {'script': "\n                var candidates = [\n                    document.querySelector('#onetrust-accept-btn...", 'args': []}
2026-08-24 16:23:22 - urllib3.connectionpool - DEBUG - http://localhost:59571 "POST /session/c2c0bb35dc47ae4af76ddacfb45bc519/execute/sync HTTP/1.1" 200 0
2026-08-24 16:23:22 - selenium.webdriver.remote.remote_connection - DEBUG - Remote response: status=200 | data={"value":null} | headers=HTTPHeaderDict({'Content-Length': '14', 'Content-Type': 'application/json; charset=utf-8', 'cache-control': 'no-cache'})
2026-08-24 16:23:22 - selenium.webdriver.remote.remote_connection - DEBUG - Finished Request
2026-08-24 16:23:22 - selenium.webdriver.remote.remote_connection - DEBUG - POST http://localhost:59571/session/c2c0bb35dc47ae4af76ddacfb45bc519/execute/sync {'script': "return document.querySelectorAll('[data-rpa-tag-id]').length > 0", 'args': []}
2026-08-24 16:23:22 - urllib3.connectionpool - DEBUG - http://localhost:59571 "POST /session/c2c0bb35dc47ae4af76ddacfb45bc519/execute/sync HTTP/1.1" 200 0
2026-08-24 16:23:22 - selenium.webdriver.remote.remote_connection - DEBUG - Remote response: status=200 | data={"value":false} | headers=HTTPHeaderDict({'Content-Length': '15', 'Content-Type': 'application/json; charset=utf-8', 'cache-control': 'no-cache'})
2026-08-24 16:23:22 - selenium.webdriver.remote.remote_connection - DEBUG - Finished Request
2026-08-24 16:23:23 - selenium.webdriver.remote.remote_connection - DEBUG - POST http://localhost:59571/session/c2c0bb35dc47ae4af76ddacfb45bc519/execute/sync {'script': "return document.querySelectorAll('[data-rpa-tag-id]').length > 0", 'args': []}
2026-08-24 16:23:23 - urllib3.connectionpool - DEBUG - http://localhost:59571 "POST /session/c2c0bb35dc47ae4af76ddacfb45bc519/execute/sync HTTP/1.1" 200 0
2026-08-24 16:23:23 - selenium.webdriver.remote.remote_connection - DEBUG - Remote response: status=200 | data={"value":false} | headers=HTTPHeaderDict({'Content-Length': '15', 'Content-Type': 'application/json; charset=utf-8', 'cache-control': 'no-cache'})
2026-08-24 16:23:23 - selenium.webdriver.remote.remote_connection - DEBUG - Finished Request
2026-08-24 16:23:23 - selenium.webdriver.remote.remote_connection - DEBUG - POST http://localhost:59571/session/c2c0bb35dc47ae4af76ddacfb45bc519/execute/sync {'script': "return document.querySelectorAll('[data-rpa-tag-id]').length > 0", 'args': []}
2026-08-24 16:23:23 - urllib3.connectionpool - DEBUG - http://localhost:59571 "POST /session/c2c0bb35dc47ae4af76ddacfb45bc519/execute/sync HTTP/1.1" 200 0
2026-08-24 16:23:23 - selenium.webdriver.remote.remote_connection - DEBUG - Remote response: status=200 | data={"value":false} | headers=HTTPHeaderDict({'Content-Length': '15', 'Content-Type': 'application/json; charset=utf-8', 'cache-control': 'no-cache'})
2026-08-24 16:23:23 - selenium.webdriver.remote.remote_connection - DEBUG - Finished Request
2026-08-24 16:23:24 - selenium.webdriver.remote.remote_connection - DEBUG - POST http://localhost:59571/session/c2c0bb35dc47ae4af76ddacfb45bc519/execute/sync {'script': "return document.querySelectorAll('[data-rpa-tag-id]').length > 0", 'args': []}
2026-08-24 16:23:24 - urllib3.connectionpool - DEBUG - http://localhost:59571 "POST /session/c2c0bb35dc47ae4af76ddacfb45bc519/execute/sync HTTP/1.1" 200 0
2026-08-24 16:23:24 - selenium.webdriver.remote.remote_connection - DEBUG - Remote response: status=200 | data={"value":false} | headers=HTTPHeaderDict({'Content-Length': '15', 'Content-Type': 'application/json; charset=utf-8', 'cache-control': 'no-cache'})
2026-08-24 16:23:24 - selenium.webdriver.remote.remote_connection - DEBUG - Finished Request
2026-08-24 16:23:25 - selenium.webdriver.remote.remote_connection - DEBUG - POST http://localhost:59571/session/c2c0bb35dc47ae4af76ddacfb45bc519/execute/sync {'script': "return document.querySelectorAll('[data-rpa-tag-id]').length > 0", 'args': []}
2026-08-24 16:23:25 - urllib3.connectionpool - DEBUG - http://localhost:59571 "POST /session/c2c0bb35dc47ae4af76ddacfb45bc519/execute/sync HTTP/1.1" 200 0
2026-08-24 16:23:25 - selenium.webdriver.remote.remote_connection - DEBUG - Remote response: status=200 | data={"value":false} | headers=HTTPHeaderDict({'Content-Length': '15', 'Content-Type': 'application/json; charset=utf-8', 'cache-control': 'no-cache'})
2026-08-24 16:23:25 - selenium.webdriver.remote.remote_connection - DEBUG - Finished Request
2026-08-24 16:23:25 - selenium.webdriver.remote.remote_connection - DEBUG - POST http://localhost:59571/session/c2c0bb35dc47ae4af76ddacfb45bc519/execute/sync {'script': "return document.querySelectorAll('[data-rpa-tag-id]').length > 0", 'args': []}
2026-08-24 16:23:25 - urllib3.connectionpool - DEBUG - http://localhost:59571 "POST /session/c2c0bb35dc47ae4af76ddacfb45bc519/execute/sync HTTP/1.1" 200 0
2026-08-24 16:23:25 - selenium.webdriver.remote.remote_connection - DEBUG - Remote response: status=200 | data={"value":false} | headers=HTTPHeaderDict({'Content-Length': '15', 'Content-Type': 'application/json; charset=utf-8', 'cache-control': 'no-cache'})
2026-08-24 16:23:25 - selenium.webdriver.remote.remote_connection - DEBUG - Finished Request
2026-08-24 16:23:26 - selenium.webdriver.remote.remote_connection - DEBUG - POST http://localhost:59571/session/c2c0bb35dc47ae4af76ddacfb45bc519/execute/sync {'script': "return document.querySelectorAll('[data-rpa-tag-id]').length > 0", 'args': []}
2026-08-24 16:23:26 - urllib3.connectionpool - DEBUG - http://localhost:59571 "POST /session/c2c0bb35dc47ae4af76ddacfb45bc519/execute/sync HTTP/1.1" 200 0
2026-08-24 16:23:26 - selenium.webdriver.remote.remote_connection - DEBUG - Remote response: status=200 | data={"value":false} | headers=HTTPHeaderDict({'Content-Length': '15', 'Content-Type': 'application/json; charset=utf-8', 'cache-control': 'no-cache'})
2026-08-24 16:23:26 - selenium.webdriver.remote.remote_connection - DEBUG - Finished Request
2026-08-24 16:23:26 - selenium.webdriver.remote.remote_connection - DEBUG - POST http://localhost:59571/session/c2c0bb35dc47ae4af76ddacfb45bc519/execute/sync {'script': "return document.querySelectorAll('[data-rpa-tag-id]').length > 0", 'args': []}
2026-08-24 16:23:26 - urllib3.connectionpool - DEBUG - http://localhost:59571 "POST /session/c2c0bb35dc47ae4af76ddacfb45bc519/execute/sync HTTP/1.1" 200 0
2026-08-24 16:23:26 - selenium.webdriver.remote.remote_connection - DEBUG - Remote response: status=200 | data={"value":false} | headers=HTTPHeaderDict({'Content-Length': '15', 'Content-Type': 'application/json; charset=utf-8', 'cache-control': 'no-cache'})
2026-08-24 16:23:26 - selenium.webdriver.remote.remote_connection - DEBUG - Finished Request
2026-08-24 16:23:27 - selenium.webdriver.remote.remote_connection - DEBUG - POST http://localhost:59571/session/c2c0bb35dc47ae4af76ddacfb45bc519/execute/sync {'script': "return document.querySelectorAll('[data-rpa-tag-id]').length > 0", 'args': []}
2026-08-24 16:23:27 - urllib3.connectionpool - DEBUG - http://localhost:59571 "POST /session/c2c0bb35dc47ae4af76ddacfb45bc519/execute/sync HTTP/1.1" 200 0
2026-08-24 16:23:27 - selenium.webdriver.remote.remote_connection - DEBUG - Remote response: status=200 | data={"value":false} | headers=HTTPHeaderDict({'Content-Length': '15', 'Content-Type': 'application/json; charset=utf-8', 'cache-control': 'no-cache'})
2026-08-24 16:23:27 - selenium.webdriver.remote.remote_connection - DEBUG - Finished Request
2026-08-24 16:23:27 - selenium.webdriver.remote.remote_connection - DEBUG - POST http://localhost:59571/session/c2c0bb35dc47ae4af76ddacfb45bc519/execute/sync {'script': "return document.querySelectorAll('[data-rpa-tag-id]').length > 0", 'args': []}
2026-08-24 16:23:29 - urllib3.connectionpool - DEBUG - http://localhost:59571 "POST /session/c2c0bb35dc47ae4af76ddacfb45bc519/execute/sync HTTP/1.1" 200 0
2026-08-24 16:23:29 - selenium.webdriver.remote.remote_connection - DEBUG - Remote response: status=200 | data={"value":false} | headers=HTTPHeaderDict({'Content-Length': '15', 'Content-Type': 'application/json; charset=utf-8', 'cache-control': 'no-cache'})
2026-08-24 16:23:29 - selenium.webdriver.remote.remote_connection - DEBUG - Finished Request
2026-08-24 16:23:29 - selenium.webdriver.remote.remote_connection - DEBUG - POST http://localhost:59571/session/c2c0bb35dc47ae4af76ddacfb45bc519/execute/sync {'script': "return document.querySelectorAll('[data-rpa-tag-id]').length > 0", 'args': []}
2026-08-24 16:23:29 - urllib3.connectionpool - DEBUG - http://localhost:59571 "POST /session/c2c0bb35dc47ae4af76ddacfb45bc519/execute/sync HTTP/1.1" 200 0
2026-08-24 16:23:29 - selenium.webdriver.remote.remote_connection - DEBUG - Remote response: status=200 | data={"value":false} | headers=HTTPHeaderDict({'Content-Length': '15', 'Content-Type': 'application/json; charset=utf-8', 'cache-control': 'no-cache'})
2026-08-24 16:23:29 - selenium.webdriver.remote.remote_connection - DEBUG - Finished Request
2026-08-24 16:23:30 - selenium.webdriver.remote.remote_connection - DEBUG - POST http://localhost:59571/session/c2c0bb35dc47ae4af76ddacfb45bc519/execute/sync {'script': "return document.querySelectorAll('[data-rpa-tag-id]').length > 0", 'args': []}
2026-08-24 16:23:30 - urllib3.connectionpool - DEBUG - http://localhost:59571 "POST /session/c2c0bb35dc47ae4af76ddacfb45bc519/execute/sync HTTP/1.1" 200 0
2026-08-24 16:23:30 - selenium.webdriver.remote.remote_connection - DEBUG - Remote response: status=200 | data={"value":false} | headers=HTTPHeaderDict({'Content-Length': '15', 'Content-Type': 'application/json; charset=utf-8', 'cache-control': 'no-cache'})
2026-08-24 16:23:30 - selenium.webdriver.remote.remote_connection - DEBUG - Finished Request
2026-08-24 16:23:30 - selenium.webdriver.remote.remote_connection - DEBUG - POST http://localhost:59571/session/c2c0bb35dc47ae4af76ddacfb45bc519/execute/sync {'script': "return document.querySelectorAll('[data-rpa-tag-id]').length > 0", 'args': []}
2026-08-24 16:23:30 - urllib3.connectionpool - DEBUG - http://localhost:59571 "POST /session/c2c0bb35dc47ae4af76ddacfb45bc519/execute/sync HTTP/1.1" 200 0
2026-08-24 16:23:30 - selenium.webdriver.remote.remote_connection - DEBUG - Remote response: status=200 | data={"value":false} | headers=HTTPHeaderDict({'Content-Length': '15', 'Content-Type': 'application/json; charset=utf-8', 'cache-control': 'no-cache'})
2026-08-24 16:23:30 - selenium.webdriver.remote.remote_connection - DEBUG - Finished Request
2026-08-24 16:23:31 - selenium.webdriver.remote.remote_connection - DEBUG - POST http://localhost:59571/session/c2c0bb35dc47ae4af76ddacfb45bc519/execute/sync {'script': "return document.querySelectorAll('[data-rpa-tag-id]').length > 0", 'args': []}
2026-08-24 16:23:31 - urllib3.connectionpool - DEBUG - http://localhost:59571 "POST /session/c2c0bb35dc47ae4af76ddacfb45bc519/execute/sync HTTP/1.1" 200 0
2026-08-24 16:23:31 - selenium.webdriver.remote.remote_connection - DEBUG - Remote response: status=200 | data={"value":false} | headers=HTTPHeaderDict({'Content-Length': '15', 'Content-Type': 'application/json; charset=utf-8', 'cache-control': 'no-cache'})
2026-08-24 16:23:31 - selenium.webdriver.remote.remote_connection - DEBUG - Finished Request
2026-08-24 16:23:31 - selenium.webdriver.remote.remote_connection - DEBUG - POST http://localhost:59571/session/c2c0bb35dc47ae4af76ddacfb45bc519/execute/sync {'script': "return document.querySelectorAll('[data-rpa-tag-id]').length > 0", 'args': []}
2026-08-24 16:23:31 - urllib3.connectionpool - DEBUG - http://localhost:59571 "POST /session/c2c0bb35dc47ae4af76ddacfb45bc519/execute/sync HTTP/1.1" 200 0
2026-08-24 16:23:31 - selenium.webdriver.remote.remote_connection - DEBUG - Remote response: status=200 | data={"value":false} | headers=HTTPHeaderDict({'Content-Length': '15', 'Content-Type': 'application/json; charset=utf-8', 'cache-control': 'no-cache'})
2026-08-24 16:23:31 - selenium.webdriver.remote.remote_connection - DEBUG - Finished Request
2026-08-24 16:23:32 - selenium.webdriver.remote.remote_connection - DEBUG - POST http://localhost:59571/session/c2c0bb35dc47ae4af76ddacfb45bc519/execute/sync {'script': "return document.querySelectorAll('[data-rpa-tag-id]').length > 0", 'args': []}
2026-08-24 16:23:32 - urllib3.connectionpool - DEBUG - http://localhost:59571 "POST /session/c2c0bb35dc47ae4af76ddacfb45bc519/execute/sync HTTP/1.1" 200 0
2026-08-24 16:23:32 - selenium.webdriver.remote.remote_connection - DEBUG - Remote response: status=200 | data={"value":false} | headers=HTTPHeaderDict({'Content-Length': '15', 'Content-Type': 'application/json; charset=utf-8', 'cache-control': 'no-cache'})
2026-08-24 16:23:32 - selenium.webdriver.remote.remote_connection - DEBUG - Finished Request
2026-08-24 16:23:32 - selenium.webdriver.remote.remote_connection - DEBUG - POST http://localhost:59571/session/c2c0bb35dc47ae4af76ddacfb45bc519/execute/sync {'script': "return document.querySelectorAll('[data-rpa-tag-id]').length > 0", 'args': []}
2026-08-24 16:23:32 - urllib3.connectionpool - DEBUG - http://localhost:59571 "POST /session/c2c0bb35dc47ae4af76ddacfb45bc519/execute/sync HTTP/1.1" 200 0
2026-08-24 16:23:32 - selenium.webdriver.remote.remote_connection - DEBUG - Remote response: status=200 | data={"value":false} | headers=HTTPHeaderDict({'Content-Length': '15', 'Content-Type': 'application/json; charset=utf-8', 'cache-control': 'no-cache'})
2026-08-24 16:23:32 - selenium.webdriver.remote.remote_connection - DEBUG - Finished Request
2026-08-24 16:23:33 - selenium.webdriver.remote.remote_connection - DEBUG - POST http://localhost:59571/session/c2c0bb35dc47ae4af76ddacfb45bc519/execute/sync {'script': "return document.querySelectorAll('[data-rpa-tag-id]').length > 0", 'args': []}
2026-08-24 16:23:33 - urllib3.connectionpool - DEBUG - http://localhost:59571 "POST /session/c2c0bb35dc47ae4af76ddacfb45bc519/execute/sync HTTP/1.1" 200 0
2026-08-24 16:23:33 - selenium.webdriver.remote.remote_connection - DEBUG - Remote response: status=200 | data={"value":false} | headers=HTTPHeaderDict({'Content-Length': '15', 'Content-Type': 'application/json; charset=utf-8', 'cache-control': 'no-cache'})
2026-08-24 16:23:33 - selenium.webdriver.remote.remote_connection - DEBUG - Finished Request
2026-08-24 16:23:33 - selenium.webdriver.remote.remote_connection - DEBUG - POST http://localhost:59571/session/c2c0bb35dc47ae4af76ddacfb45bc519/execute/sync {'script': "return document.querySelectorAll('[data-rpa-tag-id]').length > 0", 'args': []}
2026-08-24 16:23:33 - urllib3.connectionpool - DEBUG - http://localhost:59571 "POST /session/c2c0bb35dc47ae4af76ddacfb45bc519/execute/sync HTTP/1.1" 200 0
2026-08-24 16:23:33 - selenium.webdriver.remote.remote_connection - DEBUG - Remote response: status=200 | data={"value":false} | headers=HTTPHeaderDict({'Content-Length': '15', 'Content-Type': 'application/json; charset=utf-8', 'cache-control': 'no-cache'})
2026-08-24 16:23:33 - selenium.webdriver.remote.remote_connection - DEBUG - Finished Request
2026-08-24 16:23:34 - selenium.webdriver.remote.remote_connection - DEBUG - POST http://localhost:59571/session/c2c0bb35dc47ae4af76ddacfb45bc519/execute/sync {'script': "return document.querySelectorAll('[data-rpa-tag-id]').length > 0", 'args': []}
2026-08-24 16:23:34 - urllib3.connectionpool - DEBUG - http://localhost:59571 "POST /session/c2c0bb35dc47ae4af76ddacfb45bc519/execute/sync HTTP/1.1" 200 0
2026-08-24 16:23:34 - selenium.webdriver.remote.remote_connection - DEBUG - Remote response: status=200 | data={"value":false} | headers=HTTPHeaderDict({'Content-Length': '15', 'Content-Type': 'application/json; charset=utf-8', 'cache-control': 'no-cache'})
2026-08-24 16:23:34 - selenium.webdriver.remote.remote_connection - DEBUG - Finished Request
2026-08-24 16:23:34 - selenium.webdriver.remote.remote_connection - DEBUG - POST http://localhost:59571/session/c2c0bb35dc47ae4af76ddacfb45bc519/execute/sync {'script': "return document.querySelectorAll('[data-rpa-tag-id]').length > 0", 'args': []}
2026-08-24 16:23:34 - urllib3.connectionpool - DEBUG - http://localhost:59571 "POST /session/c2c0bb35dc47ae4af76ddacfb45bc519/execute/sync HTTP/1.1" 200 0
2026-08-24 16:23:34 - selenium.webdriver.remote.remote_connection - DEBUG - Remote response: status=200 | data={"value":false} | headers=HTTPHeaderDict({'Content-Length': '15', 'Content-Type': 'application/json; charset=utf-8', 'cache-control': 'no-cache'})
2026-08-24 16:23:34 - selenium.webdriver.remote.remote_connection - DEBUG - Finished Request
2026-08-24 16:23:35 - selenium.webdriver.remote.remote_connection - DEBUG - POST http://localhost:59571/session/c2c0bb35dc47ae4af76ddacfb45bc519/execute/sync {'script': "return document.querySelectorAll('[data-rpa-tag-id]').length > 0", 'args': []}
2026-08-24 16:23:35 - urllib3.connectionpool - DEBUG - http://localhost:59571 "POST /session/c2c0bb35dc47ae4af76ddacfb45bc519/execute/sync HTTP/1.1" 200 0
2026-08-24 16:23:35 - selenium.webdriver.remote.remote_connection - DEBUG - Remote response: status=200 | data={"value":false} | headers=HTTPHeaderDict({'Content-Length': '15', 'Content-Type': 'application/json; charset=utf-8', 'cache-control': 'no-cache'})
2026-08-24 16:23:35 - selenium.webdriver.remote.remote_connection - DEBUG - Finished Request
2026-08-24 16:23:35 - selenium.webdriver.remote.remote_connection - DEBUG - POST http://localhost:59571/session/c2c0bb35dc47ae4af76ddacfb45bc519/execute/sync {'script': "return document.querySelectorAll('[data-rpa-tag-id]').length > 0", 'args': []}
2026-08-24 16:23:35 - urllib3.connectionpool - DEBUG - http://localhost:59571 "POST /session/c2c0bb35dc47ae4af76ddacfb45bc519/execute/sync HTTP/1.1" 200 0
2026-08-24 16:23:36 - selenium.webdriver.remote.remote_connection - DEBUG - Remote response: status=200 | data={"value":false} | headers=HTTPHeaderDict({'Content-Length': '15', 'Content-Type': 'application/json; charset=utf-8', 'cache-control': 'no-cache'})
2026-08-24 16:23:36 - selenium.webdriver.remote.remote_connection - DEBUG - Finished Request
2026-08-24 16:23:36 - selenium.webdriver.remote.remote_connection - DEBUG - POST http://localhost:59571/session/c2c0bb35dc47ae4af76ddacfb45bc519/execute/sync {'script': "return document.querySelectorAll('[data-rpa-tag-id]').length > 0", 'args': []}
2026-08-24 16:23:36 - urllib3.connectionpool - DEBUG - http://localhost:59571 "POST /session/c2c0bb35dc47ae4af76ddacfb45bc519/execute/sync HTTP/1.1" 200 0
2026-08-24 16:23:36 - selenium.webdriver.remote.remote_connection - DEBUG - Remote response: status=200 | data={"value":false} | headers=HTTPHeaderDict({'Content-Length': '15', 'Content-Type': 'application/json; charset=utf-8', 'cache-control': 'no-cache'})
2026-08-24 16:23:36 - selenium.webdriver.remote.remote_connection - DEBUG - Finished Request
2026-08-24 16:23:37 - selenium.webdriver.remote.remote_connection - DEBUG - POST http://localhost:59571/session/c2c0bb35dc47ae4af76ddacfb45bc519/execute/sync {'script': "return document.querySelectorAll('[data-rpa-tag-id]').length > 0", 'args': []}
2026-08-24 16:23:37 - urllib3.connectionpool - DEBUG - http://localhost:59571 "POST /session/c2c0bb35dc47ae4af76ddacfb45bc519/execute/sync HTTP/1.1" 200 0
2026-08-24 16:23:37 - selenium.webdriver.remote.remote_connection - DEBUG - Remote response: status=200 | data={"value":false} | headers=HTTPHeaderDict({'Content-Length': '15', 'Content-Type': 'application/json; charset=utf-8', 'cache-control': 'no-cache'})
2026-08-24 16:23:37 - selenium.webdriver.remote.remote_connection - DEBUG - Finished Request
2026-08-24 16:23:37 - selenium.webdriver.remote.remote_connection - DEBUG - POST http://localhost:59571/session/c2c0bb35dc47ae4af76ddacfb45bc519/execute/sync {'script': "return document.querySelectorAll('[data-rpa-tag-id]').length > 0", 'args': []}
2026-08-24 16:23:37 - urllib3.connectionpool - DEBUG - http://localhost:59571 "POST /session/c2c0bb35dc47ae4af76ddacfb45bc519/execute/sync HTTP/1.1" 200 0
2026-08-24 16:23:37 - selenium.webdriver.remote.remote_connection - DEBUG - Remote response: status=200 | data={"value":false} | headers=HTTPHeaderDict({'Content-Length': '15', 'Content-Type': 'application/json; charset=utf-8', 'cache-control': 'no-cache'})
2026-08-24 16:23:37 - selenium.webdriver.remote.remote_connection - DEBUG - Finished Request
2026-08-24 16:23:38 - selenium.webdriver.remote.remote_connection - DEBUG - POST http://localhost:59571/session/c2c0bb35dc47ae4af76ddacfb45bc519/execute/sync {'script': "return document.querySelectorAll('[data-rpa-tag-id]').length > 0", 'args': []}
2026-08-24 16:23:38 - urllib3.connectionpool - DEBUG - http://localhost:59571 "POST /session/c2c0bb35dc47ae4af76ddacfb45bc519/execute/sync HTTP/1.1" 200 0
2026-08-24 16:23:38 - selenium.webdriver.remote.remote_connection - DEBUG - Remote response: status=200 | data={"value":false} | headers=HTTPHeaderDict({'Content-Length': '15', 'Content-Type': 'application/json; charset=utf-8', 'cache-control': 'no-cache'})
2026-08-24 16:23:38 - selenium.webdriver.remote.remote_connection - DEBUG - Finished Request
2026-08-24 16:23:38 - selenium.webdriver.remote.remote_connection - DEBUG - POST http://localhost:59571/session/c2c0bb35dc47ae4af76ddacfb45bc519/execute/sync {'script': "return document.querySelectorAll('[data-rpa-tag-id]').length > 0", 'args': []}
2026-08-24 16:23:38 - urllib3.connectionpool - DEBUG - http://localhost:59571 "POST /session/c2c0bb35dc47ae4af76ddacfb45bc519/execute/sync HTTP/1.1" 200 0
2026-08-24 16:23:38 - selenium.webdriver.remote.remote_connection - DEBUG - Remote response: status=200 | data={"value":false} | headers=HTTPHeaderDict({'Content-Length': '15', 'Content-Type': 'application/json; charset=utf-8', 'cache-control': 'no-cache'})
2026-08-24 16:23:38 - selenium.webdriver.remote.remote_connection - DEBUG - Finished Request
2026-08-24 16:23:39 - selenium.webdriver.remote.remote_connection - DEBUG - POST http://localhost:59571/session/c2c0bb35dc47ae4af76ddacfb45bc519/execute/sync {'script': "return document.querySelectorAll('[data-rpa-tag-id]').length > 0", 'args': []}
2026-08-24 16:23:39 - urllib3.connectionpool - DEBUG - http://localhost:59571 "POST /session/c2c0bb35dc47ae4af76ddacfb45bc519/execute/sync HTTP/1.1" 200 0
2026-08-24 16:23:39 - selenium.webdriver.remote.remote_connection - DEBUG - Remote response: status=200 | data={"value":false} | headers=HTTPHeaderDict({'Content-Length': '15', 'Content-Type': 'application/json; charset=utf-8', 'cache-control': 'no-cache'})
2026-08-24 16:23:39 - selenium.webdriver.remote.remote_connection - DEBUG - Finished Request
2026-08-24 16:23:39 - selenium.webdriver.remote.remote_connection - DEBUG - POST http://localhost:59571/session/c2c0bb35dc47ae4af76ddacfb45bc519/execute/sync {'script': "return document.querySelectorAll('[data-rpa-tag-id]').length > 0", 'args': []}
2026-08-24 16:23:39 - urllib3.connectionpool - DEBUG - http://localhost:59571 "POST /session/c2c0bb35dc47ae4af76ddacfb45bc519/execute/sync HTTP/1.1" 200 0
2026-08-24 16:23:39 - selenium.webdriver.remote.remote_connection - DEBUG - Remote response: status=200 | data={"value":false} | headers=HTTPHeaderDict({'Content-Length': '15', 'Content-Type': 'application/json; charset=utf-8', 'cache-control': 'no-cache'})
2026-08-24 16:23:39 - selenium.webdriver.remote.remote_connection - DEBUG - Finished Request
2026-08-24 16:23:40 - selenium.webdriver.remote.remote_connection - DEBUG - POST http://localhost:59571/session/c2c0bb35dc47ae4af76ddacfb45bc519/execute/sync {'script': "return document.querySelectorAll('[data-rpa-tag-id]').length > 0", 'args': []}
2026-08-24 16:23:40 - urllib3.connectionpool - DEBUG - http://localhost:59571 "POST /session/c2c0bb35dc47ae4af76ddacfb45bc519/execute/sync HTTP/1.1" 200 0
2026-08-24 16:23:40 - selenium.webdriver.remote.remote_connection - DEBUG - Remote response: status=200 | data={"value":false} | headers=HTTPHeaderDict({'Content-Length': '15', 'Content-Type': 'application/json; charset=utf-8', 'cache-control': 'no-cache'})
2026-08-24 16:23:40 - selenium.webdriver.remote.remote_connection - DEBUG - Finished Request
2026-08-24 16:23:40 - selenium.webdriver.remote.remote_connection - DEBUG - POST http://localhost:59571/session/c2c0bb35dc47ae4af76ddacfb45bc519/execute/sync {'script': "return document.querySelectorAll('[data-rpa-tag-id]').length > 0", 'args': []}
2026-08-24 16:23:41 - urllib3.connectionpool - DEBUG - http://localhost:59571 "POST /session/c2c0bb35dc47ae4af76ddacfb45bc519/execute/sync HTTP/1.1" 200 0
2026-08-24 16:23:41 - selenium.webdriver.remote.remote_connection - DEBUG - Remote response: status=200 | data={"value":false} | headers=HTTPHeaderDict({'Content-Length': '15', 'Content-Type': 'application/json; charset=utf-8', 'cache-control': 'no-cache'})
2026-08-24 16:23:41 - selenium.webdriver.remote.remote_connection - DEBUG - Finished Request
2026-08-24 16:23:42 - selenium.webdriver.remote.remote_connection - DEBUG - POST http://localhost:59571/session/c2c0bb35dc47ae4af76ddacfb45bc519/execute/sync {'script': "return document.querySelectorAll('[data-rpa-tag-id]').length > 0", 'args': []}
2026-08-24 16:23:42 - urllib3.connectionpool - DEBUG - http://localhost:59571 "POST /session/c2c0bb35dc47ae4af76ddacfb45bc519/execute/sync HTTP/1.1" 200 0
2026-08-24 16:23:42 - selenium.webdriver.remote.remote_connection - DEBUG - Remote response: status=200 | data={"value":false} | headers=HTTPHeaderDict({'Content-Length': '15', 'Content-Type': 'application/json; charset=utf-8', 'cache-control': 'no-cache'})
2026-08-24 16:23:42 - selenium.webdriver.remote.remote_connection - DEBUG - Finished Request
2026-08-24 16:23:42 - selenium.webdriver.remote.remote_connection - DEBUG - POST http://localhost:59571/session/c2c0bb35dc47ae4af76ddacfb45bc519/execute/sync {'script': "return document.querySelectorAll('[data-rpa-tag-id]').length > 0", 'args': []}
2026-08-24 16:23:42 - urllib3.connectionpool - DEBUG - http://localhost:59571 "POST /session/c2c0bb35dc47ae4af76ddacfb45bc519/execute/sync HTTP/1.1" 200 0
2026-08-24 16:23:42 - selenium.webdriver.remote.remote_connection - DEBUG - Remote response: status=200 | data={"value":false} | headers=HTTPHeaderDict({'Content-Length': '15', 'Content-Type': 'application/json; charset=utf-8', 'cache-control': 'no-cache'})
2026-08-24 16:23:42 - selenium.webdriver.remote.remote_connection - DEBUG - Finished Request
2026-08-24 16:23:43 - selenium.webdriver.remote.remote_connection - DEBUG - POST http://localhost:59571/session/c2c0bb35dc47ae4af76ddacfb45bc519/execute/sync {'script': "return document.querySelectorAll('[data-rpa-tag-id]').length > 0", 'args': []}
2026-08-24 16:23:43 - urllib3.connectionpool - DEBUG - http://localhost:59571 "POST /session/c2c0bb35dc47ae4af76ddacfb45bc519/execute/sync HTTP/1.1" 200 0
2026-08-24 16:23:43 - selenium.webdriver.remote.remote_connection - DEBUG - Remote response: status=200 | data={"value":false} | headers=HTTPHeaderDict({'Content-Length': '15', 'Content-Type': 'application/json; charset=utf-8', 'cache-control': 'no-cache'})
2026-08-24 16:23:43 - selenium.webdriver.remote.remote_connection - DEBUG - Finished Request
2026-08-24 16:23:43 - selenium.webdriver.remote.remote_connection - DEBUG - POST http://localhost:59571/session/c2c0bb35dc47ae4af76ddacfb45bc519/execute/sync {'script': "return document.querySelectorAll('[data-rpa-tag-id]').length > 0", 'args': []}
2026-08-24 16:23:43 - urllib3.connectionpool - DEBUG - http://localhost:59571 "POST /session/c2c0bb35dc47ae4af76ddacfb45bc519/execute/sync HTTP/1.1" 200 0
2026-08-24 16:23:43 - selenium.webdriver.remote.remote_connection - DEBUG - Remote response: status=200 | data={"value":false} | headers=HTTPHeaderDict({'Content-Length': '15', 'Content-Type': 'application/json; charset=utf-8', 'cache-control': 'no-cache'})
2026-08-24 16:23:43 - selenium.webdriver.remote.remote_connection - DEBUG - Finished Request
2026-08-24 16:23:44 - selenium.webdriver.remote.remote_connection - DEBUG - POST http://localhost:59571/session/c2c0bb35dc47ae4af76ddacfb45bc519/execute/sync {'script': "return document.querySelectorAll('[data-rpa-tag-id]').length > 0", 'args': []}
2026-08-24 16:23:44 - urllib3.connectionpool - DEBUG - http://localhost:59571 "POST /session/c2c0bb35dc47ae4af76ddacfb45bc519/execute/sync HTTP/1.1" 200 0
2026-08-24 16:23:44 - selenium.webdriver.remote.remote_connection - DEBUG - Remote response: status=200 | data={"value":false} | headers=HTTPHeaderDict({'Content-Length': '15', 'Content-Type': 'application/json; charset=utf-8', 'cache-control': 'no-cache'})
2026-08-24 16:23:44 - selenium.webdriver.remote.remote_connection - DEBUG - Finished Request
2026-08-24 16:23:44 - selenium.webdriver.remote.remote_connection - DEBUG - POST http://localhost:59571/session/c2c0bb35dc47ae4af76ddacfb45bc519/execute/sync {'script': "return document.querySelectorAll('[data-rpa-tag-id]').length > 0", 'args': []}
2026-08-24 16:23:44 - urllib3.connectionpool - DEBUG - http://localhost:59571 "POST /session/c2c0bb35dc47ae4af76ddacfb45bc519/execute/sync HTTP/1.1" 200 0
2026-08-24 16:23:44 - selenium.webdriver.remote.remote_connection - DEBUG - Remote response: status=200 | data={"value":false} | headers=HTTPHeaderDict({'Content-Length': '15', 'Content-Type': 'application/json; charset=utf-8', 'cache-control': 'no-cache'})
2026-08-24 16:23:44 - selenium.webdriver.remote.remote_connection - DEBUG - Finished Request
2026-08-24 16:23:45 - selenium.webdriver.remote.remote_connection - DEBUG - POST http://localhost:59571/session/c2c0bb35dc47ae4af76ddacfb45bc519/execute/sync {'script': "return document.querySelectorAll('[data-rpa-tag-id]').length > 0", 'args': []}
2026-08-24 16:23:45 - urllib3.connectionpool - DEBUG - http://localhost:59571 "POST /session/c2c0bb35dc47ae4af76ddacfb45bc519/execute/sync HTTP/1.1" 200 0
2026-08-24 16:23:45 - selenium.webdriver.remote.remote_connection - DEBUG - Remote response: status=200 | data={"value":false} | headers=HTTPHeaderDict({'Content-Length': '15', 'Content-Type': 'application/json; charset=utf-8', 'cache-control': 'no-cache'})
2026-08-24 16:23:45 - selenium.webdriver.remote.remote_connection - DEBUG - Finished Request
2026-08-24 16:23:45 - selenium.webdriver.remote.remote_connection - DEBUG - POST http://localhost:59571/session/c2c0bb35dc47ae4af76ddacfb45bc519/execute/sync {'script': "return document.querySelectorAll('[data-rpa-tag-id]').length > 0", 'args': []}
2026-08-24 16:23:45 - urllib3.connectionpool - DEBUG - http://localhost:59571 "POST /session/c2c0bb35dc47ae4af76ddacfb45bc519/execute/sync HTTP/1.1" 200 0
2026-08-24 16:23:45 - selenium.webdriver.remote.remote_connection - DEBUG - Remote response: status=200 | data={"value":false} | headers=HTTPHeaderDict({'Content-Length': '15', 'Content-Type': 'application/json; charset=utf-8', 'cache-control': 'no-cache'})
2026-08-24 16:23:45 - selenium.webdriver.remote.remote_connection - DEBUG - Finished Request
2026-08-24 16:23:46 - selenium.webdriver.remote.remote_connection - DEBUG - POST http://localhost:59571/session/c2c0bb35dc47ae4af76ddacfb45bc519/execute/sync {'script': "return document.querySelectorAll('[data-rpa-tag-id]').length > 0", 'args': []}
2026-08-24 16:23:46 - urllib3.connectionpool - DEBUG - http://localhost:59571 "POST /session/c2c0bb35dc47ae4af76ddacfb45bc519/execute/sync HTTP/1.1" 200 0
2026-08-24 16:23:46 - selenium.webdriver.remote.remote_connection - DEBUG - Remote response: status=200 | data={"value":false} | headers=HTTPHeaderDict({'Content-Length': '15', 'Content-Type': 'application/json; charset=utf-8', 'cache-control': 'no-cache'})
2026-08-24 16:23:46 - selenium.webdriver.remote.remote_connection - DEBUG - Finished Request
2026-08-24 16:23:46 - selenium.webdriver.remote.remote_connection - DEBUG - POST http://localhost:59571/session/c2c0bb35dc47ae4af76ddacfb45bc519/execute/sync {'script': "return document.querySelectorAll('[data-rpa-tag-id]').length > 0", 'args': []}
2026-08-24 16:23:46 - urllib3.connectionpool - DEBUG - http://localhost:59571 "POST /session/c2c0bb35dc47ae4af76ddacfb45bc519/execute/sync HTTP/1.1" 200 0
2026-08-24 16:23:46 - selenium.webdriver.remote.remote_connection - DEBUG - Remote response: status=200 | data={"value":false} | headers=HTTPHeaderDict({'Content-Length': '15', 'Content-Type': 'application/json; charset=utf-8', 'cache-control': 'no-cache'})
2026-08-24 16:23:46 - selenium.webdriver.remote.remote_connection - DEBUG - Finished Request
2026-08-24 16:23:47 - selenium.webdriver.remote.remote_connection - DEBUG - POST http://localhost:59571/session/c2c0bb35dc47ae4af76ddacfb45bc519/execute/sync {'script': "return document.querySelectorAll('[data-rpa-tag-id]').length > 0", 'args': []}
2026-08-24 16:23:47 - urllib3.connectionpool - DEBUG - http://localhost:59571 "POST /session/c2c0bb35dc47ae4af76ddacfb45bc519/execute/sync HTTP/1.1" 200 0
2026-08-24 16:23:47 - selenium.webdriver.remote.remote_connection - DEBUG - Remote response: status=200 | data={"value":false} | headers=HTTPHeaderDict({'Content-Length': '15', 'Content-Type': 'application/json; charset=utf-8', 'cache-control': 'no-cache'})
2026-08-24 16:23:47 - selenium.webdriver.remote.remote_connection - DEBUG - Finished Request
2026-08-24 16:23:47 - selenium.webdriver.remote.remote_connection - DEBUG - POST http://localhost:59571/session/c2c0bb35dc47ae4af76ddacfb45bc519/execute/sync {'script': "return document.querySelectorAll('[data-rpa-tag-id]').length > 0", 'args': []}
2026-08-24 16:23:47 - urllib3.connectionpool - DEBUG - http://localhost:59571 "POST /session/c2c0bb35dc47ae4af76ddacfb45bc519/execute/sync HTTP/1.1" 200 0
2026-08-24 16:23:47 - selenium.webdriver.remote.remote_connection - DEBUG - Remote response: status=200 | data={"value":false} | headers=HTTPHeaderDict({'Content-Length': '15', 'Content-Type': 'application/json; charset=utf-8', 'cache-control': 'no-cache'})
2026-08-24 16:23:47 - selenium.webdriver.remote.remote_connection - DEBUG - Finished Request
2026-08-24 16:23:48 - selenium.webdriver.remote.remote_connection - DEBUG - POST http://localhost:59571/session/c2c0bb35dc47ae4af76ddacfb45bc519/execute/sync {'script': "return document.querySelectorAll('[data-rpa-tag-id]').length > 0", 'args': []}
2026-08-24 16:23:48 - urllib3.connectionpool - DEBUG - http://localhost:59571 "POST /session/c2c0bb35dc47ae4af76ddacfb45bc519/execute/sync HTTP/1.1" 200 0
2026-08-24 16:23:48 - selenium.webdriver.remote.remote_connection - DEBUG - Remote response: status=200 | data={"value":false} | headers=HTTPHeaderDict({'Content-Length': '15', 'Content-Type': 'application/json; charset=utf-8', 'cache-control': 'no-cache'})
2026-08-24 16:23:48 - selenium.webdriver.remote.remote_connection - DEBUG - Finished Request
2026-08-24 16:23:48 - selenium.webdriver.remote.remote_connection - DEBUG - POST http://localhost:59571/session/c2c0bb35dc47ae4af76ddacfb45bc519/execute/sync {'script': "return document.querySelectorAll('[data-rpa-tag-id]').length > 0", 'args': []}
2026-08-24 16:23:48 - urllib3.connectionpool - DEBUG - http://localhost:59571 "POST /session/c2c0bb35dc47ae4af76ddacfb45bc519/execute/sync HTTP/1.1" 200 0
2026-08-24 16:23:48 - selenium.webdriver.remote.remote_connection - DEBUG - Remote response: status=200 | data={"value":false} | headers=HTTPHeaderDict({'Content-Length': '15', 'Content-Type': 'application/json; charset=utf-8', 'cache-control': 'no-cache'})
2026-08-24 16:23:48 - selenium.webdriver.remote.remote_connection - DEBUG - Finished Request
2026-08-24 16:23:49 - selenium.webdriver.remote.remote_connection - DEBUG - POST http://localhost:59571/session/c2c0bb35dc47ae4af76ddacfb45bc519/execute/sync {'script': "return document.querySelectorAll('[data-rpa-tag-id]').length > 0", 'args': []}
2026-08-24 16:23:49 - urllib3.connectionpool - DEBUG - http://localhost:59571 "POST /session/c2c0bb35dc47ae4af76ddacfb45bc519/execute/sync HTTP/1.1" 200 0
2026-08-24 16:23:49 - selenium.webdriver.remote.remote_connection - DEBUG - Remote response: status=200 | data={"value":false} | headers=HTTPHeaderDict({'Content-Length': '15', 'Content-Type': 'application/json; charset=utf-8', 'cache-control': 'no-cache'})
2026-08-24 16:23:49 - selenium.webdriver.remote.remote_connection - DEBUG - Finished Request
2026-08-24 16:23:49 - selenium.webdriver.remote.remote_connection - DEBUG - POST http://localhost:59571/session/c2c0bb35dc47ae4af76ddacfb45bc519/execute/sync {'script': "return document.querySelectorAll('[data-rpa-tag-id]').length > 0", 'args': []}
2026-08-24 16:23:49 - urllib3.connectionpool - DEBUG - http://localhost:59571 "POST /session/c2c0bb35dc47ae4af76ddacfb45bc519/execute/sync HTTP/1.1" 200 0
2026-08-24 16:23:49 - selenium.webdriver.remote.remote_connection - DEBUG - Remote response: status=200 | data={"value":false} | headers=HTTPHeaderDict({'Content-Length': '15', 'Content-Type': 'application/json; charset=utf-8', 'cache-control': 'no-cache'})
2026-08-24 16:23:49 - selenium.webdriver.remote.remote_connection - DEBUG - Finished Request
2026-08-24 16:23:50 - selenium.webdriver.remote.remote_connection - DEBUG - POST http://localhost:59571/session/c2c0bb35dc47ae4af76ddacfb45bc519/execute/sync {'script': "return document.querySelectorAll('[data-rpa-tag-id]').length > 0", 'args': []}
2026-08-24 16:23:50 - urllib3.connectionpool - DEBUG - http://localhost:59571 "POST /session/c2c0bb35dc47ae4af76ddacfb45bc519/execute/sync HTTP/1.1" 200 0
2026-08-24 16:23:50 - selenium.webdriver.remote.remote_connection - DEBUG - Remote response: status=200 | data={"value":false} | headers=HTTPHeaderDict({'Content-Length': '15', 'Content-Type': 'application/json; charset=utf-8', 'cache-control': 'no-cache'})
2026-08-24 16:23:50 - selenium.webdriver.remote.remote_connection - DEBUG - Finished Request
2026-08-24 16:23:50 - selenium.webdriver.remote.remote_connection - DEBUG - POST http://localhost:59571/session/c2c0bb35dc47ae4af76ddacfb45bc519/execute/sync {'script': "return document.querySelectorAll('[data-rpa-tag-id]').length > 0", 'args': []}
2026-08-24 16:23:50 - urllib3.connectionpool - DEBUG - http://localhost:59571 "POST /session/c2c0bb35dc47ae4af76ddacfb45bc519/execute/sync HTTP/1.1" 200 0
2026-08-24 16:23:50 - selenium.webdriver.remote.remote_connection - DEBUG - Remote response: status=200 | data={"value":false} | headers=HTTPHeaderDict({'Content-Length': '15', 'Content-Type': 'application/json; charset=utf-8', 'cache-control': 'no-cache'})
2026-08-24 16:23:50 - selenium.webdriver.remote.remote_connection - DEBUG - Finished Request
2026-08-24 16:23:51 - selenium.webdriver.remote.remote_connection - DEBUG - POST http://localhost:59571/session/c2c0bb35dc47ae4af76ddacfb45bc519/execute/sync {'script': "return document.querySelectorAll('[data-rpa-tag-id]').length > 0", 'args': []}
2026-08-24 16:23:51 - urllib3.connectionpool - DEBUG - http://localhost:59571 "POST /session/c2c0bb35dc47ae4af76ddacfb45bc519/execute/sync HTTP/1.1" 200 0
2026-08-24 16:23:51 - selenium.webdriver.remote.remote_connection - DEBUG - Remote response: status=200 | data={"value":false} | headers=HTTPHeaderDict({'Content-Length': '15', 'Content-Type': 'application/json; charset=utf-8', 'cache-control': 'no-cache'})
2026-08-24 16:23:51 - selenium.webdriver.remote.remote_connection - DEBUG - Finished Request
2026-08-24 16:23:51 - selenium.webdriver.remote.remote_connection - DEBUG - POST http://localhost:59571/session/c2c0bb35dc47ae4af76ddacfb45bc519/execute/sync {'script': "return document.querySelectorAll('[data-rpa-tag-id]').length > 0", 'args': []}
2026-08-24 16:23:51 - urllib3.connectionpool - DEBUG - http://localhost:59571 "POST /session/c2c0bb35dc47ae4af76ddacfb45bc519/execute/sync HTTP/1.1" 200 0
2026-08-24 16:23:51 - selenium.webdriver.remote.remote_connection - DEBUG - Remote response: status=200 | data={"value":false} | headers=HTTPHeaderDict({'Content-Length': '15', 'Content-Type': 'application/json; charset=utf-8', 'cache-control': 'no-cache'})
2026-08-24 16:23:51 - selenium.webdriver.remote.remote_connection - DEBUG - Finished Request
2026-08-24 16:23:52 - selenium.webdriver.remote.remote_connection - DEBUG - POST http://localhost:59571/session/c2c0bb35dc47ae4af76ddacfb45bc519/execute/sync {'script': "return document.querySelectorAll('[data-rpa-tag-id]').length > 0", 'args': []}
2026-08-24 16:23:52 - urllib3.connectionpool - DEBUG - http://localhost:59571 "POST /session/c2c0bb35dc47ae4af76ddacfb45bc519/execute/sync HTTP/1.1" 200 0
2026-08-24 16:23:52 - selenium.webdriver.remote.remote_connection - DEBUG - Remote response: status=200 | data={"value":false} | headers=HTTPHeaderDict({'Content-Length': '15', 'Content-Type': 'application/json; charset=utf-8', 'cache-control': 'no-cache'})
2026-08-24 16:23:52 - selenium.webdriver.remote.remote_connection - DEBUG - Finished Request
2026-08-24 16:23:52 - selenium.webdriver.remote.remote_connection - DEBUG - POST http://localhost:59571/session/c2c0bb35dc47ae4af76ddacfb45bc519/execute/sync {'script': "return document.querySelectorAll('[data-rpa-tag-id]').length > 0", 'args': []}
2026-08-24 16:23:52 - urllib3.connectionpool - DEBUG - http://localhost:59571 "POST /session/c2c0bb35dc47ae4af76ddacfb45bc519/execute/sync HTTP/1.1" 200 0
2026-08-24 16:23:52 - selenium.webdriver.remote.remote_connection - DEBUG - Remote response: status=200 | data={"value":false} | headers=HTTPHeaderDict({'Content-Length': '15', 'Content-Type': 'application/json; charset=utf-8', 'cache-control': 'no-cache'})
2026-08-24 16:23:52 - selenium.webdriver.remote.remote_connection - DEBUG - Finished Request
2026-08-24 16:23:53 - selenium.webdriver.remote.remote_connection - DEBUG - POST http://localhost:59571/session/c2c0bb35dc47ae4af76ddacfb45bc519/execute/sync {'script': "return document.querySelectorAll('[data-rpa-tag-id]').length > 0", 'args': []}
2026-08-24 16:23:53 - urllib3.connectionpool - DEBUG - http://localhost:59571 "POST /session/c2c0bb35dc47ae4af76ddacfb45bc519/execute/sync HTTP/1.1" 200 0
2026-08-24 16:23:53 - selenium.webdriver.remote.remote_connection - DEBUG - Remote response: status=200 | data={"value":false} | headers=HTTPHeaderDict({'Content-Length': '15', 'Content-Type': 'application/json; charset=utf-8', 'cache-control': 'no-cache'})
2026-08-24 16:23:53 - selenium.webdriver.remote.remote_connection - DEBUG - Finished Request
2026-08-24 16:23:53 - __main__ - WARNING - Angular did not bootstrap within 30s — will refresh
2026-08-24 16:23:53 - __main__ - INFO - Angular stalled — refreshing page (bundle now cached)
2026-08-24 16:23:53 - selenium.webdriver.remote.remote_connection - DEBUG - POST http://localhost:59571/session/c2c0bb35dc47ae4af76ddacfb45bc519/refresh {}
2026-08-24 16:23:55 - urllib3.connectionpool - DEBUG - http://localhost:59571 "POST /session/c2c0bb35dc47ae4af76ddacfb45bc519/refresh HTTP/1.1" 200 0
2026-08-24 16:23:55 - selenium.webdriver.remote.remote_connection - DEBUG - Remote response: status=200 | data={"value":null} | headers=HTTPHeaderDict({'Content-Length': '14', 'Content-Type': 'application/json; charset=utf-8', 'cache-control': 'no-cache'})
2026-08-24 16:23:55 - selenium.webdriver.remote.remote_connection - DEBUG - Finished Request
2026-08-24 16:23:55 - selenium.webdriver.remote.remote_connection - DEBUG - POST http://localhost:59571/session/c2c0bb35dc47ae4af76ddacfb45bc519/execute/sync {'script': "\n                var candidates = [\n                    document.querySelector('#onetrust-accept-btn...", 'args': []}
2026-08-24 16:23:56 - urllib3.connectionpool - DEBUG - http://localhost:59571 "POST /session/c2c0bb35dc47ae4af76ddacfb45bc519/execute/sync HTTP/1.1" 200 0
2026-08-24 16:23:56 - selenium.webdriver.remote.remote_connection - DEBUG - Remote response: status=200 | data={"value":null} | headers=HTTPHeaderDict({'Content-Length': '14', 'Content-Type': 'application/json; charset=utf-8', 'cache-control': 'no-cache'})
2026-08-24 16:23:56 - selenium.webdriver.remote.remote_connection - DEBUG - Finished Request
2026-08-24 16:23:56 - selenium.webdriver.remote.remote_connection - DEBUG - POST http://localhost:59571/session/c2c0bb35dc47ae4af76ddacfb45bc519/execute/sync {'script': "return document.querySelectorAll('[data-rpa-tag-id]').length > 0", 'args': []}
2026-08-24 16:23:56 - urllib3.connectionpool - DEBUG - http://localhost:59571 "POST /session/c2c0bb35dc47ae4af76ddacfb45bc519/execute/sync HTTP/1.1" 200 0
2026-08-24 16:23:56 - selenium.webdriver.remote.remote_connection - DEBUG - Remote response: status=200 | data={"value":false} | headers=HTTPHeaderDict({'Content-Length': '15', 'Content-Type': 'application/json; charset=utf-8', 'cache-control': 'no-cache'})
2026-08-24 16:23:56 - selenium.webdriver.remote.remote_connection - DEBUG - Finished Request
2026-08-24 16:23:56 - selenium.webdriver.remote.remote_connection - DEBUG - POST http://localhost:59571/session/c2c0bb35dc47ae4af76ddacfb45bc519/execute/sync {'script': "return document.querySelectorAll('[data-rpa-tag-id]').length > 0", 'args': []}
2026-08-24 16:23:58 - urllib3.connectionpool - DEBUG - http://localhost:59571 "POST /session/c2c0bb35dc47ae4af76ddacfb45bc519/execute/sync HTTP/1.1" 200 0
2026-08-24 16:23:58 - selenium.webdriver.remote.remote_connection - DEBUG - Remote response: status=200 | data={"value":false} | headers=HTTPHeaderDict({'Content-Length': '15', 'Content-Type': 'application/json; charset=utf-8', 'cache-control': 'no-cache'})
2026-08-24 16:23:58 - selenium.webdriver.remote.remote_connection - DEBUG - Finished Request
2026-08-24 16:23:59 - selenium.webdriver.remote.remote_connection - DEBUG - POST http://localhost:59571/session/c2c0bb35dc47ae4af76ddacfb45bc519/execute/sync {'script': "return document.querySelectorAll('[data-rpa-tag-id]').length > 0", 'args': []}
2026-08-24 16:23:59 - urllib3.connectionpool - DEBUG - http://localhost:59571 "POST /session/c2c0bb35dc47ae4af76ddacfb45bc519/execute/sync HTTP/1.1" 200 0
2026-08-24 16:23:59 - selenium.webdriver.remote.remote_connection - DEBUG - Remote response: status=200 | data={"value":false} | headers=HTTPHeaderDict({'Content-Length': '15', 'Content-Type': 'application/json; charset=utf-8', 'cache-control': 'no-cache'})
2026-08-24 16:23:59 - selenium.webdriver.remote.remote_connection - DEBUG - Finished Request
2026-08-24 16:23:59 - selenium.webdriver.remote.remote_connection - DEBUG - POST http://localhost:59571/session/c2c0bb35dc47ae4af76ddacfb45bc519/execute/sync {'script': "return document.querySelectorAll('[data-rpa-tag-id]').length > 0", 'args': []}
2026-08-24 16:23:59 - urllib3.connectionpool - DEBUG - http://localhost:59571 "POST /session/c2c0bb35dc47ae4af76ddacfb45bc519/execute/sync HTTP/1.1" 200 0
2026-08-24 16:23:59 - selenium.webdriver.remote.remote_connection - DEBUG - Remote response: status=200 | data={"value":false} | headers=HTTPHeaderDict({'Content-Length': '15', 'Content-Type': 'application/json; charset=utf-8', 'cache-control': 'no-cache'})
2026-08-24 16:23:59 - selenium.webdriver.remote.remote_connection - DEBUG - Finished Request
2026-08-24 16:24:00 - selenium.webdriver.remote.remote_connection - DEBUG - POST http://localhost:59571/session/c2c0bb35dc47ae4af76ddacfb45bc519/execute/sync {'script': "return document.querySelectorAll('[data-rpa-tag-id]').length > 0", 'args': []}
2026-08-24 16:24:00 - urllib3.connectionpool - DEBUG - http://localhost:59571 "POST /session/c2c0bb35dc47ae4af76ddacfb45bc519/execute/sync HTTP/1.1" 200 0
2026-08-24 16:24:00 - selenium.webdriver.remote.remote_connection - DEBUG - Remote response: status=200 | data={"value":false} | headers=HTTPHeaderDict({'Content-Length': '15', 'Content-Type': 'application/json; charset=utf-8', 'cache-control': 'no-cache'})
2026-08-24 16:24:00 - selenium.webdriver.remote.remote_connection - DEBUG - Finished Request
2026-08-24 16:24:00 - selenium.webdriver.remote.remote_connection - DEBUG - POST http://localhost:59571/session/c2c0bb35dc47ae4af76ddacfb45bc519/execute/sync {'script': "return document.querySelectorAll('[data-rpa-tag-id]').length > 0", 'args': []}
2026-08-24 16:24:00 - urllib3.connectionpool - DEBUG - http://localhost:59571 "POST /session/c2c0bb35dc47ae4af76ddacfb45bc519/execute/sync HTTP/1.1" 200 0
2026-08-24 16:24:00 - selenium.webdriver.remote.remote_connection - DEBUG - Remote response: status=200 | data={"value":false} | headers=HTTPHeaderDict({'Content-Length': '15', 'Content-Type': 'application/json; charset=utf-8', 'cache-control': 'no-cache'})
2026-08-24 16:24:00 - selenium.webdriver.remote.remote_connection - DEBUG - Finished Request
2026-08-24 16:24:01 - selenium.webdriver.remote.remote_connection - DEBUG - POST http://localhost:59571/session/c2c0bb35dc47ae4af76ddacfb45bc519/execute/sync {'script': "return document.querySelectorAll('[data-rpa-tag-id]').length > 0", 'args': []}
2026-08-24 16:24:01 - urllib3.connectionpool - DEBUG - http://localhost:59571 "POST /session/c2c0bb35dc47ae4af76ddacfb45bc519/execute/sync HTTP/1.1" 200 0
2026-08-24 16:24:01 - selenium.webdriver.remote.remote_connection - DEBUG - Remote response: status=200 | data={"value":false} | headers=HTTPHeaderDict({'Content-Length': '15', 'Content-Type': 'application/json; charset=utf-8', 'cache-control': 'no-cache'})
2026-08-24 16:24:01 - selenium.webdriver.remote.remote_connection - DEBUG - Finished Request
2026-08-24 16:24:01 - selenium.webdriver.remote.remote_connection - DEBUG - POST http://localhost:59571/session/c2c0bb35dc47ae4af76ddacfb45bc519/execute/sync {'script': "return document.querySelectorAll('[data-rpa-tag-id]').length > 0", 'args': []}
2026-08-24 16:24:01 - urllib3.connectionpool - DEBUG - http://localhost:59571 "POST /session/c2c0bb35dc47ae4af76ddacfb45bc519/execute/sync HTTP/1.1" 200 0
2026-08-24 16:24:01 - selenium.webdriver.remote.remote_connection - DEBUG - Remote response: status=200 | data={"value":false} | headers=HTTPHeaderDict({'Content-Length': '15', 'Content-Type': 'application/json; charset=utf-8', 'cache-control': 'no-cache'})
2026-08-24 16:24:01 - selenium.webdriver.remote.remote_connection - DEBUG - Finished Request
2026-08-24 16:24:02 - selenium.webdriver.remote.remote_connection - DEBUG - POST http://localhost:59571/session/c2c0bb35dc47ae4af76ddacfb45bc519/execute/sync {'script': "return document.querySelectorAll('[data-rpa-tag-id]').length > 0", 'args': []}
2026-08-24 16:24:02 - urllib3.connectionpool - DEBUG - http://localhost:59571 "POST /session/c2c0bb35dc47ae4af76ddacfb45bc519/execute/sync HTTP/1.1" 200 0
2026-08-24 16:24:02 - selenium.webdriver.remote.remote_connection - DEBUG - Remote response: status=200 | data={"value":false} | headers=HTTPHeaderDict({'Content-Length': '15', 'Content-Type': 'application/json; charset=utf-8', 'cache-control': 'no-cache'})
2026-08-24 16:24:02 - selenium.webdriver.remote.remote_connection - DEBUG - Finished Request
2026-08-24 16:24:02 - selenium.webdriver.remote.remote_connection - DEBUG - POST http://localhost:59571/session/c2c0bb35dc47ae4af76ddacfb45bc519/execute/sync {'script': "return document.querySelectorAll('[data-rpa-tag-id]').length > 0", 'args': []}
2026-08-24 16:24:02 - urllib3.connectionpool - DEBUG - http://localhost:59571 "POST /session/c2c0bb35dc47ae4af76ddacfb45bc519/execute/sync HTTP/1.1" 200 0
2026-08-24 16:24:02 - selenium.webdriver.remote.remote_connection - DEBUG - Remote response: status=200 | data={"value":false} | headers=HTTPHeaderDict({'Content-Length': '15', 'Content-Type': 'application/json; charset=utf-8', 'cache-control': 'no-cache'})
2026-08-24 16:24:02 - selenium.webdriver.remote.remote_connection - DEBUG - Finished Request
2026-08-24 16:24:03 - selenium.webdriver.remote.remote_connection - DEBUG - POST http://localhost:59571/session/c2c0bb35dc47ae4af76ddacfb45bc519/execute/sync {'script': "return document.querySelectorAll('[data-rpa-tag-id]').length > 0", 'args': []}
2026-08-24 16:24:03 - urllib3.connectionpool - DEBUG - http://localhost:59571 "POST /session/c2c0bb35dc47ae4af76ddacfb45bc519/execute/sync HTTP/1.1" 200 0
2026-08-24 16:24:03 - selenium.webdriver.remote.remote_connection - DEBUG - Remote response: status=200 | data={"value":false} | headers=HTTPHeaderDict({'Content-Length': '15', 'Content-Type': 'application/json; charset=utf-8', 'cache-control': 'no-cache'})
2026-08-24 16:24:03 - selenium.webdriver.remote.remote_connection - DEBUG - Finished Request
2026-08-24 16:24:03 - selenium.webdriver.remote.remote_connection - DEBUG - POST http://localhost:59571/session/c2c0bb35dc47ae4af76ddacfb45bc519/execute/sync {'script': "return document.querySelectorAll('[data-rpa-tag-id]').length > 0", 'args': []}
2026-08-24 16:24:03 - urllib3.connectionpool - DEBUG - http://localhost:59571 "POST /session/c2c0bb35dc47ae4af76ddacfb45bc519/execute/sync HTTP/1.1" 200 0
2026-08-24 16:24:03 - selenium.webdriver.remote.remote_connection - DEBUG - Remote response: status=200 | data={"value":false} | headers=HTTPHeaderDict({'Content-Length': '15', 'Content-Type': 'application/json; charset=utf-8', 'cache-control': 'no-cache'})
2026-08-24 16:24:03 - selenium.webdriver.remote.remote_connection - DEBUG - Finished Request
2026-08-24 16:24:04 - selenium.webdriver.remote.remote_connection - DEBUG - POST http://localhost:59571/session/c2c0bb35dc47ae4af76ddacfb45bc519/execute/sync {'script': "return document.querySelectorAll('[data-rpa-tag-id]').length > 0", 'args': []}
2026-08-24 16:24:04 - urllib3.connectionpool - DEBUG - http://localhost:59571 "POST /session/c2c0bb35dc47ae4af76ddacfb45bc519/execute/sync HTTP/1.1" 200 0
2026-08-24 16:24:04 - selenium.webdriver.remote.remote_connection - DEBUG - Remote response: status=200 | data={"value":false} | headers=HTTPHeaderDict({'Content-Length': '15', 'Content-Type': 'application/json; charset=utf-8', 'cache-control': 'no-cache'})
2026-08-24 16:24:04 - selenium.webdriver.remote.remote_connection - DEBUG - Finished Request
2026-08-24 16:24:04 - selenium.webdriver.remote.remote_connection - DEBUG - POST http://localhost:59571/session/c2c0bb35dc47ae4af76ddacfb45bc519/execute/sync {'script': "return document.querySelectorAll('[data-rpa-tag-id]').length > 0", 'args': []}
2026-08-24 16:24:05 - urllib3.connectionpool - DEBUG - http://localhost:59571 "POST /session/c2c0bb35dc47ae4af76ddacfb45bc519/execute/sync HTTP/1.1" 200 0
2026-08-24 16:24:05 - selenium.webdriver.remote.remote_connection - DEBUG - Remote response: status=200 | data={"value":false} | headers=HTTPHeaderDict({'Content-Length': '15', 'Content-Type': 'application/json; charset=utf-8', 'cache-control': 'no-cache'})
2026-08-24 16:24:05 - selenium.webdriver.remote.remote_connection - DEBUG - Finished Request
2026-08-24 16:24:06 - selenium.webdriver.remote.remote_connection - DEBUG - POST http://localhost:59571/session/c2c0bb35dc47ae4af76ddacfb45bc519/execute/sync {'script': "return document.querySelectorAll('[data-rpa-tag-id]').length > 0", 'args': []}
2026-08-24 16:24:06 - urllib3.connectionpool - DEBUG - http://localhost:59571 "POST /session/c2c0bb35dc47ae4af76ddacfb45bc519/execute/sync HTTP/1.1" 200 0
2026-08-24 16:24:06 - selenium.webdriver.remote.remote_connection - DEBUG - Remote response: status=200 | data={"value":false} | headers=HTTPHeaderDict({'Content-Length': '15', 'Content-Type': 'application/json; charset=utf-8', 'cache-control': 'no-cache'})
2026-08-24 16:24:06 - selenium.webdriver.remote.remote_connection - DEBUG - Finished Request
2026-08-24 16:24:06 - selenium.webdriver.remote.remote_connection - DEBUG - POST http://localhost:59571/session/c2c0bb35dc47ae4af76ddacfb45bc519/execute/sync {'script': "return document.querySelectorAll('[data-rpa-tag-id]').length > 0", 'args': []}
2026-08-24 16:24:06 - urllib3.connectionpool - DEBUG - http://localhost:59571 "POST /session/c2c0bb35dc47ae4af76ddacfb45bc519/execute/sync HTTP/1.1" 200 0
2026-08-24 16:24:06 - selenium.webdriver.remote.remote_connection - DEBUG - Remote response: status=200 | data={"value":false} | headers=HTTPHeaderDict({'Content-Length': '15', 'Content-Type': 'application/json; charset=utf-8', 'cache-control': 'no-cache'})
2026-08-24 16:24:06 - selenium.webdriver.remote.remote_connection - DEBUG - Finished Request
2026-08-24 16:24:07 - selenium.webdriver.remote.remote_connection - DEBUG - POST http://localhost:59571/session/c2c0bb35dc47ae4af76ddacfb45bc519/execute/sync {'script': "return document.querySelectorAll('[data-rpa-tag-id]').length > 0", 'args': []}
2026-08-24 16:24:07 - urllib3.connectionpool - DEBUG - http://localhost:59571 "POST /session/c2c0bb35dc47ae4af76ddacfb45bc519/execute/sync HTTP/1.1" 200 0
2026-08-24 16:24:07 - selenium.webdriver.remote.remote_connection - DEBUG - Remote response: status=200 | data={"value":false} | headers=HTTPHeaderDict({'Content-Length': '15', 'Content-Type': 'application/json; charset=utf-8', 'cache-control': 'no-cache'})
2026-08-24 16:24:07 - selenium.webdriver.remote.remote_connection - DEBUG - Finished Request
2026-08-24 16:24:07 - selenium.webdriver.remote.remote_connection - DEBUG - POST http://localhost:59571/session/c2c0bb35dc47ae4af76ddacfb45bc519/execute/sync {'script': "return document.querySelectorAll('[data-rpa-tag-id]').length > 0", 'args': []}
2026-08-24 16:24:07 - urllib3.connectionpool - DEBUG - http://localhost:59571 "POST /session/c2c0bb35dc47ae4af76ddacfb45bc519/execute/sync HTTP/1.1" 200 0
2026-08-24 16:24:07 - selenium.webdriver.remote.remote_connection - DEBUG - Remote response: status=200 | data={"value":false} | headers=HTTPHeaderDict({'Content-Length': '15', 'Content-Type': 'application/json; charset=utf-8', 'cache-control': 'no-cache'})
2026-08-24 16:24:07 - selenium.webdriver.remote.remote_connection - DEBUG - Finished Request
2026-08-24 16:24:08 - selenium.webdriver.remote.remote_connection - DEBUG - POST http://localhost:59571/session/c2c0bb35dc47ae4af76ddacfb45bc519/execute/sync {'script': "return document.querySelectorAll('[data-rpa-tag-id]').length > 0", 'args': []}
2026-08-24 16:24:08 - urllib3.connectionpool - DEBUG - http://localhost:59571 "POST /session/c2c0bb35dc47ae4af76ddacfb45bc519/execute/sync HTTP/1.1" 200 0
2026-08-24 16:24:08 - selenium.webdriver.remote.remote_connection - DEBUG - Remote response: status=200 | data={"value":false} | headers=HTTPHeaderDict({'Content-Length': '15', 'Content-Type': 'application/json; charset=utf-8', 'cache-control': 'no-cache'})
2026-08-24 16:24:08 - selenium.webdriver.remote.remote_connection - DEBUG - Finished Request
2026-08-24 16:24:08 - selenium.webdriver.remote.remote_connection - DEBUG - POST http://localhost:59571/session/c2c0bb35dc47ae4af76ddacfb45bc519/execute/sync {'script': "return document.querySelectorAll('[data-rpa-tag-id]').length > 0", 'args': []}
2026-08-24 16:24:08 - urllib3.connectionpool - DEBUG - http://localhost:59571 "POST /session/c2c0bb35dc47ae4af76ddacfb45bc519/execute/sync HTTP/1.1" 200 0
2026-08-24 16:24:08 - selenium.webdriver.remote.remote_connection - DEBUG - Remote response: status=200 | data={"value":false} | headers=HTTPHeaderDict({'Content-Length': '15', 'Content-Type': 'application/json; charset=utf-8', 'cache-control': 'no-cache'})
2026-08-24 16:24:08 - selenium.webdriver.remote.remote_connection - DEBUG - Finished Request
2026-08-24 16:24:09 - selenium.webdriver.remote.remote_connection - DEBUG - POST http://localhost:59571/session/c2c0bb35dc47ae4af76ddacfb45bc519/execute/sync {'script': "return document.querySelectorAll('[data-rpa-tag-id]').length > 0", 'args': []}
2026-08-24 16:24:09 - urllib3.connectionpool - DEBUG - http://localhost:59571 "POST /session/c2c0bb35dc47ae4af76ddacfb45bc519/execute/sync HTTP/1.1" 200 0
2026-08-24 16:24:09 - selenium.webdriver.remote.remote_connection - DEBUG - Remote response: status=200 | data={"value":false} | headers=HTTPHeaderDict({'Content-Length': '15', 'Content-Type': 'application/json; charset=utf-8', 'cache-control': 'no-cache'})
2026-08-24 16:24:09 - selenium.webdriver.remote.remote_connection - DEBUG - Finished Request
2026-08-24 16:24:09 - selenium.webdriver.remote.remote_connection - DEBUG - POST http://localhost:59571/session/c2c0bb35dc47ae4af76ddacfb45bc519/execute/sync {'script': "return document.querySelectorAll('[data-rpa-tag-id]').length > 0", 'args': []}
2026-08-24 16:24:09 - urllib3.connectionpool - DEBUG - http://localhost:59571 "POST /session/c2c0bb35dc47ae4af76ddacfb45bc519/execute/sync HTTP/1.1" 200 0
2026-08-24 16:24:09 - selenium.webdriver.remote.remote_connection - DEBUG - Remote response: status=200 | data={"value":false} | headers=HTTPHeaderDict({'Content-Length': '15', 'Content-Type': 'application/json; charset=utf-8', 'cache-control': 'no-cache'})
2026-08-24 16:24:09 - selenium.webdriver.remote.remote_connection - DEBUG - Finished Request
2026-08-24 16:24:10 - selenium.webdriver.remote.remote_connection - DEBUG - POST http://localhost:59571/session/c2c0bb35dc47ae4af76ddacfb45bc519/execute/sync {'script': "return document.querySelectorAll('[data-rpa-tag-id]').length > 0", 'args': []}
2026-08-24 16:24:10 - urllib3.connectionpool - DEBUG - http://localhost:59571 "POST /session/c2c0bb35dc47ae4af76ddacfb45bc519/execute/sync HTTP/1.1" 200 0
2026-08-24 16:24:10 - selenium.webdriver.remote.remote_connection - DEBUG - Remote response: status=200 | data={"value":false} | headers=HTTPHeaderDict({'Content-Length': '15', 'Content-Type': 'application/json; charset=utf-8', 'cache-control': 'no-cache'})
2026-08-24 16:24:10 - selenium.webdriver.remote.remote_connection - DEBUG - Finished Request
2026-08-24 16:24:10 - selenium.webdriver.remote.remote_connection - DEBUG - POST http://localhost:59571/session/c2c0bb35dc47ae4af76ddacfb45bc519/execute/sync {'script': "return document.querySelectorAll('[data-rpa-tag-id]').length > 0", 'args': []}
2026-08-24 16:24:10 - urllib3.connectionpool - DEBUG - http://localhost:59571 "POST /session/c2c0bb35dc47ae4af76ddacfb45bc519/execute/sync HTTP/1.1" 200 0
2026-08-24 16:24:10 - selenium.webdriver.remote.remote_connection - DEBUG - Remote response: status=200 | data={"value":false} | headers=HTTPHeaderDict({'Content-Length': '15', 'Content-Type': 'application/json; charset=utf-8', 'cache-control': 'no-cache'})
2026-08-24 16:24:10 - selenium.webdriver.remote.remote_connection - DEBUG - Finished Request
2026-08-24 16:24:11 - selenium.webdriver.remote.remote_connection - DEBUG - POST http://localhost:59571/session/c2c0bb35dc47ae4af76ddacfb45bc519/execute/sync {'script': "return document.querySelectorAll('[data-rpa-tag-id]').length > 0", 'args': []}
2026-08-24 16:24:11 - urllib3.connectionpool - DEBUG - http://localhost:59571 "POST /session/c2c0bb35dc47ae4af76ddacfb45bc519/execute/sync HTTP/1.1" 200 0
2026-08-24 16:24:11 - selenium.webdriver.remote.remote_connection - DEBUG - Remote response: status=200 | data={"value":false} | headers=HTTPHeaderDict({'Content-Length': '15', 'Content-Type': 'application/json; charset=utf-8', 'cache-control': 'no-cache'})
2026-08-24 16:24:11 - selenium.webdriver.remote.remote_connection - DEBUG - Finished Request
2026-08-24 16:24:11 - selenium.webdriver.remote.remote_connection - DEBUG - POST http://localhost:59571/session/c2c0bb35dc47ae4af76ddacfb45bc519/execute/sync {'script': "return document.querySelectorAll('[data-rpa-tag-id]').length > 0", 'args': []}
2026-08-24 16:24:11 - urllib3.connectionpool - DEBUG - http://localhost:59571 "POST /session/c2c0bb35dc47ae4af76ddacfb45bc519/execute/sync HTTP/1.1" 200 0
2026-08-24 16:24:11 - selenium.webdriver.remote.remote_connection - DEBUG - Remote response: status=200 | data={"value":false} | headers=HTTPHeaderDict({'Content-Length': '15', 'Content-Type': 'application/json; charset=utf-8', 'cache-control': 'no-cache'})
2026-08-24 16:24:11 - selenium.webdriver.remote.remote_connection - DEBUG - Finished Request
2026-08-24 16:24:12 - selenium.webdriver.remote.remote_connection - DEBUG - POST http://localhost:59571/session/c2c0bb35dc47ae4af76ddacfb45bc519/execute/sync {'script': "return document.querySelectorAll('[data-rpa-tag-id]').length > 0", 'args': []}
2026-08-24 16:24:12 - urllib3.connectionpool - DEBUG - http://localhost:59571 "POST /session/c2c0bb35dc47ae4af76ddacfb45bc519/execute/sync HTTP/1.1" 200 0
2026-08-24 16:24:12 - selenium.webdriver.remote.remote_connection - DEBUG - Remote response: status=200 | data={"value":false} | headers=HTTPHeaderDict({'Content-Length': '15', 'Content-Type': 'application/json; charset=utf-8', 'cache-control': 'no-cache'})
2026-08-24 16:24:12 - selenium.webdriver.remote.remote_connection - DEBUG - Finished Request
2026-08-24 16:24:12 - selenium.webdriver.remote.remote_connection - DEBUG - POST http://localhost:59571/session/c2c0bb35dc47ae4af76ddacfb45bc519/execute/sync {'script': "return document.querySelectorAll('[data-rpa-tag-id]').length > 0", 'args': []}
2026-08-24 16:24:12 - urllib3.connectionpool - DEBUG - http://localhost:59571 "POST /session/c2c0bb35dc47ae4af76ddacfb45bc519/execute/sync HTTP/1.1" 200 0
2026-08-24 16:24:12 - selenium.webdriver.remote.remote_connection - DEBUG - Remote response: status=200 | data={"value":false} | headers=HTTPHeaderDict({'Content-Length': '15', 'Content-Type': 'application/json; charset=utf-8', 'cache-control': 'no-cache'})
2026-08-24 16:24:12 - selenium.webdriver.remote.remote_connection - DEBUG - Finished Request
2026-08-24 16:24:13 - selenium.webdriver.remote.remote_connection - DEBUG - POST http://localhost:59571/session/c2c0bb35dc47ae4af76ddacfb45bc519/execute/sync {'script': "return document.querySelectorAll('[data-rpa-tag-id]').length > 0", 'args': []}
2026-08-24 16:24:13 - urllib3.connectionpool - DEBUG - http://localhost:59571 "POST /session/c2c0bb35dc47ae4af76ddacfb45bc519/execute/sync HTTP/1.1" 200 0
2026-08-24 16:24:13 - selenium.webdriver.remote.remote_connection - DEBUG - Remote response: status=200 | data={"value":false} | headers=HTTPHeaderDict({'Content-Length': '15', 'Content-Type': 'application/json; charset=utf-8', 'cache-control': 'no-cache'})
2026-08-24 16:24:13 - selenium.webdriver.remote.remote_connection - DEBUG - Finished Request
2026-08-24 16:24:13 - selenium.webdriver.remote.remote_connection - DEBUG - POST http://localhost:59571/session/c2c0bb35dc47ae4af76ddacfb45bc519/execute/sync {'script': "return document.querySelectorAll('[data-rpa-tag-id]').length > 0", 'args': []}
2026-08-24 16:24:13 - urllib3.connectionpool - DEBUG - http://localhost:59571 "POST /session/c2c0bb35dc47ae4af76ddacfb45bc519/execute/sync HTTP/1.1" 200 0
2026-08-24 16:24:13 - selenium.webdriver.remote.remote_connection - DEBUG - Remote response: status=200 | data={"value":false} | headers=HTTPHeaderDict({'Content-Length': '15', 'Content-Type': 'application/json; charset=utf-8', 'cache-control': 'no-cache'})
2026-08-24 16:24:13 - selenium.webdriver.remote.remote_connection - DEBUG - Finished Request
2026-08-24 16:24:14 - selenium.webdriver.remote.remote_connection - DEBUG - POST http://localhost:59571/session/c2c0bb35dc47ae4af76ddacfb45bc519/execute/sync {'script': "return document.querySelectorAll('[data-rpa-tag-id]').length > 0", 'args': []}
2026-08-24 16:24:14 - urllib3.connectionpool - DEBUG - http://localhost:59571 "POST /session/c2c0bb35dc47ae4af76ddacfb45bc519/execute/sync HTTP/1.1" 200 0
2026-08-24 16:24:14 - selenium.webdriver.remote.remote_connection - DEBUG - Remote response: status=200 | data={"value":false} | headers=HTTPHeaderDict({'Content-Length': '15', 'Content-Type': 'application/json; charset=utf-8', 'cache-control': 'no-cache'})
2026-08-24 16:24:14 - selenium.webdriver.remote.remote_connection - DEBUG - Finished Request
2026-08-24 16:24:14 - selenium.webdriver.remote.remote_connection - DEBUG - POST http://localhost:59571/session/c2c0bb35dc47ae4af76ddacfb45bc519/execute/sync {'script': "return document.querySelectorAll('[data-rpa-tag-id]').length > 0", 'args': []}
2026-08-24 16:24:14 - urllib3.connectionpool - DEBUG - http://localhost:59571 "POST /session/c2c0bb35dc47ae4af76ddacfb45bc519/execute/sync HTTP/1.1" 200 0
2026-08-24 16:24:14 - selenium.webdriver.remote.remote_connection - DEBUG - Remote response: status=200 | data={"value":false} | headers=HTTPHeaderDict({'Content-Length': '15', 'Content-Type': 'application/json; charset=utf-8', 'cache-control': 'no-cache'})
2026-08-24 16:24:14 - selenium.webdriver.remote.remote_connection - DEBUG - Finished Request
2026-08-24 16:24:15 - selenium.webdriver.remote.remote_connection - DEBUG - POST http://localhost:59571/session/c2c0bb35dc47ae4af76ddacfb45bc519/execute/sync {'script': "return document.querySelectorAll('[data-rpa-tag-id]').length > 0", 'args': []}
2026-08-24 16:24:15 - urllib3.connectionpool - DEBUG - http://localhost:59571 "POST /session/c2c0bb35dc47ae4af76ddacfb45bc519/execute/sync HTTP/1.1" 200 0
2026-08-24 16:24:15 - selenium.webdriver.remote.remote_connection - DEBUG - Remote response: status=200 | data={"value":false} | headers=HTTPHeaderDict({'Content-Length': '15', 'Content-Type': 'application/json; charset=utf-8', 'cache-control': 'no-cache'})
2026-08-24 16:24:15 - selenium.webdriver.remote.remote_connection - DEBUG - Finished Request
2026-08-24 16:24:15 - selenium.webdriver.remote.remote_connection - DEBUG - POST http://localhost:59571/session/c2c0bb35dc47ae4af76ddacfb45bc519/execute/sync {'script': "return document.querySelectorAll('[data-rpa-tag-id]').length > 0", 'args': []}
2026-08-24 16:24:15 - urllib3.connectionpool - DEBUG - http://localhost:59571 "POST /session/c2c0bb35dc47ae4af76ddacfb45bc519/execute/sync HTTP/1.1" 200 0
2026-08-24 16:24:15 - selenium.webdriver.remote.remote_connection - DEBUG - Remote response: status=200 | data={"value":false} | headers=HTTPHeaderDict({'Content-Length': '15', 'Content-Type': 'application/json; charset=utf-8', 'cache-control': 'no-cache'})
2026-08-24 16:24:15 - selenium.webdriver.remote.remote_connection - DEBUG - Finished Request
2026-08-24 16:24:16 - selenium.webdriver.remote.remote_connection - DEBUG - POST http://localhost:59571/session/c2c0bb35dc47ae4af76ddacfb45bc519/execute/sync {'script': "return document.querySelectorAll('[data-rpa-tag-id]').length > 0", 'args': []}
2026-08-24 16:24:16 - urllib3.connectionpool - DEBUG - http://localhost:59571 "POST /session/c2c0bb35dc47ae4af76ddacfb45bc519/execute/sync HTTP/1.1" 200 0
2026-08-24 16:24:16 - selenium.webdriver.remote.remote_connection - DEBUG - Remote response: status=200 | data={"value":false} | headers=HTTPHeaderDict({'Content-Length': '15', 'Content-Type': 'application/json; charset=utf-8', 'cache-control': 'no-cache'})
2026-08-24 16:24:16 - selenium.webdriver.remote.remote_connection - DEBUG - Finished Request
2026-08-24 16:24:16 - selenium.webdriver.remote.remote_connection - DEBUG - POST http://localhost:59571/session/c2c0bb35dc47ae4af76ddacfb45bc519/execute/sync {'script': "return document.querySelectorAll('[data-rpa-tag-id]').length > 0", 'args': []}
2026-08-24 16:24:16 - urllib3.connectionpool - DEBUG - http://localhost:59571 "POST /session/c2c0bb35dc47ae4af76ddacfb45bc519/execute/sync HTTP/1.1" 200 0
2026-08-24 16:24:16 - selenium.webdriver.remote.remote_connection - DEBUG - Remote response: status=200 | data={"value":false} | headers=HTTPHeaderDict({'Content-Length': '15', 'Content-Type': 'application/json; charset=utf-8', 'cache-control': 'no-cache'})
2026-08-24 16:24:16 - selenium.webdriver.remote.remote_connection - DEBUG - Finished Request
2026-08-24 16:24:17 - selenium.webdriver.remote.remote_connection - DEBUG - POST http://localhost:59571/session/c2c0bb35dc47ae4af76ddacfb45bc519/execute/sync {'script': "return document.querySelectorAll('[data-rpa-tag-id]').length > 0", 'args': []}
2026-08-24 16:24:17 - urllib3.connectionpool - DEBUG - http://localhost:59571 "POST /session/c2c0bb35dc47ae4af76ddacfb45bc519/execute/sync HTTP/1.1" 200 0
2026-08-24 16:24:17 - selenium.webdriver.remote.remote_connection - DEBUG - Remote response: status=200 | data={"value":false} | headers=HTTPHeaderDict({'Content-Length': '15', 'Content-Type': 'application/json; charset=utf-8', 'cache-control': 'no-cache'})
2026-08-24 16:24:17 - selenium.webdriver.remote.remote_connection - DEBUG - Finished Request
2026-08-24 16:24:18 - selenium.webdriver.remote.remote_connection - DEBUG - POST http://localhost:59571/session/c2c0bb35dc47ae4af76ddacfb45bc519/execute/sync {'script': "return document.querySelectorAll('[data-rpa-tag-id]').length > 0", 'args': []}
2026-08-24 16:24:18 - urllib3.connectionpool - DEBUG - http://localhost:59571 "POST /session/c2c0bb35dc47ae4af76ddacfb45bc519/execute/sync HTTP/1.1" 200 0
2026-08-24 16:24:18 - selenium.webdriver.remote.remote_connection - DEBUG - Remote response: status=200 | data={"value":false} | headers=HTTPHeaderDict({'Content-Length': '15', 'Content-Type': 'application/json; charset=utf-8', 'cache-control': 'no-cache'})
2026-08-24 16:24:18 - selenium.webdriver.remote.remote_connection - DEBUG - Finished Request
2026-08-24 16:24:18 - selenium.webdriver.remote.remote_connection - DEBUG - POST http://localhost:59571/session/c2c0bb35dc47ae4af76ddacfb45bc519/execute/sync {'script': "return document.querySelectorAll('[data-rpa-tag-id]').length > 0", 'args': []}
2026-08-24 16:24:18 - urllib3.connectionpool - DEBUG - http://localhost:59571 "POST /session/c2c0bb35dc47ae4af76ddacfb45bc519/execute/sync HTTP/1.1" 200 0
2026-08-24 16:24:18 - selenium.webdriver.remote.remote_connection - DEBUG - Remote response: status=200 | data={"value":false} | headers=HTTPHeaderDict({'Content-Length': '15', 'Content-Type': 'application/json; charset=utf-8', 'cache-control': 'no-cache'})
2026-08-24 16:24:18 - selenium.webdriver.remote.remote_connection - DEBUG - Finished Request
2026-08-24 16:24:19 - selenium.webdriver.remote.remote_connection - DEBUG - POST http://localhost:59571/session/c2c0bb35dc47ae4af76ddacfb45bc519/execute/sync {'script': "return document.querySelectorAll('[data-rpa-tag-id]').length > 0", 'args': []}
2026-08-24 16:24:19 - urllib3.connectionpool - DEBUG - http://localhost:59571 "POST /session/c2c0bb35dc47ae4af76ddacfb45bc519/execute/sync HTTP/1.1" 200 0
2026-08-24 16:24:19 - selenium.webdriver.remote.remote_connection - DEBUG - Remote response: status=200 | data={"value":false} | headers=HTTPHeaderDict({'Content-Length': '15', 'Content-Type': 'application/json; charset=utf-8', 'cache-control': 'no-cache'})
2026-08-24 16:24:19 - selenium.webdriver.remote.remote_connection - DEBUG - Finished Request
2026-08-24 16:24:19 - selenium.webdriver.remote.remote_connection - DEBUG - POST http://localhost:59571/session/c2c0bb35dc47ae4af76ddacfb45bc519/execute/sync {'script': "return document.querySelectorAll('[data-rpa-tag-id]').length > 0", 'args': []}
2026-08-24 16:24:19 - urllib3.connectionpool - DEBUG - http://localhost:59571 "POST /session/c2c0bb35dc47ae4af76ddacfb45bc519/execute/sync HTTP/1.1" 200 0
2026-08-24 16:24:19 - selenium.webdriver.remote.remote_connection - DEBUG - Remote response: status=200 | data={"value":false} | headers=HTTPHeaderDict({'Content-Length': '15', 'Content-Type': 'application/json; charset=utf-8', 'cache-control': 'no-cache'})
2026-08-24 16:24:19 - selenium.webdriver.remote.remote_connection - DEBUG - Finished Request
2026-08-24 16:24:20 - selenium.webdriver.remote.remote_connection - DEBUG - POST http://localhost:59571/session/c2c0bb35dc47ae4af76ddacfb45bc519/execute/sync {'script': "return document.querySelectorAll('[data-rpa-tag-id]').length > 0", 'args': []}
2026-08-24 16:24:20 - urllib3.connectionpool - DEBUG - http://localhost:59571 "POST /session/c2c0bb35dc47ae4af76ddacfb45bc519/execute/sync HTTP/1.1" 200 0
2026-08-24 16:24:20 - selenium.webdriver.remote.remote_connection - DEBUG - Remote response: status=200 | data={"value":false} | headers=HTTPHeaderDict({'Content-Length': '15', 'Content-Type': 'application/json; charset=utf-8', 'cache-control': 'no-cache'})
2026-08-24 16:24:20 - selenium.webdriver.remote.remote_connection - DEBUG - Finished Request
2026-08-24 16:24:20 - selenium.webdriver.remote.remote_connection - DEBUG - POST http://localhost:59571/session/c2c0bb35dc47ae4af76ddacfb45bc519/execute/sync {'script': "return document.querySelectorAll('[data-rpa-tag-id]').length > 0", 'args': []}
2026-08-24 16:24:20 - urllib3.connectionpool - DEBUG - http://localhost:59571 "POST /session/c2c0bb35dc47ae4af76ddacfb45bc519/execute/sync HTTP/1.1" 200 0
2026-08-24 16:24:20 - selenium.webdriver.remote.remote_connection - DEBUG - Remote response: status=200 | data={"value":false} | headers=HTTPHeaderDict({'Content-Length': '15', 'Content-Type': 'application/json; charset=utf-8', 'cache-control': 'no-cache'})
2026-08-24 16:24:20 - selenium.webdriver.remote.remote_connection - DEBUG - Finished Request
2026-08-24 16:24:21 - selenium.webdriver.remote.remote_connection - DEBUG - POST http://localhost:59571/session/c2c0bb35dc47ae4af76ddacfb45bc519/execute/sync {'script': "return document.querySelectorAll('[data-rpa-tag-id]').length > 0", 'args': []}
2026-08-24 16:24:21 - urllib3.connectionpool - DEBUG - http://localhost:59571 "POST /session/c2c0bb35dc47ae4af76ddacfb45bc519/execute/sync HTTP/1.1" 200 0
2026-08-24 16:24:21 - selenium.webdriver.remote.remote_connection - DEBUG - Remote response: status=200 | data={"value":false} | headers=HTTPHeaderDict({'Content-Length': '15', 'Content-Type': 'application/json; charset=utf-8', 'cache-control': 'no-cache'})
2026-08-24 16:24:21 - selenium.webdriver.remote.remote_connection - DEBUG - Finished Request
2026-08-24 16:24:21 - selenium.webdriver.remote.remote_connection - DEBUG - POST http://localhost:59571/session/c2c0bb35dc47ae4af76ddacfb45bc519/execute/sync {'script': "return document.querySelectorAll('[data-rpa-tag-id]').length > 0", 'args': []}
2026-08-24 16:24:21 - urllib3.connectionpool - DEBUG - http://localhost:59571 "POST /session/c2c0bb35dc47ae4af76ddacfb45bc519/execute/sync HTTP/1.1" 200 0
2026-08-24 16:24:21 - selenium.webdriver.remote.remote_connection - DEBUG - Remote response: status=200 | data={"value":false} | headers=HTTPHeaderDict({'Content-Length': '15', 'Content-Type': 'application/json; charset=utf-8', 'cache-control': 'no-cache'})
2026-08-24 16:24:21 - selenium.webdriver.remote.remote_connection - DEBUG - Finished Request
2026-08-24 16:24:22 - selenium.webdriver.remote.remote_connection - DEBUG - POST http://localhost:59571/session/c2c0bb35dc47ae4af76ddacfb45bc519/execute/sync {'script': "return document.querySelectorAll('[data-rpa-tag-id]').length > 0", 'args': []}
2026-08-24 16:24:22 - urllib3.connectionpool - DEBUG - http://localhost:59571 "POST /session/c2c0bb35dc47ae4af76ddacfb45bc519/execute/sync HTTP/1.1" 200 0
2026-08-24 16:24:22 - selenium.webdriver.remote.remote_connection - DEBUG - Remote response: status=200 | data={"value":false} | headers=HTTPHeaderDict({'Content-Length': '15', 'Content-Type': 'application/json; charset=utf-8', 'cache-control': 'no-cache'})
2026-08-24 16:24:22 - selenium.webdriver.remote.remote_connection - DEBUG - Finished Request
2026-08-24 16:24:22 - selenium.webdriver.remote.remote_connection - DEBUG - POST http://localhost:59571/session/c2c0bb35dc47ae4af76ddacfb45bc519/execute/sync {'script': "return document.querySelectorAll('[data-rpa-tag-id]').length > 0", 'args': []}
2026-08-24 16:24:22 - urllib3.connectionpool - DEBUG - http://localhost:59571 "POST /session/c2c0bb35dc47ae4af76ddacfb45bc519/execute/sync HTTP/1.1" 200 0
2026-08-24 16:24:22 - selenium.webdriver.remote.remote_connection - DEBUG - Remote response: status=200 | data={"value":false} | headers=HTTPHeaderDict({'Content-Length': '15', 'Content-Type': 'application/json; charset=utf-8', 'cache-control': 'no-cache'})
2026-08-24 16:24:22 - selenium.webdriver.remote.remote_connection - DEBUG - Finished Request
2026-08-24 16:24:23 - selenium.webdriver.remote.remote_connection - DEBUG - POST http://localhost:59571/session/c2c0bb35dc47ae4af76ddacfb45bc519/execute/sync {'script': "return document.querySelectorAll('[data-rpa-tag-id]').length > 0", 'args': []}
2026-08-24 16:24:23 - urllib3.connectionpool - DEBUG - http://localhost:59571 "POST /session/c2c0bb35dc47ae4af76ddacfb45bc519/execute/sync HTTP/1.1" 200 0
2026-08-24 16:24:23 - selenium.webdriver.remote.remote_connection - DEBUG - Remote response: status=200 | data={"value":false} | headers=HTTPHeaderDict({'Content-Length': '15', 'Content-Type': 'application/json; charset=utf-8', 'cache-control': 'no-cache'})
2026-08-24 16:24:23 - selenium.webdriver.remote.remote_connection - DEBUG - Finished Request
2026-08-24 16:24:23 - selenium.webdriver.remote.remote_connection - DEBUG - POST http://localhost:59571/session/c2c0bb35dc47ae4af76ddacfb45bc519/execute/sync {'script': "return document.querySelectorAll('[data-rpa-tag-id]').length > 0", 'args': []}
2026-08-24 16:24:23 - urllib3.connectionpool - DEBUG - http://localhost:59571 "POST /session/c2c0bb35dc47ae4af76ddacfb45bc519/execute/sync HTTP/1.1" 200 0
2026-08-24 16:24:23 - selenium.webdriver.remote.remote_connection - DEBUG - Remote response: status=200 | data={"value":false} | headers=HTTPHeaderDict({'Content-Length': '15', 'Content-Type': 'application/json; charset=utf-8', 'cache-control': 'no-cache'})
2026-08-24 16:24:23 - selenium.webdriver.remote.remote_connection - DEBUG - Finished Request
2026-08-24 16:24:24 - selenium.webdriver.remote.remote_connection - DEBUG - POST http://localhost:59571/session/c2c0bb35dc47ae4af76ddacfb45bc519/execute/sync {'script': "return document.querySelectorAll('[data-rpa-tag-id]').length > 0", 'args': []}
2026-08-24 16:24:24 - urllib3.connectionpool - DEBUG - http://localhost:59571 "POST /session/c2c0bb35dc47ae4af76ddacfb45bc519/execute/sync HTTP/1.1" 200 0
2026-08-24 16:24:24 - selenium.webdriver.remote.remote_connection - DEBUG - Remote response: status=200 | data={"value":false} | headers=HTTPHeaderDict({'Content-Length': '15', 'Content-Type': 'application/json; charset=utf-8', 'cache-control': 'no-cache'})
2026-08-24 16:24:24 - selenium.webdriver.remote.remote_connection - DEBUG - Finished Request
2026-08-24 16:24:24 - selenium.webdriver.remote.remote_connection - DEBUG - POST http://localhost:59571/session/c2c0bb35dc47ae4af76ddacfb45bc519/execute/sync {'script': "return document.querySelectorAll('[data-rpa-tag-id]').length > 0", 'args': []}
2026-08-24 16:24:24 - urllib3.connectionpool - DEBUG - http://localhost:59571 "POST /session/c2c0bb35dc47ae4af76ddacfb45bc519/execute/sync HTTP/1.1" 200 0
2026-08-24 16:24:24 - selenium.webdriver.remote.remote_connection - DEBUG - Remote response: status=200 | data={"value":false} | headers=HTTPHeaderDict({'Content-Length': '15', 'Content-Type': 'application/json; charset=utf-8', 'cache-control': 'no-cache'})
2026-08-24 16:24:24 - selenium.webdriver.remote.remote_connection - DEBUG - Finished Request
2026-08-24 16:24:25 - selenium.webdriver.remote.remote_connection - DEBUG - POST http://localhost:59571/session/c2c0bb35dc47ae4af76ddacfb45bc519/execute/sync {'script': "return document.querySelectorAll('[data-rpa-tag-id]').length > 0", 'args': []}
2026-08-24 16:24:25 - urllib3.connectionpool - DEBUG - http://localhost:59571 "POST /session/c2c0bb35dc47ae4af76ddacfb45bc519/execute/sync HTTP/1.1" 200 0
2026-08-24 16:24:25 - selenium.webdriver.remote.remote_connection - DEBUG - Remote response: status=200 | data={"value":false} | headers=HTTPHeaderDict({'Content-Length': '15', 'Content-Type': 'application/json; charset=utf-8', 'cache-control': 'no-cache'})
2026-08-24 16:24:25 - selenium.webdriver.remote.remote_connection - DEBUG - Finished Request
2026-08-24 16:24:25 - selenium.webdriver.remote.remote_connection - DEBUG - POST http://localhost:59571/session/c2c0bb35dc47ae4af76ddacfb45bc519/execute/sync {'script': "return document.querySelectorAll('[data-rpa-tag-id]').length > 0", 'args': []}
2026-08-24 16:24:25 - urllib3.connectionpool - DEBUG - http://localhost:59571 "POST /session/c2c0bb35dc47ae4af76ddacfb45bc519/execute/sync HTTP/1.1" 200 0
2026-08-24 16:24:25 - selenium.webdriver.remote.remote_connection - DEBUG - Remote response: status=200 | data={"value":false} | headers=HTTPHeaderDict({'Content-Length': '15', 'Content-Type': 'application/json; charset=utf-8', 'cache-control': 'no-cache'})
2026-08-24 16:24:25 - selenium.webdriver.remote.remote_connection - DEBUG - Finished Request
2026-08-24 16:24:26 - selenium.webdriver.remote.remote_connection - DEBUG - POST http://localhost:59571/session/c2c0bb35dc47ae4af76ddacfb45bc519/execute/sync {'script': "return document.querySelectorAll('[data-rpa-tag-id]').length > 0", 'args': []}
2026-08-24 16:24:26 - urllib3.connectionpool - DEBUG - http://localhost:59571 "POST /session/c2c0bb35dc47ae4af76ddacfb45bc519/execute/sync HTTP/1.1" 200 0
2026-08-24 16:24:26 - selenium.webdriver.remote.remote_connection - DEBUG - Remote response: status=200 | data={"value":false} | headers=HTTPHeaderDict({'Content-Length': '15', 'Content-Type': 'application/json; charset=utf-8', 'cache-control': 'no-cache'})
2026-08-24 16:24:26 - selenium.webdriver.remote.remote_connection - DEBUG - Finished Request
2026-08-24 16:24:26 - __main__ - ERROR - Page failed to become ready even after refresh
2026-08-24 16:24:26 - __main__ - INFO - Retry 2/3 for VCIT
2026-08-24 16:24:31 - __main__ - INFO - Navigating to https://investor.vanguard.com/etf/profile/overview/vcit
2026-08-24 16:24:31 - selenium.webdriver.remote.remote_connection - DEBUG - POST http://localhost:59571/session/c2c0bb35dc47ae4af76ddacfb45bc519/url {'url': 'https://investor.vanguard.com/etf/profile/overview/vcit'}
2026-08-24 16:24:35 - urllib3.connectionpool - DEBUG - http://localhost:59571 "POST /session/c2c0bb35dc47ae4af76ddacfb45bc519/url HTTP/1.1" 200 0
2026-08-24 16:24:35 - selenium.webdriver.remote.remote_connection - DEBUG - Remote response: status=200 | data={"value":null} | headers=HTTPHeaderDict({'Content-Length': '14', 'Content-Type': 'application/json; charset=utf-8', 'cache-control': 'no-cache'})
2026-08-24 16:24:35 - selenium.webdriver.remote.remote_connection - DEBUG - Finished Request
2026-08-24 16:24:35 - selenium.webdriver.remote.remote_connection - DEBUG - POST http://localhost:59571/session/c2c0bb35dc47ae4af76ddacfb45bc519/execute/sync {'script': "\n                var candidates = [\n                    document.querySelector('#onetrust-accept-btn...", 'args': []}
2026-08-24 16:24:35 - urllib3.connectionpool - DEBUG - http://localhost:59571 "POST /session/c2c0bb35dc47ae4af76ddacfb45bc519/execute/sync HTTP/1.1" 200 0
2026-08-24 16:24:35 - selenium.webdriver.remote.remote_connection - DEBUG - Remote response: status=200 | data={"value":null} | headers=HTTPHeaderDict({'Content-Length': '14', 'Content-Type': 'application/json; charset=utf-8', 'cache-control': 'no-cache'})
2026-08-24 16:24:35 - selenium.webdriver.remote.remote_connection - DEBUG - Finished Request
2026-08-24 16:24:35 - selenium.webdriver.remote.remote_connection - DEBUG - POST http://localhost:59571/session/c2c0bb35dc47ae4af76ddacfb45bc519/execute/sync {'script': "return document.querySelectorAll('[data-rpa-tag-id]').length > 0", 'args': []}
2026-08-24 16:24:35 - urllib3.connectionpool - DEBUG - http://localhost:59571 "POST /session/c2c0bb35dc47ae4af76ddacfb45bc519/execute/sync HTTP/1.1" 200 0
2026-08-24 16:24:35 - selenium.webdriver.remote.remote_connection - DEBUG - Remote response: status=200 | data={"value":false} | headers=HTTPHeaderDict({'Content-Length': '15', 'Content-Type': 'application/json; charset=utf-8', 'cache-control': 'no-cache'})
2026-08-24 16:24:35 - selenium.webdriver.remote.remote_connection - DEBUG - Finished Request
2026-08-24 16:24:35 - selenium.webdriver.remote.remote_connection - DEBUG - POST http://localhost:59571/session/c2c0bb35dc47ae4af76ddacfb45bc519/execute/sync {'script': "return document.querySelectorAll('[data-rpa-tag-id]').length > 0", 'args': []}
2026-08-24 16:24:37 - urllib3.connectionpool - DEBUG - http://localhost:59571 "POST /session/c2c0bb35dc47ae4af76ddacfb45bc519/execute/sync HTTP/1.1" 200 0
2026-08-24 16:24:37 - selenium.webdriver.remote.remote_connection - DEBUG - Remote response: status=200 | data={"value":false} | headers=HTTPHeaderDict({'Content-Length': '15', 'Content-Type': 'application/json; charset=utf-8', 'cache-control': 'no-cache'})
2026-08-24 16:24:37 - selenium.webdriver.remote.remote_connection - DEBUG - Finished Request
2026-08-24 16:24:37 - selenium.webdriver.remote.remote_connection - DEBUG - POST http://localhost:59571/session/c2c0bb35dc47ae4af76ddacfb45bc519/execute/sync {'script': "return document.querySelectorAll('[data-rpa-tag-id]').length > 0", 'args': []}
2026-08-24 16:24:37 - urllib3.connectionpool - DEBUG - http://localhost:59571 "POST /session/c2c0bb35dc47ae4af76ddacfb45bc519/execute/sync HTTP/1.1" 200 0
2026-08-24 16:24:37 - selenium.webdriver.remote.remote_connection - DEBUG - Remote response: status=200 | data={"value":false} | headers=HTTPHeaderDict({'Content-Length': '15', 'Content-Type': 'application/json; charset=utf-8', 'cache-control': 'no-cache'})
2026-08-24 16:24:37 - selenium.webdriver.remote.remote_connection - DEBUG - Finished Request
2026-08-24 16:24:38 - selenium.webdriver.remote.remote_connection - DEBUG - POST http://localhost:59571/session/c2c0bb35dc47ae4af76ddacfb45bc519/execute/sync {'script': "return document.querySelectorAll('[data-rpa-tag-id]').length > 0", 'args': []}
2026-08-24 16:24:38 - urllib3.connectionpool - DEBUG - http://localhost:59571 "POST /session/c2c0bb35dc47ae4af76ddacfb45bc519/execute/sync HTTP/1.1" 200 0
2026-08-24 16:24:38 - selenium.webdriver.remote.remote_connection - DEBUG - Remote response: status=200 | data={"value":false} | headers=HTTPHeaderDict({'Content-Length': '15', 'Content-Type': 'application/json; charset=utf-8', 'cache-control': 'no-cache'})
2026-08-24 16:24:38 - selenium.webdriver.remote.remote_connection - DEBUG - Finished Request
2026-08-24 16:24:38 - selenium.webdriver.remote.remote_connection - DEBUG - POST http://localhost:59571/session/c2c0bb35dc47ae4af76ddacfb45bc519/execute/sync {'script': "return document.querySelectorAll('[data-rpa-tag-id]').length > 0", 'args': []}
2026-08-24 16:24:38 - urllib3.connectionpool - DEBUG - http://localhost:59571 "POST /session/c2c0bb35dc47ae4af76ddacfb45bc519/execute/sync HTTP/1.1" 200 0
2026-08-24 16:24:38 - selenium.webdriver.remote.remote_connection - DEBUG - Remote response: status=200 | data={"value":false} | headers=HTTPHeaderDict({'Content-Length': '15', 'Content-Type': 'application/json; charset=utf-8', 'cache-control': 'no-cache'})
2026-08-24 16:24:38 - selenium.webdriver.remote.remote_connection - DEBUG - Finished Request
2026-08-24 16:24:39 - selenium.webdriver.remote.remote_connection - DEBUG - POST http://localhost:59571/session/c2c0bb35dc47ae4af76ddacfb45bc519/execute/sync {'script': "return document.querySelectorAll('[data-rpa-tag-id]').length > 0", 'args': []}
2026-08-24 16:24:39 - urllib3.connectionpool - DEBUG - http://localhost:59571 "POST /session/c2c0bb35dc47ae4af76ddacfb45bc519/execute/sync HTTP/1.1" 200 0
2026-08-24 16:24:39 - selenium.webdriver.remote.remote_connection - DEBUG - Remote response: status=200 | data={"value":false} | headers=HTTPHeaderDict({'Content-Length': '15', 'Content-Type': 'application/json; charset=utf-8', 'cache-control': 'no-cache'})
2026-08-24 16:24:39 - selenium.webdriver.remote.remote_connection - DEBUG - Finished Request
2026-08-24 16:24:39 - selenium.webdriver.remote.remote_connection - DEBUG - POST http://localhost:59571/session/c2c0bb35dc47ae4af76ddacfb45bc519/execute/sync {'script': "return document.querySelectorAll('[data-rpa-tag-id]').length > 0", 'args': []}
2026-08-24 16:24:39 - urllib3.connectionpool - DEBUG - http://localhost:59571 "POST /session/c2c0bb35dc47ae4af76ddacfb45bc519/execute/sync HTTP/1.1" 200 0
2026-08-24 16:24:39 - selenium.webdriver.remote.remote_connection - DEBUG - Remote response: status=200 | data={"value":false} | headers=HTTPHeaderDict({'Content-Length': '15', 'Content-Type': 'application/json; charset=utf-8', 'cache-control': 'no-cache'})
2026-08-24 16:24:39 - selenium.webdriver.remote.remote_connection - DEBUG - Finished Request
2026-08-24 16:24:40 - selenium.webdriver.remote.remote_connection - DEBUG - POST http://localhost:59571/session/c2c0bb35dc47ae4af76ddacfb45bc519/execute/sync {'script': "return document.querySelectorAll('[data-rpa-tag-id]').length > 0", 'args': []}
2026-08-24 16:24:40 - urllib3.connectionpool - DEBUG - http://localhost:59571 "POST /session/c2c0bb35dc47ae4af76ddacfb45bc519/execute/sync HTTP/1.1" 200 0
2026-08-24 16:24:40 - selenium.webdriver.remote.remote_connection - DEBUG - Remote response: status=200 | data={"value":false} | headers=HTTPHeaderDict({'Content-Length': '15', 'Content-Type': 'application/json; charset=utf-8', 'cache-control': 'no-cache'})
2026-08-24 16:24:40 - selenium.webdriver.remote.remote_connection - DEBUG - Finished Request
2026-08-24 16:24:40 - selenium.webdriver.remote.remote_connection - DEBUG - POST http://localhost:59571/session/c2c0bb35dc47ae4af76ddacfb45bc519/execute/sync {'script': "return document.querySelectorAll('[data-rpa-tag-id]').length > 0", 'args': []}
2026-08-24 16:24:40 - urllib3.connectionpool - DEBUG - http://localhost:59571 "POST /session/c2c0bb35dc47ae4af76ddacfb45bc519/execute/sync HTTP/1.1" 200 0
2026-08-24 16:24:40 - selenium.webdriver.remote.remote_connection - DEBUG - Remote response: status=200 | data={"value":false} | headers=HTTPHeaderDict({'Content-Length': '15', 'Content-Type': 'application/json; charset=utf-8', 'cache-control': 'no-cache'})
2026-08-24 16:24:40 - selenium.webdriver.remote.remote_connection - DEBUG - Finished Request
2026-08-24 16:24:41 - selenium.webdriver.remote.remote_connection - DEBUG - POST http://localhost:59571/session/c2c0bb35dc47ae4af76ddacfb45bc519/execute/sync {'script': "return document.querySelectorAll('[data-rpa-tag-id]').length > 0", 'args': []}
2026-08-24 16:24:41 - urllib3.connectionpool - DEBUG - http://localhost:59571 "POST /session/c2c0bb35dc47ae4af76ddacfb45bc519/execute/sync HTTP/1.1" 200 0
2026-08-24 16:24:41 - selenium.webdriver.remote.remote_connection - DEBUG - Remote response: status=200 | data={"value":false} | headers=HTTPHeaderDict({'Content-Length': '15', 'Content-Type': 'application/json; charset=utf-8', 'cache-control': 'no-cache'})
2026-08-24 16:24:41 - selenium.webdriver.remote.remote_connection - DEBUG - Finished Request
2026-08-24 16:24:41 - selenium.webdriver.remote.remote_connection - DEBUG - POST http://localhost:59571/session/c2c0bb35dc47ae4af76ddacfb45bc519/execute/sync {'script': "return document.querySelectorAll('[data-rpa-tag-id]').length > 0", 'args': []}
2026-08-24 16:24:41 - urllib3.connectionpool - DEBUG - http://localhost:59571 "POST /session/c2c0bb35dc47ae4af76ddacfb45bc519/execute/sync HTTP/1.1" 200 0
2026-08-24 16:24:41 - selenium.webdriver.remote.remote_connection - DEBUG - Remote response: status=200 | data={"value":false} | headers=HTTPHeaderDict({'Content-Length': '15', 'Content-Type': 'application/json; charset=utf-8', 'cache-control': 'no-cache'})
2026-08-24 16:24:41 - selenium.webdriver.remote.remote_connection - DEBUG - Finished Request
2026-08-24 16:24:42 - selenium.webdriver.remote.remote_connection - DEBUG - POST http://localhost:59571/session/c2c0bb35dc47ae4af76ddacfb45bc519/execute/sync {'script': "return document.querySelectorAll('[data-rpa-tag-id]').length > 0", 'args': []}
2026-08-24 16:24:42 - urllib3.connectionpool - DEBUG - http://localhost:59571 "POST /session/c2c0bb35dc47ae4af76ddacfb45bc519/execute/sync HTTP/1.1" 200 0
2026-08-24 16:24:42 - selenium.webdriver.remote.remote_connection - DEBUG - Remote response: status=200 | data={"value":false} | headers=HTTPHeaderDict({'Content-Length': '15', 'Content-Type': 'application/json; charset=utf-8', 'cache-control': 'no-cache'})
2026-08-24 16:24:42 - selenium.webdriver.remote.remote_connection - DEBUG - Finished Request
2026-08-24 16:24:43 - selenium.webdriver.remote.remote_connection - DEBUG - POST http://localhost:59571/session/c2c0bb35dc47ae4af76ddacfb45bc519/execute/sync {'script': "return document.querySelectorAll('[data-rpa-tag-id]').length > 0", 'args': []}
2026-08-24 16:24:43 - urllib3.connectionpool - DEBUG - http://localhost:59571 "POST /session/c2c0bb35dc47ae4af76ddacfb45bc519/execute/sync HTTP/1.1" 200 0
2026-08-24 16:24:43 - selenium.webdriver.remote.remote_connection - DEBUG - Remote response: status=200 | data={"value":false} | headers=HTTPHeaderDict({'Content-Length': '15', 'Content-Type': 'application/json; charset=utf-8', 'cache-control': 'no-cache'})
2026-08-24 16:24:43 - selenium.webdriver.remote.remote_connection - DEBUG - Finished Request
2026-08-24 16:24:43 - selenium.webdriver.remote.remote_connection - DEBUG - POST http://localhost:59571/session/c2c0bb35dc47ae4af76ddacfb45bc519/execute/sync {'script': "return document.querySelectorAll('[data-rpa-tag-id]').length > 0", 'args': []}
2026-08-24 16:24:43 - urllib3.connectionpool - DEBUG - http://localhost:59571 "POST /session/c2c0bb35dc47ae4af76ddacfb45bc519/execute/sync HTTP/1.1" 200 0
2026-08-24 16:24:43 - selenium.webdriver.remote.remote_connection - DEBUG - Remote response: status=200 | data={"value":false} | headers=HTTPHeaderDict({'Content-Length': '15', 'Content-Type': 'application/json; charset=utf-8', 'cache-control': 'no-cache'})
2026-08-24 16:24:43 - selenium.webdriver.remote.remote_connection - DEBUG - Finished Request
2026-08-24 16:24:44 - selenium.webdriver.remote.remote_connection - DEBUG - POST http://localhost:59571/session/c2c0bb35dc47ae4af76ddacfb45bc519/execute/sync {'script': "return document.querySelectorAll('[data-rpa-tag-id]').length > 0", 'args': []}
2026-08-24 16:24:44 - urllib3.connectionpool - DEBUG - http://localhost:59571 "POST /session/c2c0bb35dc47ae4af76ddacfb45bc519/execute/sync HTTP/1.1" 200 0
2026-08-24 16:24:44 - selenium.webdriver.remote.remote_connection - DEBUG - Remote response: status=200 | data={"value":false} | headers=HTTPHeaderDict({'Content-Length': '15', 'Content-Type': 'application/json; charset=utf-8', 'cache-control': 'no-cache'})
2026-08-24 16:24:44 - selenium.webdriver.remote.remote_connection - DEBUG - Finished Request
2026-08-24 16:24:44 - selenium.webdriver.remote.remote_connection - DEBUG - POST http://localhost:59571/session/c2c0bb35dc47ae4af76ddacfb45bc519/execute/sync {'script': "return document.querySelectorAll('[data-rpa-tag-id]').length > 0", 'args': []}
2026-08-24 16:24:44 - urllib3.connectionpool - DEBUG - http://localhost:59571 "POST /session/c2c0bb35dc47ae4af76ddacfb45bc519/execute/sync HTTP/1.1" 200 0
2026-08-24 16:24:44 - selenium.webdriver.remote.remote_connection - DEBUG - Remote response: status=200 | data={"value":false} | headers=HTTPHeaderDict({'Content-Length': '15', 'Content-Type': 'application/json; charset=utf-8', 'cache-control': 'no-cache'})
2026-08-24 16:24:44 - selenium.webdriver.remote.remote_connection - DEBUG - Finished Request
2026-08-24 16:24:45 - selenium.webdriver.remote.remote_connection - DEBUG - POST http://localhost:59571/session/c2c0bb35dc47ae4af76ddacfb45bc519/execute/sync {'script': "return document.querySelectorAll('[data-rpa-tag-id]').length > 0", 'args': []}
2026-08-24 16:24:45 - urllib3.connectionpool - DEBUG - http://localhost:59571 "POST /session/c2c0bb35dc47ae4af76ddacfb45bc519/execute/sync HTTP/1.1" 200 0
2026-08-24 16:24:45 - selenium.webdriver.remote.remote_connection - DEBUG - Remote response: status=200 | data={"value":false} | headers=HTTPHeaderDict({'Content-Length': '15', 'Content-Type': 'application/json; charset=utf-8', 'cache-control': 'no-cache'})
2026-08-24 16:24:45 - selenium.webdriver.remote.remote_connection - DEBUG - Finished Request
2026-08-24 16:24:45 - selenium.webdriver.remote.remote_connection - DEBUG - POST http://localhost:59571/session/c2c0bb35dc47ae4af76ddacfb45bc519/execute/sync {'script': "return document.querySelectorAll('[data-rpa-tag-id]').length > 0", 'args': []}
2026-08-24 16:24:45 - urllib3.connectionpool - DEBUG - http://localhost:59571 "POST /session/c2c0bb35dc47ae4af76ddacfb45bc519/execute/sync HTTP/1.1" 200 0
2026-08-24 16:24:45 - selenium.webdriver.remote.remote_connection - DEBUG - Remote response: status=200 | data={"value":false} | headers=HTTPHeaderDict({'Content-Length': '15', 'Content-Type': 'application/json; charset=utf-8', 'cache-control': 'no-cache'})
2026-08-24 16:24:45 - selenium.webdriver.remote.remote_connection - DEBUG - Finished Request
2026-08-24 16:24:46 - selenium.webdriver.remote.remote_connection - DEBUG - POST http://localhost:59571/session/c2c0bb35dc47ae4af76ddacfb45bc519/execute/sync {'script': "return document.querySelectorAll('[data-rpa-tag-id]').length > 0", 'args': []}
2026-08-24 16:24:46 - urllib3.connectionpool - DEBUG - http://localhost:59571 "POST /session/c2c0bb35dc47ae4af76ddacfb45bc519/execute/sync HTTP/1.1" 200 0
2026-08-24 16:24:46 - selenium.webdriver.remote.remote_connection - DEBUG - Remote response: status=200 | data={"value":false} | headers=HTTPHeaderDict({'Content-Length': '15', 'Content-Type': 'application/json; charset=utf-8', 'cache-control': 'no-cache'})
2026-08-24 16:24:46 - selenium.webdriver.remote.remote_connection - DEBUG - Finished Request
2026-08-24 16:24:46 - selenium.webdriver.remote.remote_connection - DEBUG - POST http://localhost:59571/session/c2c0bb35dc47ae4af76ddacfb45bc519/execute/sync {'script': "return document.querySelectorAll('[data-rpa-tag-id]').length > 0", 'args': []}
2026-08-24 16:24:46 - urllib3.connectionpool - DEBUG - http://localhost:59571 "POST /session/c2c0bb35dc47ae4af76ddacfb45bc519/execute/sync HTTP/1.1" 200 0
2026-08-24 16:24:46 - selenium.webdriver.remote.remote_connection - DEBUG - Remote response: status=200 | data={"value":false} | headers=HTTPHeaderDict({'Content-Length': '15', 'Content-Type': 'application/json; charset=utf-8', 'cache-control': 'no-cache'})
2026-08-24 16:24:46 - selenium.webdriver.remote.remote_connection - DEBUG - Finished Request
2026-08-24 16:24:47 - selenium.webdriver.remote.remote_connection - DEBUG - POST http://localhost:59571/session/c2c0bb35dc47ae4af76ddacfb45bc519/execute/sync {'script': "return document.querySelectorAll('[data-rpa-tag-id]').length > 0", 'args': []}
2026-08-24 16:24:47 - urllib3.connectionpool - DEBUG - http://localhost:59571 "POST /session/c2c0bb35dc47ae4af76ddacfb45bc519/execute/sync HTTP/1.1" 200 0
2026-08-24 16:24:47 - selenium.webdriver.remote.remote_connection - DEBUG - Remote response: status=200 | data={"value":false} | headers=HTTPHeaderDict({'Content-Length': '15', 'Content-Type': 'application/json; charset=utf-8', 'cache-control': 'no-cache'})
2026-08-24 16:24:47 - selenium.webdriver.remote.remote_connection - DEBUG - Finished Request
2026-08-24 16:24:47 - selenium.webdriver.remote.remote_connection - DEBUG - POST http://localhost:59571/session/c2c0bb35dc47ae4af76ddacfb45bc519/execute/sync {'script': "return document.querySelectorAll('[data-rpa-tag-id]').length > 0", 'args': []}
2026-08-24 16:24:47 - urllib3.connectionpool - DEBUG - http://localhost:59571 "POST /session/c2c0bb35dc47ae4af76ddacfb45bc519/execute/sync HTTP/1.1" 200 0
2026-08-24 16:24:47 - selenium.webdriver.remote.remote_connection - DEBUG - Remote response: status=200 | data={"value":false} | headers=HTTPHeaderDict({'Content-Length': '15', 'Content-Type': 'application/json; charset=utf-8', 'cache-control': 'no-cache'})
2026-08-24 16:24:47 - selenium.webdriver.remote.remote_connection - DEBUG - Finished Request
2026-08-24 16:24:48 - selenium.webdriver.remote.remote_connection - DEBUG - POST http://localhost:59571/session/c2c0bb35dc47ae4af76ddacfb45bc519/execute/sync {'script': "return document.querySelectorAll('[data-rpa-tag-id]').length > 0", 'args': []}
2026-08-24 16:24:48 - urllib3.connectionpool - DEBUG - http://localhost:59571 "POST /session/c2c0bb35dc47ae4af76ddacfb45bc519/execute/sync HTTP/1.1" 200 0
2026-08-24 16:24:48 - selenium.webdriver.remote.remote_connection - DEBUG - Remote response: status=200 | data={"value":false} | headers=HTTPHeaderDict({'Content-Length': '15', 'Content-Type': 'application/json; charset=utf-8', 'cache-control': 'no-cache'})
2026-08-24 16:24:48 - selenium.webdriver.remote.remote_connection - DEBUG - Finished Request
2026-08-24 16:24:48 - selenium.webdriver.remote.remote_connection - DEBUG - POST http://localhost:59571/session/c2c0bb35dc47ae4af76ddacfb45bc519/execute/sync {'script': "return document.querySelectorAll('[data-rpa-tag-id]').length > 0", 'args': []}
2026-08-24 16:24:48 - urllib3.connectionpool - DEBUG - http://localhost:59571 "POST /session/c2c0bb35dc47ae4af76ddacfb45bc519/execute/sync HTTP/1.1" 200 0
2026-08-24 16:24:48 - selenium.webdriver.remote.remote_connection - DEBUG - Remote response: status=200 | data={"value":false} | headers=HTTPHeaderDict({'Content-Length': '15', 'Content-Type': 'application/json; charset=utf-8', 'cache-control': 'no-cache'})
2026-08-24 16:24:48 - selenium.webdriver.remote.remote_connection - DEBUG - Finished Request
2026-08-24 16:24:49 - selenium.webdriver.remote.remote_connection - DEBUG - POST http://localhost:59571/session/c2c0bb35dc47ae4af76ddacfb45bc519/execute/sync {'script': "return document.querySelectorAll('[data-rpa-tag-id]').length > 0", 'args': []}
2026-08-24 16:24:49 - urllib3.connectionpool - DEBUG - http://localhost:59571 "POST /session/c2c0bb35dc47ae4af76ddacfb45bc519/execute/sync HTTP/1.1" 200 0
2026-08-24 16:24:49 - selenium.webdriver.remote.remote_connection - DEBUG - Remote response: status=200 | data={"value":false} | headers=HTTPHeaderDict({'Content-Length': '15', 'Content-Type': 'application/json; charset=utf-8', 'cache-control': 'no-cache'})
2026-08-24 16:24:49 - selenium.webdriver.remote.remote_connection - DEBUG - Finished Request
2026-08-24 16:24:49 - selenium.webdriver.remote.remote_connection - DEBUG - POST http://localhost:59571/session/c2c0bb35dc47ae4af76ddacfb45bc519/execute/sync {'script': "return document.querySelectorAll('[data-rpa-tag-id]').length > 0", 'args': []}
2026-08-24 16:24:49 - urllib3.connectionpool - DEBUG - http://localhost:59571 "POST /session/c2c0bb35dc47ae4af76ddacfb45bc519/execute/sync HTTP/1.1" 200 0
2026-08-24 16:24:49 - selenium.webdriver.remote.remote_connection - DEBUG - Remote response: status=200 | data={"value":false} | headers=HTTPHeaderDict({'Content-Length': '15', 'Content-Type': 'application/json; charset=utf-8', 'cache-control': 'no-cache'})
2026-08-24 16:24:49 - selenium.webdriver.remote.remote_connection - DEBUG - Finished Request
2026-08-24 16:24:50 - selenium.webdriver.remote.remote_connection - DEBUG - POST http://localhost:59571/session/c2c0bb35dc47ae4af76ddacfb45bc519/execute/sync {'script': "return document.querySelectorAll('[data-rpa-tag-id]').length > 0", 'args': []}
2026-08-24 16:24:50 - urllib3.connectionpool - DEBUG - http://localhost:59571 "POST /session/c2c0bb35dc47ae4af76ddacfb45bc519/execute/sync HTTP/1.1" 200 0
2026-08-24 16:24:50 - selenium.webdriver.remote.remote_connection - DEBUG - Remote response: status=200 | data={"value":false} | headers=HTTPHeaderDict({'Content-Length': '15', 'Content-Type': 'application/json; charset=utf-8', 'cache-control': 'no-cache'})
2026-08-24 16:24:50 - selenium.webdriver.remote.remote_connection - DEBUG - Finished Request
2026-08-24 16:24:50 - selenium.webdriver.remote.remote_connection - DEBUG - POST http://localhost:59571/session/c2c0bb35dc47ae4af76ddacfb45bc519/execute/sync {'script': "return document.querySelectorAll('[data-rpa-tag-id]').length > 0", 'args': []}
2026-08-24 16:24:50 - urllib3.connectionpool - DEBUG - http://localhost:59571 "POST /session/c2c0bb35dc47ae4af76ddacfb45bc519/execute/sync HTTP/1.1" 200 0
2026-08-24 16:24:50 - selenium.webdriver.remote.remote_connection - DEBUG - Remote response: status=200 | data={"value":false} | headers=HTTPHeaderDict({'Content-Length': '15', 'Content-Type': 'application/json; charset=utf-8', 'cache-control': 'no-cache'})
2026-08-24 16:24:50 - selenium.webdriver.remote.remote_connection - DEBUG - Finished Request
2026-08-24 16:24:51 - selenium.webdriver.remote.remote_connection - DEBUG - POST http://localhost:59571/session/c2c0bb35dc47ae4af76ddacfb45bc519/execute/sync {'script': "return document.querySelectorAll('[data-rpa-tag-id]').length > 0", 'args': []}
2026-08-24 16:24:51 - urllib3.connectionpool - DEBUG - http://localhost:59571 "POST /session/c2c0bb35dc47ae4af76ddacfb45bc519/execute/sync HTTP/1.1" 200 0
2026-08-24 16:24:51 - selenium.webdriver.remote.remote_connection - DEBUG - Remote response: status=200 | data={"value":false} | headers=HTTPHeaderDict({'Content-Length': '15', 'Content-Type': 'application/json; charset=utf-8', 'cache-control': 'no-cache'})
2026-08-24 16:24:51 - selenium.webdriver.remote.remote_connection - DEBUG - Finished Request
2026-08-24 16:24:51 - selenium.webdriver.remote.remote_connection - DEBUG - POST http://localhost:59571/session/c2c0bb35dc47ae4af76ddacfb45bc519/execute/sync {'script': "return document.querySelectorAll('[data-rpa-tag-id]').length > 0", 'args': []}
2026-08-24 16:24:51 - urllib3.connectionpool - DEBUG - http://localhost:59571 "POST /session/c2c0bb35dc47ae4af76ddacfb45bc519/execute/sync HTTP/1.1" 200 0
2026-08-24 16:24:51 - selenium.webdriver.remote.remote_connection - DEBUG - Remote response: status=200 | data={"value":false} | headers=HTTPHeaderDict({'Content-Length': '15', 'Content-Type': 'application/json; charset=utf-8', 'cache-control': 'no-cache'})
2026-08-24 16:24:51 - selenium.webdriver.remote.remote_connection - DEBUG - Finished Request
2026-08-24 16:24:52 - selenium.webdriver.remote.remote_connection - DEBUG - POST http://localhost:59571/session/c2c0bb35dc47ae4af76ddacfb45bc519/execute/sync {'script': "return document.querySelectorAll('[data-rpa-tag-id]').length > 0", 'args': []}
2026-08-24 16:24:52 - urllib3.connectionpool - DEBUG - http://localhost:59571 "POST /session/c2c0bb35dc47ae4af76ddacfb45bc519/execute/sync HTTP/1.1" 200 0
2026-08-24 16:24:52 - selenium.webdriver.remote.remote_connection - DEBUG - Remote response: status=200 | data={"value":false} | headers=HTTPHeaderDict({'Content-Length': '15', 'Content-Type': 'application/json; charset=utf-8', 'cache-control': 'no-cache'})
2026-08-24 16:24:52 - selenium.webdriver.remote.remote_connection - DEBUG - Finished Request
2026-08-24 16:24:52 - selenium.webdriver.remote.remote_connection - DEBUG - POST http://localhost:59571/session/c2c0bb35dc47ae4af76ddacfb45bc519/execute/sync {'script': "return document.querySelectorAll('[data-rpa-tag-id]').length > 0", 'args': []}
2026-08-24 16:24:53 - urllib3.connectionpool - DEBUG - http://localhost:59571 "POST /session/c2c0bb35dc47ae4af76ddacfb45bc519/execute/sync HTTP/1.1" 200 0
2026-08-24 16:24:53 - selenium.webdriver.remote.remote_connection - DEBUG - Remote response: status=200 | data={"value":false} | headers=HTTPHeaderDict({'Content-Length': '15', 'Content-Type': 'application/json; charset=utf-8', 'cache-control': 'no-cache'})
2026-08-24 16:24:53 - selenium.webdriver.remote.remote_connection - DEBUG - Finished Request
2026-08-24 16:24:53 - selenium.webdriver.remote.remote_connection - DEBUG - POST http://localhost:59571/session/c2c0bb35dc47ae4af76ddacfb45bc519/execute/sync {'script': "return document.querySelectorAll('[data-rpa-tag-id]').length > 0", 'args': []}
2026-08-24 16:24:53 - urllib3.connectionpool - DEBUG - http://localhost:59571 "POST /session/c2c0bb35dc47ae4af76ddacfb45bc519/execute/sync HTTP/1.1" 200 0
2026-08-24 16:24:53 - selenium.webdriver.remote.remote_connection - DEBUG - Remote response: status=200 | data={"value":false} | headers=HTTPHeaderDict({'Content-Length': '15', 'Content-Type': 'application/json; charset=utf-8', 'cache-control': 'no-cache'})
2026-08-24 16:24:53 - selenium.webdriver.remote.remote_connection - DEBUG - Finished Request
2026-08-24 16:24:54 - selenium.webdriver.remote.remote_connection - DEBUG - POST http://localhost:59571/session/c2c0bb35dc47ae4af76ddacfb45bc519/execute/sync {'script': "return document.querySelectorAll('[data-rpa-tag-id]').length > 0", 'args': []}
2026-08-24 16:24:54 - urllib3.connectionpool - DEBUG - http://localhost:59571 "POST /session/c2c0bb35dc47ae4af76ddacfb45bc519/execute/sync HTTP/1.1" 200 0
2026-08-24 16:24:54 - selenium.webdriver.remote.remote_connection - DEBUG - Remote response: status=200 | data={"value":false} | headers=HTTPHeaderDict({'Content-Length': '15', 'Content-Type': 'application/json; charset=utf-8', 'cache-control': 'no-cache'})
2026-08-24 16:24:54 - selenium.webdriver.remote.remote_connection - DEBUG - Finished Request
2026-08-24 16:24:54 - selenium.webdriver.remote.remote_connection - DEBUG - POST http://localhost:59571/session/c2c0bb35dc47ae4af76ddacfb45bc519/execute/sync {'script': "return document.querySelectorAll('[data-rpa-tag-id]').length > 0", 'args': []}
2026-08-24 16:24:54 - urllib3.connectionpool - DEBUG - http://localhost:59571 "POST /session/c2c0bb35dc47ae4af76ddacfb45bc519/execute/sync HTTP/1.1" 200 0
2026-08-24 16:24:54 - selenium.webdriver.remote.remote_connection - DEBUG - Remote response: status=200 | data={"value":false} | headers=HTTPHeaderDict({'Content-Length': '15', 'Content-Type': 'application/json; charset=utf-8', 'cache-control': 'no-cache'})
2026-08-24 16:24:54 - selenium.webdriver.remote.remote_connection - DEBUG - Finished Request
2026-08-24 16:24:55 - selenium.webdriver.remote.remote_connection - DEBUG - POST http://localhost:59571/session/c2c0bb35dc47ae4af76ddacfb45bc519/execute/sync {'script': "return document.querySelectorAll('[data-rpa-tag-id]').length > 0", 'args': []}
2026-08-24 16:24:55 - urllib3.connectionpool - DEBUG - http://localhost:59571 "POST /session/c2c0bb35dc47ae4af76ddacfb45bc519/execute/sync HTTP/1.1" 200 0
2026-08-24 16:24:55 - selenium.webdriver.remote.remote_connection - DEBUG - Remote response: status=200 | data={"value":false} | headers=HTTPHeaderDict({'Content-Length': '15', 'Content-Type': 'application/json; charset=utf-8', 'cache-control': 'no-cache'})
2026-08-24 16:24:55 - selenium.webdriver.remote.remote_connection - DEBUG - Finished Request
2026-08-24 16:24:55 - selenium.webdriver.remote.remote_connection - DEBUG - POST http://localhost:59571/session/c2c0bb35dc47ae4af76ddacfb45bc519/execute/sync {'script': "return document.querySelectorAll('[data-rpa-tag-id]').length > 0", 'args': []}
2026-08-24 16:24:55 - urllib3.connectionpool - DEBUG - http://localhost:59571 "POST /session/c2c0bb35dc47ae4af76ddacfb45bc519/execute/sync HTTP/1.1" 200 0
2026-08-24 16:24:55 - selenium.webdriver.remote.remote_connection - DEBUG - Remote response: status=200 | data={"value":false} | headers=HTTPHeaderDict({'Content-Length': '15', 'Content-Type': 'application/json; charset=utf-8', 'cache-control': 'no-cache'})
2026-08-24 16:24:55 - selenium.webdriver.remote.remote_connection - DEBUG - Finished Request
2026-08-24 16:24:56 - selenium.webdriver.remote.remote_connection - DEBUG - POST http://localhost:59571/session/c2c0bb35dc47ae4af76ddacfb45bc519/execute/sync {'script': "return document.querySelectorAll('[data-rpa-tag-id]').length > 0", 'args': []}
2026-08-24 16:24:56 - urllib3.connectionpool - DEBUG - http://localhost:59571 "POST /session/c2c0bb35dc47ae4af76ddacfb45bc519/execute/sync HTTP/1.1" 200 0
2026-08-24 16:24:56 - selenium.webdriver.remote.remote_connection - DEBUG - Remote response: status=200 | data={"value":false} | headers=HTTPHeaderDict({'Content-Length': '15', 'Content-Type': 'application/json; charset=utf-8', 'cache-control': 'no-cache'})
2026-08-24 16:24:56 - selenium.webdriver.remote.remote_connection - DEBUG - Finished Request
2026-08-24 16:24:56 - selenium.webdriver.remote.remote_connection - DEBUG - POST http://localhost:59571/session/c2c0bb35dc47ae4af76ddacfb45bc519/execute/sync {'script': "return document.querySelectorAll('[data-rpa-tag-id]').length > 0", 'args': []}
2026-08-24 16:24:56 - urllib3.connectionpool - DEBUG - http://localhost:59571 "POST /session/c2c0bb35dc47ae4af76ddacfb45bc519/execute/sync HTTP/1.1" 200 0
2026-08-24 16:24:56 - selenium.webdriver.remote.remote_connection - DEBUG - Remote response: status=200 | data={"value":false} | headers=HTTPHeaderDict({'Content-Length': '15', 'Content-Type': 'application/json; charset=utf-8', 'cache-control': 'no-cache'})
2026-08-24 16:24:56 - selenium.webdriver.remote.remote_connection - DEBUG - Finished Request
2026-08-24 16:24:57 - selenium.webdriver.remote.remote_connection - DEBUG - POST http://localhost:59571/session/c2c0bb35dc47ae4af76ddacfb45bc519/execute/sync {'script': "return document.querySelectorAll('[data-rpa-tag-id]').length > 0", 'args': []}
2026-08-24 16:24:57 - urllib3.connectionpool - DEBUG - http://localhost:59571 "POST /session/c2c0bb35dc47ae4af76ddacfb45bc519/execute/sync HTTP/1.1" 200 0
2026-08-24 16:24:57 - selenium.webdriver.remote.remote_connection - DEBUG - Remote response: status=200 | data={"value":false} | headers=HTTPHeaderDict({'Content-Length': '15', 'Content-Type': 'application/json; charset=utf-8', 'cache-control': 'no-cache'})
2026-08-24 16:24:57 - selenium.webdriver.remote.remote_connection - DEBUG - Finished Request
2026-08-24 16:24:57 - selenium.webdriver.remote.remote_connection - DEBUG - POST http://localhost:59571/session/c2c0bb35dc47ae4af76ddacfb45bc519/execute/sync {'script': "return document.querySelectorAll('[data-rpa-tag-id]').length > 0", 'args': []}
2026-08-24 16:24:57 - urllib3.connectionpool - DEBUG - http://localhost:59571 "POST /session/c2c0bb35dc47ae4af76ddacfb45bc519/execute/sync HTTP/1.1" 200 0
2026-08-24 16:24:57 - selenium.webdriver.remote.remote_connection - DEBUG - Remote response: status=200 | data={"value":false} | headers=HTTPHeaderDict({'Content-Length': '15', 'Content-Type': 'application/json; charset=utf-8', 'cache-control': 'no-cache'})
2026-08-24 16:24:57 - selenium.webdriver.remote.remote_connection - DEBUG - Finished Request
2026-08-24 16:24:58 - selenium.webdriver.remote.remote_connection - DEBUG - POST http://localhost:59571/session/c2c0bb35dc47ae4af76ddacfb45bc519/execute/sync {'script': "return document.querySelectorAll('[data-rpa-tag-id]').length > 0", 'args': []}
2026-08-24 16:24:58 - urllib3.connectionpool - DEBUG - http://localhost:59571 "POST /session/c2c0bb35dc47ae4af76ddacfb45bc519/execute/sync HTTP/1.1" 200 0
2026-08-24 16:24:58 - selenium.webdriver.remote.remote_connection - DEBUG - Remote response: status=200 | data={"value":false} | headers=HTTPHeaderDict({'Content-Length': '15', 'Content-Type': 'application/json; charset=utf-8', 'cache-control': 'no-cache'})
2026-08-24 16:24:58 - selenium.webdriver.remote.remote_connection - DEBUG - Finished Request
2026-08-24 16:24:58 - selenium.webdriver.remote.remote_connection - DEBUG - POST http://localhost:59571/session/c2c0bb35dc47ae4af76ddacfb45bc519/execute/sync {'script': "return document.querySelectorAll('[data-rpa-tag-id]').length > 0", 'args': []}
2026-08-24 16:24:58 - urllib3.connectionpool - DEBUG - http://localhost:59571 "POST /session/c2c0bb35dc47ae4af76ddacfb45bc519/execute/sync HTTP/1.1" 200 0
2026-08-24 16:24:58 - selenium.webdriver.remote.remote_connection - DEBUG - Remote response: status=200 | data={"value":false} | headers=HTTPHeaderDict({'Content-Length': '15', 'Content-Type': 'application/json; charset=utf-8', 'cache-control': 'no-cache'})
2026-08-24 16:24:58 - selenium.webdriver.remote.remote_connection - DEBUG - Finished Request
2026-08-24 16:24:59 - selenium.webdriver.remote.remote_connection - DEBUG - POST http://localhost:59571/session/c2c0bb35dc47ae4af76ddacfb45bc519/execute/sync {'script': "return document.querySelectorAll('[data-rpa-tag-id]').length > 0", 'args': []}
2026-08-24 16:24:59 - urllib3.connectionpool - DEBUG - http://localhost:59571 "POST /session/c2c0bb35dc47ae4af76ddacfb45bc519/execute/sync HTTP/1.1" 200 0
2026-08-24 16:24:59 - selenium.webdriver.remote.remote_connection - DEBUG - Remote response: status=200 | data={"value":false} | headers=HTTPHeaderDict({'Content-Length': '15', 'Content-Type': 'application/json; charset=utf-8', 'cache-control': 'no-cache'})
2026-08-24 16:24:59 - selenium.webdriver.remote.remote_connection - DEBUG - Finished Request
2026-08-24 16:24:59 - selenium.webdriver.remote.remote_connection - DEBUG - POST http://localhost:59571/session/c2c0bb35dc47ae4af76ddacfb45bc519/execute/sync {'script': "return document.querySelectorAll('[data-rpa-tag-id]').length > 0", 'args': []}
2026-08-24 16:24:59 - urllib3.connectionpool - DEBUG - http://localhost:59571 "POST /session/c2c0bb35dc47ae4af76ddacfb45bc519/execute/sync HTTP/1.1" 200 0
2026-08-24 16:24:59 - selenium.webdriver.remote.remote_connection - DEBUG - Remote response: status=200 | data={"value":false} | headers=HTTPHeaderDict({'Content-Length': '15', 'Content-Type': 'application/json; charset=utf-8', 'cache-control': 'no-cache'})
2026-08-24 16:24:59 - selenium.webdriver.remote.remote_connection - DEBUG - Finished Request
2026-08-24 16:25:00 - selenium.webdriver.remote.remote_connection - DEBUG - POST http://localhost:59571/session/c2c0bb35dc47ae4af76ddacfb45bc519/execute/sync {'script': "return document.querySelectorAll('[data-rpa-tag-id]').length > 0", 'args': []}
2026-08-24 16:25:00 - urllib3.connectionpool - DEBUG - http://localhost:59571 "POST /session/c2c0bb35dc47ae4af76ddacfb45bc519/execute/sync HTTP/1.1" 200 0
2026-08-24 16:25:00 - selenium.webdriver.remote.remote_connection - DEBUG - Remote response: status=200 | data={"value":false} | headers=HTTPHeaderDict({'Content-Length': '15', 'Content-Type': 'application/json; charset=utf-8', 'cache-control': 'no-cache'})
2026-08-24 16:25:00 - selenium.webdriver.remote.remote_connection - DEBUG - Finished Request
2026-08-24 16:25:00 - selenium.webdriver.remote.remote_connection - DEBUG - POST http://localhost:59571/session/c2c0bb35dc47ae4af76ddacfb45bc519/execute/sync {'script': "return document.querySelectorAll('[data-rpa-tag-id]').length > 0", 'args': []}
2026-08-24 16:25:00 - urllib3.connectionpool - DEBUG - http://localhost:59571 "POST /session/c2c0bb35dc47ae4af76ddacfb45bc519/execute/sync HTTP/1.1" 200 0
2026-08-24 16:25:00 - selenium.webdriver.remote.remote_connection - DEBUG - Remote response: status=200 | data={"value":false} | headers=HTTPHeaderDict({'Content-Length': '15', 'Content-Type': 'application/json; charset=utf-8', 'cache-control': 'no-cache'})
2026-08-24 16:25:00 - selenium.webdriver.remote.remote_connection - DEBUG - Finished Request
2026-08-24 16:25:01 - selenium.webdriver.remote.remote_connection - DEBUG - POST http://localhost:59571/session/c2c0bb35dc47ae4af76ddacfb45bc519/execute/sync {'script': "return document.querySelectorAll('[data-rpa-tag-id]').length > 0", 'args': []}
2026-08-24 16:25:01 - urllib3.connectionpool - DEBUG - http://localhost:59571 "POST /session/c2c0bb35dc47ae4af76ddacfb45bc519/execute/sync HTTP/1.1" 200 0
2026-08-24 16:25:01 - selenium.webdriver.remote.remote_connection - DEBUG - Remote response: status=200 | data={"value":false} | headers=HTTPHeaderDict({'Content-Length': '15', 'Content-Type': 'application/json; charset=utf-8', 'cache-control': 'no-cache'})
2026-08-24 16:25:01 - selenium.webdriver.remote.remote_connection - DEBUG - Finished Request
2026-08-24 16:25:01 - selenium.webdriver.remote.remote_connection - DEBUG - POST http://localhost:59571/session/c2c0bb35dc47ae4af76ddacfb45bc519/execute/sync {'script': "return document.querySelectorAll('[data-rpa-tag-id]').length > 0", 'args': []}
2026-08-24 16:25:01 - urllib3.connectionpool - DEBUG - http://localhost:59571 "POST /session/c2c0bb35dc47ae4af76ddacfb45bc519/execute/sync HTTP/1.1" 200 0
2026-08-24 16:25:01 - selenium.webdriver.remote.remote_connection - DEBUG - Remote response: status=200 | data={"value":false} | headers=HTTPHeaderDict({'Content-Length': '15', 'Content-Type': 'application/json; charset=utf-8', 'cache-control': 'no-cache'})
2026-08-24 16:25:01 - selenium.webdriver.remote.remote_connection - DEBUG - Finished Request
2026-08-24 16:25:02 - selenium.webdriver.remote.remote_connection - DEBUG - POST http://localhost:59571/session/c2c0bb35dc47ae4af76ddacfb45bc519/execute/sync {'script': "return document.querySelectorAll('[data-rpa-tag-id]').length > 0", 'args': []}
2026-08-24 16:25:02 - urllib3.connectionpool - DEBUG - http://localhost:59571 "POST /session/c2c0bb35dc47ae4af76ddacfb45bc519/execute/sync HTTP/1.1" 200 0
2026-08-24 16:25:02 - selenium.webdriver.remote.remote_connection - DEBUG - Remote response: status=200 | data={"value":false} | headers=HTTPHeaderDict({'Content-Length': '15', 'Content-Type': 'application/json; charset=utf-8', 'cache-control': 'no-cache'})
2026-08-24 16:25:02 - selenium.webdriver.remote.remote_connection - DEBUG - Finished Request
2026-08-24 16:25:02 - selenium.webdriver.remote.remote_connection - DEBUG - POST http://localhost:59571/session/c2c0bb35dc47ae4af76ddacfb45bc519/execute/sync {'script': "return document.querySelectorAll('[data-rpa-tag-id]').length > 0", 'args': []}
2026-08-24 16:25:02 - urllib3.connectionpool - DEBUG - http://localhost:59571 "POST /session/c2c0bb35dc47ae4af76ddacfb45bc519/execute/sync HTTP/1.1" 200 0
2026-08-24 16:25:02 - selenium.webdriver.remote.remote_connection - DEBUG - Remote response: status=200 | data={"value":false} | headers=HTTPHeaderDict({'Content-Length': '15', 'Content-Type': 'application/json; charset=utf-8', 'cache-control': 'no-cache'})
2026-08-24 16:25:02 - selenium.webdriver.remote.remote_connection - DEBUG - Finished Request
2026-08-24 16:25:03 - selenium.webdriver.remote.remote_connection - DEBUG - POST http://localhost:59571/session/c2c0bb35dc47ae4af76ddacfb45bc519/execute/sync {'script': "return document.querySelectorAll('[data-rpa-tag-id]').length > 0", 'args': []}
2026-08-24 16:25:03 - urllib3.connectionpool - DEBUG - http://localhost:59571 "POST /session/c2c0bb35dc47ae4af76ddacfb45bc519/execute/sync HTTP/1.1" 200 0
2026-08-24 16:25:03 - selenium.webdriver.remote.remote_connection - DEBUG - Remote response: status=200 | data={"value":false} | headers=HTTPHeaderDict({'Content-Length': '15', 'Content-Type': 'application/json; charset=utf-8', 'cache-control': 'no-cache'})
2026-08-24 16:25:03 - selenium.webdriver.remote.remote_connection - DEBUG - Finished Request
2026-08-24 16:25:03 - selenium.webdriver.remote.remote_connection - DEBUG - POST http://localhost:59571/session/c2c0bb35dc47ae4af76ddacfb45bc519/execute/sync {'script': "return document.querySelectorAll('[data-rpa-tag-id]').length > 0", 'args': []}
2026-08-24 16:25:03 - urllib3.connectionpool - DEBUG - http://localhost:59571 "POST /session/c2c0bb35dc47ae4af76ddacfb45bc519/execute/sync HTTP/1.1" 200 0
2026-08-24 16:25:03 - selenium.webdriver.remote.remote_connection - DEBUG - Remote response: status=200 | data={"value":false} | headers=HTTPHeaderDict({'Content-Length': '15', 'Content-Type': 'application/json; charset=utf-8', 'cache-control': 'no-cache'})
2026-08-24 16:25:03 - selenium.webdriver.remote.remote_connection - DEBUG - Finished Request
2026-08-24 16:25:04 - selenium.webdriver.remote.remote_connection - DEBUG - POST http://localhost:59571/session/c2c0bb35dc47ae4af76ddacfb45bc519/execute/sync {'script': "return document.querySelectorAll('[data-rpa-tag-id]').length > 0", 'args': []}
2026-08-24 16:25:04 - urllib3.connectionpool - DEBUG - http://localhost:59571 "POST /session/c2c0bb35dc47ae4af76ddacfb45bc519/execute/sync HTTP/1.1" 200 0
2026-08-24 16:25:04 - selenium.webdriver.remote.remote_connection - DEBUG - Remote response: status=200 | data={"value":false} | headers=HTTPHeaderDict({'Content-Length': '15', 'Content-Type': 'application/json; charset=utf-8', 'cache-control': 'no-cache'})
2026-08-24 16:25:04 - selenium.webdriver.remote.remote_connection - DEBUG - Finished Request
2026-08-24 16:25:04 - selenium.webdriver.remote.remote_connection - DEBUG - POST http://localhost:59571/session/c2c0bb35dc47ae4af76ddacfb45bc519/execute/sync {'script': "return document.querySelectorAll('[data-rpa-tag-id]').length > 0", 'args': []}
2026-08-24 16:25:04 - urllib3.connectionpool - DEBUG - http://localhost:59571 "POST /session/c2c0bb35dc47ae4af76ddacfb45bc519/execute/sync HTTP/1.1" 200 0
2026-08-24 16:25:04 - selenium.webdriver.remote.remote_connection - DEBUG - Remote response: status=200 | data={"value":false} | headers=HTTPHeaderDict({'Content-Length': '15', 'Content-Type': 'application/json; charset=utf-8', 'cache-control': 'no-cache'})
2026-08-24 16:25:04 - selenium.webdriver.remote.remote_connection - DEBUG - Finished Request
2026-08-24 16:25:05 - selenium.webdriver.remote.remote_connection - DEBUG - POST http://localhost:59571/session/c2c0bb35dc47ae4af76ddacfb45bc519/execute/sync {'script': "return document.querySelectorAll('[data-rpa-tag-id]').length > 0", 'args': []}
2026-08-24 16:25:05 - urllib3.connectionpool - DEBUG - http://localhost:59571 "POST /session/c2c0bb35dc47ae4af76ddacfb45bc519/execute/sync HTTP/1.1" 200 0
2026-08-24 16:25:05 - selenium.webdriver.remote.remote_connection - DEBUG - Remote response: status=200 | data={"value":false} | headers=HTTPHeaderDict({'Content-Length': '15', 'Content-Type': 'application/json; charset=utf-8', 'cache-control': 'no-cache'})
2026-08-24 16:25:05 - selenium.webdriver.remote.remote_connection - DEBUG - Finished Request
2026-08-24 16:25:05 - __main__ - WARNING - Angular did not bootstrap within 30s — will refresh
2026-08-24 16:25:05 - __main__ - INFO - Angular stalled — refreshing page (bundle now cached)
2026-08-24 16:25:05 - selenium.webdriver.remote.remote_connection - DEBUG - POST http://localhost:59571/session/c2c0bb35dc47ae4af76ddacfb45bc519/refresh {}
2026-08-24 16:25:07 - urllib3.connectionpool - DEBUG - http://localhost:59571 "POST /session/c2c0bb35dc47ae4af76ddacfb45bc519/refresh HTTP/1.1" 200 0
2026-08-24 16:25:07 - selenium.webdriver.remote.remote_connection - DEBUG - Remote response: status=200 | data={"value":null} | headers=HTTPHeaderDict({'Content-Length': '14', 'Content-Type': 'application/json; charset=utf-8', 'cache-control': 'no-cache'})
2026-08-24 16:25:07 - selenium.webdriver.remote.remote_connection - DEBUG - Finished Request
2026-08-24 16:25:07 - selenium.webdriver.remote.remote_connection - DEBUG - POST http://localhost:59571/session/c2c0bb35dc47ae4af76ddacfb45bc519/execute/sync {'script': "\n                var candidates = [\n                    document.querySelector('#onetrust-accept-btn...", 'args': []}
2026-08-24 16:25:07 - urllib3.connectionpool - DEBUG - http://localhost:59571 "POST /session/c2c0bb35dc47ae4af76ddacfb45bc519/execute/sync HTTP/1.1" 200 0
2026-08-24 16:25:07 - selenium.webdriver.remote.remote_connection - DEBUG - Remote response: status=200 | data={"value":null} | headers=HTTPHeaderDict({'Content-Length': '14', 'Content-Type': 'application/json; charset=utf-8', 'cache-control': 'no-cache'})
2026-08-24 16:25:07 - selenium.webdriver.remote.remote_connection - DEBUG - Finished Request
2026-08-24 16:25:07 - selenium.webdriver.remote.remote_connection - DEBUG - POST http://localhost:59571/session/c2c0bb35dc47ae4af76ddacfb45bc519/execute/sync {'script': "return document.querySelectorAll('[data-rpa-tag-id]').length > 0", 'args': []}
2026-08-24 16:25:08 - urllib3.connectionpool - DEBUG - http://localhost:59571 "POST /session/c2c0bb35dc47ae4af76ddacfb45bc519/execute/sync HTTP/1.1" 200 0
2026-08-24 16:25:08 - selenium.webdriver.remote.remote_connection - DEBUG - Remote response: status=200 | data={"value":false} | headers=HTTPHeaderDict({'Content-Length': '15', 'Content-Type': 'application/json; charset=utf-8', 'cache-control': 'no-cache'})
2026-08-24 16:25:08 - selenium.webdriver.remote.remote_connection - DEBUG - Finished Request
2026-08-24 16:25:08 - selenium.webdriver.remote.remote_connection - DEBUG - POST http://localhost:59571/session/c2c0bb35dc47ae4af76ddacfb45bc519/execute/sync {'script': "return document.querySelectorAll('[data-rpa-tag-id]').length > 0", 'args': []}
2026-08-24 16:25:10 - urllib3.connectionpool - DEBUG - http://localhost:59571 "POST /session/c2c0bb35dc47ae4af76ddacfb45bc519/execute/sync HTTP/1.1" 200 0
2026-08-24 16:25:10 - selenium.webdriver.remote.remote_connection - DEBUG - Remote response: status=200 | data={"value":false} | headers=HTTPHeaderDict({'Content-Length': '15', 'Content-Type': 'application/json; charset=utf-8', 'cache-control': 'no-cache'})
2026-08-24 16:25:10 - selenium.webdriver.remote.remote_connection - DEBUG - Finished Request
2026-08-24 16:25:10 - selenium.webdriver.remote.remote_connection - DEBUG - POST http://localhost:59571/session/c2c0bb35dc47ae4af76ddacfb45bc519/execute/sync {'script': "return document.querySelectorAll('[data-rpa-tag-id]').length > 0", 'args': []}
2026-08-24 16:25:10 - urllib3.connectionpool - DEBUG - http://localhost:59571 "POST /session/c2c0bb35dc47ae4af76ddacfb45bc519/execute/sync HTTP/1.1" 200 0
2026-08-24 16:25:10 - selenium.webdriver.remote.remote_connection - DEBUG - Remote response: status=200 | data={"value":false} | headers=HTTPHeaderDict({'Content-Length': '15', 'Content-Type': 'application/json; charset=utf-8', 'cache-control': 'no-cache'})
2026-08-24 16:25:10 - selenium.webdriver.remote.remote_connection - DEBUG - Finished Request
2026-08-24 16:25:11 - selenium.webdriver.remote.remote_connection - DEBUG - POST http://localhost:59571/session/c2c0bb35dc47ae4af76ddacfb45bc519/execute/sync {'script': "return document.querySelectorAll('[data-rpa-tag-id]').length > 0", 'args': []}
2026-08-24 16:25:11 - urllib3.connectionpool - DEBUG - http://localhost:59571 "POST /session/c2c0bb35dc47ae4af76ddacfb45bc519/execute/sync HTTP/1.1" 200 0
2026-08-24 16:25:11 - selenium.webdriver.remote.remote_connection - DEBUG - Remote response: status=200 | data={"value":false} | headers=HTTPHeaderDict({'Content-Length': '15', 'Content-Type': 'application/json; charset=utf-8', 'cache-control': 'no-cache'})
2026-08-24 16:25:11 - selenium.webdriver.remote.remote_connection - DEBUG - Finished Request
2026-08-24 16:25:12 - selenium.webdriver.remote.remote_connection - DEBUG - POST http://localhost:59571/session/c2c0bb35dc47ae4af76ddacfb45bc519/execute/sync {'script': "return document.querySelectorAll('[data-rpa-tag-id]').length > 0", 'args': []}
2026-08-24 16:25:12 - urllib3.connectionpool - DEBUG - http://localhost:59571 "POST /session/c2c0bb35dc47ae4af76ddacfb45bc519/execute/sync HTTP/1.1" 200 0
2026-08-24 16:25:12 - selenium.webdriver.remote.remote_connection - DEBUG - Remote response: status=200 | data={"value":false} | headers=HTTPHeaderDict({'Content-Length': '15', 'Content-Type': 'application/json; charset=utf-8', 'cache-control': 'no-cache'})
2026-08-24 16:25:12 - selenium.webdriver.remote.remote_connection - DEBUG - Finished Request
2026-08-24 16:25:12 - selenium.webdriver.remote.remote_connection - DEBUG - POST http://localhost:59571/session/c2c0bb35dc47ae4af76ddacfb45bc519/execute/sync {'script': "return document.querySelectorAll('[data-rpa-tag-id]').length > 0", 'args': []}
2026-08-24 16:25:12 - urllib3.connectionpool - DEBUG - http://localhost:59571 "POST /session/c2c0bb35dc47ae4af76ddacfb45bc519/execute/sync HTTP/1.1" 200 0
2026-08-24 16:25:12 - selenium.webdriver.remote.remote_connection - DEBUG - Remote response: status=200 | data={"value":false} | headers=HTTPHeaderDict({'Content-Length': '15', 'Content-Type': 'application/json; charset=utf-8', 'cache-control': 'no-cache'})
2026-08-24 16:25:12 - selenium.webdriver.remote.remote_connection - DEBUG - Finished Request
2026-08-24 16:25:13 - selenium.webdriver.remote.remote_connection - DEBUG - POST http://localhost:59571/session/c2c0bb35dc47ae4af76ddacfb45bc519/execute/sync {'script': "return document.querySelectorAll('[data-rpa-tag-id]').length > 0", 'args': []}
2026-08-24 16:25:13 - urllib3.connectionpool - DEBUG - http://localhost:59571 "POST /session/c2c0bb35dc47ae4af76ddacfb45bc519/execute/sync HTTP/1.1" 200 0
2026-08-24 16:25:13 - selenium.webdriver.remote.remote_connection - DEBUG - Remote response: status=200 | data={"value":false} | headers=HTTPHeaderDict({'Content-Length': '15', 'Content-Type': 'application/json; charset=utf-8', 'cache-control': 'no-cache'})
2026-08-24 16:25:13 - selenium.webdriver.remote.remote_connection - DEBUG - Finished Request
2026-08-24 16:25:13 - selenium.webdriver.remote.remote_connection - DEBUG - POST http://localhost:59571/session/c2c0bb35dc47ae4af76ddacfb45bc519/execute/sync {'script': "return document.querySelectorAll('[data-rpa-tag-id]').length > 0", 'args': []}
2026-08-24 16:25:13 - urllib3.connectionpool - DEBUG - http://localhost:59571 "POST /session/c2c0bb35dc47ae4af76ddacfb45bc519/execute/sync HTTP/1.1" 200 0
2026-08-24 16:25:13 - selenium.webdriver.remote.remote_connection - DEBUG - Remote response: status=200 | data={"value":false} | headers=HTTPHeaderDict({'Content-Length': '15', 'Content-Type': 'application/json; charset=utf-8', 'cache-control': 'no-cache'})
2026-08-24 16:25:13 - selenium.webdriver.remote.remote_connection - DEBUG - Finished Request
2026-08-24 16:25:14 - selenium.webdriver.remote.remote_connection - DEBUG - POST http://localhost:59571/session/c2c0bb35dc47ae4af76ddacfb45bc519/execute/sync {'script': "return document.querySelectorAll('[data-rpa-tag-id]').length > 0", 'args': []}
2026-08-24 16:25:14 - urllib3.connectionpool - DEBUG - http://localhost:59571 "POST /session/c2c0bb35dc47ae4af76ddacfb45bc519/execute/sync HTTP/1.1" 200 0
2026-08-24 16:25:14 - selenium.webdriver.remote.remote_connection - DEBUG - Remote response: status=200 | data={"value":false} | headers=HTTPHeaderDict({'Content-Length': '15', 'Content-Type': 'application/json; charset=utf-8', 'cache-control': 'no-cache'})
2026-08-24 16:25:14 - selenium.webdriver.remote.remote_connection - DEBUG - Finished Request
2026-08-24 16:25:14 - selenium.webdriver.remote.remote_connection - DEBUG - POST http://localhost:59571/session/c2c0bb35dc47ae4af76ddacfb45bc519/execute/sync {'script': "return document.querySelectorAll('[data-rpa-tag-id]').length > 0", 'args': []}
2026-08-24 16:25:14 - urllib3.connectionpool - DEBUG - http://localhost:59571 "POST /session/c2c0bb35dc47ae4af76ddacfb45bc519/execute/sync HTTP/1.1" 200 0
2026-08-24 16:25:14 - selenium.webdriver.remote.remote_connection - DEBUG - Remote response: status=200 | data={"value":false} | headers=HTTPHeaderDict({'Content-Length': '15', 'Content-Type': 'application/json; charset=utf-8', 'cache-control': 'no-cache'})
2026-08-24 16:25:14 - selenium.webdriver.remote.remote_connection - DEBUG - Finished Request
2026-08-24 16:25:15 - selenium.webdriver.remote.remote_connection - DEBUG - POST http://localhost:59571/session/c2c0bb35dc47ae4af76ddacfb45bc519/execute/sync {'script': "return document.querySelectorAll('[data-rpa-tag-id]').length > 0", 'args': []}
2026-08-24 16:25:15 - urllib3.connectionpool - DEBUG - http://localhost:59571 "POST /session/c2c0bb35dc47ae4af76ddacfb45bc519/execute/sync HTTP/1.1" 200 0
2026-08-24 16:25:15 - selenium.webdriver.remote.remote_connection - DEBUG - Remote response: status=200 | data={"value":false} | headers=HTTPHeaderDict({'Content-Length': '15', 'Content-Type': 'application/json; charset=utf-8', 'cache-control': 'no-cache'})
2026-08-24 16:25:15 - selenium.webdriver.remote.remote_connection - DEBUG - Finished Request
2026-08-24 16:25:15 - selenium.webdriver.remote.remote_connection - DEBUG - POST http://localhost:59571/session/c2c0bb35dc47ae4af76ddacfb45bc519/execute/sync {'script': "return document.querySelectorAll('[data-rpa-tag-id]').length > 0", 'args': []}
2026-08-24 16:25:15 - urllib3.connectionpool - DEBUG - http://localhost:59571 "POST /session/c2c0bb35dc47ae4af76ddacfb45bc519/execute/sync HTTP/1.1" 200 0
2026-08-24 16:25:15 - selenium.webdriver.remote.remote_connection - DEBUG - Remote response: status=200 | data={"value":false} | headers=HTTPHeaderDict({'Content-Length': '15', 'Content-Type': 'application/json; charset=utf-8', 'cache-control': 'no-cache'})
2026-08-24 16:25:15 - selenium.webdriver.remote.remote_connection - DEBUG - Finished Request
2026-08-24 16:25:16 - selenium.webdriver.remote.remote_connection - DEBUG - POST http://localhost:59571/session/c2c0bb35dc47ae4af76ddacfb45bc519/execute/sync {'script': "return document.querySelectorAll('[data-rpa-tag-id]').length > 0", 'args': []}
2026-08-24 16:25:16 - urllib3.connectionpool - DEBUG - http://localhost:59571 "POST /session/c2c0bb35dc47ae4af76ddacfb45bc519/execute/sync HTTP/1.1" 200 0
2026-08-24 16:25:16 - selenium.webdriver.remote.remote_connection - DEBUG - Remote response: status=200 | data={"value":false} | headers=HTTPHeaderDict({'Content-Length': '15', 'Content-Type': 'application/json; charset=utf-8', 'cache-control': 'no-cache'})
2026-08-24 16:25:16 - selenium.webdriver.remote.remote_connection - DEBUG - Finished Request
2026-08-24 16:25:16 - selenium.webdriver.remote.remote_connection - DEBUG - POST http://localhost:59571/session/c2c0bb35dc47ae4af76ddacfb45bc519/execute/sync {'script': "return document.querySelectorAll('[data-rpa-tag-id]').length > 0", 'args': []}
2026-08-24 16:25:16 - urllib3.connectionpool - DEBUG - http://localhost:59571 "POST /session/c2c0bb35dc47ae4af76ddacfb45bc519/execute/sync HTTP/1.1" 200 0
2026-08-24 16:25:16 - selenium.webdriver.remote.remote_connection - DEBUG - Remote response: status=200 | data={"value":false} | headers=HTTPHeaderDict({'Content-Length': '15', 'Content-Type': 'application/json; charset=utf-8', 'cache-control': 'no-cache'})
2026-08-24 16:25:16 - selenium.webdriver.remote.remote_connection - DEBUG - Finished Request
2026-08-24 16:25:17 - selenium.webdriver.remote.remote_connection - DEBUG - POST http://localhost:59571/session/c2c0bb35dc47ae4af76ddacfb45bc519/execute/sync {'script': "return document.querySelectorAll('[data-rpa-tag-id]').length > 0", 'args': []}
2026-08-24 16:25:17 - urllib3.connectionpool - DEBUG - http://localhost:59571 "POST /session/c2c0bb35dc47ae4af76ddacfb45bc519/execute/sync HTTP/1.1" 200 0
2026-08-24 16:25:17 - selenium.webdriver.remote.remote_connection - DEBUG - Remote response: status=200 | data={"value":false} | headers=HTTPHeaderDict({'Content-Length': '15', 'Content-Type': 'application/json; charset=utf-8', 'cache-control': 'no-cache'})
2026-08-24 16:25:17 - selenium.webdriver.remote.remote_connection - DEBUG - Finished Request
2026-08-24 16:25:18 - selenium.webdriver.remote.remote_connection - DEBUG - POST http://localhost:59571/session/c2c0bb35dc47ae4af76ddacfb45bc519/execute/sync {'script': "return document.querySelectorAll('[data-rpa-tag-id]').length > 0", 'args': []}
2026-08-24 16:25:18 - urllib3.connectionpool - DEBUG - http://localhost:59571 "POST /session/c2c0bb35dc47ae4af76ddacfb45bc519/execute/sync HTTP/1.1" 200 0
2026-08-24 16:25:18 - selenium.webdriver.remote.remote_connection - DEBUG - Remote response: status=200 | data={"value":false} | headers=HTTPHeaderDict({'Content-Length': '15', 'Content-Type': 'application/json; charset=utf-8', 'cache-control': 'no-cache'})
2026-08-24 16:25:18 - selenium.webdriver.remote.remote_connection - DEBUG - Finished Request
2026-08-24 16:25:18 - selenium.webdriver.remote.remote_connection - DEBUG - POST http://localhost:59571/session/c2c0bb35dc47ae4af76ddacfb45bc519/execute/sync {'script': "return document.querySelectorAll('[data-rpa-tag-id]').length > 0", 'args': []}
2026-08-24 16:25:18 - urllib3.connectionpool - DEBUG - http://localhost:59571 "POST /session/c2c0bb35dc47ae4af76ddacfb45bc519/execute/sync HTTP/1.1" 200 0
2026-08-24 16:25:18 - selenium.webdriver.remote.remote_connection - DEBUG - Remote response: status=200 | data={"value":false} | headers=HTTPHeaderDict({'Content-Length': '15', 'Content-Type': 'application/json; charset=utf-8', 'cache-control': 'no-cache'})
2026-08-24 16:25:18 - selenium.webdriver.remote.remote_connection - DEBUG - Finished Request
2026-08-24 16:25:19 - selenium.webdriver.remote.remote_connection - DEBUG - POST http://localhost:59571/session/c2c0bb35dc47ae4af76ddacfb45bc519/execute/sync {'script': "return document.querySelectorAll('[data-rpa-tag-id]').length > 0", 'args': []}
2026-08-24 16:25:19 - urllib3.connectionpool - DEBUG - http://localhost:59571 "POST /session/c2c0bb35dc47ae4af76ddacfb45bc519/execute/sync HTTP/1.1" 200 0
2026-08-24 16:25:19 - selenium.webdriver.remote.remote_connection - DEBUG - Remote response: status=200 | data={"value":false} | headers=HTTPHeaderDict({'Content-Length': '15', 'Content-Type': 'application/json; charset=utf-8', 'cache-control': 'no-cache'})
2026-08-24 16:25:19 - selenium.webdriver.remote.remote_connection - DEBUG - Finished Request
2026-08-24 16:25:19 - selenium.webdriver.remote.remote_connection - DEBUG - POST http://localhost:59571/session/c2c0bb35dc47ae4af76ddacfb45bc519/execute/sync {'script': "return document.querySelectorAll('[data-rpa-tag-id]').length > 0", 'args': []}
2026-08-24 16:25:19 - urllib3.connectionpool - DEBUG - http://localhost:59571 "POST /session/c2c0bb35dc47ae4af76ddacfb45bc519/execute/sync HTTP/1.1" 200 0
2026-08-24 16:25:19 - selenium.webdriver.remote.remote_connection - DEBUG - Remote response: status=200 | data={"value":false} | headers=HTTPHeaderDict({'Content-Length': '15', 'Content-Type': 'application/json; charset=utf-8', 'cache-control': 'no-cache'})
2026-08-24 16:25:19 - selenium.webdriver.remote.remote_connection - DEBUG - Finished Request
2026-08-24 16:25:20 - selenium.webdriver.remote.remote_connection - DEBUG - POST http://localhost:59571/session/c2c0bb35dc47ae4af76ddacfb45bc519/execute/sync {'script': "return document.querySelectorAll('[data-rpa-tag-id]').length > 0", 'args': []}
2026-08-24 16:25:20 - urllib3.connectionpool - DEBUG - http://localhost:59571 "POST /session/c2c0bb35dc47ae4af76ddacfb45bc519/execute/sync HTTP/1.1" 200 0
2026-08-24 16:25:20 - selenium.webdriver.remote.remote_connection - DEBUG - Remote response: status=200 | data={"value":false} | headers=HTTPHeaderDict({'Content-Length': '15', 'Content-Type': 'application/json; charset=utf-8', 'cache-control': 'no-cache'})
2026-08-24 16:25:20 - selenium.webdriver.remote.remote_connection - DEBUG - Finished Request
2026-08-24 16:25:20 - selenium.webdriver.remote.remote_connection - DEBUG - POST http://localhost:59571/session/c2c0bb35dc47ae4af76ddacfb45bc519/execute/sync {'script': "return document.querySelectorAll('[data-rpa-tag-id]').length > 0", 'args': []}
2026-08-24 16:25:20 - urllib3.connectionpool - DEBUG - http://localhost:59571 "POST /session/c2c0bb35dc47ae4af76ddacfb45bc519/execute/sync HTTP/1.1" 200 0
2026-08-24 16:25:20 - selenium.webdriver.remote.remote_connection - DEBUG - Remote response: status=200 | data={"value":false} | headers=HTTPHeaderDict({'Content-Length': '15', 'Content-Type': 'application/json; charset=utf-8', 'cache-control': 'no-cache'})
2026-08-24 16:25:20 - selenium.webdriver.remote.remote_connection - DEBUG - Finished Request
2026-08-24 16:25:21 - selenium.webdriver.remote.remote_connection - DEBUG - POST http://localhost:59571/session/c2c0bb35dc47ae4af76ddacfb45bc519/execute/sync {'script': "return document.querySelectorAll('[data-rpa-tag-id]').length > 0", 'args': []}
2026-08-24 16:25:21 - urllib3.connectionpool - DEBUG - http://localhost:59571 "POST /session/c2c0bb35dc47ae4af76ddacfb45bc519/execute/sync HTTP/1.1" 200 0
2026-08-24 16:25:21 - selenium.webdriver.remote.remote_connection - DEBUG - Remote response: status=200 | data={"value":false} | headers=HTTPHeaderDict({'Content-Length': '15', 'Content-Type': 'application/json; charset=utf-8', 'cache-control': 'no-cache'})
2026-08-24 16:25:21 - selenium.webdriver.remote.remote_connection - DEBUG - Finished Request
2026-08-24 16:25:21 - selenium.webdriver.remote.remote_connection - DEBUG - POST http://localhost:59571/session/c2c0bb35dc47ae4af76ddacfb45bc519/execute/sync {'script': "return document.querySelectorAll('[data-rpa-tag-id]').length > 0", 'args': []}
2026-08-24 16:25:21 - urllib3.connectionpool - DEBUG - http://localhost:59571 "POST /session/c2c0bb35dc47ae4af76ddacfb45bc519/execute/sync HTTP/1.1" 200 0
2026-08-24 16:25:21 - selenium.webdriver.remote.remote_connection - DEBUG - Remote response: status=200 | data={"value":false} | headers=HTTPHeaderDict({'Content-Length': '15', 'Content-Type': 'application/json; charset=utf-8', 'cache-control': 'no-cache'})
2026-08-24 16:25:21 - selenium.webdriver.remote.remote_connection - DEBUG - Finished Request
2026-08-24 16:25:22 - selenium.webdriver.remote.remote_connection - DEBUG - POST http://localhost:59571/session/c2c0bb35dc47ae4af76ddacfb45bc519/execute/sync {'script': "return document.querySelectorAll('[data-rpa-tag-id]').length > 0", 'args': []}
2026-08-24 16:25:22 - urllib3.connectionpool - DEBUG - http://localhost:59571 "POST /session/c2c0bb35dc47ae4af76ddacfb45bc519/execute/sync HTTP/1.1" 200 0
2026-08-24 16:25:22 - selenium.webdriver.remote.remote_connection - DEBUG - Remote response: status=200 | data={"value":false} | headers=HTTPHeaderDict({'Content-Length': '15', 'Content-Type': 'application/json; charset=utf-8', 'cache-control': 'no-cache'})
2026-08-24 16:25:22 - selenium.webdriver.remote.remote_connection - DEBUG - Finished Request
2026-08-24 16:25:22 - selenium.webdriver.remote.remote_connection - DEBUG - POST http://localhost:59571/session/c2c0bb35dc47ae4af76ddacfb45bc519/execute/sync {'script': "return document.querySelectorAll('[data-rpa-tag-id]').length > 0", 'args': []}
2026-08-24 16:25:22 - urllib3.connectionpool - DEBUG - http://localhost:59571 "POST /session/c2c0bb35dc47ae4af76ddacfb45bc519/execute/sync HTTP/1.1" 200 0
2026-08-24 16:25:22 - selenium.webdriver.remote.remote_connection - DEBUG - Remote response: status=200 | data={"value":false} | headers=HTTPHeaderDict({'Content-Length': '15', 'Content-Type': 'application/json; charset=utf-8', 'cache-control': 'no-cache'})
2026-08-24 16:25:22 - selenium.webdriver.remote.remote_connection - DEBUG - Finished Request
2026-08-24 16:25:23 - selenium.webdriver.remote.remote_connection - DEBUG - POST http://localhost:59571/session/c2c0bb35dc47ae4af76ddacfb45bc519/execute/sync {'script': "return document.querySelectorAll('[data-rpa-tag-id]').length > 0", 'args': []}
2026-08-24 16:25:23 - urllib3.connectionpool - DEBUG - http://localhost:59571 "POST /session/c2c0bb35dc47ae4af76ddacfb45bc519/execute/sync HTTP/1.1" 200 0
2026-08-24 16:25:23 - selenium.webdriver.remote.remote_connection - DEBUG - Remote response: status=200 | data={"value":false} | headers=HTTPHeaderDict({'Content-Length': '15', 'Content-Type': 'application/json; charset=utf-8', 'cache-control': 'no-cache'})
2026-08-24 16:25:23 - selenium.webdriver.remote.remote_connection - DEBUG - Finished Request
2026-08-24 16:25:23 - selenium.webdriver.remote.remote_connection - DEBUG - POST http://localhost:59571/session/c2c0bb35dc47ae4af76ddacfb45bc519/execute/sync {'script': "return document.querySelectorAll('[data-rpa-tag-id]').length > 0", 'args': []}
2026-08-24 16:25:23 - urllib3.connectionpool - DEBUG - http://localhost:59571 "POST /session/c2c0bb35dc47ae4af76ddacfb45bc519/execute/sync HTTP/1.1" 200 0
2026-08-24 16:25:23 - selenium.webdriver.remote.remote_connection - DEBUG - Remote response: status=200 | data={"value":false} | headers=HTTPHeaderDict({'Content-Length': '15', 'Content-Type': 'application/json; charset=utf-8', 'cache-control': 'no-cache'})
2026-08-24 16:25:23 - selenium.webdriver.remote.remote_connection - DEBUG - Finished Request
2026-08-24 16:25:24 - selenium.webdriver.remote.remote_connection - DEBUG - POST http://localhost:59571/session/c2c0bb35dc47ae4af76ddacfb45bc519/execute/sync {'script': "return document.querySelectorAll('[data-rpa-tag-id]').length > 0", 'args': []}
2026-08-24 16:25:24 - urllib3.connectionpool - DEBUG - http://localhost:59571 "POST /session/c2c0bb35dc47ae4af76ddacfb45bc519/execute/sync HTTP/1.1" 200 0
2026-08-24 16:25:24 - selenium.webdriver.remote.remote_connection - DEBUG - Remote response: status=200 | data={"value":false} | headers=HTTPHeaderDict({'Content-Length': '15', 'Content-Type': 'application/json; charset=utf-8', 'cache-control': 'no-cache'})
2026-08-24 16:25:24 - selenium.webdriver.remote.remote_connection - DEBUG - Finished Request
2026-08-24 16:25:24 - selenium.webdriver.remote.remote_connection - DEBUG - POST http://localhost:59571/session/c2c0bb35dc47ae4af76ddacfb45bc519/execute/sync {'script': "return document.querySelectorAll('[data-rpa-tag-id]').length > 0", 'args': []}
2026-08-24 16:25:24 - urllib3.connectionpool - DEBUG - http://localhost:59571 "POST /session/c2c0bb35dc47ae4af76ddacfb45bc519/execute/sync HTTP/1.1" 200 0
2026-08-24 16:25:24 - selenium.webdriver.remote.remote_connection - DEBUG - Remote response: status=200 | data={"value":false} | headers=HTTPHeaderDict({'Content-Length': '15', 'Content-Type': 'application/json; charset=utf-8', 'cache-control': 'no-cache'})
2026-08-24 16:25:24 - selenium.webdriver.remote.remote_connection - DEBUG - Finished Request
2026-08-24 16:25:25 - selenium.webdriver.remote.remote_connection - DEBUG - POST http://localhost:59571/session/c2c0bb35dc47ae4af76ddacfb45bc519/execute/sync {'script': "return document.querySelectorAll('[data-rpa-tag-id]').length > 0", 'args': []}
2026-08-24 16:25:25 - urllib3.connectionpool - DEBUG - http://localhost:59571 "POST /session/c2c0bb35dc47ae4af76ddacfb45bc519/execute/sync HTTP/1.1" 200 0
2026-08-24 16:25:25 - selenium.webdriver.remote.remote_connection - DEBUG - Remote response: status=200 | data={"value":false} | headers=HTTPHeaderDict({'Content-Length': '15', 'Content-Type': 'application/json; charset=utf-8', 'cache-control': 'no-cache'})
2026-08-24 16:25:25 - selenium.webdriver.remote.remote_connection - DEBUG - Finished Request
2026-08-24 16:25:25 - selenium.webdriver.remote.remote_connection - DEBUG - POST http://localhost:59571/session/c2c0bb35dc47ae4af76ddacfb45bc519/execute/sync {'script': "return document.querySelectorAll('[data-rpa-tag-id]').length > 0", 'args': []}
2026-08-24 16:25:25 - urllib3.connectionpool - DEBUG - http://localhost:59571 "POST /session/c2c0bb35dc47ae4af76ddacfb45bc519/execute/sync HTTP/1.1" 200 0
2026-08-24 16:25:25 - selenium.webdriver.remote.remote_connection - DEBUG - Remote response: status=200 | data={"value":false} | headers=HTTPHeaderDict({'Content-Length': '15', 'Content-Type': 'application/json; charset=utf-8', 'cache-control': 'no-cache'})
2026-08-24 16:25:25 - selenium.webdriver.remote.remote_connection - DEBUG - Finished Request
2026-08-24 16:25:26 - selenium.webdriver.remote.remote_connection - DEBUG - POST http://localhost:59571/session/c2c0bb35dc47ae4af76ddacfb45bc519/execute/sync {'script': "return document.querySelectorAll('[data-rpa-tag-id]').length > 0", 'args': []}
2026-08-24 16:25:26 - urllib3.connectionpool - DEBUG - http://localhost:59571 "POST /session/c2c0bb35dc47ae4af76ddacfb45bc519/execute/sync HTTP/1.1" 200 0
2026-08-24 16:25:26 - selenium.webdriver.remote.remote_connection - DEBUG - Remote response: status=200 | data={"value":false} | headers=HTTPHeaderDict({'Content-Length': '15', 'Content-Type': 'application/json; charset=utf-8', 'cache-control': 'no-cache'})
2026-08-24 16:25:26 - selenium.webdriver.remote.remote_connection - DEBUG - Finished Request
2026-08-24 16:25:26 - selenium.webdriver.remote.remote_connection - DEBUG - POST http://localhost:59571/session/c2c0bb35dc47ae4af76ddacfb45bc519/execute/sync {'script': "return document.querySelectorAll('[data-rpa-tag-id]').length > 0", 'args': []}
2026-08-24 16:25:26 - urllib3.connectionpool - DEBUG - http://localhost:59571 "POST /session/c2c0bb35dc47ae4af76ddacfb45bc519/execute/sync HTTP/1.1" 200 0
2026-08-24 16:25:26 - selenium.webdriver.remote.remote_connection - DEBUG - Remote response: status=200 | data={"value":false} | headers=HTTPHeaderDict({'Content-Length': '15', 'Content-Type': 'application/json; charset=utf-8', 'cache-control': 'no-cache'})
2026-08-24 16:25:26 - selenium.webdriver.remote.remote_connection - DEBUG - Finished Request
2026-08-24 16:25:27 - selenium.webdriver.remote.remote_connection - DEBUG - POST http://localhost:59571/session/c2c0bb35dc47ae4af76ddacfb45bc519/execute/sync {'script': "return document.querySelectorAll('[data-rpa-tag-id]').length > 0", 'args': []}
2026-08-24 16:25:27 - urllib3.connectionpool - DEBUG - http://localhost:59571 "POST /session/c2c0bb35dc47ae4af76ddacfb45bc519/execute/sync HTTP/1.1" 200 0
2026-08-24 16:25:27 - selenium.webdriver.remote.remote_connection - DEBUG - Remote response: status=200 | data={"value":false} | headers=HTTPHeaderDict({'Content-Length': '15', 'Content-Type': 'application/json; charset=utf-8', 'cache-control': 'no-cache'})
2026-08-24 16:25:27 - selenium.webdriver.remote.remote_connection - DEBUG - Finished Request
2026-08-24 16:25:27 - selenium.webdriver.remote.remote_connection - DEBUG - POST http://localhost:59571/session/c2c0bb35dc47ae4af76ddacfb45bc519/execute/sync {'script': "return document.querySelectorAll('[data-rpa-tag-id]').length > 0", 'args': []}
2026-08-24 16:25:27 - urllib3.connectionpool - DEBUG - http://localhost:59571 "POST /session/c2c0bb35dc47ae4af76ddacfb45bc519/execute/sync HTTP/1.1" 200 0
2026-08-24 16:25:27 - selenium.webdriver.remote.remote_connection - DEBUG - Remote response: status=200 | data={"value":false} | headers=HTTPHeaderDict({'Content-Length': '15', 'Content-Type': 'application/json; charset=utf-8', 'cache-control': 'no-cache'})
2026-08-24 16:25:27 - selenium.webdriver.remote.remote_connection - DEBUG - Finished Request
2026-08-24 16:25:28 - selenium.webdriver.remote.remote_connection - DEBUG - POST http://localhost:59571/session/c2c0bb35dc47ae4af76ddacfb45bc519/execute/sync {'script': "return document.querySelectorAll('[data-rpa-tag-id]').length > 0", 'args': []}
2026-08-24 16:25:28 - urllib3.connectionpool - DEBUG - http://localhost:59571 "POST /session/c2c0bb35dc47ae4af76ddacfb45bc519/execute/sync HTTP/1.1" 200 0
2026-08-24 16:25:28 - selenium.webdriver.remote.remote_connection - DEBUG - Remote response: status=200 | data={"value":false} | headers=HTTPHeaderDict({'Content-Length': '15', 'Content-Type': 'application/json; charset=utf-8', 'cache-control': 'no-cache'})
2026-08-24 16:25:28 - selenium.webdriver.remote.remote_connection - DEBUG - Finished Request
2026-08-24 16:25:28 - selenium.webdriver.remote.remote_connection - DEBUG - POST http://localhost:59571/session/c2c0bb35dc47ae4af76ddacfb45bc519/execute/sync {'script': "return document.querySelectorAll('[data-rpa-tag-id]').length > 0", 'args': []}
2026-08-24 16:25:28 - urllib3.connectionpool - DEBUG - http://localhost:59571 "POST /session/c2c0bb35dc47ae4af76ddacfb45bc519/execute/sync HTTP/1.1" 200 0
2026-08-24 16:25:28 - selenium.webdriver.remote.remote_connection - DEBUG - Remote response: status=200 | data={"value":false} | headers=HTTPHeaderDict({'Content-Length': '15', 'Content-Type': 'application/json; charset=utf-8', 'cache-control': 'no-cache'})
2026-08-24 16:25:28 - selenium.webdriver.remote.remote_connection - DEBUG - Finished Request
2026-08-24 16:25:29 - selenium.webdriver.remote.remote_connection - DEBUG - POST http://localhost:59571/session/c2c0bb35dc47ae4af76ddacfb45bc519/execute/sync {'script': "return document.querySelectorAll('[data-rpa-tag-id]').length > 0", 'args': []}
2026-08-24 16:25:29 - urllib3.connectionpool - DEBUG - http://localhost:59571 "POST /session/c2c0bb35dc47ae4af76ddacfb45bc519/execute/sync HTTP/1.1" 200 0
2026-08-24 16:25:29 - selenium.webdriver.remote.remote_connection - DEBUG - Remote response: status=200 | data={"value":false} | headers=HTTPHeaderDict({'Content-Length': '15', 'Content-Type': 'application/json; charset=utf-8', 'cache-control': 'no-cache'})
2026-08-24 16:25:29 - selenium.webdriver.remote.remote_connection - DEBUG - Finished Request
2026-08-24 16:25:29 - selenium.webdriver.remote.remote_connection - DEBUG - POST http://localhost:59571/session/c2c0bb35dc47ae4af76ddacfb45bc519/execute/sync {'script': "return document.querySelectorAll('[data-rpa-tag-id]').length > 0", 'args': []}
2026-08-24 16:25:29 - urllib3.connectionpool - DEBUG - http://localhost:59571 "POST /session/c2c0bb35dc47ae4af76ddacfb45bc519/execute/sync HTTP/1.1" 200 0
2026-08-24 16:25:29 - selenium.webdriver.remote.remote_connection - DEBUG - Remote response: status=200 | data={"value":false} | headers=HTTPHeaderDict({'Content-Length': '15', 'Content-Type': 'application/json; charset=utf-8', 'cache-control': 'no-cache'})
2026-08-24 16:25:29 - selenium.webdriver.remote.remote_connection - DEBUG - Finished Request
2026-08-24 16:25:30 - selenium.webdriver.remote.remote_connection - DEBUG - POST http://localhost:59571/session/c2c0bb35dc47ae4af76ddacfb45bc519/execute/sync {'script': "return document.querySelectorAll('[data-rpa-tag-id]').length > 0", 'args': []}
2026-08-24 16:25:30 - urllib3.connectionpool - DEBUG - http://localhost:59571 "POST /session/c2c0bb35dc47ae4af76ddacfb45bc519/execute/sync HTTP/1.1" 200 0
2026-08-24 16:25:30 - selenium.webdriver.remote.remote_connection - DEBUG - Remote response: status=200 | data={"value":false} | headers=HTTPHeaderDict({'Content-Length': '15', 'Content-Type': 'application/json; charset=utf-8', 'cache-control': 'no-cache'})
2026-08-24 16:25:30 - selenium.webdriver.remote.remote_connection - DEBUG - Finished Request
2026-08-24 16:25:30 - selenium.webdriver.remote.remote_connection - DEBUG - POST http://localhost:59571/session/c2c0bb35dc47ae4af76ddacfb45bc519/execute/sync {'script': "return document.querySelectorAll('[data-rpa-tag-id]').length > 0", 'args': []}
2026-08-24 16:25:30 - urllib3.connectionpool - DEBUG - http://localhost:59571 "POST /session/c2c0bb35dc47ae4af76ddacfb45bc519/execute/sync HTTP/1.1" 200 0
2026-08-24 16:25:30 - selenium.webdriver.remote.remote_connection - DEBUG - Remote response: status=200 | data={"value":false} | headers=HTTPHeaderDict({'Content-Length': '15', 'Content-Type': 'application/json; charset=utf-8', 'cache-control': 'no-cache'})
2026-08-24 16:25:30 - selenium.webdriver.remote.remote_connection - DEBUG - Finished Request
2026-08-24 16:25:31 - selenium.webdriver.remote.remote_connection - DEBUG - POST http://localhost:59571/session/c2c0bb35dc47ae4af76ddacfb45bc519/execute/sync {'script': "return document.querySelectorAll('[data-rpa-tag-id]').length > 0", 'args': []}
2026-08-24 16:25:31 - urllib3.connectionpool - DEBUG - http://localhost:59571 "POST /session/c2c0bb35dc47ae4af76ddacfb45bc519/execute/sync HTTP/1.1" 200 0
2026-08-24 16:25:31 - selenium.webdriver.remote.remote_connection - DEBUG - Remote response: status=200 | data={"value":false} | headers=HTTPHeaderDict({'Content-Length': '15', 'Content-Type': 'application/json; charset=utf-8', 'cache-control': 'no-cache'})
2026-08-24 16:25:31 - selenium.webdriver.remote.remote_connection - DEBUG - Finished Request
2026-08-24 16:25:31 - selenium.webdriver.remote.remote_connection - DEBUG - POST http://localhost:59571/session/c2c0bb35dc47ae4af76ddacfb45bc519/execute/sync {'script': "return document.querySelectorAll('[data-rpa-tag-id]').length > 0", 'args': []}
2026-08-24 16:25:31 - urllib3.connectionpool - DEBUG - http://localhost:59571 "POST /session/c2c0bb35dc47ae4af76ddacfb45bc519/execute/sync HTTP/1.1" 200 0
2026-08-24 16:25:31 - selenium.webdriver.remote.remote_connection - DEBUG - Remote response: status=200 | data={"value":false} | headers=HTTPHeaderDict({'Content-Length': '15', 'Content-Type': 'application/json; charset=utf-8', 'cache-control': 'no-cache'})
2026-08-24 16:25:31 - selenium.webdriver.remote.remote_connection - DEBUG - Finished Request
2026-08-24 16:25:32 - selenium.webdriver.remote.remote_connection - DEBUG - POST http://localhost:59571/session/c2c0bb35dc47ae4af76ddacfb45bc519/execute/sync {'script': "return document.querySelectorAll('[data-rpa-tag-id]').length > 0", 'args': []}
2026-08-24 16:25:32 - urllib3.connectionpool - DEBUG - http://localhost:59571 "POST /session/c2c0bb35dc47ae4af76ddacfb45bc519/execute/sync HTTP/1.1" 200 0
2026-08-24 16:25:32 - selenium.webdriver.remote.remote_connection - DEBUG - Remote response: status=200 | data={"value":false} | headers=HTTPHeaderDict({'Content-Length': '15', 'Content-Type': 'application/json; charset=utf-8', 'cache-control': 'no-cache'})
2026-08-24 16:25:32 - selenium.webdriver.remote.remote_connection - DEBUG - Finished Request
2026-08-24 16:25:32 - selenium.webdriver.remote.remote_connection - DEBUG - POST http://localhost:59571/session/c2c0bb35dc47ae4af76ddacfb45bc519/execute/sync {'script': "return document.querySelectorAll('[data-rpa-tag-id]').length > 0", 'args': []}
2026-08-24 16:25:32 - urllib3.connectionpool - DEBUG - http://localhost:59571 "POST /session/c2c0bb35dc47ae4af76ddacfb45bc519/execute/sync HTTP/1.1" 200 0
2026-08-24 16:25:32 - selenium.webdriver.remote.remote_connection - DEBUG - Remote response: status=200 | data={"value":false} | headers=HTTPHeaderDict({'Content-Length': '15', 'Content-Type': 'application/json; charset=utf-8', 'cache-control': 'no-cache'})
2026-08-24 16:25:32 - selenium.webdriver.remote.remote_connection - DEBUG - Finished Request
2026-08-24 16:25:33 - selenium.webdriver.remote.remote_connection - DEBUG - POST http://localhost:59571/session/c2c0bb35dc47ae4af76ddacfb45bc519/execute/sync {'script': "return document.querySelectorAll('[data-rpa-tag-id]').length > 0", 'args': []}
2026-08-24 16:25:33 - urllib3.connectionpool - DEBUG - http://localhost:59571 "POST /session/c2c0bb35dc47ae4af76ddacfb45bc519/execute/sync HTTP/1.1" 200 0
2026-08-24 16:25:33 - selenium.webdriver.remote.remote_connection - DEBUG - Remote response: status=200 | data={"value":false} | headers=HTTPHeaderDict({'Content-Length': '15', 'Content-Type': 'application/json; charset=utf-8', 'cache-control': 'no-cache'})
2026-08-24 16:25:33 - selenium.webdriver.remote.remote_connection - DEBUG - Finished Request
2026-08-24 16:25:33 - selenium.webdriver.remote.remote_connection - DEBUG - POST http://localhost:59571/session/c2c0bb35dc47ae4af76ddacfb45bc519/execute/sync {'script': "return document.querySelectorAll('[data-rpa-tag-id]').length > 0", 'args': []}
2026-08-24 16:25:33 - urllib3.connectionpool - DEBUG - http://localhost:59571 "POST /session/c2c0bb35dc47ae4af76ddacfb45bc519/execute/sync HTTP/1.1" 200 0
2026-08-24 16:25:33 - selenium.webdriver.remote.remote_connection - DEBUG - Remote response: status=200 | data={"value":false} | headers=HTTPHeaderDict({'Content-Length': '15', 'Content-Type': 'application/json; charset=utf-8', 'cache-control': 'no-cache'})
2026-08-24 16:25:33 - selenium.webdriver.remote.remote_connection - DEBUG - Finished Request
2026-08-24 16:25:34 - selenium.webdriver.remote.remote_connection - DEBUG - POST http://localhost:59571/session/c2c0bb35dc47ae4af76ddacfb45bc519/execute/sync {'script': "return document.querySelectorAll('[data-rpa-tag-id]').length > 0", 'args': []}
2026-08-24 16:25:34 - urllib3.connectionpool - DEBUG - http://localhost:59571 "POST /session/c2c0bb35dc47ae4af76ddacfb45bc519/execute/sync HTTP/1.1" 200 0
2026-08-24 16:25:34 - selenium.webdriver.remote.remote_connection - DEBUG - Remote response: status=200 | data={"value":false} | headers=HTTPHeaderDict({'Content-Length': '15', 'Content-Type': 'application/json; charset=utf-8', 'cache-control': 'no-cache'})
2026-08-24 16:25:34 - selenium.webdriver.remote.remote_connection - DEBUG - Finished Request
2026-08-24 16:25:34 - selenium.webdriver.remote.remote_connection - DEBUG - POST http://localhost:59571/session/c2c0bb35dc47ae4af76ddacfb45bc519/execute/sync {'script': "return document.querySelectorAll('[data-rpa-tag-id]').length > 0", 'args': []}
2026-08-24 16:25:34 - urllib3.connectionpool - DEBUG - http://localhost:59571 "POST /session/c2c0bb35dc47ae4af76ddacfb45bc519/execute/sync HTTP/1.1" 200 0
2026-08-24 16:25:34 - selenium.webdriver.remote.remote_connection - DEBUG - Remote response: status=200 | data={"value":false} | headers=HTTPHeaderDict({'Content-Length': '15', 'Content-Type': 'application/json; charset=utf-8', 'cache-control': 'no-cache'})
2026-08-24 16:25:34 - selenium.webdriver.remote.remote_connection - DEBUG - Finished Request
2026-08-24 16:25:35 - selenium.webdriver.remote.remote_connection - DEBUG - POST http://localhost:59571/session/c2c0bb35dc47ae4af76ddacfb45bc519/execute/sync {'script': "return document.querySelectorAll('[data-rpa-tag-id]').length > 0", 'args': []}
2026-08-24 16:25:35 - urllib3.connectionpool - DEBUG - http://localhost:59571 "POST /session/c2c0bb35dc47ae4af76ddacfb45bc519/execute/sync HTTP/1.1" 200 0
2026-08-24 16:25:35 - selenium.webdriver.remote.remote_connection - DEBUG - Remote response: status=200 | data={"value":false} | headers=HTTPHeaderDict({'Content-Length': '15', 'Content-Type': 'application/json; charset=utf-8', 'cache-control': 'no-cache'})
2026-08-24 16:25:35 - selenium.webdriver.remote.remote_connection - DEBUG - Finished Request
2026-08-24 16:25:35 - selenium.webdriver.remote.remote_connection - DEBUG - POST http://localhost:59571/session/c2c0bb35dc47ae4af76ddacfb45bc519/execute/sync {'script': "return document.querySelectorAll('[data-rpa-tag-id]').length > 0", 'args': []}
2026-08-24 16:25:35 - urllib3.connectionpool - DEBUG - http://localhost:59571 "POST /session/c2c0bb35dc47ae4af76ddacfb45bc519/execute/sync HTTP/1.1" 200 0
2026-08-24 16:25:35 - selenium.webdriver.remote.remote_connection - DEBUG - Remote response: status=200 | data={"value":false} | headers=HTTPHeaderDict({'Content-Length': '15', 'Content-Type': 'application/json; charset=utf-8', 'cache-control': 'no-cache'})
2026-08-24 16:25:35 - selenium.webdriver.remote.remote_connection - DEBUG - Finished Request
2026-08-24 16:25:36 - selenium.webdriver.remote.remote_connection - DEBUG - POST http://localhost:59571/session/c2c0bb35dc47ae4af76ddacfb45bc519/execute/sync {'script': "return document.querySelectorAll('[data-rpa-tag-id]').length > 0", 'args': []}
2026-08-24 16:25:36 - urllib3.connectionpool - DEBUG - http://localhost:59571 "POST /session/c2c0bb35dc47ae4af76ddacfb45bc519/execute/sync HTTP/1.1" 200 0
2026-08-24 16:25:36 - selenium.webdriver.remote.remote_connection - DEBUG - Remote response: status=200 | data={"value":false} | headers=HTTPHeaderDict({'Content-Length': '15', 'Content-Type': 'application/json; charset=utf-8', 'cache-control': 'no-cache'})
2026-08-24 16:25:36 - selenium.webdriver.remote.remote_connection - DEBUG - Finished Request
2026-08-24 16:25:36 - selenium.webdriver.remote.remote_connection - DEBUG - POST http://localhost:59571/session/c2c0bb35dc47ae4af76ddacfb45bc519/execute/sync {'script': "return document.querySelectorAll('[data-rpa-tag-id]').length > 0", 'args': []}
2026-08-24 16:25:36 - urllib3.connectionpool - DEBUG - http://localhost:59571 "POST /session/c2c0bb35dc47ae4af76ddacfb45bc519/execute/sync HTTP/1.1" 200 0
2026-08-24 16:25:36 - selenium.webdriver.remote.remote_connection - DEBUG - Remote response: status=200 | data={"value":false} | headers=HTTPHeaderDict({'Content-Length': '15', 'Content-Type': 'application/json; charset=utf-8', 'cache-control': 'no-cache'})
2026-08-24 16:25:36 - selenium.webdriver.remote.remote_connection - DEBUG - Finished Request
2026-08-24 16:25:37 - selenium.webdriver.remote.remote_connection - DEBUG - POST http://localhost:59571/session/c2c0bb35dc47ae4af76ddacfb45bc519/execute/sync {'script': "return document.querySelectorAll('[data-rpa-tag-id]').length > 0", 'args': []}
2026-08-24 16:25:37 - urllib3.connectionpool - DEBUG - http://localhost:59571 "POST /session/c2c0bb35dc47ae4af76ddacfb45bc519/execute/sync HTTP/1.1" 200 0
2026-08-24 16:25:37 - selenium.webdriver.remote.remote_connection - DEBUG - Remote response: status=200 | data={"value":false} | headers=HTTPHeaderDict({'Content-Length': '15', 'Content-Type': 'application/json; charset=utf-8', 'cache-control': 'no-cache'})
2026-08-24 16:25:37 - selenium.webdriver.remote.remote_connection - DEBUG - Finished Request
2026-08-24 16:25:37 - selenium.webdriver.remote.remote_connection - DEBUG - POST http://localhost:59571/session/c2c0bb35dc47ae4af76ddacfb45bc519/execute/sync {'script': "return document.querySelectorAll('[data-rpa-tag-id]').length > 0", 'args': []}
2026-08-24 16:25:37 - urllib3.connectionpool - DEBUG - http://localhost:59571 "POST /session/c2c0bb35dc47ae4af76ddacfb45bc519/execute/sync HTTP/1.1" 200 0
2026-08-24 16:25:37 - selenium.webdriver.remote.remote_connection - DEBUG - Remote response: status=200 | data={"value":false} | headers=HTTPHeaderDict({'Content-Length': '15', 'Content-Type': 'application/json; charset=utf-8', 'cache-control': 'no-cache'})
2026-08-24 16:25:37 - selenium.webdriver.remote.remote_connection - DEBUG - Finished Request
2026-08-24 16:25:38 - selenium.webdriver.remote.remote_connection - DEBUG - POST http://localhost:59571/session/c2c0bb35dc47ae4af76ddacfb45bc519/execute/sync {'script': "return document.querySelectorAll('[data-rpa-tag-id]').length > 0", 'args': []}
2026-08-24 16:25:38 - urllib3.connectionpool - DEBUG - http://localhost:59571 "POST /session/c2c0bb35dc47ae4af76ddacfb45bc519/execute/sync HTTP/1.1" 200 0
2026-08-24 16:25:38 - selenium.webdriver.remote.remote_connection - DEBUG - Remote response: status=200 | data={"value":false} | headers=HTTPHeaderDict({'Content-Length': '15', 'Content-Type': 'application/json; charset=utf-8', 'cache-control': 'no-cache'})
2026-08-24 16:25:38 - selenium.webdriver.remote.remote_connection - DEBUG - Finished Request
2026-08-24 16:25:38 - __main__ - ERROR - Page failed to become ready even after refresh
2026-08-24 16:25:38 - __main__ - INFO - Retry 3/3 for VCIT
2026-08-24 16:25:43 - __main__ - INFO - Navigating to https://investor.vanguard.com/etf/profile/overview/vcit
2026-08-24 16:25:43 - selenium.webdriver.remote.remote_connection - DEBUG - POST http://localhost:59571/session/c2c0bb35dc47ae4af76ddacfb45bc519/url {'url': 'https://investor.vanguard.com/etf/profile/overview/vcit'}
2026-08-24 16:25:47 - urllib3.connectionpool - DEBUG - http://localhost:59571 "POST /session/c2c0bb35dc47ae4af76ddacfb45bc519/url HTTP/1.1" 200 0
2026-08-24 16:25:47 - selenium.webdriver.remote.remote_connection - DEBUG - Remote response: status=200 | data={"value":null} | headers=HTTPHeaderDict({'Content-Length': '14', 'Content-Type': 'application/json; charset=utf-8', 'cache-control': 'no-cache'})
2026-08-24 16:25:47 - selenium.webdriver.remote.remote_connection - DEBUG - Finished Request
2026-08-24 16:25:47 - selenium.webdriver.remote.remote_connection - DEBUG - POST http://localhost:59571/session/c2c0bb35dc47ae4af76ddacfb45bc519/execute/sync {'script': "\n                var candidates = [\n                    document.querySelector('#onetrust-accept-btn...", 'args': []}
2026-08-24 16:25:47 - urllib3.connectionpool - DEBUG - http://localhost:59571 "POST /session/c2c0bb35dc47ae4af76ddacfb45bc519/execute/sync HTTP/1.1" 200 0
2026-08-24 16:25:47 - selenium.webdriver.remote.remote_connection - DEBUG - Remote response: status=200 | data={"value":null} | headers=HTTPHeaderDict({'Content-Length': '14', 'Content-Type': 'application/json; charset=utf-8', 'cache-control': 'no-cache'})
2026-08-24 16:25:47 - selenium.webdriver.remote.remote_connection - DEBUG - Finished Request
2026-08-24 16:25:47 - selenium.webdriver.remote.remote_connection - DEBUG - POST http://localhost:59571/session/c2c0bb35dc47ae4af76ddacfb45bc519/execute/sync {'script': "return document.querySelectorAll('[data-rpa-tag-id]').length > 0", 'args': []}
2026-08-24 16:25:47 - urllib3.connectionpool - DEBUG - http://localhost:59571 "POST /session/c2c0bb35dc47ae4af76ddacfb45bc519/execute/sync HTTP/1.1" 200 0
2026-08-24 16:25:47 - selenium.webdriver.remote.remote_connection - DEBUG - Remote response: status=200 | data={"value":false} | headers=HTTPHeaderDict({'Content-Length': '15', 'Content-Type': 'application/json; charset=utf-8', 'cache-control': 'no-cache'})
2026-08-24 16:25:47 - selenium.webdriver.remote.remote_connection - DEBUG - Finished Request
2026-08-24 16:25:47 - selenium.webdriver.remote.remote_connection - DEBUG - POST http://localhost:59571/session/c2c0bb35dc47ae4af76ddacfb45bc519/execute/sync {'script': "return document.querySelectorAll('[data-rpa-tag-id]').length > 0", 'args': []}
2026-08-24 16:25:49 - urllib3.connectionpool - DEBUG - http://localhost:59571 "POST /session/c2c0bb35dc47ae4af76ddacfb45bc519/execute/sync HTTP/1.1" 200 0
2026-08-24 16:25:49 - selenium.webdriver.remote.remote_connection - DEBUG - Remote response: status=200 | data={"value":false} | headers=HTTPHeaderDict({'Content-Length': '15', 'Content-Type': 'application/json; charset=utf-8', 'cache-control': 'no-cache'})
2026-08-24 16:25:49 - selenium.webdriver.remote.remote_connection - DEBUG - Finished Request
2026-08-24 16:25:49 - selenium.webdriver.remote.remote_connection - DEBUG - POST http://localhost:59571/session/c2c0bb35dc47ae4af76ddacfb45bc519/execute/sync {'script': "return document.querySelectorAll('[data-rpa-tag-id]').length > 0", 'args': []}
2026-08-24 16:25:49 - urllib3.connectionpool - DEBUG - http://localhost:59571 "POST /session/c2c0bb35dc47ae4af76ddacfb45bc519/execute/sync HTTP/1.1" 200 0
2026-08-24 16:25:49 - selenium.webdriver.remote.remote_connection - DEBUG - Remote response: status=200 | data={"value":false} | headers=HTTPHeaderDict({'Content-Length': '15', 'Content-Type': 'application/json; charset=utf-8', 'cache-control': 'no-cache'})
2026-08-24 16:25:49 - selenium.webdriver.remote.remote_connection - DEBUG - Finished Request
2026-08-24 16:25:50 - selenium.webdriver.remote.remote_connection - DEBUG - POST http://localhost:59571/session/c2c0bb35dc47ae4af76ddacfb45bc519/execute/sync {'script': "return document.querySelectorAll('[data-rpa-tag-id]').length > 0", 'args': []}
2026-08-24 16:25:50 - urllib3.connectionpool - DEBUG - http://localhost:59571 "POST /session/c2c0bb35dc47ae4af76ddacfb45bc519/execute/sync HTTP/1.1" 200 0
2026-08-24 16:25:50 - selenium.webdriver.remote.remote_connection - DEBUG - Remote response: status=200 | data={"value":false} | headers=HTTPHeaderDict({'Content-Length': '15', 'Content-Type': 'application/json; charset=utf-8', 'cache-control': 'no-cache'})
2026-08-24 16:25:50 - selenium.webdriver.remote.remote_connection - DEBUG - Finished Request
2026-08-24 16:25:50 - selenium.webdriver.remote.remote_connection - DEBUG - POST http://localhost:59571/session/c2c0bb35dc47ae4af76ddacfb45bc519/execute/sync {'script': "return document.querySelectorAll('[data-rpa-tag-id]').length > 0", 'args': []}
2026-08-24 16:25:50 - urllib3.connectionpool - DEBUG - http://localhost:59571 "POST /session/c2c0bb35dc47ae4af76ddacfb45bc519/execute/sync HTTP/1.1" 200 0
2026-08-24 16:25:50 - selenium.webdriver.remote.remote_connection - DEBUG - Remote response: status=200 | data={"value":false} | headers=HTTPHeaderDict({'Content-Length': '15', 'Content-Type': 'application/json; charset=utf-8', 'cache-control': 'no-cache'})
2026-08-24 16:25:50 - selenium.webdriver.remote.remote_connection - DEBUG - Finished Request
2026-08-24 16:25:51 - selenium.webdriver.remote.remote_connection - DEBUG - POST http://localhost:59571/session/c2c0bb35dc47ae4af76ddacfb45bc519/execute/sync {'script': "return document.querySelectorAll('[data-rpa-tag-id]').length > 0", 'args': []}
2026-08-24 16:25:51 - urllib3.connectionpool - DEBUG - http://localhost:59571 "POST /session/c2c0bb35dc47ae4af76ddacfb45bc519/execute/sync HTTP/1.1" 200 0
2026-08-24 16:25:51 - selenium.webdriver.remote.remote_connection - DEBUG - Remote response: status=200 | data={"value":false} | headers=HTTPHeaderDict({'Content-Length': '15', 'Content-Type': 'application/json; charset=utf-8', 'cache-control': 'no-cache'})
2026-08-24 16:25:51 - selenium.webdriver.remote.remote_connection - DEBUG - Finished Request
2026-08-24 16:25:51 - selenium.webdriver.remote.remote_connection - DEBUG - POST http://localhost:59571/session/c2c0bb35dc47ae4af76ddacfb45bc519/execute/sync {'script': "return document.querySelectorAll('[data-rpa-tag-id]').length > 0", 'args': []}
2026-08-24 16:25:51 - urllib3.connectionpool - DEBUG - http://localhost:59571 "POST /session/c2c0bb35dc47ae4af76ddacfb45bc519/execute/sync HTTP/1.1" 200 0
2026-08-24 16:25:51 - selenium.webdriver.remote.remote_connection - DEBUG - Remote response: status=200 | data={"value":false} | headers=HTTPHeaderDict({'Content-Length': '15', 'Content-Type': 'application/json; charset=utf-8', 'cache-control': 'no-cache'})
2026-08-24 16:25:51 - selenium.webdriver.remote.remote_connection - DEBUG - Finished Request
2026-08-24 16:25:52 - selenium.webdriver.remote.remote_connection - DEBUG - POST http://localhost:59571/session/c2c0bb35dc47ae4af76ddacfb45bc519/execute/sync {'script': "return document.querySelectorAll('[data-rpa-tag-id]').length > 0", 'args': []}
2026-08-24 16:25:52 - urllib3.connectionpool - DEBUG - http://localhost:59571 "POST /session/c2c0bb35dc47ae4af76ddacfb45bc519/execute/sync HTTP/1.1" 200 0
2026-08-24 16:25:52 - selenium.webdriver.remote.remote_connection - DEBUG - Remote response: status=200 | data={"value":false} | headers=HTTPHeaderDict({'Content-Length': '15', 'Content-Type': 'application/json; charset=utf-8', 'cache-control': 'no-cache'})
2026-08-24 16:25:52 - selenium.webdriver.remote.remote_connection - DEBUG - Finished Request
2026-08-24 16:25:52 - selenium.webdriver.remote.remote_connection - DEBUG - POST http://localhost:59571/session/c2c0bb35dc47ae4af76ddacfb45bc519/execute/sync {'script': "return document.querySelectorAll('[data-rpa-tag-id]').length > 0", 'args': []}
2026-08-24 16:25:52 - urllib3.connectionpool - DEBUG - http://localhost:59571 "POST /session/c2c0bb35dc47ae4af76ddacfb45bc519/execute/sync HTTP/1.1" 200 0
2026-08-24 16:25:52 - selenium.webdriver.remote.remote_connection - DEBUG - Remote response: status=200 | data={"value":false} | headers=HTTPHeaderDict({'Content-Length': '15', 'Content-Type': 'application/json; charset=utf-8', 'cache-control': 'no-cache'})
2026-08-24 16:25:52 - selenium.webdriver.remote.remote_connection - DEBUG - Finished Request
2026-08-24 16:25:53 - selenium.webdriver.remote.remote_connection - DEBUG - POST http://localhost:59571/session/c2c0bb35dc47ae4af76ddacfb45bc519/execute/sync {'script': "return document.querySelectorAll('[data-rpa-tag-id]').length > 0", 'args': []}
2026-08-24 16:25:53 - urllib3.connectionpool - DEBUG - http://localhost:59571 "POST /session/c2c0bb35dc47ae4af76ddacfb45bc519/execute/sync HTTP/1.1" 200 0
2026-08-24 16:25:53 - selenium.webdriver.remote.remote_connection - DEBUG - Remote response: status=200 | data={"value":false} | headers=HTTPHeaderDict({'Content-Length': '15', 'Content-Type': 'application/json; charset=utf-8', 'cache-control': 'no-cache'})
2026-08-24 16:25:53 - selenium.webdriver.remote.remote_connection - DEBUG - Finished Request
2026-08-24 16:25:53 - selenium.webdriver.remote.remote_connection - DEBUG - POST http://localhost:59571/session/c2c0bb35dc47ae4af76ddacfb45bc519/execute/sync {'script': "return document.querySelectorAll('[data-rpa-tag-id]').length > 0", 'args': []}
2026-08-24 16:25:53 - urllib3.connectionpool - DEBUG - http://localhost:59571 "POST /session/c2c0bb35dc47ae4af76ddacfb45bc519/execute/sync HTTP/1.1" 200 0
2026-08-24 16:25:53 - selenium.webdriver.remote.remote_connection - DEBUG - Remote response: status=200 | data={"value":false} | headers=HTTPHeaderDict({'Content-Length': '15', 'Content-Type': 'application/json; charset=utf-8', 'cache-control': 'no-cache'})
2026-08-24 16:25:53 - selenium.webdriver.remote.remote_connection - DEBUG - Finished Request
2026-08-24 16:25:54 - selenium.webdriver.remote.remote_connection - DEBUG - POST http://localhost:59571/session/c2c0bb35dc47ae4af76ddacfb45bc519/execute/sync {'script': "return document.querySelectorAll('[data-rpa-tag-id]').length > 0", 'args': []}
2026-08-24 16:25:54 - urllib3.connectionpool - DEBUG - http://localhost:59571 "POST /session/c2c0bb35dc47ae4af76ddacfb45bc519/execute/sync HTTP/1.1" 200 0
2026-08-24 16:25:54 - selenium.webdriver.remote.remote_connection - DEBUG - Remote response: status=200 | data={"value":false} | headers=HTTPHeaderDict({'Content-Length': '15', 'Content-Type': 'application/json; charset=utf-8', 'cache-control': 'no-cache'})
2026-08-24 16:25:54 - selenium.webdriver.remote.remote_connection - DEBUG - Finished Request
2026-08-24 16:25:55 - selenium.webdriver.remote.remote_connection - DEBUG - POST http://localhost:59571/session/c2c0bb35dc47ae4af76ddacfb45bc519/execute/sync {'script': "return document.querySelectorAll('[data-rpa-tag-id]').length > 0", 'args': []}
2026-08-24 16:25:55 - urllib3.connectionpool - DEBUG - http://localhost:59571 "POST /session/c2c0bb35dc47ae4af76ddacfb45bc519/execute/sync HTTP/1.1" 200 0
2026-08-24 16:25:55 - selenium.webdriver.remote.remote_connection - DEBUG - Remote response: status=200 | data={"value":false} | headers=HTTPHeaderDict({'Content-Length': '15', 'Content-Type': 'application/json; charset=utf-8', 'cache-control': 'no-cache'})
2026-08-24 16:25:55 - selenium.webdriver.remote.remote_connection - DEBUG - Finished Request
2026-08-24 16:25:56 - selenium.webdriver.remote.remote_connection - DEBUG - POST http://localhost:59571/session/c2c0bb35dc47ae4af76ddacfb45bc519/execute/sync {'script': "return document.querySelectorAll('[data-rpa-tag-id]').length > 0", 'args': []}
2026-08-24 16:25:56 - urllib3.connectionpool - DEBUG - http://localhost:59571 "POST /session/c2c0bb35dc47ae4af76ddacfb45bc519/execute/sync HTTP/1.1" 200 0
2026-08-24 16:25:56 - selenium.webdriver.remote.remote_connection - DEBUG - Remote response: status=200 | data={"value":false} | headers=HTTPHeaderDict({'Content-Length': '15', 'Content-Type': 'application/json; charset=utf-8', 'cache-control': 'no-cache'})
2026-08-24 16:25:56 - selenium.webdriver.remote.remote_connection - DEBUG - Finished Request
2026-08-24 16:25:56 - selenium.webdriver.remote.remote_connection - DEBUG - POST http://localhost:59571/session/c2c0bb35dc47ae4af76ddacfb45bc519/execute/sync {'script': "return document.querySelectorAll('[data-rpa-tag-id]').length > 0", 'args': []}
2026-08-24 16:25:56 - urllib3.connectionpool - DEBUG - http://localhost:59571 "POST /session/c2c0bb35dc47ae4af76ddacfb45bc519/execute/sync HTTP/1.1" 200 0
2026-08-24 16:25:56 - selenium.webdriver.remote.remote_connection - DEBUG - Remote response: status=200 | data={"value":false} | headers=HTTPHeaderDict({'Content-Length': '15', 'Content-Type': 'application/json; charset=utf-8', 'cache-control': 'no-cache'})
2026-08-24 16:25:56 - selenium.webdriver.remote.remote_connection - DEBUG - Finished Request
2026-08-24 16:25:57 - selenium.webdriver.remote.remote_connection - DEBUG - POST http://localhost:59571/session/c2c0bb35dc47ae4af76ddacfb45bc519/execute/sync {'script': "return document.querySelectorAll('[data-rpa-tag-id]').length > 0", 'args': []}
2026-08-24 16:25:57 - urllib3.connectionpool - DEBUG - http://localhost:59571 "POST /session/c2c0bb35dc47ae4af76ddacfb45bc519/execute/sync HTTP/1.1" 200 0
2026-08-24 16:25:57 - selenium.webdriver.remote.remote_connection - DEBUG - Remote response: status=200 | data={"value":false} | headers=HTTPHeaderDict({'Content-Length': '15', 'Content-Type': 'application/json; charset=utf-8', 'cache-control': 'no-cache'})
2026-08-24 16:25:57 - selenium.webdriver.remote.remote_connection - DEBUG - Finished Request
2026-08-24 16:25:57 - selenium.webdriver.remote.remote_connection - DEBUG - POST http://localhost:59571/session/c2c0bb35dc47ae4af76ddacfb45bc519/execute/sync {'script': "return document.querySelectorAll('[data-rpa-tag-id]').length > 0", 'args': []}
2026-08-24 16:25:57 - urllib3.connectionpool - DEBUG - http://localhost:59571 "POST /session/c2c0bb35dc47ae4af76ddacfb45bc519/execute/sync HTTP/1.1" 200 0
2026-08-24 16:25:57 - selenium.webdriver.remote.remote_connection - DEBUG - Remote response: status=200 | data={"value":false} | headers=HTTPHeaderDict({'Content-Length': '15', 'Content-Type': 'application/json; charset=utf-8', 'cache-control': 'no-cache'})
2026-08-24 16:25:57 - selenium.webdriver.remote.remote_connection - DEBUG - Finished Request
2026-08-24 16:25:58 - selenium.webdriver.remote.remote_connection - DEBUG - POST http://localhost:59571/session/c2c0bb35dc47ae4af76ddacfb45bc519/execute/sync {'script': "return document.querySelectorAll('[data-rpa-tag-id]').length > 0", 'args': []}
2026-08-24 16:25:58 - urllib3.connectionpool - DEBUG - http://localhost:59571 "POST /session/c2c0bb35dc47ae4af76ddacfb45bc519/execute/sync HTTP/1.1" 200 0
2026-08-24 16:25:58 - selenium.webdriver.remote.remote_connection - DEBUG - Remote response: status=200 | data={"value":false} | headers=HTTPHeaderDict({'Content-Length': '15', 'Content-Type': 'application/json; charset=utf-8', 'cache-control': 'no-cache'})
2026-08-24 16:25:58 - selenium.webdriver.remote.remote_connection - DEBUG - Finished Request
2026-08-24 16:25:58 - selenium.webdriver.remote.remote_connection - DEBUG - POST http://localhost:59571/session/c2c0bb35dc47ae4af76ddacfb45bc519/execute/sync {'script': "return document.querySelectorAll('[data-rpa-tag-id]').length > 0", 'args': []}
2026-08-24 16:25:58 - urllib3.connectionpool - DEBUG - http://localhost:59571 "POST /session/c2c0bb35dc47ae4af76ddacfb45bc519/execute/sync HTTP/1.1" 200 0
2026-08-24 16:25:58 - selenium.webdriver.remote.remote_connection - DEBUG - Remote response: status=200 | data={"value":false} | headers=HTTPHeaderDict({'Content-Length': '15', 'Content-Type': 'application/json; charset=utf-8', 'cache-control': 'no-cache'})
2026-08-24 16:25:58 - selenium.webdriver.remote.remote_connection - DEBUG - Finished Request
2026-08-24 16:25:59 - selenium.webdriver.remote.remote_connection - DEBUG - POST http://localhost:59571/session/c2c0bb35dc47ae4af76ddacfb45bc519/execute/sync {'script': "return document.querySelectorAll('[data-rpa-tag-id]').length > 0", 'args': []}
2026-08-24 16:25:59 - urllib3.connectionpool - DEBUG - http://localhost:59571 "POST /session/c2c0bb35dc47ae4af76ddacfb45bc519/execute/sync HTTP/1.1" 200 0
2026-08-24 16:25:59 - selenium.webdriver.remote.remote_connection - DEBUG - Remote response: status=200 | data={"value":false} | headers=HTTPHeaderDict({'Content-Length': '15', 'Content-Type': 'application/json; charset=utf-8', 'cache-control': 'no-cache'})
2026-08-24 16:25:59 - selenium.webdriver.remote.remote_connection - DEBUG - Finished Request
2026-08-24 16:25:59 - selenium.webdriver.remote.remote_connection - DEBUG - POST http://localhost:59571/session/c2c0bb35dc47ae4af76ddacfb45bc519/execute/sync {'script': "return document.querySelectorAll('[data-rpa-tag-id]').length > 0", 'args': []}
2026-08-24 16:25:59 - urllib3.connectionpool - DEBUG - http://localhost:59571 "POST /session/c2c0bb35dc47ae4af76ddacfb45bc519/execute/sync HTTP/1.1" 200 0
2026-08-24 16:25:59 - selenium.webdriver.remote.remote_connection - DEBUG - Remote response: status=200 | data={"value":false} | headers=HTTPHeaderDict({'Content-Length': '15', 'Content-Type': 'application/json; charset=utf-8', 'cache-control': 'no-cache'})
2026-08-24 16:25:59 - selenium.webdriver.remote.remote_connection - DEBUG - Finished Request
2026-08-24 16:26:00 - selenium.webdriver.remote.remote_connection - DEBUG - POST http://localhost:59571/session/c2c0bb35dc47ae4af76ddacfb45bc519/execute/sync {'script': "return document.querySelectorAll('[data-rpa-tag-id]').length > 0", 'args': []}
2026-08-24 16:26:00 - urllib3.connectionpool - DEBUG - http://localhost:59571 "POST /session/c2c0bb35dc47ae4af76ddacfb45bc519/execute/sync HTTP/1.1" 200 0
2026-08-24 16:26:00 - selenium.webdriver.remote.remote_connection - DEBUG - Remote response: status=200 | data={"value":false} | headers=HTTPHeaderDict({'Content-Length': '15', 'Content-Type': 'application/json; charset=utf-8', 'cache-control': 'no-cache'})
2026-08-24 16:26:00 - selenium.webdriver.remote.remote_connection - DEBUG - Finished Request
2026-08-24 16:26:00 - selenium.webdriver.remote.remote_connection - DEBUG - POST http://localhost:59571/session/c2c0bb35dc47ae4af76ddacfb45bc519/execute/sync {'script': "return document.querySelectorAll('[data-rpa-tag-id]').length > 0", 'args': []}
2026-08-24 16:26:00 - urllib3.connectionpool - DEBUG - http://localhost:59571 "POST /session/c2c0bb35dc47ae4af76ddacfb45bc519/execute/sync HTTP/1.1" 200 0
2026-08-24 16:26:00 - selenium.webdriver.remote.remote_connection - DEBUG - Remote response: status=200 | data={"value":false} | headers=HTTPHeaderDict({'Content-Length': '15', 'Content-Type': 'application/json; charset=utf-8', 'cache-control': 'no-cache'})
2026-08-24 16:26:00 - selenium.webdriver.remote.remote_connection - DEBUG - Finished Request
2026-08-24 16:26:01 - selenium.webdriver.remote.remote_connection - DEBUG - POST http://localhost:59571/session/c2c0bb35dc47ae4af76ddacfb45bc519/execute/sync {'script': "return document.querySelectorAll('[data-rpa-tag-id]').length > 0", 'args': []}
2026-08-24 16:26:01 - urllib3.connectionpool - DEBUG - http://localhost:59571 "POST /session/c2c0bb35dc47ae4af76ddacfb45bc519/execute/sync HTTP/1.1" 200 0
2026-08-24 16:26:01 - selenium.webdriver.remote.remote_connection - DEBUG - Remote response: status=200 | data={"value":false} | headers=HTTPHeaderDict({'Content-Length': '15', 'Content-Type': 'application/json; charset=utf-8', 'cache-control': 'no-cache'})
2026-08-24 16:26:01 - selenium.webdriver.remote.remote_connection - DEBUG - Finished Request
2026-08-24 16:26:02 - selenium.webdriver.remote.remote_connection - DEBUG - POST http://localhost:59571/session/c2c0bb35dc47ae4af76ddacfb45bc519/execute/sync {'script': "return document.querySelectorAll('[data-rpa-tag-id]').length > 0", 'args': []}
2026-08-24 16:26:02 - urllib3.connectionpool - DEBUG - http://localhost:59571 "POST /session/c2c0bb35dc47ae4af76ddacfb45bc519/execute/sync HTTP/1.1" 200 0
2026-08-24 16:26:02 - selenium.webdriver.remote.remote_connection - DEBUG - Remote response: status=200 | data={"value":false} | headers=HTTPHeaderDict({'Content-Length': '15', 'Content-Type': 'application/json; charset=utf-8', 'cache-control': 'no-cache'})
2026-08-24 16:26:02 - selenium.webdriver.remote.remote_connection - DEBUG - Finished Request
2026-08-24 16:26:02 - selenium.webdriver.remote.remote_connection - DEBUG - POST http://localhost:59571/session/c2c0bb35dc47ae4af76ddacfb45bc519/execute/sync {'script': "return document.querySelectorAll('[data-rpa-tag-id]').length > 0", 'args': []}
2026-08-24 16:26:02 - urllib3.connectionpool - DEBUG - http://localhost:59571 "POST /session/c2c0bb35dc47ae4af76ddacfb45bc519/execute/sync HTTP/1.1" 200 0
2026-08-24 16:26:02 - selenium.webdriver.remote.remote_connection - DEBUG - Remote response: status=200 | data={"value":false} | headers=HTTPHeaderDict({'Content-Length': '15', 'Content-Type': 'application/json; charset=utf-8', 'cache-control': 'no-cache'})
2026-08-24 16:26:02 - selenium.webdriver.remote.remote_connection - DEBUG - Finished Request
2026-08-24 16:26:03 - selenium.webdriver.remote.remote_connection - DEBUG - POST http://localhost:59571/session/c2c0bb35dc47ae4af76ddacfb45bc519/execute/sync {'script': "return document.querySelectorAll('[data-rpa-tag-id]').length > 0", 'args': []}
2026-08-24 16:26:03 - urllib3.connectionpool - DEBUG - http://localhost:59571 "POST /session/c2c0bb35dc47ae4af76ddacfb45bc519/execute/sync HTTP/1.1" 200 0
2026-08-24 16:26:03 - selenium.webdriver.remote.remote_connection - DEBUG - Remote response: status=200 | data={"value":false} | headers=HTTPHeaderDict({'Content-Length': '15', 'Content-Type': 'application/json; charset=utf-8', 'cache-control': 'no-cache'})
2026-08-24 16:26:03 - selenium.webdriver.remote.remote_connection - DEBUG - Finished Request
2026-08-24 16:26:03 - selenium.webdriver.remote.remote_connection - DEBUG - POST http://localhost:59571/session/c2c0bb35dc47ae4af76ddacfb45bc519/execute/sync {'script': "return document.querySelectorAll('[data-rpa-tag-id]').length > 0", 'args': []}
2026-08-24 16:26:03 - urllib3.connectionpool - DEBUG - http://localhost:59571 "POST /session/c2c0bb35dc47ae4af76ddacfb45bc519/execute/sync HTTP/1.1" 200 0
2026-08-24 16:26:03 - selenium.webdriver.remote.remote_connection - DEBUG - Remote response: status=200 | data={"value":false} | headers=HTTPHeaderDict({'Content-Length': '15', 'Content-Type': 'application/json; charset=utf-8', 'cache-control': 'no-cache'})
2026-08-24 16:26:03 - selenium.webdriver.remote.remote_connection - DEBUG - Finished Request
2026-08-24 16:26:04 - selenium.webdriver.remote.remote_connection - DEBUG - POST http://localhost:59571/session/c2c0bb35dc47ae4af76ddacfb45bc519/execute/sync {'script': "return document.querySelectorAll('[data-rpa-tag-id]').length > 0", 'args': []}
2026-08-24 16:26:04 - urllib3.connectionpool - DEBUG - http://localhost:59571 "POST /session/c2c0bb35dc47ae4af76ddacfb45bc519/execute/sync HTTP/1.1" 200 0
2026-08-24 16:26:04 - selenium.webdriver.remote.remote_connection - DEBUG - Remote response: status=200 | data={"value":false} | headers=HTTPHeaderDict({'Content-Length': '15', 'Content-Type': 'application/json; charset=utf-8', 'cache-control': 'no-cache'})
2026-08-24 16:26:04 - selenium.webdriver.remote.remote_connection - DEBUG - Finished Request
2026-08-24 16:26:04 - selenium.webdriver.remote.remote_connection - DEBUG - POST http://localhost:59571/session/c2c0bb35dc47ae4af76ddacfb45bc519/execute/sync {'script': "return document.querySelectorAll('[data-rpa-tag-id]').length > 0", 'args': []}
2026-08-24 16:26:04 - urllib3.connectionpool - DEBUG - http://localhost:59571 "POST /session/c2c0bb35dc47ae4af76ddacfb45bc519/execute/sync HTTP/1.1" 200 0
2026-08-24 16:26:04 - selenium.webdriver.remote.remote_connection - DEBUG - Remote response: status=200 | data={"value":false} | headers=HTTPHeaderDict({'Content-Length': '15', 'Content-Type': 'application/json; charset=utf-8', 'cache-control': 'no-cache'})
2026-08-24 16:26:04 - selenium.webdriver.remote.remote_connection - DEBUG - Finished Request
2026-08-24 16:26:05 - selenium.webdriver.remote.remote_connection - DEBUG - POST http://localhost:59571/session/c2c0bb35dc47ae4af76ddacfb45bc519/execute/sync {'script': "return document.querySelectorAll('[data-rpa-tag-id]').length > 0", 'args': []}
2026-08-24 16:26:05 - urllib3.connectionpool - DEBUG - http://localhost:59571 "POST /session/c2c0bb35dc47ae4af76ddacfb45bc519/execute/sync HTTP/1.1" 200 0
2026-08-24 16:26:05 - selenium.webdriver.remote.remote_connection - DEBUG - Remote response: status=200 | data={"value":false} | headers=HTTPHeaderDict({'Content-Length': '15', 'Content-Type': 'application/json; charset=utf-8', 'cache-control': 'no-cache'})
2026-08-24 16:26:05 - selenium.webdriver.remote.remote_connection - DEBUG - Finished Request
2026-08-24 16:26:05 - selenium.webdriver.remote.remote_connection - DEBUG - POST http://localhost:59571/session/c2c0bb35dc47ae4af76ddacfb45bc519/execute/sync {'script': "return document.querySelectorAll('[data-rpa-tag-id]').length > 0", 'args': []}
2026-08-24 16:26:05 - urllib3.connectionpool - DEBUG - http://localhost:59571 "POST /session/c2c0bb35dc47ae4af76ddacfb45bc519/execute/sync HTTP/1.1" 200 0
2026-08-24 16:26:05 - selenium.webdriver.remote.remote_connection - DEBUG - Remote response: status=200 | data={"value":false} | headers=HTTPHeaderDict({'Content-Length': '15', 'Content-Type': 'application/json; charset=utf-8', 'cache-control': 'no-cache'})
2026-08-24 16:26:05 - selenium.webdriver.remote.remote_connection - DEBUG - Finished Request
2026-08-24 16:26:06 - selenium.webdriver.remote.remote_connection - DEBUG - POST http://localhost:59571/session/c2c0bb35dc47ae4af76ddacfb45bc519/execute/sync {'script': "return document.querySelectorAll('[data-rpa-tag-id]').length > 0", 'args': []}
2026-08-24 16:26:06 - urllib3.connectionpool - DEBUG - http://localhost:59571 "POST /session/c2c0bb35dc47ae4af76ddacfb45bc519/execute/sync HTTP/1.1" 200 0
2026-08-24 16:26:06 - selenium.webdriver.remote.remote_connection - DEBUG - Remote response: status=200 | data={"value":false} | headers=HTTPHeaderDict({'Content-Length': '15', 'Content-Type': 'application/json; charset=utf-8', 'cache-control': 'no-cache'})
2026-08-24 16:26:06 - selenium.webdriver.remote.remote_connection - DEBUG - Finished Request
2026-08-24 16:26:06 - selenium.webdriver.remote.remote_connection - DEBUG - POST http://localhost:59571/session/c2c0bb35dc47ae4af76ddacfb45bc519/execute/sync {'script': "return document.querySelectorAll('[data-rpa-tag-id]').length > 0", 'args': []}
2026-08-24 16:26:06 - urllib3.connectionpool - DEBUG - http://localhost:59571 "POST /session/c2c0bb35dc47ae4af76ddacfb45bc519/execute/sync HTTP/1.1" 200 0
2026-08-24 16:26:06 - selenium.webdriver.remote.remote_connection - DEBUG - Remote response: status=200 | data={"value":false} | headers=HTTPHeaderDict({'Content-Length': '15', 'Content-Type': 'application/json; charset=utf-8', 'cache-control': 'no-cache'})
2026-08-24 16:26:06 - selenium.webdriver.remote.remote_connection - DEBUG - Finished Request
2026-08-24 16:26:07 - selenium.webdriver.remote.remote_connection - DEBUG - POST http://localhost:59571/session/c2c0bb35dc47ae4af76ddacfb45bc519/execute/sync {'script': "return document.querySelectorAll('[data-rpa-tag-id]').length > 0", 'args': []}
2026-08-24 16:26:07 - urllib3.connectionpool - DEBUG - http://localhost:59571 "POST /session/c2c0bb35dc47ae4af76ddacfb45bc519/execute/sync HTTP/1.1" 200 0
2026-08-24 16:26:07 - selenium.webdriver.remote.remote_connection - DEBUG - Remote response: status=200 | data={"value":false} | headers=HTTPHeaderDict({'Content-Length': '15', 'Content-Type': 'application/json; charset=utf-8', 'cache-control': 'no-cache'})
2026-08-24 16:26:07 - selenium.webdriver.remote.remote_connection - DEBUG - Finished Request
2026-08-24 16:26:07 - selenium.webdriver.remote.remote_connection - DEBUG - POST http://localhost:59571/session/c2c0bb35dc47ae4af76ddacfb45bc519/execute/sync {'script': "return document.querySelectorAll('[data-rpa-tag-id]').length > 0", 'args': []}
2026-08-24 16:26:07 - urllib3.connectionpool - DEBUG - http://localhost:59571 "POST /session/c2c0bb35dc47ae4af76ddacfb45bc519/execute/sync HTTP/1.1" 200 0
2026-08-24 16:26:07 - selenium.webdriver.remote.remote_connection - DEBUG - Remote response: status=200 | data={"value":false} | headers=HTTPHeaderDict({'Content-Length': '15', 'Content-Type': 'application/json; charset=utf-8', 'cache-control': 'no-cache'})
2026-08-24 16:26:07 - selenium.webdriver.remote.remote_connection - DEBUG - Finished Request
2026-08-24 16:26:08 - selenium.webdriver.remote.remote_connection - DEBUG - POST http://localhost:59571/session/c2c0bb35dc47ae4af76ddacfb45bc519/execute/sync {'script': "return document.querySelectorAll('[data-rpa-tag-id]').length > 0", 'args': []}
2026-08-24 16:26:08 - urllib3.connectionpool - DEBUG - http://localhost:59571 "POST /session/c2c0bb35dc47ae4af76ddacfb45bc519/execute/sync HTTP/1.1" 200 0
2026-08-24 16:26:08 - selenium.webdriver.remote.remote_connection - DEBUG - Remote response: status=200 | data={"value":false} | headers=HTTPHeaderDict({'Content-Length': '15', 'Content-Type': 'application/json; charset=utf-8', 'cache-control': 'no-cache'})
2026-08-24 16:26:08 - selenium.webdriver.remote.remote_connection - DEBUG - Finished Request
2026-08-24 16:26:08 - selenium.webdriver.remote.remote_connection - DEBUG - POST http://localhost:59571/session/c2c0bb35dc47ae4af76ddacfb45bc519/execute/sync {'script': "return document.querySelectorAll('[data-rpa-tag-id]').length > 0", 'args': []}
2026-08-24 16:26:08 - urllib3.connectionpool - DEBUG - http://localhost:59571 "POST /session/c2c0bb35dc47ae4af76ddacfb45bc519/execute/sync HTTP/1.1" 200 0
2026-08-24 16:26:08 - selenium.webdriver.remote.remote_connection - DEBUG - Remote response: status=200 | data={"value":false} | headers=HTTPHeaderDict({'Content-Length': '15', 'Content-Type': 'application/json; charset=utf-8', 'cache-control': 'no-cache'})
2026-08-24 16:26:08 - selenium.webdriver.remote.remote_connection - DEBUG - Finished Request
2026-08-24 16:26:09 - selenium.webdriver.remote.remote_connection - DEBUG - POST http://localhost:59571/session/c2c0bb35dc47ae4af76ddacfb45bc519/execute/sync {'script': "return document.querySelectorAll('[data-rpa-tag-id]').length > 0", 'args': []}
2026-08-24 16:26:09 - urllib3.connectionpool - DEBUG - http://localhost:59571 "POST /session/c2c0bb35dc47ae4af76ddacfb45bc519/execute/sync HTTP/1.1" 200 0
2026-08-24 16:26:09 - selenium.webdriver.remote.remote_connection - DEBUG - Remote response: status=200 | data={"value":false} | headers=HTTPHeaderDict({'Content-Length': '15', 'Content-Type': 'application/json; charset=utf-8', 'cache-control': 'no-cache'})
2026-08-24 16:26:09 - selenium.webdriver.remote.remote_connection - DEBUG - Finished Request
2026-08-24 16:26:09 - selenium.webdriver.remote.remote_connection - DEBUG - POST http://localhost:59571/session/c2c0bb35dc47ae4af76ddacfb45bc519/execute/sync {'script': "return document.querySelectorAll('[data-rpa-tag-id]').length > 0", 'args': []}
2026-08-24 16:26:09 - urllib3.connectionpool - DEBUG - http://localhost:59571 "POST /session/c2c0bb35dc47ae4af76ddacfb45bc519/execute/sync HTTP/1.1" 200 0
2026-08-24 16:26:09 - selenium.webdriver.remote.remote_connection - DEBUG - Remote response: status=200 | data={"value":false} | headers=HTTPHeaderDict({'Content-Length': '15', 'Content-Type': 'application/json; charset=utf-8', 'cache-control': 'no-cache'})
2026-08-24 16:26:09 - selenium.webdriver.remote.remote_connection - DEBUG - Finished Request
2026-08-24 16:26:10 - selenium.webdriver.remote.remote_connection - DEBUG - POST http://localhost:59571/session/c2c0bb35dc47ae4af76ddacfb45bc519/execute/sync {'script': "return document.querySelectorAll('[data-rpa-tag-id]').length > 0", 'args': []}
2026-08-24 16:26:10 - urllib3.connectionpool - DEBUG - http://localhost:59571 "POST /session/c2c0bb35dc47ae4af76ddacfb45bc519/execute/sync HTTP/1.1" 200 0
2026-08-24 16:26:10 - selenium.webdriver.remote.remote_connection - DEBUG - Remote response: status=200 | data={"value":false} | headers=HTTPHeaderDict({'Content-Length': '15', 'Content-Type': 'application/json; charset=utf-8', 'cache-control': 'no-cache'})
2026-08-24 16:26:10 - selenium.webdriver.remote.remote_connection - DEBUG - Finished Request
2026-08-24 16:26:10 - selenium.webdriver.remote.remote_connection - DEBUG - POST http://localhost:59571/session/c2c0bb35dc47ae4af76ddacfb45bc519/execute/sync {'script': "return document.querySelectorAll('[data-rpa-tag-id]').length > 0", 'args': []}
2026-08-24 16:26:10 - urllib3.connectionpool - DEBUG - http://localhost:59571 "POST /session/c2c0bb35dc47ae4af76ddacfb45bc519/execute/sync HTTP/1.1" 200 0
2026-08-24 16:26:10 - selenium.webdriver.remote.remote_connection - DEBUG - Remote response: status=200 | data={"value":false} | headers=HTTPHeaderDict({'Content-Length': '15', 'Content-Type': 'application/json; charset=utf-8', 'cache-control': 'no-cache'})
2026-08-24 16:26:10 - selenium.webdriver.remote.remote_connection - DEBUG - Finished Request
2026-08-24 16:26:11 - selenium.webdriver.remote.remote_connection - DEBUG - POST http://localhost:59571/session/c2c0bb35dc47ae4af76ddacfb45bc519/execute/sync {'script': "return document.querySelectorAll('[data-rpa-tag-id]').length > 0", 'args': []}
2026-08-24 16:26:11 - urllib3.connectionpool - DEBUG - http://localhost:59571 "POST /session/c2c0bb35dc47ae4af76ddacfb45bc519/execute/sync HTTP/1.1" 200 0
2026-08-24 16:26:11 - selenium.webdriver.remote.remote_connection - DEBUG - Remote response: status=200 | data={"value":false} | headers=HTTPHeaderDict({'Content-Length': '15', 'Content-Type': 'application/json; charset=utf-8', 'cache-control': 'no-cache'})
2026-08-24 16:26:11 - selenium.webdriver.remote.remote_connection - DEBUG - Finished Request
2026-08-24 16:26:11 - selenium.webdriver.remote.remote_connection - DEBUG - POST http://localhost:59571/session/c2c0bb35dc47ae4af76ddacfb45bc519/execute/sync {'script': "return document.querySelectorAll('[data-rpa-tag-id]').length > 0", 'args': []}
2026-08-24 16:26:11 - urllib3.connectionpool - DEBUG - http://localhost:59571 "POST /session/c2c0bb35dc47ae4af76ddacfb45bc519/execute/sync HTTP/1.1" 200 0
2026-08-24 16:26:11 - selenium.webdriver.remote.remote_connection - DEBUG - Remote response: status=200 | data={"value":false} | headers=HTTPHeaderDict({'Content-Length': '15', 'Content-Type': 'application/json; charset=utf-8', 'cache-control': 'no-cache'})
2026-08-24 16:26:11 - selenium.webdriver.remote.remote_connection - DEBUG - Finished Request
2026-08-24 16:26:12 - selenium.webdriver.remote.remote_connection - DEBUG - POST http://localhost:59571/session/c2c0bb35dc47ae4af76ddacfb45bc519/execute/sync {'script': "return document.querySelectorAll('[data-rpa-tag-id]').length > 0", 'args': []}
2026-08-24 16:26:12 - urllib3.connectionpool - DEBUG - http://localhost:59571 "POST /session/c2c0bb35dc47ae4af76ddacfb45bc519/execute/sync HTTP/1.1" 200 0
2026-08-24 16:26:12 - selenium.webdriver.remote.remote_connection - DEBUG - Remote response: status=200 | data={"value":false} | headers=HTTPHeaderDict({'Content-Length': '15', 'Content-Type': 'application/json; charset=utf-8', 'cache-control': 'no-cache'})
2026-08-24 16:26:12 - selenium.webdriver.remote.remote_connection - DEBUG - Finished Request
2026-08-24 16:26:12 - selenium.webdriver.remote.remote_connection - DEBUG - POST http://localhost:59571/session/c2c0bb35dc47ae4af76ddacfb45bc519/execute/sync {'script': "return document.querySelectorAll('[data-rpa-tag-id]').length > 0", 'args': []}
2026-08-24 16:26:12 - urllib3.connectionpool - DEBUG - http://localhost:59571 "POST /session/c2c0bb35dc47ae4af76ddacfb45bc519/execute/sync HTTP/1.1" 200 0
2026-08-24 16:26:12 - selenium.webdriver.remote.remote_connection - DEBUG - Remote response: status=200 | data={"value":false} | headers=HTTPHeaderDict({'Content-Length': '15', 'Content-Type': 'application/json; charset=utf-8', 'cache-control': 'no-cache'})
2026-08-24 16:26:12 - selenium.webdriver.remote.remote_connection - DEBUG - Finished Request
2026-08-24 16:26:13 - selenium.webdriver.remote.remote_connection - DEBUG - POST http://localhost:59571/session/c2c0bb35dc47ae4af76ddacfb45bc519/execute/sync {'script': "return document.querySelectorAll('[data-rpa-tag-id]').length > 0", 'args': []}
2026-08-24 16:26:13 - urllib3.connectionpool - DEBUG - http://localhost:59571 "POST /session/c2c0bb35dc47ae4af76ddacfb45bc519/execute/sync HTTP/1.1" 200 0
2026-08-24 16:26:13 - selenium.webdriver.remote.remote_connection - DEBUG - Remote response: status=200 | data={"value":false} | headers=HTTPHeaderDict({'Content-Length': '15', 'Content-Type': 'application/json; charset=utf-8', 'cache-control': 'no-cache'})
2026-08-24 16:26:13 - selenium.webdriver.remote.remote_connection - DEBUG - Finished Request
2026-08-24 16:26:13 - selenium.webdriver.remote.remote_connection - DEBUG - POST http://localhost:59571/session/c2c0bb35dc47ae4af76ddacfb45bc519/execute/sync {'script': "return document.querySelectorAll('[data-rpa-tag-id]').length > 0", 'args': []}
2026-08-24 16:26:13 - urllib3.connectionpool - DEBUG - http://localhost:59571 "POST /session/c2c0bb35dc47ae4af76ddacfb45bc519/execute/sync HTTP/1.1" 200 0
2026-08-24 16:26:13 - selenium.webdriver.remote.remote_connection - DEBUG - Remote response: status=200 | data={"value":false} | headers=HTTPHeaderDict({'Content-Length': '15', 'Content-Type': 'application/json; charset=utf-8', 'cache-control': 'no-cache'})
2026-08-24 16:26:13 - selenium.webdriver.remote.remote_connection - DEBUG - Finished Request
2026-08-24 16:26:14 - selenium.webdriver.remote.remote_connection - DEBUG - POST http://localhost:59571/session/c2c0bb35dc47ae4af76ddacfb45bc519/execute/sync {'script': "return document.querySelectorAll('[data-rpa-tag-id]').length > 0", 'args': []}
2026-08-24 16:26:14 - urllib3.connectionpool - DEBUG - http://localhost:59571 "POST /session/c2c0bb35dc47ae4af76ddacfb45bc519/execute/sync HTTP/1.1" 200 0
2026-08-24 16:26:14 - selenium.webdriver.remote.remote_connection - DEBUG - Remote response: status=200 | data={"value":false} | headers=HTTPHeaderDict({'Content-Length': '15', 'Content-Type': 'application/json; charset=utf-8', 'cache-control': 'no-cache'})
2026-08-24 16:26:14 - selenium.webdriver.remote.remote_connection - DEBUG - Finished Request
2026-08-24 16:26:15 - selenium.webdriver.remote.remote_connection - DEBUG - POST http://localhost:59571/session/c2c0bb35dc47ae4af76ddacfb45bc519/execute/sync {'script': "return document.querySelectorAll('[data-rpa-tag-id]').length > 0", 'args': []}
2026-08-24 16:26:15 - urllib3.connectionpool - DEBUG - http://localhost:59571 "POST /session/c2c0bb35dc47ae4af76ddacfb45bc519/execute/sync HTTP/1.1" 200 0
2026-08-24 16:26:15 - selenium.webdriver.remote.remote_connection - DEBUG - Remote response: status=200 | data={"value":false} | headers=HTTPHeaderDict({'Content-Length': '15', 'Content-Type': 'application/json; charset=utf-8', 'cache-control': 'no-cache'})
2026-08-24 16:26:15 - selenium.webdriver.remote.remote_connection - DEBUG - Finished Request
2026-08-24 16:26:15 - selenium.webdriver.remote.remote_connection - DEBUG - POST http://localhost:59571/session/c2c0bb35dc47ae4af76ddacfb45bc519/execute/sync {'script': "return document.querySelectorAll('[data-rpa-tag-id]').length > 0", 'args': []}
2026-08-24 16:26:15 - urllib3.connectionpool - DEBUG - http://localhost:59571 "POST /session/c2c0bb35dc47ae4af76ddacfb45bc519/execute/sync HTTP/1.1" 200 0
2026-08-24 16:26:15 - selenium.webdriver.remote.remote_connection - DEBUG - Remote response: status=200 | data={"value":false} | headers=HTTPHeaderDict({'Content-Length': '15', 'Content-Type': 'application/json; charset=utf-8', 'cache-control': 'no-cache'})
2026-08-24 16:26:15 - selenium.webdriver.remote.remote_connection - DEBUG - Finished Request
2026-08-24 16:26:16 - selenium.webdriver.remote.remote_connection - DEBUG - POST http://localhost:59571/session/c2c0bb35dc47ae4af76ddacfb45bc519/execute/sync {'script': "return document.querySelectorAll('[data-rpa-tag-id]').length > 0", 'args': []}
2026-08-24 16:26:16 - urllib3.connectionpool - DEBUG - http://localhost:59571 "POST /session/c2c0bb35dc47ae4af76ddacfb45bc519/execute/sync HTTP/1.1" 200 0
2026-08-24 16:26:16 - selenium.webdriver.remote.remote_connection - DEBUG - Remote response: status=200 | data={"value":false} | headers=HTTPHeaderDict({'Content-Length': '15', 'Content-Type': 'application/json; charset=utf-8', 'cache-control': 'no-cache'})
2026-08-24 16:26:16 - selenium.webdriver.remote.remote_connection - DEBUG - Finished Request
2026-08-24 16:26:16 - selenium.webdriver.remote.remote_connection - DEBUG - POST http://localhost:59571/session/c2c0bb35dc47ae4af76ddacfb45bc519/execute/sync {'script': "return document.querySelectorAll('[data-rpa-tag-id]').length > 0", 'args': []}
2026-08-24 16:26:16 - urllib3.connectionpool - DEBUG - http://localhost:59571 "POST /session/c2c0bb35dc47ae4af76ddacfb45bc519/execute/sync HTTP/1.1" 200 0
2026-08-24 16:26:16 - selenium.webdriver.remote.remote_connection - DEBUG - Remote response: status=200 | data={"value":false} | headers=HTTPHeaderDict({'Content-Length': '15', 'Content-Type': 'application/json; charset=utf-8', 'cache-control': 'no-cache'})
2026-08-24 16:26:16 - selenium.webdriver.remote.remote_connection - DEBUG - Finished Request
2026-08-24 16:26:17 - selenium.webdriver.remote.remote_connection - DEBUG - POST http://localhost:59571/session/c2c0bb35dc47ae4af76ddacfb45bc519/execute/sync {'script': "return document.querySelectorAll('[data-rpa-tag-id]').length > 0", 'args': []}
2026-08-24 16:26:17 - urllib3.connectionpool - DEBUG - http://localhost:59571 "POST /session/c2c0bb35dc47ae4af76ddacfb45bc519/execute/sync HTTP/1.1" 200 0
2026-08-24 16:26:17 - selenium.webdriver.remote.remote_connection - DEBUG - Remote response: status=200 | data={"value":false} | headers=HTTPHeaderDict({'Content-Length': '15', 'Content-Type': 'application/json; charset=utf-8', 'cache-control': 'no-cache'})
2026-08-24 16:26:17 - selenium.webdriver.remote.remote_connection - DEBUG - Finished Request
2026-08-24 16:26:17 - selenium.webdriver.remote.remote_connection - DEBUG - POST http://localhost:59571/session/c2c0bb35dc47ae4af76ddacfb45bc519/execute/sync {'script': "return document.querySelectorAll('[data-rpa-tag-id]').length > 0", 'args': []}
2026-08-24 16:26:17 - urllib3.connectionpool - DEBUG - http://localhost:59571 "POST /session/c2c0bb35dc47ae4af76ddacfb45bc519/execute/sync HTTP/1.1" 200 0
2026-08-24 16:26:17 - selenium.webdriver.remote.remote_connection - DEBUG - Remote response: status=200 | data={"value":false} | headers=HTTPHeaderDict({'Content-Length': '15', 'Content-Type': 'application/json; charset=utf-8', 'cache-control': 'no-cache'})
2026-08-24 16:26:17 - selenium.webdriver.remote.remote_connection - DEBUG - Finished Request
2026-08-24 16:26:17 - __main__ - WARNING - Angular did not bootstrap within 30s — will refresh
2026-08-24 16:26:17 - __main__ - INFO - Angular stalled — refreshing page (bundle now cached)
2026-08-24 16:26:17 - selenium.webdriver.remote.remote_connection - DEBUG - POST http://localhost:59571/session/c2c0bb35dc47ae4af76ddacfb45bc519/refresh {}
2026-08-24 16:26:20 - urllib3.connectionpool - DEBUG - http://localhost:59571 "POST /session/c2c0bb35dc47ae4af76ddacfb45bc519/refresh HTTP/1.1" 200 0
2026-08-24 16:26:20 - selenium.webdriver.remote.remote_connection - DEBUG - Remote response: status=200 | data={"value":null} | headers=HTTPHeaderDict({'Content-Length': '14', 'Content-Type': 'application/json; charset=utf-8', 'cache-control': 'no-cache'})
2026-08-24 16:26:20 - selenium.webdriver.remote.remote_connection - DEBUG - Finished Request
2026-08-24 16:26:20 - selenium.webdriver.remote.remote_connection - DEBUG - POST http://localhost:59571/session/c2c0bb35dc47ae4af76ddacfb45bc519/execute/sync {'script': "\n                var candidates = [\n                    document.querySelector('#onetrust-accept-btn...", 'args': []}
2026-08-24 16:26:20 - urllib3.connectionpool - DEBUG - http://localhost:59571 "POST /session/c2c0bb35dc47ae4af76ddacfb45bc519/execute/sync HTTP/1.1" 200 0
2026-08-24 16:26:20 - selenium.webdriver.remote.remote_connection - DEBUG - Remote response: status=200 | data={"value":null} | headers=HTTPHeaderDict({'Content-Length': '14', 'Content-Type': 'application/json; charset=utf-8', 'cache-control': 'no-cache'})
2026-08-24 16:26:20 - selenium.webdriver.remote.remote_connection - DEBUG - Finished Request
2026-08-24 16:26:20 - selenium.webdriver.remote.remote_connection - DEBUG - POST http://localhost:59571/session/c2c0bb35dc47ae4af76ddacfb45bc519/execute/sync {'script': "return document.querySelectorAll('[data-rpa-tag-id]').length > 0", 'args': []}
2026-08-24 16:26:20 - urllib3.connectionpool - DEBUG - http://localhost:59571 "POST /session/c2c0bb35dc47ae4af76ddacfb45bc519/execute/sync HTTP/1.1" 200 0
2026-08-24 16:26:20 - selenium.webdriver.remote.remote_connection - DEBUG - Remote response: status=200 | data={"value":false} | headers=HTTPHeaderDict({'Content-Length': '15', 'Content-Type': 'application/json; charset=utf-8', 'cache-control': 'no-cache'})
2026-08-24 16:26:20 - selenium.webdriver.remote.remote_connection - DEBUG - Finished Request
2026-08-24 16:26:21 - selenium.webdriver.remote.remote_connection - DEBUG - POST http://localhost:59571/session/c2c0bb35dc47ae4af76ddacfb45bc519/execute/sync {'script': "return document.querySelectorAll('[data-rpa-tag-id]').length > 0", 'args': []}
2026-08-24 16:26:23 - urllib3.connectionpool - DEBUG - http://localhost:59571 "POST /session/c2c0bb35dc47ae4af76ddacfb45bc519/execute/sync HTTP/1.1" 200 0
2026-08-24 16:26:23 - selenium.webdriver.remote.remote_connection - DEBUG - Remote response: status=200 | data={"value":false} | headers=HTTPHeaderDict({'Content-Length': '15', 'Content-Type': 'application/json; charset=utf-8', 'cache-control': 'no-cache'})
2026-08-24 16:26:23 - selenium.webdriver.remote.remote_connection - DEBUG - Finished Request
2026-08-24 16:26:23 - selenium.webdriver.remote.remote_connection - DEBUG - POST http://localhost:59571/session/c2c0bb35dc47ae4af76ddacfb45bc519/execute/sync {'script': "return document.querySelectorAll('[data-rpa-tag-id]').length > 0", 'args': []}
2026-08-24 16:26:23 - urllib3.connectionpool - DEBUG - http://localhost:59571 "POST /session/c2c0bb35dc47ae4af76ddacfb45bc519/execute/sync HTTP/1.1" 200 0
2026-08-24 16:26:23 - selenium.webdriver.remote.remote_connection - DEBUG - Remote response: status=200 | data={"value":false} | headers=HTTPHeaderDict({'Content-Length': '15', 'Content-Type': 'application/json; charset=utf-8', 'cache-control': 'no-cache'})
2026-08-24 16:26:23 - selenium.webdriver.remote.remote_connection - DEBUG - Finished Request
2026-08-24 16:26:24 - selenium.webdriver.remote.remote_connection - DEBUG - POST http://localhost:59571/session/c2c0bb35dc47ae4af76ddacfb45bc519/execute/sync {'script': "return document.querySelectorAll('[data-rpa-tag-id]').length > 0", 'args': []}
2026-08-24 16:26:24 - urllib3.connectionpool - DEBUG - http://localhost:59571 "POST /session/c2c0bb35dc47ae4af76ddacfb45bc519/execute/sync HTTP/1.1" 200 0
2026-08-24 16:26:24 - selenium.webdriver.remote.remote_connection - DEBUG - Remote response: status=200 | data={"value":false} | headers=HTTPHeaderDict({'Content-Length': '15', 'Content-Type': 'application/json; charset=utf-8', 'cache-control': 'no-cache'})
2026-08-24 16:26:24 - selenium.webdriver.remote.remote_connection - DEBUG - Finished Request
2026-08-24 16:26:24 - selenium.webdriver.remote.remote_connection - DEBUG - POST http://localhost:59571/session/c2c0bb35dc47ae4af76ddacfb45bc519/execute/sync {'script': "return document.querySelectorAll('[data-rpa-tag-id]').length > 0", 'args': []}
2026-08-24 16:26:24 - urllib3.connectionpool - DEBUG - http://localhost:59571 "POST /session/c2c0bb35dc47ae4af76ddacfb45bc519/execute/sync HTTP/1.1" 200 0
2026-08-24 16:26:24 - selenium.webdriver.remote.remote_connection - DEBUG - Remote response: status=200 | data={"value":false} | headers=HTTPHeaderDict({'Content-Length': '15', 'Content-Type': 'application/json; charset=utf-8', 'cache-control': 'no-cache'})
2026-08-24 16:26:24 - selenium.webdriver.remote.remote_connection - DEBUG - Finished Request
2026-08-24 16:26:25 - selenium.webdriver.remote.remote_connection - DEBUG - POST http://localhost:59571/session/c2c0bb35dc47ae4af76ddacfb45bc519/execute/sync {'script': "return document.querySelectorAll('[data-rpa-tag-id]').length > 0", 'args': []}
2026-08-24 16:26:25 - urllib3.connectionpool - DEBUG - http://localhost:59571 "POST /session/c2c0bb35dc47ae4af76ddacfb45bc519/execute/sync HTTP/1.1" 200 0
2026-08-24 16:26:25 - selenium.webdriver.remote.remote_connection - DEBUG - Remote response: status=200 | data={"value":false} | headers=HTTPHeaderDict({'Content-Length': '15', 'Content-Type': 'application/json; charset=utf-8', 'cache-control': 'no-cache'})
2026-08-24 16:26:25 - selenium.webdriver.remote.remote_connection - DEBUG - Finished Request
2026-08-24 16:26:25 - selenium.webdriver.remote.remote_connection - DEBUG - POST http://localhost:59571/session/c2c0bb35dc47ae4af76ddacfb45bc519/execute/sync {'script': "return document.querySelectorAll('[data-rpa-tag-id]').length > 0", 'args': []}
2026-08-24 16:26:25 - urllib3.connectionpool - DEBUG - http://localhost:59571 "POST /session/c2c0bb35dc47ae4af76ddacfb45bc519/execute/sync HTTP/1.1" 200 0
2026-08-24 16:26:25 - selenium.webdriver.remote.remote_connection - DEBUG - Remote response: status=200 | data={"value":false} | headers=HTTPHeaderDict({'Content-Length': '15', 'Content-Type': 'application/json; charset=utf-8', 'cache-control': 'no-cache'})
2026-08-24 16:26:25 - selenium.webdriver.remote.remote_connection - DEBUG - Finished Request
2026-08-24 16:26:26 - selenium.webdriver.remote.remote_connection - DEBUG - POST http://localhost:59571/session/c2c0bb35dc47ae4af76ddacfb45bc519/execute/sync {'script': "return document.querySelectorAll('[data-rpa-tag-id]').length > 0", 'args': []}
2026-08-24 16:26:26 - urllib3.connectionpool - DEBUG - http://localhost:59571 "POST /session/c2c0bb35dc47ae4af76ddacfb45bc519/execute/sync HTTP/1.1" 200 0
2026-08-24 16:26:26 - selenium.webdriver.remote.remote_connection - DEBUG - Remote response: status=200 | data={"value":false} | headers=HTTPHeaderDict({'Content-Length': '15', 'Content-Type': 'application/json; charset=utf-8', 'cache-control': 'no-cache'})
2026-08-24 16:26:26 - selenium.webdriver.remote.remote_connection - DEBUG - Finished Request
2026-08-24 16:26:26 - selenium.webdriver.remote.remote_connection - DEBUG - POST http://localhost:59571/session/c2c0bb35dc47ae4af76ddacfb45bc519/execute/sync {'script': "return document.querySelectorAll('[data-rpa-tag-id]').length > 0", 'args': []}
2026-08-24 16:26:26 - urllib3.connectionpool - DEBUG - http://localhost:59571 "POST /session/c2c0bb35dc47ae4af76ddacfb45bc519/execute/sync HTTP/1.1" 200 0
2026-08-24 16:26:26 - selenium.webdriver.remote.remote_connection - DEBUG - Remote response: status=200 | data={"value":false} | headers=HTTPHeaderDict({'Content-Length': '15', 'Content-Type': 'application/json; charset=utf-8', 'cache-control': 'no-cache'})
2026-08-24 16:26:26 - selenium.webdriver.remote.remote_connection - DEBUG - Finished Request
2026-08-24 16:26:27 - selenium.webdriver.remote.remote_connection - DEBUG - POST http://localhost:59571/session/c2c0bb35dc47ae4af76ddacfb45bc519/execute/sync {'script': "return document.querySelectorAll('[data-rpa-tag-id]').length > 0", 'args': []}
2026-08-24 16:26:27 - urllib3.connectionpool - DEBUG - http://localhost:59571 "POST /session/c2c0bb35dc47ae4af76ddacfb45bc519/execute/sync HTTP/1.1" 200 0
2026-08-24 16:26:27 - selenium.webdriver.remote.remote_connection - DEBUG - Remote response: status=200 | data={"value":false} | headers=HTTPHeaderDict({'Content-Length': '15', 'Content-Type': 'application/json; charset=utf-8', 'cache-control': 'no-cache'})
2026-08-24 16:26:27 - selenium.webdriver.remote.remote_connection - DEBUG - Finished Request
2026-08-24 16:26:27 - selenium.webdriver.remote.remote_connection - DEBUG - POST http://localhost:59571/session/c2c0bb35dc47ae4af76ddacfb45bc519/execute/sync {'script': "return document.querySelectorAll('[data-rpa-tag-id]').length > 0", 'args': []}
2026-08-24 16:26:27 - urllib3.connectionpool - DEBUG - http://localhost:59571 "POST /session/c2c0bb35dc47ae4af76ddacfb45bc519/execute/sync HTTP/1.1" 200 0
2026-08-24 16:26:27 - selenium.webdriver.remote.remote_connection - DEBUG - Remote response: status=200 | data={"value":false} | headers=HTTPHeaderDict({'Content-Length': '15', 'Content-Type': 'application/json; charset=utf-8', 'cache-control': 'no-cache'})
2026-08-24 16:26:27 - selenium.webdriver.remote.remote_connection - DEBUG - Finished Request
2026-08-24 16:26:28 - selenium.webdriver.remote.remote_connection - DEBUG - POST http://localhost:59571/session/c2c0bb35dc47ae4af76ddacfb45bc519/execute/sync {'script': "return document.querySelectorAll('[data-rpa-tag-id]').length > 0", 'args': []}
2026-08-24 16:26:28 - urllib3.connectionpool - DEBUG - http://localhost:59571 "POST /session/c2c0bb35dc47ae4af76ddacfb45bc519/execute/sync HTTP/1.1" 200 0
2026-08-24 16:26:28 - selenium.webdriver.remote.remote_connection - DEBUG - Remote response: status=200 | data={"value":false} | headers=HTTPHeaderDict({'Content-Length': '15', 'Content-Type': 'application/json; charset=utf-8', 'cache-control': 'no-cache'})
2026-08-24 16:26:28 - selenium.webdriver.remote.remote_connection - DEBUG - Finished Request
2026-08-24 16:26:28 - selenium.webdriver.remote.remote_connection - DEBUG - POST http://localhost:59571/session/c2c0bb35dc47ae4af76ddacfb45bc519/execute/sync {'script': "return document.querySelectorAll('[data-rpa-tag-id]').length > 0", 'args': []}
2026-08-24 16:26:29 - urllib3.connectionpool - DEBUG - http://localhost:59571 "POST /session/c2c0bb35dc47ae4af76ddacfb45bc519/execute/sync HTTP/1.1" 200 0
2026-08-24 16:26:29 - selenium.webdriver.remote.remote_connection - DEBUG - Remote response: status=200 | data={"value":false} | headers=HTTPHeaderDict({'Content-Length': '15', 'Content-Type': 'application/json; charset=utf-8', 'cache-control': 'no-cache'})
2026-08-24 16:26:29 - selenium.webdriver.remote.remote_connection - DEBUG - Finished Request
2026-08-24 16:26:29 - selenium.webdriver.remote.remote_connection - DEBUG - POST http://localhost:59571/session/c2c0bb35dc47ae4af76ddacfb45bc519/execute/sync {'script': "return document.querySelectorAll('[data-rpa-tag-id]').length > 0", 'args': []}
2026-08-24 16:26:29 - urllib3.connectionpool - DEBUG - http://localhost:59571 "POST /session/c2c0bb35dc47ae4af76ddacfb45bc519/execute/sync HTTP/1.1" 200 0
2026-08-24 16:26:29 - selenium.webdriver.remote.remote_connection - DEBUG - Remote response: status=200 | data={"value":false} | headers=HTTPHeaderDict({'Content-Length': '15', 'Content-Type': 'application/json; charset=utf-8', 'cache-control': 'no-cache'})
2026-08-24 16:26:29 - selenium.webdriver.remote.remote_connection - DEBUG - Finished Request
2026-08-24 16:26:30 - selenium.webdriver.remote.remote_connection - DEBUG - POST http://localhost:59571/session/c2c0bb35dc47ae4af76ddacfb45bc519/execute/sync {'script': "return document.querySelectorAll('[data-rpa-tag-id]').length > 0", 'args': []}
2026-08-24 16:26:30 - urllib3.connectionpool - DEBUG - http://localhost:59571 "POST /session/c2c0bb35dc47ae4af76ddacfb45bc519/execute/sync HTTP/1.1" 200 0
2026-08-24 16:26:30 - selenium.webdriver.remote.remote_connection - DEBUG - Remote response: status=200 | data={"value":false} | headers=HTTPHeaderDict({'Content-Length': '15', 'Content-Type': 'application/json; charset=utf-8', 'cache-control': 'no-cache'})
2026-08-24 16:26:30 - selenium.webdriver.remote.remote_connection - DEBUG - Finished Request
2026-08-24 16:26:31 - selenium.webdriver.remote.remote_connection - DEBUG - POST http://localhost:59571/session/c2c0bb35dc47ae4af76ddacfb45bc519/execute/sync {'script': "return document.querySelectorAll('[data-rpa-tag-id]').length > 0", 'args': []}
2026-08-24 16:26:31 - urllib3.connectionpool - DEBUG - http://localhost:59571 "POST /session/c2c0bb35dc47ae4af76ddacfb45bc519/execute/sync HTTP/1.1" 200 0
2026-08-24 16:26:31 - selenium.webdriver.remote.remote_connection - DEBUG - Remote response: status=200 | data={"value":false} | headers=HTTPHeaderDict({'Content-Length': '15', 'Content-Type': 'application/json; charset=utf-8', 'cache-control': 'no-cache'})
2026-08-24 16:26:31 - selenium.webdriver.remote.remote_connection - DEBUG - Finished Request
2026-08-24 16:26:31 - selenium.webdriver.remote.remote_connection - DEBUG - POST http://localhost:59571/session/c2c0bb35dc47ae4af76ddacfb45bc519/execute/sync {'script': "return document.querySelectorAll('[data-rpa-tag-id]').length > 0", 'args': []}
2026-08-24 16:26:31 - urllib3.connectionpool - DEBUG - http://localhost:59571 "POST /session/c2c0bb35dc47ae4af76ddacfb45bc519/execute/sync HTTP/1.1" 200 0
2026-08-24 16:26:31 - selenium.webdriver.remote.remote_connection - DEBUG - Remote response: status=200 | data={"value":false} | headers=HTTPHeaderDict({'Content-Length': '15', 'Content-Type': 'application/json; charset=utf-8', 'cache-control': 'no-cache'})
2026-08-24 16:26:31 - selenium.webdriver.remote.remote_connection - DEBUG - Finished Request
2026-08-24 16:26:32 - selenium.webdriver.remote.remote_connection - DEBUG - POST http://localhost:59571/session/c2c0bb35dc47ae4af76ddacfb45bc519/execute/sync {'script': "return document.querySelectorAll('[data-rpa-tag-id]').length > 0", 'args': []}
2026-08-24 16:26:32 - urllib3.connectionpool - DEBUG - http://localhost:59571 "POST /session/c2c0bb35dc47ae4af76ddacfb45bc519/execute/sync HTTP/1.1" 200 0
2026-08-24 16:26:32 - selenium.webdriver.remote.remote_connection - DEBUG - Remote response: status=200 | data={"value":false} | headers=HTTPHeaderDict({'Content-Length': '15', 'Content-Type': 'application/json; charset=utf-8', 'cache-control': 'no-cache'})
2026-08-24 16:26:32 - selenium.webdriver.remote.remote_connection - DEBUG - Finished Request
2026-08-24 16:26:32 - selenium.webdriver.remote.remote_connection - DEBUG - POST http://localhost:59571/session/c2c0bb35dc47ae4af76ddacfb45bc519/execute/sync {'script': "return document.querySelectorAll('[data-rpa-tag-id]').length > 0", 'args': []}
2026-08-24 16:26:32 - urllib3.connectionpool - DEBUG - http://localhost:59571 "POST /session/c2c0bb35dc47ae4af76ddacfb45bc519/execute/sync HTTP/1.1" 200 0
2026-08-24 16:26:32 - selenium.webdriver.remote.remote_connection - DEBUG - Remote response: status=200 | data={"value":false} | headers=HTTPHeaderDict({'Content-Length': '15', 'Content-Type': 'application/json; charset=utf-8', 'cache-control': 'no-cache'})
2026-08-24 16:26:32 - selenium.webdriver.remote.remote_connection - DEBUG - Finished Request
2026-08-24 16:26:33 - selenium.webdriver.remote.remote_connection - DEBUG - POST http://localhost:59571/session/c2c0bb35dc47ae4af76ddacfb45bc519/execute/sync {'script': "return document.querySelectorAll('[data-rpa-tag-id]').length > 0", 'args': []}
2026-08-24 16:26:33 - urllib3.connectionpool - DEBUG - http://localhost:59571 "POST /session/c2c0bb35dc47ae4af76ddacfb45bc519/execute/sync HTTP/1.1" 200 0
2026-08-24 16:26:33 - selenium.webdriver.remote.remote_connection - DEBUG - Remote response: status=200 | data={"value":false} | headers=HTTPHeaderDict({'Content-Length': '15', 'Content-Type': 'application/json; charset=utf-8', 'cache-control': 'no-cache'})
2026-08-24 16:26:33 - selenium.webdriver.remote.remote_connection - DEBUG - Finished Request
2026-08-24 16:26:33 - selenium.webdriver.remote.remote_connection - DEBUG - POST http://localhost:59571/session/c2c0bb35dc47ae4af76ddacfb45bc519/execute/sync {'script': "return document.querySelectorAll('[data-rpa-tag-id]').length > 0", 'args': []}
2026-08-24 16:26:33 - urllib3.connectionpool - DEBUG - http://localhost:59571 "POST /session/c2c0bb35dc47ae4af76ddacfb45bc519/execute/sync HTTP/1.1" 200 0
2026-08-24 16:26:33 - selenium.webdriver.remote.remote_connection - DEBUG - Remote response: status=200 | data={"value":false} | headers=HTTPHeaderDict({'Content-Length': '15', 'Content-Type': 'application/json; charset=utf-8', 'cache-control': 'no-cache'})
2026-08-24 16:26:33 - selenium.webdriver.remote.remote_connection - DEBUG - Finished Request
2026-08-24 16:26:34 - selenium.webdriver.remote.remote_connection - DEBUG - POST http://localhost:59571/session/c2c0bb35dc47ae4af76ddacfb45bc519/execute/sync {'script': "return document.querySelectorAll('[data-rpa-tag-id]').length > 0", 'args': []}
2026-08-24 16:26:34 - urllib3.connectionpool - DEBUG - http://localhost:59571 "POST /session/c2c0bb35dc47ae4af76ddacfb45bc519/execute/sync HTTP/1.1" 200 0
2026-08-24 16:26:34 - selenium.webdriver.remote.remote_connection - DEBUG - Remote response: status=200 | data={"value":false} | headers=HTTPHeaderDict({'Content-Length': '15', 'Content-Type': 'application/json; charset=utf-8', 'cache-control': 'no-cache'})
2026-08-24 16:26:34 - selenium.webdriver.remote.remote_connection - DEBUG - Finished Request
2026-08-24 16:26:34 - selenium.webdriver.remote.remote_connection - DEBUG - POST http://localhost:59571/session/c2c0bb35dc47ae4af76ddacfb45bc519/execute/sync {'script': "return document.querySelectorAll('[data-rpa-tag-id]').length > 0", 'args': []}
2026-08-24 16:26:34 - urllib3.connectionpool - DEBUG - http://localhost:59571 "POST /session/c2c0bb35dc47ae4af76ddacfb45bc519/execute/sync HTTP/1.1" 200 0
2026-08-24 16:26:34 - selenium.webdriver.remote.remote_connection - DEBUG - Remote response: status=200 | data={"value":false} | headers=HTTPHeaderDict({'Content-Length': '15', 'Content-Type': 'application/json; charset=utf-8', 'cache-control': 'no-cache'})
2026-08-24 16:26:34 - selenium.webdriver.remote.remote_connection - DEBUG - Finished Request
2026-08-24 16:26:35 - selenium.webdriver.remote.remote_connection - DEBUG - POST http://localhost:59571/session/c2c0bb35dc47ae4af76ddacfb45bc519/execute/sync {'script': "return document.querySelectorAll('[data-rpa-tag-id]').length > 0", 'args': []}
2026-08-24 16:26:35 - urllib3.connectionpool - DEBUG - http://localhost:59571 "POST /session/c2c0bb35dc47ae4af76ddacfb45bc519/execute/sync HTTP/1.1" 200 0
2026-08-24 16:26:35 - selenium.webdriver.remote.remote_connection - DEBUG - Remote response: status=200 | data={"value":false} | headers=HTTPHeaderDict({'Content-Length': '15', 'Content-Type': 'application/json; charset=utf-8', 'cache-control': 'no-cache'})
2026-08-24 16:26:35 - selenium.webdriver.remote.remote_connection - DEBUG - Finished Request
2026-08-24 16:26:35 - selenium.webdriver.remote.remote_connection - DEBUG - POST http://localhost:59571/session/c2c0bb35dc47ae4af76ddacfb45bc519/execute/sync {'script': "return document.querySelectorAll('[data-rpa-tag-id]').length > 0", 'args': []}
2026-08-24 16:26:35 - urllib3.connectionpool - DEBUG - http://localhost:59571 "POST /session/c2c0bb35dc47ae4af76ddacfb45bc519/execute/sync HTTP/1.1" 200 0
2026-08-24 16:26:35 - selenium.webdriver.remote.remote_connection - DEBUG - Remote response: status=200 | data={"value":false} | headers=HTTPHeaderDict({'Content-Length': '15', 'Content-Type': 'application/json; charset=utf-8', 'cache-control': 'no-cache'})
2026-08-24 16:26:35 - selenium.webdriver.remote.remote_connection - DEBUG - Finished Request
2026-08-24 16:26:36 - selenium.webdriver.remote.remote_connection - DEBUG - POST http://localhost:59571/session/c2c0bb35dc47ae4af76ddacfb45bc519/execute/sync {'script': "return document.querySelectorAll('[data-rpa-tag-id]').length > 0", 'args': []}
2026-08-24 16:26:36 - urllib3.connectionpool - DEBUG - http://localhost:59571 "POST /session/c2c0bb35dc47ae4af76ddacfb45bc519/execute/sync HTTP/1.1" 200 0
2026-08-24 16:26:36 - selenium.webdriver.remote.remote_connection - DEBUG - Remote response: status=200 | data={"value":false} | headers=HTTPHeaderDict({'Content-Length': '15', 'Content-Type': 'application/json; charset=utf-8', 'cache-control': 'no-cache'})
2026-08-24 16:26:36 - selenium.webdriver.remote.remote_connection - DEBUG - Finished Request
2026-08-24 16:26:36 - selenium.webdriver.remote.remote_connection - DEBUG - POST http://localhost:59571/session/c2c0bb35dc47ae4af76ddacfb45bc519/execute/sync {'script': "return document.querySelectorAll('[data-rpa-tag-id]').length > 0", 'args': []}
2026-08-24 16:26:36 - urllib3.connectionpool - DEBUG - http://localhost:59571 "POST /session/c2c0bb35dc47ae4af76ddacfb45bc519/execute/sync HTTP/1.1" 200 0
2026-08-24 16:26:36 - selenium.webdriver.remote.remote_connection - DEBUG - Remote response: status=200 | data={"value":false} | headers=HTTPHeaderDict({'Content-Length': '15', 'Content-Type': 'application/json; charset=utf-8', 'cache-control': 'no-cache'})
2026-08-24 16:26:36 - selenium.webdriver.remote.remote_connection - DEBUG - Finished Request
2026-08-24 16:26:37 - selenium.webdriver.remote.remote_connection - DEBUG - POST http://localhost:59571/session/c2c0bb35dc47ae4af76ddacfb45bc519/execute/sync {'script': "return document.querySelectorAll('[data-rpa-tag-id]').length > 0", 'args': []}
2026-08-24 16:26:37 - urllib3.connectionpool - DEBUG - http://localhost:59571 "POST /session/c2c0bb35dc47ae4af76ddacfb45bc519/execute/sync HTTP/1.1" 200 0
2026-08-24 16:26:37 - selenium.webdriver.remote.remote_connection - DEBUG - Remote response: status=200 | data={"value":false} | headers=HTTPHeaderDict({'Content-Length': '15', 'Content-Type': 'application/json; charset=utf-8', 'cache-control': 'no-cache'})
2026-08-24 16:26:37 - selenium.webdriver.remote.remote_connection - DEBUG - Finished Request
2026-08-24 16:26:37 - selenium.webdriver.remote.remote_connection - DEBUG - POST http://localhost:59571/session/c2c0bb35dc47ae4af76ddacfb45bc519/execute/sync {'script': "return document.querySelectorAll('[data-rpa-tag-id]').length > 0", 'args': []}
2026-08-24 16:26:37 - urllib3.connectionpool - DEBUG - http://localhost:59571 "POST /session/c2c0bb35dc47ae4af76ddacfb45bc519/execute/sync HTTP/1.1" 200 0
2026-08-24 16:26:37 - selenium.webdriver.remote.remote_connection - DEBUG - Remote response: status=200 | data={"value":false} | headers=HTTPHeaderDict({'Content-Length': '15', 'Content-Type': 'application/json; charset=utf-8', 'cache-control': 'no-cache'})
2026-08-24 16:26:37 - selenium.webdriver.remote.remote_connection - DEBUG - Finished Request
2026-08-24 16:26:38 - selenium.webdriver.remote.remote_connection - DEBUG - POST http://localhost:59571/session/c2c0bb35dc47ae4af76ddacfb45bc519/execute/sync {'script': "return document.querySelectorAll('[data-rpa-tag-id]').length > 0", 'args': []}
2026-08-24 16:26:38 - urllib3.connectionpool - DEBUG - http://localhost:59571 "POST /session/c2c0bb35dc47ae4af76ddacfb45bc519/execute/sync HTTP/1.1" 200 0
2026-08-24 16:26:38 - selenium.webdriver.remote.remote_connection - DEBUG - Remote response: status=200 | data={"value":false} | headers=HTTPHeaderDict({'Content-Length': '15', 'Content-Type': 'application/json; charset=utf-8', 'cache-control': 'no-cache'})
2026-08-24 16:26:38 - selenium.webdriver.remote.remote_connection - DEBUG - Finished Request
2026-08-24 16:26:38 - selenium.webdriver.remote.remote_connection - DEBUG - POST http://localhost:59571/session/c2c0bb35dc47ae4af76ddacfb45bc519/execute/sync {'script': "return document.querySelectorAll('[data-rpa-tag-id]').length > 0", 'args': []}
2026-08-24 16:26:38 - urllib3.connectionpool - DEBUG - http://localhost:59571 "POST /session/c2c0bb35dc47ae4af76ddacfb45bc519/execute/sync HTTP/1.1" 200 0
2026-08-24 16:26:38 - selenium.webdriver.remote.remote_connection - DEBUG - Remote response: status=200 | data={"value":false} | headers=HTTPHeaderDict({'Content-Length': '15', 'Content-Type': 'application/json; charset=utf-8', 'cache-control': 'no-cache'})
2026-08-24 16:26:38 - selenium.webdriver.remote.remote_connection - DEBUG - Finished Request
2026-08-24 16:26:39 - selenium.webdriver.remote.remote_connection - DEBUG - POST http://localhost:59571/session/c2c0bb35dc47ae4af76ddacfb45bc519/execute/sync {'script': "return document.querySelectorAll('[data-rpa-tag-id]').length > 0", 'args': []}
2026-08-24 16:26:39 - urllib3.connectionpool - DEBUG - http://localhost:59571 "POST /session/c2c0bb35dc47ae4af76ddacfb45bc519/execute/sync HTTP/1.1" 200 0
2026-08-24 16:26:39 - selenium.webdriver.remote.remote_connection - DEBUG - Remote response: status=200 | data={"value":false} | headers=HTTPHeaderDict({'Content-Length': '15', 'Content-Type': 'application/json; charset=utf-8', 'cache-control': 'no-cache'})
2026-08-24 16:26:39 - selenium.webdriver.remote.remote_connection - DEBUG - Finished Request
2026-08-24 16:26:39 - selenium.webdriver.remote.remote_connection - DEBUG - POST http://localhost:59571/session/c2c0bb35dc47ae4af76ddacfb45bc519/execute/sync {'script': "return document.querySelectorAll('[data-rpa-tag-id]').length > 0", 'args': []}
2026-08-24 16:26:39 - urllib3.connectionpool - DEBUG - http://localhost:59571 "POST /session/c2c0bb35dc47ae4af76ddacfb45bc519/execute/sync HTTP/1.1" 200 0
2026-08-24 16:26:39 - selenium.webdriver.remote.remote_connection - DEBUG - Remote response: status=200 | data={"value":false} | headers=HTTPHeaderDict({'Content-Length': '15', 'Content-Type': 'application/json; charset=utf-8', 'cache-control': 'no-cache'})
2026-08-24 16:26:39 - selenium.webdriver.remote.remote_connection - DEBUG - Finished Request
2026-08-24 16:26:40 - selenium.webdriver.remote.remote_connection - DEBUG - POST http://localhost:59571/session/c2c0bb35dc47ae4af76ddacfb45bc519/execute/sync {'script': "return document.querySelectorAll('[data-rpa-tag-id]').length > 0", 'args': []}
2026-08-24 16:26:40 - urllib3.connectionpool - DEBUG - http://localhost:59571 "POST /session/c2c0bb35dc47ae4af76ddacfb45bc519/execute/sync HTTP/1.1" 200 0
2026-08-24 16:26:40 - selenium.webdriver.remote.remote_connection - DEBUG - Remote response: status=200 | data={"value":false} | headers=HTTPHeaderDict({'Content-Length': '15', 'Content-Type': 'application/json; charset=utf-8', 'cache-control': 'no-cache'})
2026-08-24 16:26:40 - selenium.webdriver.remote.remote_connection - DEBUG - Finished Request
2026-08-24 16:26:40 - selenium.webdriver.remote.remote_connection - DEBUG - POST http://localhost:59571/session/c2c0bb35dc47ae4af76ddacfb45bc519/execute/sync {'script': "return document.querySelectorAll('[data-rpa-tag-id]').length > 0", 'args': []}
2026-08-24 16:26:40 - urllib3.connectionpool - DEBUG - http://localhost:59571 "POST /session/c2c0bb35dc47ae4af76ddacfb45bc519/execute/sync HTTP/1.1" 200 0
2026-08-24 16:26:40 - selenium.webdriver.remote.remote_connection - DEBUG - Remote response: status=200 | data={"value":false} | headers=HTTPHeaderDict({'Content-Length': '15', 'Content-Type': 'application/json; charset=utf-8', 'cache-control': 'no-cache'})
2026-08-24 16:26:40 - selenium.webdriver.remote.remote_connection - DEBUG - Finished Request
2026-08-24 16:26:41 - selenium.webdriver.remote.remote_connection - DEBUG - POST http://localhost:59571/session/c2c0bb35dc47ae4af76ddacfb45bc519/execute/sync {'script': "return document.querySelectorAll('[data-rpa-tag-id]').length > 0", 'args': []}
2026-08-24 16:26:41 - urllib3.connectionpool - DEBUG - http://localhost:59571 "POST /session/c2c0bb35dc47ae4af76ddacfb45bc519/execute/sync HTTP/1.1" 200 0
2026-08-24 16:26:41 - selenium.webdriver.remote.remote_connection - DEBUG - Remote response: status=200 | data={"value":false} | headers=HTTPHeaderDict({'Content-Length': '15', 'Content-Type': 'application/json; charset=utf-8', 'cache-control': 'no-cache'})
2026-08-24 16:26:41 - selenium.webdriver.remote.remote_connection - DEBUG - Finished Request
2026-08-24 16:26:41 - selenium.webdriver.remote.remote_connection - DEBUG - POST http://localhost:59571/session/c2c0bb35dc47ae4af76ddacfb45bc519/execute/sync {'script': "return document.querySelectorAll('[data-rpa-tag-id]').length > 0", 'args': []}
2026-08-24 16:26:41 - urllib3.connectionpool - DEBUG - http://localhost:59571 "POST /session/c2c0bb35dc47ae4af76ddacfb45bc519/execute/sync HTTP/1.1" 200 0
2026-08-24 16:26:41 - selenium.webdriver.remote.remote_connection - DEBUG - Remote response: status=200 | data={"value":false} | headers=HTTPHeaderDict({'Content-Length': '15', 'Content-Type': 'application/json; charset=utf-8', 'cache-control': 'no-cache'})
2026-08-24 16:26:41 - selenium.webdriver.remote.remote_connection - DEBUG - Finished Request
2026-08-24 16:26:42 - selenium.webdriver.remote.remote_connection - DEBUG - POST http://localhost:59571/session/c2c0bb35dc47ae4af76ddacfb45bc519/execute/sync {'script': "return document.querySelectorAll('[data-rpa-tag-id]').length > 0", 'args': []}
2026-08-24 16:26:42 - urllib3.connectionpool - DEBUG - http://localhost:59571 "POST /session/c2c0bb35dc47ae4af76ddacfb45bc519/execute/sync HTTP/1.1" 200 0
2026-08-24 16:26:42 - selenium.webdriver.remote.remote_connection - DEBUG - Remote response: status=200 | data={"value":false} | headers=HTTPHeaderDict({'Content-Length': '15', 'Content-Type': 'application/json; charset=utf-8', 'cache-control': 'no-cache'})
2026-08-24 16:26:42 - selenium.webdriver.remote.remote_connection - DEBUG - Finished Request
2026-08-24 16:26:42 - selenium.webdriver.remote.remote_connection - DEBUG - POST http://localhost:59571/session/c2c0bb35dc47ae4af76ddacfb45bc519/execute/sync {'script': "return document.querySelectorAll('[data-rpa-tag-id]').length > 0", 'args': []}
2026-08-24 16:26:42 - urllib3.connectionpool - DEBUG - http://localhost:59571 "POST /session/c2c0bb35dc47ae4af76ddacfb45bc519/execute/sync HTTP/1.1" 200 0
2026-08-24 16:26:42 - selenium.webdriver.remote.remote_connection - DEBUG - Remote response: status=200 | data={"value":false} | headers=HTTPHeaderDict({'Content-Length': '15', 'Content-Type': 'application/json; charset=utf-8', 'cache-control': 'no-cache'})
2026-08-24 16:26:42 - selenium.webdriver.remote.remote_connection - DEBUG - Finished Request
2026-08-24 16:26:43 - selenium.webdriver.remote.remote_connection - DEBUG - POST http://localhost:59571/session/c2c0bb35dc47ae4af76ddacfb45bc519/execute/sync {'script': "return document.querySelectorAll('[data-rpa-tag-id]').length > 0", 'args': []}
2026-08-24 16:26:43 - urllib3.connectionpool - DEBUG - http://localhost:59571 "POST /session/c2c0bb35dc47ae4af76ddacfb45bc519/execute/sync HTTP/1.1" 200 0
2026-08-24 16:26:43 - selenium.webdriver.remote.remote_connection - DEBUG - Remote response: status=200 | data={"value":false} | headers=HTTPHeaderDict({'Content-Length': '15', 'Content-Type': 'application/json; charset=utf-8', 'cache-control': 'no-cache'})
2026-08-24 16:26:43 - selenium.webdriver.remote.remote_connection - DEBUG - Finished Request
2026-08-24 16:26:43 - selenium.webdriver.remote.remote_connection - DEBUG - POST http://localhost:59571/session/c2c0bb35dc47ae4af76ddacfb45bc519/execute/sync {'script': "return document.querySelectorAll('[data-rpa-tag-id]').length > 0", 'args': []}
2026-08-24 16:26:43 - urllib3.connectionpool - DEBUG - http://localhost:59571 "POST /session/c2c0bb35dc47ae4af76ddacfb45bc519/execute/sync HTTP/1.1" 200 0
2026-08-24 16:26:43 - selenium.webdriver.remote.remote_connection - DEBUG - Remote response: status=200 | data={"value":false} | headers=HTTPHeaderDict({'Content-Length': '15', 'Content-Type': 'application/json; charset=utf-8', 'cache-control': 'no-cache'})
2026-08-24 16:26:43 - selenium.webdriver.remote.remote_connection - DEBUG - Finished Request
2026-08-24 16:26:44 - selenium.webdriver.remote.remote_connection - DEBUG - POST http://localhost:59571/session/c2c0bb35dc47ae4af76ddacfb45bc519/execute/sync {'script': "return document.querySelectorAll('[data-rpa-tag-id]').length > 0", 'args': []}
2026-08-24 16:26:44 - urllib3.connectionpool - DEBUG - http://localhost:59571 "POST /session/c2c0bb35dc47ae4af76ddacfb45bc519/execute/sync HTTP/1.1" 200 0
2026-08-24 16:26:44 - selenium.webdriver.remote.remote_connection - DEBUG - Remote response: status=200 | data={"value":false} | headers=HTTPHeaderDict({'Content-Length': '15', 'Content-Type': 'application/json; charset=utf-8', 'cache-control': 'no-cache'})
2026-08-24 16:26:44 - selenium.webdriver.remote.remote_connection - DEBUG - Finished Request
2026-08-24 16:26:44 - selenium.webdriver.remote.remote_connection - DEBUG - POST http://localhost:59571/session/c2c0bb35dc47ae4af76ddacfb45bc519/execute/sync {'script': "return document.querySelectorAll('[data-rpa-tag-id]').length > 0", 'args': []}
2026-08-24 16:26:44 - urllib3.connectionpool - DEBUG - http://localhost:59571 "POST /session/c2c0bb35dc47ae4af76ddacfb45bc519/execute/sync HTTP/1.1" 200 0
2026-08-24 16:26:44 - selenium.webdriver.remote.remote_connection - DEBUG - Remote response: status=200 | data={"value":false} | headers=HTTPHeaderDict({'Content-Length': '15', 'Content-Type': 'application/json; charset=utf-8', 'cache-control': 'no-cache'})
2026-08-24 16:26:44 - selenium.webdriver.remote.remote_connection - DEBUG - Finished Request
2026-08-24 16:26:45 - selenium.webdriver.remote.remote_connection - DEBUG - POST http://localhost:59571/session/c2c0bb35dc47ae4af76ddacfb45bc519/execute/sync {'script': "return document.querySelectorAll('[data-rpa-tag-id]').length > 0", 'args': []}
2026-08-24 16:26:45 - urllib3.connectionpool - DEBUG - http://localhost:59571 "POST /session/c2c0bb35dc47ae4af76ddacfb45bc519/execute/sync HTTP/1.1" 200 0
2026-08-24 16:26:45 - selenium.webdriver.remote.remote_connection - DEBUG - Remote response: status=200 | data={"value":false} | headers=HTTPHeaderDict({'Content-Length': '15', 'Content-Type': 'application/json; charset=utf-8', 'cache-control': 'no-cache'})
2026-08-24 16:26:45 - selenium.webdriver.remote.remote_connection - DEBUG - Finished Request
2026-08-24 16:26:45 - selenium.webdriver.remote.remote_connection - DEBUG - POST http://localhost:59571/session/c2c0bb35dc47ae4af76ddacfb45bc519/execute/sync {'script': "return document.querySelectorAll('[data-rpa-tag-id]').length > 0", 'args': []}
2026-08-24 16:26:45 - urllib3.connectionpool - DEBUG - http://localhost:59571 "POST /session/c2c0bb35dc47ae4af76ddacfb45bc519/execute/sync HTTP/1.1" 200 0
2026-08-24 16:26:45 - selenium.webdriver.remote.remote_connection - DEBUG - Remote response: status=200 | data={"value":false} | headers=HTTPHeaderDict({'Content-Length': '15', 'Content-Type': 'application/json; charset=utf-8', 'cache-control': 'no-cache'})
2026-08-24 16:26:45 - selenium.webdriver.remote.remote_connection - DEBUG - Finished Request
2026-08-24 16:26:46 - selenium.webdriver.remote.remote_connection - DEBUG - POST http://localhost:59571/session/c2c0bb35dc47ae4af76ddacfb45bc519/execute/sync {'script': "return document.querySelectorAll('[data-rpa-tag-id]').length > 0", 'args': []}
2026-08-24 16:26:46 - urllib3.connectionpool - DEBUG - http://localhost:59571 "POST /session/c2c0bb35dc47ae4af76ddacfb45bc519/execute/sync HTTP/1.1" 200 0
2026-08-24 16:26:46 - selenium.webdriver.remote.remote_connection - DEBUG - Remote response: status=200 | data={"value":false} | headers=HTTPHeaderDict({'Content-Length': '15', 'Content-Type': 'application/json; charset=utf-8', 'cache-control': 'no-cache'})
2026-08-24 16:26:46 - selenium.webdriver.remote.remote_connection - DEBUG - Finished Request
2026-08-24 16:26:47 - selenium.webdriver.remote.remote_connection - DEBUG - POST http://localhost:59571/session/c2c0bb35dc47ae4af76ddacfb45bc519/execute/sync {'script': "return document.querySelectorAll('[data-rpa-tag-id]').length > 0", 'args': []}
2026-08-24 16:26:47 - urllib3.connectionpool - DEBUG - http://localhost:59571 "POST /session/c2c0bb35dc47ae4af76ddacfb45bc519/execute/sync HTTP/1.1" 200 0
2026-08-24 16:26:47 - selenium.webdriver.remote.remote_connection - DEBUG - Remote response: status=200 | data={"value":false} | headers=HTTPHeaderDict({'Content-Length': '15', 'Content-Type': 'application/json; charset=utf-8', 'cache-control': 'no-cache'})
2026-08-24 16:26:47 - selenium.webdriver.remote.remote_connection - DEBUG - Finished Request
2026-08-24 16:26:47 - selenium.webdriver.remote.remote_connection - DEBUG - POST http://localhost:59571/session/c2c0bb35dc47ae4af76ddacfb45bc519/execute/sync {'script': "return document.querySelectorAll('[data-rpa-tag-id]').length > 0", 'args': []}
2026-08-24 16:26:47 - urllib3.connectionpool - DEBUG - http://localhost:59571 "POST /session/c2c0bb35dc47ae4af76ddacfb45bc519/execute/sync HTTP/1.1" 200 0
2026-08-24 16:26:47 - selenium.webdriver.remote.remote_connection - DEBUG - Remote response: status=200 | data={"value":false} | headers=HTTPHeaderDict({'Content-Length': '15', 'Content-Type': 'application/json; charset=utf-8', 'cache-control': 'no-cache'})
2026-08-24 16:26:47 - selenium.webdriver.remote.remote_connection - DEBUG - Finished Request
2026-08-24 16:26:48 - selenium.webdriver.remote.remote_connection - DEBUG - POST http://localhost:59571/session/c2c0bb35dc47ae4af76ddacfb45bc519/execute/sync {'script': "return document.querySelectorAll('[data-rpa-tag-id]').length > 0", 'args': []}
2026-08-24 16:26:48 - urllib3.connectionpool - DEBUG - http://localhost:59571 "POST /session/c2c0bb35dc47ae4af76ddacfb45bc519/execute/sync HTTP/1.1" 200 0
2026-08-24 16:26:48 - selenium.webdriver.remote.remote_connection - DEBUG - Remote response: status=200 | data={"value":false} | headers=HTTPHeaderDict({'Content-Length': '15', 'Content-Type': 'application/json; charset=utf-8', 'cache-control': 'no-cache'})
2026-08-24 16:26:48 - selenium.webdriver.remote.remote_connection - DEBUG - Finished Request
2026-08-24 16:26:48 - selenium.webdriver.remote.remote_connection - DEBUG - POST http://localhost:59571/session/c2c0bb35dc47ae4af76ddacfb45bc519/execute/sync {'script': "return document.querySelectorAll('[data-rpa-tag-id]').length > 0", 'args': []}
2026-08-24 16:26:48 - urllib3.connectionpool - DEBUG - http://localhost:59571 "POST /session/c2c0bb35dc47ae4af76ddacfb45bc519/execute/sync HTTP/1.1" 200 0
2026-08-24 16:26:48 - selenium.webdriver.remote.remote_connection - DEBUG - Remote response: status=200 | data={"value":false} | headers=HTTPHeaderDict({'Content-Length': '15', 'Content-Type': 'application/json; charset=utf-8', 'cache-control': 'no-cache'})
2026-08-24 16:26:48 - selenium.webdriver.remote.remote_connection - DEBUG - Finished Request
2026-08-24 16:26:49 - selenium.webdriver.remote.remote_connection - DEBUG - POST http://localhost:59571/session/c2c0bb35dc47ae4af76ddacfb45bc519/execute/sync {'script': "return document.querySelectorAll('[data-rpa-tag-id]').length > 0", 'args': []}
2026-08-24 16:26:49 - urllib3.connectionpool - DEBUG - http://localhost:59571 "POST /session/c2c0bb35dc47ae4af76ddacfb45bc519/execute/sync HTTP/1.1" 200 0
2026-08-24 16:26:49 - selenium.webdriver.remote.remote_connection - DEBUG - Remote response: status=200 | data={"value":false} | headers=HTTPHeaderDict({'Content-Length': '15', 'Content-Type': 'application/json; charset=utf-8', 'cache-control': 'no-cache'})
2026-08-24 16:26:49 - selenium.webdriver.remote.remote_connection - DEBUG - Finished Request
2026-08-24 16:26:49 - selenium.webdriver.remote.remote_connection - DEBUG - POST http://localhost:59571/session/c2c0bb35dc47ae4af76ddacfb45bc519/execute/sync {'script': "return document.querySelectorAll('[data-rpa-tag-id]').length > 0", 'args': []}
2026-08-24 16:26:49 - urllib3.connectionpool - DEBUG - http://localhost:59571 "POST /session/c2c0bb35dc47ae4af76ddacfb45bc519/execute/sync HTTP/1.1" 200 0
2026-08-24 16:26:49 - selenium.webdriver.remote.remote_connection - DEBUG - Remote response: status=200 | data={"value":false} | headers=HTTPHeaderDict({'Content-Length': '15', 'Content-Type': 'application/json; charset=utf-8', 'cache-control': 'no-cache'})
2026-08-24 16:26:49 - selenium.webdriver.remote.remote_connection - DEBUG - Finished Request
2026-08-24 16:26:50 - selenium.webdriver.remote.remote_connection - DEBUG - POST http://localhost:59571/session/c2c0bb35dc47ae4af76ddacfb45bc519/execute/sync {'script': "return document.querySelectorAll('[data-rpa-tag-id]').length > 0", 'args': []}
2026-08-24 16:26:50 - urllib3.connectionpool - DEBUG - http://localhost:59571 "POST /session/c2c0bb35dc47ae4af76ddacfb45bc519/execute/sync HTTP/1.1" 200 0
2026-08-24 16:26:50 - selenium.webdriver.remote.remote_connection - DEBUG - Remote response: status=200 | data={"value":false} | headers=HTTPHeaderDict({'Content-Length': '15', 'Content-Type': 'application/json; charset=utf-8', 'cache-control': 'no-cache'})
2026-08-24 16:26:50 - selenium.webdriver.remote.remote_connection - DEBUG - Finished Request
2026-08-24 16:26:50 - selenium.webdriver.remote.remote_connection - DEBUG - POST http://localhost:59571/session/c2c0bb35dc47ae4af76ddacfb45bc519/execute/sync {'script': "return document.querySelectorAll('[data-rpa-tag-id]').length > 0", 'args': []}
2026-08-24 16:26:50 - urllib3.connectionpool - DEBUG - http://localhost:59571 "POST /session/c2c0bb35dc47ae4af76ddacfb45bc519/execute/sync HTTP/1.1" 200 0
2026-08-24 16:26:50 - selenium.webdriver.remote.remote_connection - DEBUG - Remote response: status=200 | data={"value":false} | headers=HTTPHeaderDict({'Content-Length': '15', 'Content-Type': 'application/json; charset=utf-8', 'cache-control': 'no-cache'})
2026-08-24 16:26:50 - selenium.webdriver.remote.remote_connection - DEBUG - Finished Request
2026-08-24 16:26:50 - __main__ - ERROR - Page failed to become ready even after refresh
2026-08-24 16:26:50 - __main__ - ERROR - All 3 attempts failed for VCIT
2026-08-24 16:26:50 - __main__ - ERROR - Required product VCIT failed — aborting
2026-08-24 16:26:50 - selenium.webdriver.remote.remote_connection - DEBUG - DELETE http://localhost:59571/session/c2c0bb35dc47ae4af76ddacfb45bc519 {}
2026-08-24 16:26:50 - urllib3.connectionpool - DEBUG - http://localhost:59571 "DELETE /session/c2c0bb35dc47ae4af76ddacfb45bc519 HTTP/1.1" 200 0
2026-08-24 16:26:50 - selenium.webdriver.remote.remote_connection - DEBUG - Remote response: status=200 | data={"value":null} | headers=HTTPHeaderDict({'Content-Length': '14', 'Content-Type': 'application/json; charset=utf-8', 'cache-control': 'no-cache'})
2026-08-24 16:26:50 - selenium.webdriver.remote.remote_connection - DEBUG - Finished Request
2026-08-24 16:26:54 - __main__ - INFO - Browser closed
