2026-08-24 16:46:41 - root - INFO - ======================================================================
2026-08-24 16:46:41 - root - INFO - Logging initialized
2026-08-24 16:46:41 - root - INFO - Log file: ./logs\20260824_164639\vanguarddd_20260824_164639.log
2026-08-24 16:46:41 - root - INFO - Log level: DEBUG
2026-08-24 16:46:41 - root - INFO - ======================================================================
2026-08-24 16:46:41 - scraper - INFO - Chrome version from registry: 151.0.7922.173 (major: 151)
2026-08-24 16:46:41 - undetected_chromedriver.patcher - DEBUG - getting release number from /latest-versions-per-milestone-with-downloads.json
2026-08-24 16:46:42 - undetected_chromedriver.patcher - DEBUG - downloading from https://storage.googleapis.com/chrome-for-testing-public/151.0.7922.138/win32/chromedriver-win32.zip
2026-08-24 16:46:44 - undetected_chromedriver.patcher - DEBUG - unzipping C:\Users\MARKCA~1\AppData\Local\Temp\tmpta4kvm0j
2026-08-24 16:46:44 - undetected_chromedriver.patcher - INFO - patching driver executable C:\Users\Mark Castro\appdata\roaming\undetected_chromedriver\undetected_chromedriver.exe
2026-08-24 16:46:45 - undetected_chromedriver.patcher - DEBUG - found block:
b'{window.cdc_adoQpoasnfa76pfcZLmcfl_Array = window.Array;window.cdc_adoQpoasnfa76pfcZLmcfl_Object = window.Object;window.cdc_adoQpoasnfa76pfcZLmcfl_Promise = window.Promise;window.cdc_adoQpoasnfa76pfcZLmcfl_Proxy = window.Proxy;window.cdc_adoQpoasnfa76pfcZLmcfl_Symbol = window.Symbol;window.cdc_adoQpoasnfa76pfcZLmcfl_JSON = window.JSON;window.cdc_adoQpoasnfa76pfcZLmcfl_Window = window.Window;}'
replacing with:
b'{console.log("undetected chromedriver 1337!")}                                                                                                                                                                                                                                                                                                                                                             '
2026-08-24 16:46:45 - undetected_chromedriver.patcher - DEBUG - patching took us 1.02 seconds
2026-08-24 16:46:46 - selenium.webdriver.common.driver_finder - DEBUG - Skipping Selenium Manager; path to chrome driver specified in Service class: C:\Users\Mark Castro\appdata\roaming\undetected_chromedriver\undetected_chromedriver.exe
2026-08-24 16:46:48 - selenium.webdriver.common.service - DEBUG - Started executable: `C:\Users\Mark Castro\appdata\roaming\undetected_chromedriver\undetected_chromedriver.exe` in a child process with pid: 15228 using 0 to output -3
2026-08-24 16:46:48 - selenium.webdriver.remote.remote_connection - DEBUG - POST http://localhost:50197/session {'capabilities': {'firstMatch': [{}], 'alwaysMatch': {'browserName': 'chrome', 'pageLoadStrategy': <PageLoadStrategy.normal: 'normal'>, 'goog:chromeOptions': {'extensions': [], 'binary': 'C:\\Program Files\\Google\\Chrome\\Application\\chrome.exe', 'args': ['--window-size=1920,1080', '--no-sandbox', '--disable-dev-shm-usage', '--remote-debugging-host=127.0.0.1', '--remote-debugging-port=50196', '--user-data-dir=C:\\Users\\MARKCA~1\\AppData\\Local\\Temp\\tmp9he_osqk', '--lang=en-US', '--no-default-browser-check', '--no-first-run', '--no-sandbox', '--test-type', '--headless=new', '--window-size=1920,1080', '--start-maximized', '--no-sandbox', '--log-level=0'], 'debuggerAddress': '127.0.0.1:50196'}}}}
2026-08-24 16:46:48 - urllib3.connectionpool - DEBUG - Starting new HTTP connection (1): localhost:50197
2026-08-24 16:46:48 - urllib3.connectionpool - DEBUG - http://localhost:50197 "POST /session HTTP/1.1" 200 0
2026-08-24 16:46:48 - selenium.webdriver.remote.remote_connection - DEBUG - Remote response: status=200 | data={"value":{"capabilities":{"acceptInsecureCerts":false,"browserName":"chrome","browserVersion":"151.0.7922.173","chrome":{"chromedriverVersion":"151.0.7922.138 (41fa82442390a4d4456c78f2d69a832d5720cb27-refs/branch-heads/7922@{#2891})"},"fedcm:accounts":true,"goog:chromeOptions":{"debuggerAddress":"127.0.0.1:50196"},"pageLoadStrategy":"normal","platformName":"","proxy":{},"setWindowRect":false,"strictFileInteractability":false,"timeouts":{"implicit":0,"pageLoad":300000,"script":30000},"unhandledPromptBehavior":"dismiss and notify","webauthn:extension:credBlob":true,"webauthn:extension:largeBlob":true,"webauthn:extension:minPinLength":true,"webauthn:extension:prf":true,"webauthn:virtualAuthenticators":true},"sessionId":"8f780dece5d2cfdafeea23fe28e4ff82"}} | headers=HTTPHeaderDict({'Content-Length': '762', 'Content-Type': 'application/json; charset=utf-8', 'cache-control': 'no-cache'})
2026-08-24 16:46:48 - selenium.webdriver.remote.remote_connection - DEBUG - Finished Request
2026-08-24 16:46:48 - selenium.webdriver.remote.remote_connection - DEBUG - POST http://localhost:50197/session/8f780dece5d2cfdafeea23fe28e4ff82/timeouts {'pageLoad': 60000}
2026-08-24 16:46:48 - urllib3.connectionpool - DEBUG - http://localhost:50197 "POST /session/8f780dece5d2cfdafeea23fe28e4ff82/timeouts HTTP/1.1" 200 0
2026-08-24 16:46:48 - selenium.webdriver.remote.remote_connection - DEBUG - Remote response: status=200 | data={"value":null} | headers=HTTPHeaderDict({'Content-Length': '14', 'Content-Type': 'application/json; charset=utf-8', 'cache-control': 'no-cache'})
2026-08-24 16:46:48 - selenium.webdriver.remote.remote_connection - DEBUG - Finished Request
2026-08-24 16:46:48 - scraper - INFO - Chrome driver initialized (undetected-chromedriver, headless=True)
2026-08-24 16:46:48 - scraper - INFO - 
======================================================================
Scraping VCIT: https://investor.vanguard.com/etf/profile/overview/vcit
======================================================================
2026-08-24 16:46:48 - scraper - INFO - Navigating to https://investor.vanguard.com/etf/profile/overview/vcit
2026-08-24 16:46:48 - selenium.webdriver.remote.remote_connection - DEBUG - POST http://localhost:50197/session/8f780dece5d2cfdafeea23fe28e4ff82/execute/sync {'script': 'return navigator.webdriver', 'args': []}
2026-08-24 16:46:48 - urllib3.connectionpool - DEBUG - http://localhost:50197 "POST /session/8f780dece5d2cfdafeea23fe28e4ff82/execute/sync HTTP/1.1" 200 0
2026-08-24 16:46:48 - selenium.webdriver.remote.remote_connection - DEBUG - Remote response: status=200 | data={"value":false} | headers=HTTPHeaderDict({'Content-Length': '15', 'Content-Type': 'application/json; charset=utf-8', 'cache-control': 'no-cache'})
2026-08-24 16:46:48 - selenium.webdriver.remote.remote_connection - DEBUG - Finished Request
2026-08-24 16:46:48 - selenium.webdriver.remote.remote_connection - DEBUG - POST http://localhost:50197/session/8f780dece5d2cfdafeea23fe28e4ff82/url {'url': 'https://investor.vanguard.com/etf/profile/overview/vcit'}
2026-08-24 16:46:49 - urllib3.connectionpool - DEBUG - http://localhost:50197 "POST /session/8f780dece5d2cfdafeea23fe28e4ff82/url HTTP/1.1" 200 0
2026-08-24 16:46:49 - selenium.webdriver.remote.remote_connection - DEBUG - Remote response: status=200 | data={"value":null} | headers=HTTPHeaderDict({'Content-Length': '14', 'Content-Type': 'application/json; charset=utf-8', 'cache-control': 'no-cache'})
2026-08-24 16:46:49 - selenium.webdriver.remote.remote_connection - DEBUG - Finished Request
2026-08-24 16:46:49 - selenium.webdriver.remote.remote_connection - DEBUG - POST http://localhost:50197/session/8f780dece5d2cfdafeea23fe28e4ff82/execute/sync {'script': "\n                var candidates = [\n                    document.querySelector('#onetrust-accept-btn...", 'args': []}
2026-08-24 16:47:01 - urllib3.connectionpool - DEBUG - http://localhost:50197 "POST /session/8f780dece5d2cfdafeea23fe28e4ff82/execute/sync HTTP/1.1" 200 0
2026-08-24 16:47:01 - selenium.webdriver.remote.remote_connection - DEBUG - Remote response: status=200 | data={"value":null} | headers=HTTPHeaderDict({'Content-Length': '14', 'Content-Type': 'application/json; charset=utf-8', 'cache-control': 'no-cache'})
2026-08-24 16:47:01 - selenium.webdriver.remote.remote_connection - DEBUG - Finished Request
2026-08-24 16:47:01 - selenium.webdriver.remote.remote_connection - DEBUG - POST http://localhost:50197/session/8f780dece5d2cfdafeea23fe28e4ff82/execute/sync {'script': "return document.querySelectorAll('[data-rpa-tag-id]').length > 0", 'args': []}
2026-08-24 16:47:01 - urllib3.connectionpool - DEBUG - http://localhost:50197 "POST /session/8f780dece5d2cfdafeea23fe28e4ff82/execute/sync HTTP/1.1" 200 0
2026-08-24 16:47:01 - selenium.webdriver.remote.remote_connection - DEBUG - Remote response: status=200 | data={"value":false} | headers=HTTPHeaderDict({'Content-Length': '15', 'Content-Type': 'application/json; charset=utf-8', 'cache-control': 'no-cache'})
2026-08-24 16:47:01 - selenium.webdriver.remote.remote_connection - DEBUG - Finished Request
2026-08-24 16:47:01 - selenium.webdriver.remote.remote_connection - DEBUG - POST http://localhost:50197/session/8f780dece5d2cfdafeea23fe28e4ff82/execute/sync {'script': "return document.querySelectorAll('[data-rpa-tag-id]').length > 0", 'args': []}
2026-08-24 16:47:03 - urllib3.connectionpool - DEBUG - http://localhost:50197 "POST /session/8f780dece5d2cfdafeea23fe28e4ff82/execute/sync HTTP/1.1" 200 0
2026-08-24 16:47:03 - selenium.webdriver.remote.remote_connection - DEBUG - Remote response: status=200 | data={"value":false} | headers=HTTPHeaderDict({'Content-Length': '15', 'Content-Type': 'application/json; charset=utf-8', 'cache-control': 'no-cache'})
2026-08-24 16:47:03 - selenium.webdriver.remote.remote_connection - DEBUG - Finished Request
2026-08-24 16:47:04 - selenium.webdriver.remote.remote_connection - DEBUG - POST http://localhost:50197/session/8f780dece5d2cfdafeea23fe28e4ff82/execute/sync {'script': "return document.querySelectorAll('[data-rpa-tag-id]').length > 0", 'args': []}
2026-08-24 16:47:04 - urllib3.connectionpool - DEBUG - http://localhost:50197 "POST /session/8f780dece5d2cfdafeea23fe28e4ff82/execute/sync HTTP/1.1" 200 0
2026-08-24 16:47:04 - selenium.webdriver.remote.remote_connection - DEBUG - Remote response: status=200 | data={"value":false} | headers=HTTPHeaderDict({'Content-Length': '15', 'Content-Type': 'application/json; charset=utf-8', 'cache-control': 'no-cache'})
2026-08-24 16:47:04 - selenium.webdriver.remote.remote_connection - DEBUG - Finished Request
2026-08-24 16:47:04 - selenium.webdriver.remote.remote_connection - DEBUG - POST http://localhost:50197/session/8f780dece5d2cfdafeea23fe28e4ff82/execute/sync {'script': "return document.querySelectorAll('[data-rpa-tag-id]').length > 0", 'args': []}
2026-08-24 16:47:04 - urllib3.connectionpool - DEBUG - http://localhost:50197 "POST /session/8f780dece5d2cfdafeea23fe28e4ff82/execute/sync HTTP/1.1" 200 0
2026-08-24 16:47:04 - selenium.webdriver.remote.remote_connection - DEBUG - Remote response: status=200 | data={"value":false} | headers=HTTPHeaderDict({'Content-Length': '15', 'Content-Type': 'application/json; charset=utf-8', 'cache-control': 'no-cache'})
2026-08-24 16:47:04 - selenium.webdriver.remote.remote_connection - DEBUG - Finished Request
2026-08-24 16:47:05 - selenium.webdriver.remote.remote_connection - DEBUG - POST http://localhost:50197/session/8f780dece5d2cfdafeea23fe28e4ff82/execute/sync {'script': "return document.querySelectorAll('[data-rpa-tag-id]').length > 0", 'args': []}
2026-08-24 16:47:05 - urllib3.connectionpool - DEBUG - http://localhost:50197 "POST /session/8f780dece5d2cfdafeea23fe28e4ff82/execute/sync HTTP/1.1" 200 0
2026-08-24 16:47:05 - selenium.webdriver.remote.remote_connection - DEBUG - Remote response: status=200 | data={"value":false} | headers=HTTPHeaderDict({'Content-Length': '15', 'Content-Type': 'application/json; charset=utf-8', 'cache-control': 'no-cache'})
2026-08-24 16:47:05 - selenium.webdriver.remote.remote_connection - DEBUG - Finished Request
2026-08-24 16:47:05 - selenium.webdriver.remote.remote_connection - DEBUG - POST http://localhost:50197/session/8f780dece5d2cfdafeea23fe28e4ff82/execute/sync {'script': "return document.querySelectorAll('[data-rpa-tag-id]').length > 0", 'args': []}
2026-08-24 16:47:05 - urllib3.connectionpool - DEBUG - http://localhost:50197 "POST /session/8f780dece5d2cfdafeea23fe28e4ff82/execute/sync HTTP/1.1" 200 0
2026-08-24 16:47:05 - selenium.webdriver.remote.remote_connection - DEBUG - Remote response: status=200 | data={"value":false} | headers=HTTPHeaderDict({'Content-Length': '15', 'Content-Type': 'application/json; charset=utf-8', 'cache-control': 'no-cache'})
2026-08-24 16:47:05 - selenium.webdriver.remote.remote_connection - DEBUG - Finished Request
2026-08-24 16:47:06 - selenium.webdriver.remote.remote_connection - DEBUG - POST http://localhost:50197/session/8f780dece5d2cfdafeea23fe28e4ff82/execute/sync {'script': "return document.querySelectorAll('[data-rpa-tag-id]').length > 0", 'args': []}
2026-08-24 16:47:06 - urllib3.connectionpool - DEBUG - http://localhost:50197 "POST /session/8f780dece5d2cfdafeea23fe28e4ff82/execute/sync HTTP/1.1" 200 0
2026-08-24 16:47:06 - selenium.webdriver.remote.remote_connection - DEBUG - Remote response: status=200 | data={"value":false} | headers=HTTPHeaderDict({'Content-Length': '15', 'Content-Type': 'application/json; charset=utf-8', 'cache-control': 'no-cache'})
2026-08-24 16:47:06 - selenium.webdriver.remote.remote_connection - DEBUG - Finished Request
2026-08-24 16:47:06 - selenium.webdriver.remote.remote_connection - DEBUG - POST http://localhost:50197/session/8f780dece5d2cfdafeea23fe28e4ff82/execute/sync {'script': "return document.querySelectorAll('[data-rpa-tag-id]').length > 0", 'args': []}
2026-08-24 16:47:06 - urllib3.connectionpool - DEBUG - http://localhost:50197 "POST /session/8f780dece5d2cfdafeea23fe28e4ff82/execute/sync HTTP/1.1" 200 0
2026-08-24 16:47:06 - selenium.webdriver.remote.remote_connection - DEBUG - Remote response: status=200 | data={"value":false} | headers=HTTPHeaderDict({'Content-Length': '15', 'Content-Type': 'application/json; charset=utf-8', 'cache-control': 'no-cache'})
2026-08-24 16:47:06 - selenium.webdriver.remote.remote_connection - DEBUG - Finished Request
2026-08-24 16:47:07 - selenium.webdriver.remote.remote_connection - DEBUG - POST http://localhost:50197/session/8f780dece5d2cfdafeea23fe28e4ff82/execute/sync {'script': "return document.querySelectorAll('[data-rpa-tag-id]').length > 0", 'args': []}
2026-08-24 16:47:07 - urllib3.connectionpool - DEBUG - http://localhost:50197 "POST /session/8f780dece5d2cfdafeea23fe28e4ff82/execute/sync HTTP/1.1" 200 0
2026-08-24 16:47:07 - selenium.webdriver.remote.remote_connection - DEBUG - Remote response: status=200 | data={"value":false} | headers=HTTPHeaderDict({'Content-Length': '15', 'Content-Type': 'application/json; charset=utf-8', 'cache-control': 'no-cache'})
2026-08-24 16:47:07 - selenium.webdriver.remote.remote_connection - DEBUG - Finished Request
2026-08-24 16:47:07 - selenium.webdriver.remote.remote_connection - DEBUG - POST http://localhost:50197/session/8f780dece5d2cfdafeea23fe28e4ff82/execute/sync {'script': "return document.querySelectorAll('[data-rpa-tag-id]').length > 0", 'args': []}
2026-08-24 16:47:07 - urllib3.connectionpool - DEBUG - http://localhost:50197 "POST /session/8f780dece5d2cfdafeea23fe28e4ff82/execute/sync HTTP/1.1" 200 0
2026-08-24 16:47:07 - selenium.webdriver.remote.remote_connection - DEBUG - Remote response: status=200 | data={"value":false} | headers=HTTPHeaderDict({'Content-Length': '15', 'Content-Type': 'application/json; charset=utf-8', 'cache-control': 'no-cache'})
2026-08-24 16:47:07 - selenium.webdriver.remote.remote_connection - DEBUG - Finished Request
2026-08-24 16:47:08 - selenium.webdriver.remote.remote_connection - DEBUG - POST http://localhost:50197/session/8f780dece5d2cfdafeea23fe28e4ff82/execute/sync {'script': "return document.querySelectorAll('[data-rpa-tag-id]').length > 0", 'args': []}
2026-08-24 16:47:08 - urllib3.connectionpool - DEBUG - http://localhost:50197 "POST /session/8f780dece5d2cfdafeea23fe28e4ff82/execute/sync HTTP/1.1" 200 0
2026-08-24 16:47:08 - selenium.webdriver.remote.remote_connection - DEBUG - Remote response: status=200 | data={"value":false} | headers=HTTPHeaderDict({'Content-Length': '15', 'Content-Type': 'application/json; charset=utf-8', 'cache-control': 'no-cache'})
2026-08-24 16:47:08 - selenium.webdriver.remote.remote_connection - DEBUG - Finished Request
2026-08-24 16:47:08 - selenium.webdriver.remote.remote_connection - DEBUG - POST http://localhost:50197/session/8f780dece5d2cfdafeea23fe28e4ff82/execute/sync {'script': "return document.querySelectorAll('[data-rpa-tag-id]').length > 0", 'args': []}
2026-08-24 16:47:08 - urllib3.connectionpool - DEBUG - http://localhost:50197 "POST /session/8f780dece5d2cfdafeea23fe28e4ff82/execute/sync HTTP/1.1" 200 0
2026-08-24 16:47:08 - selenium.webdriver.remote.remote_connection - DEBUG - Remote response: status=200 | data={"value":false} | headers=HTTPHeaderDict({'Content-Length': '15', 'Content-Type': 'application/json; charset=utf-8', 'cache-control': 'no-cache'})
2026-08-24 16:47:08 - selenium.webdriver.remote.remote_connection - DEBUG - Finished Request
2026-08-24 16:47:09 - selenium.webdriver.remote.remote_connection - DEBUG - POST http://localhost:50197/session/8f780dece5d2cfdafeea23fe28e4ff82/execute/sync {'script': "return document.querySelectorAll('[data-rpa-tag-id]').length > 0", 'args': []}
2026-08-24 16:47:10 - urllib3.connectionpool - DEBUG - http://localhost:50197 "POST /session/8f780dece5d2cfdafeea23fe28e4ff82/execute/sync HTTP/1.1" 200 0
2026-08-24 16:47:10 - selenium.webdriver.remote.remote_connection - DEBUG - Remote response: status=200 | data={"value":false} | headers=HTTPHeaderDict({'Content-Length': '15', 'Content-Type': 'application/json; charset=utf-8', 'cache-control': 'no-cache'})
2026-08-24 16:47:10 - selenium.webdriver.remote.remote_connection - DEBUG - Finished Request
2026-08-24 16:47:10 - selenium.webdriver.remote.remote_connection - DEBUG - POST http://localhost:50197/session/8f780dece5d2cfdafeea23fe28e4ff82/execute/sync {'script': "return document.querySelectorAll('[data-rpa-tag-id]').length > 0", 'args': []}
2026-08-24 16:47:10 - urllib3.connectionpool - DEBUG - http://localhost:50197 "POST /session/8f780dece5d2cfdafeea23fe28e4ff82/execute/sync HTTP/1.1" 200 0
2026-08-24 16:47:10 - selenium.webdriver.remote.remote_connection - DEBUG - Remote response: status=200 | data={"value":false} | headers=HTTPHeaderDict({'Content-Length': '15', 'Content-Type': 'application/json; charset=utf-8', 'cache-control': 'no-cache'})
2026-08-24 16:47:10 - selenium.webdriver.remote.remote_connection - DEBUG - Finished Request
2026-08-24 16:47:11 - selenium.webdriver.remote.remote_connection - DEBUG - POST http://localhost:50197/session/8f780dece5d2cfdafeea23fe28e4ff82/execute/sync {'script': "return document.querySelectorAll('[data-rpa-tag-id]').length > 0", 'args': []}
2026-08-24 16:47:11 - urllib3.connectionpool - DEBUG - http://localhost:50197 "POST /session/8f780dece5d2cfdafeea23fe28e4ff82/execute/sync HTTP/1.1" 200 0
2026-08-24 16:47:11 - selenium.webdriver.remote.remote_connection - DEBUG - Remote response: status=200 | data={"value":false} | headers=HTTPHeaderDict({'Content-Length': '15', 'Content-Type': 'application/json; charset=utf-8', 'cache-control': 'no-cache'})
2026-08-24 16:47:11 - selenium.webdriver.remote.remote_connection - DEBUG - Finished Request
2026-08-24 16:47:11 - selenium.webdriver.remote.remote_connection - DEBUG - POST http://localhost:50197/session/8f780dece5d2cfdafeea23fe28e4ff82/execute/sync {'script': "return document.querySelectorAll('[data-rpa-tag-id]').length > 0", 'args': []}
2026-08-24 16:47:11 - urllib3.connectionpool - DEBUG - http://localhost:50197 "POST /session/8f780dece5d2cfdafeea23fe28e4ff82/execute/sync HTTP/1.1" 200 0
2026-08-24 16:47:11 - selenium.webdriver.remote.remote_connection - DEBUG - Remote response: status=200 | data={"value":false} | headers=HTTPHeaderDict({'Content-Length': '15', 'Content-Type': 'application/json; charset=utf-8', 'cache-control': 'no-cache'})
2026-08-24 16:47:11 - selenium.webdriver.remote.remote_connection - DEBUG - Finished Request
2026-08-24 16:47:12 - selenium.webdriver.remote.remote_connection - DEBUG - POST http://localhost:50197/session/8f780dece5d2cfdafeea23fe28e4ff82/execute/sync {'script': "return document.querySelectorAll('[data-rpa-tag-id]').length > 0", 'args': []}
2026-08-24 16:47:12 - urllib3.connectionpool - DEBUG - http://localhost:50197 "POST /session/8f780dece5d2cfdafeea23fe28e4ff82/execute/sync HTTP/1.1" 200 0
2026-08-24 16:47:12 - selenium.webdriver.remote.remote_connection - DEBUG - Remote response: status=200 | data={"value":false} | headers=HTTPHeaderDict({'Content-Length': '15', 'Content-Type': 'application/json; charset=utf-8', 'cache-control': 'no-cache'})
2026-08-24 16:47:12 - selenium.webdriver.remote.remote_connection - DEBUG - Finished Request
2026-08-24 16:47:12 - selenium.webdriver.remote.remote_connection - DEBUG - POST http://localhost:50197/session/8f780dece5d2cfdafeea23fe28e4ff82/execute/sync {'script': "return document.querySelectorAll('[data-rpa-tag-id]').length > 0", 'args': []}
2026-08-24 16:47:12 - urllib3.connectionpool - DEBUG - http://localhost:50197 "POST /session/8f780dece5d2cfdafeea23fe28e4ff82/execute/sync HTTP/1.1" 200 0
2026-08-24 16:47:12 - selenium.webdriver.remote.remote_connection - DEBUG - Remote response: status=200 | data={"value":false} | headers=HTTPHeaderDict({'Content-Length': '15', 'Content-Type': 'application/json; charset=utf-8', 'cache-control': 'no-cache'})
2026-08-24 16:47:12 - selenium.webdriver.remote.remote_connection - DEBUG - Finished Request
2026-08-24 16:47:13 - selenium.webdriver.remote.remote_connection - DEBUG - POST http://localhost:50197/session/8f780dece5d2cfdafeea23fe28e4ff82/execute/sync {'script': "return document.querySelectorAll('[data-rpa-tag-id]').length > 0", 'args': []}
2026-08-24 16:47:13 - urllib3.connectionpool - DEBUG - http://localhost:50197 "POST /session/8f780dece5d2cfdafeea23fe28e4ff82/execute/sync HTTP/1.1" 200 0
2026-08-24 16:47:13 - selenium.webdriver.remote.remote_connection - DEBUG - Remote response: status=200 | data={"value":false} | headers=HTTPHeaderDict({'Content-Length': '15', 'Content-Type': 'application/json; charset=utf-8', 'cache-control': 'no-cache'})
2026-08-24 16:47:13 - selenium.webdriver.remote.remote_connection - DEBUG - Finished Request
2026-08-24 16:47:13 - selenium.webdriver.remote.remote_connection - DEBUG - POST http://localhost:50197/session/8f780dece5d2cfdafeea23fe28e4ff82/execute/sync {'script': "return document.querySelectorAll('[data-rpa-tag-id]').length > 0", 'args': []}
2026-08-24 16:47:13 - urllib3.connectionpool - DEBUG - http://localhost:50197 "POST /session/8f780dece5d2cfdafeea23fe28e4ff82/execute/sync HTTP/1.1" 200 0
2026-08-24 16:47:13 - selenium.webdriver.remote.remote_connection - DEBUG - Remote response: status=200 | data={"value":false} | headers=HTTPHeaderDict({'Content-Length': '15', 'Content-Type': 'application/json; charset=utf-8', 'cache-control': 'no-cache'})
2026-08-24 16:47:13 - selenium.webdriver.remote.remote_connection - DEBUG - Finished Request
2026-08-24 16:47:14 - selenium.webdriver.remote.remote_connection - DEBUG - POST http://localhost:50197/session/8f780dece5d2cfdafeea23fe28e4ff82/execute/sync {'script': "return document.querySelectorAll('[data-rpa-tag-id]').length > 0", 'args': []}
2026-08-24 16:47:14 - urllib3.connectionpool - DEBUG - http://localhost:50197 "POST /session/8f780dece5d2cfdafeea23fe28e4ff82/execute/sync HTTP/1.1" 200 0
2026-08-24 16:47:14 - selenium.webdriver.remote.remote_connection - DEBUG - Remote response: status=200 | data={"value":false} | headers=HTTPHeaderDict({'Content-Length': '15', 'Content-Type': 'application/json; charset=utf-8', 'cache-control': 'no-cache'})
2026-08-24 16:47:14 - selenium.webdriver.remote.remote_connection - DEBUG - Finished Request
2026-08-24 16:47:14 - selenium.webdriver.remote.remote_connection - DEBUG - POST http://localhost:50197/session/8f780dece5d2cfdafeea23fe28e4ff82/execute/sync {'script': "return document.querySelectorAll('[data-rpa-tag-id]').length > 0", 'args': []}
2026-08-24 16:47:14 - urllib3.connectionpool - DEBUG - http://localhost:50197 "POST /session/8f780dece5d2cfdafeea23fe28e4ff82/execute/sync HTTP/1.1" 200 0
2026-08-24 16:47:14 - selenium.webdriver.remote.remote_connection - DEBUG - Remote response: status=200 | data={"value":false} | headers=HTTPHeaderDict({'Content-Length': '15', 'Content-Type': 'application/json; charset=utf-8', 'cache-control': 'no-cache'})
2026-08-24 16:47:14 - selenium.webdriver.remote.remote_connection - DEBUG - Finished Request
2026-08-24 16:47:15 - selenium.webdriver.remote.remote_connection - DEBUG - POST http://localhost:50197/session/8f780dece5d2cfdafeea23fe28e4ff82/execute/sync {'script': "return document.querySelectorAll('[data-rpa-tag-id]').length > 0", 'args': []}
2026-08-24 16:47:15 - urllib3.connectionpool - DEBUG - http://localhost:50197 "POST /session/8f780dece5d2cfdafeea23fe28e4ff82/execute/sync HTTP/1.1" 200 0
2026-08-24 16:47:15 - selenium.webdriver.remote.remote_connection - DEBUG - Remote response: status=200 | data={"value":false} | headers=HTTPHeaderDict({'Content-Length': '15', 'Content-Type': 'application/json; charset=utf-8', 'cache-control': 'no-cache'})
2026-08-24 16:47:15 - selenium.webdriver.remote.remote_connection - DEBUG - Finished Request
2026-08-24 16:47:15 - selenium.webdriver.remote.remote_connection - DEBUG - POST http://localhost:50197/session/8f780dece5d2cfdafeea23fe28e4ff82/execute/sync {'script': "return document.querySelectorAll('[data-rpa-tag-id]').length > 0", 'args': []}
2026-08-24 16:47:15 - urllib3.connectionpool - DEBUG - http://localhost:50197 "POST /session/8f780dece5d2cfdafeea23fe28e4ff82/execute/sync HTTP/1.1" 200 0
2026-08-24 16:47:15 - selenium.webdriver.remote.remote_connection - DEBUG - Remote response: status=200 | data={"value":false} | headers=HTTPHeaderDict({'Content-Length': '15', 'Content-Type': 'application/json; charset=utf-8', 'cache-control': 'no-cache'})
2026-08-24 16:47:15 - selenium.webdriver.remote.remote_connection - DEBUG - Finished Request
2026-08-24 16:47:16 - selenium.webdriver.remote.remote_connection - DEBUG - POST http://localhost:50197/session/8f780dece5d2cfdafeea23fe28e4ff82/execute/sync {'script': "return document.querySelectorAll('[data-rpa-tag-id]').length > 0", 'args': []}
2026-08-24 16:47:16 - urllib3.connectionpool - DEBUG - http://localhost:50197 "POST /session/8f780dece5d2cfdafeea23fe28e4ff82/execute/sync HTTP/1.1" 200 0
2026-08-24 16:47:16 - selenium.webdriver.remote.remote_connection - DEBUG - Remote response: status=200 | data={"value":false} | headers=HTTPHeaderDict({'Content-Length': '15', 'Content-Type': 'application/json; charset=utf-8', 'cache-control': 'no-cache'})
2026-08-24 16:47:16 - selenium.webdriver.remote.remote_connection - DEBUG - Finished Request
2026-08-24 16:47:16 - selenium.webdriver.remote.remote_connection - DEBUG - POST http://localhost:50197/session/8f780dece5d2cfdafeea23fe28e4ff82/execute/sync {'script': "return document.querySelectorAll('[data-rpa-tag-id]').length > 0", 'args': []}
2026-08-24 16:47:16 - urllib3.connectionpool - DEBUG - http://localhost:50197 "POST /session/8f780dece5d2cfdafeea23fe28e4ff82/execute/sync HTTP/1.1" 200 0
2026-08-24 16:47:16 - selenium.webdriver.remote.remote_connection - DEBUG - Remote response: status=200 | data={"value":false} | headers=HTTPHeaderDict({'Content-Length': '15', 'Content-Type': 'application/json; charset=utf-8', 'cache-control': 'no-cache'})
2026-08-24 16:47:16 - selenium.webdriver.remote.remote_connection - DEBUG - Finished Request
2026-08-24 16:47:17 - selenium.webdriver.remote.remote_connection - DEBUG - POST http://localhost:50197/session/8f780dece5d2cfdafeea23fe28e4ff82/execute/sync {'script': "return document.querySelectorAll('[data-rpa-tag-id]').length > 0", 'args': []}
2026-08-24 16:47:17 - urllib3.connectionpool - DEBUG - http://localhost:50197 "POST /session/8f780dece5d2cfdafeea23fe28e4ff82/execute/sync HTTP/1.1" 200 0
2026-08-24 16:47:17 - selenium.webdriver.remote.remote_connection - DEBUG - Remote response: status=200 | data={"value":false} | headers=HTTPHeaderDict({'Content-Length': '15', 'Content-Type': 'application/json; charset=utf-8', 'cache-control': 'no-cache'})
2026-08-24 16:47:17 - selenium.webdriver.remote.remote_connection - DEBUG - Finished Request
2026-08-24 16:47:17 - selenium.webdriver.remote.remote_connection - DEBUG - POST http://localhost:50197/session/8f780dece5d2cfdafeea23fe28e4ff82/execute/sync {'script': "return document.querySelectorAll('[data-rpa-tag-id]').length > 0", 'args': []}
2026-08-24 16:47:17 - urllib3.connectionpool - DEBUG - http://localhost:50197 "POST /session/8f780dece5d2cfdafeea23fe28e4ff82/execute/sync HTTP/1.1" 200 0
2026-08-24 16:47:17 - selenium.webdriver.remote.remote_connection - DEBUG - Remote response: status=200 | data={"value":false} | headers=HTTPHeaderDict({'Content-Length': '15', 'Content-Type': 'application/json; charset=utf-8', 'cache-control': 'no-cache'})
2026-08-24 16:47:17 - selenium.webdriver.remote.remote_connection - DEBUG - Finished Request
2026-08-24 16:47:18 - selenium.webdriver.remote.remote_connection - DEBUG - POST http://localhost:50197/session/8f780dece5d2cfdafeea23fe28e4ff82/execute/sync {'script': "return document.querySelectorAll('[data-rpa-tag-id]').length > 0", 'args': []}
2026-08-24 16:47:18 - urllib3.connectionpool - DEBUG - http://localhost:50197 "POST /session/8f780dece5d2cfdafeea23fe28e4ff82/execute/sync HTTP/1.1" 200 0
2026-08-24 16:47:18 - selenium.webdriver.remote.remote_connection - DEBUG - Remote response: status=200 | data={"value":false} | headers=HTTPHeaderDict({'Content-Length': '15', 'Content-Type': 'application/json; charset=utf-8', 'cache-control': 'no-cache'})
2026-08-24 16:47:18 - selenium.webdriver.remote.remote_connection - DEBUG - Finished Request
2026-08-24 16:47:18 - selenium.webdriver.remote.remote_connection - DEBUG - POST http://localhost:50197/session/8f780dece5d2cfdafeea23fe28e4ff82/execute/sync {'script': "return document.querySelectorAll('[data-rpa-tag-id]').length > 0", 'args': []}
2026-08-24 16:47:18 - urllib3.connectionpool - DEBUG - http://localhost:50197 "POST /session/8f780dece5d2cfdafeea23fe28e4ff82/execute/sync HTTP/1.1" 200 0
2026-08-24 16:47:18 - selenium.webdriver.remote.remote_connection - DEBUG - Remote response: status=200 | data={"value":false} | headers=HTTPHeaderDict({'Content-Length': '15', 'Content-Type': 'application/json; charset=utf-8', 'cache-control': 'no-cache'})
2026-08-24 16:47:18 - selenium.webdriver.remote.remote_connection - DEBUG - Finished Request
2026-08-24 16:47:19 - selenium.webdriver.remote.remote_connection - DEBUG - POST http://localhost:50197/session/8f780dece5d2cfdafeea23fe28e4ff82/execute/sync {'script': "return document.querySelectorAll('[data-rpa-tag-id]').length > 0", 'args': []}
2026-08-24 16:47:19 - urllib3.connectionpool - DEBUG - http://localhost:50197 "POST /session/8f780dece5d2cfdafeea23fe28e4ff82/execute/sync HTTP/1.1" 200 0
2026-08-24 16:47:19 - selenium.webdriver.remote.remote_connection - DEBUG - Remote response: status=200 | data={"value":false} | headers=HTTPHeaderDict({'Content-Length': '15', 'Content-Type': 'application/json; charset=utf-8', 'cache-control': 'no-cache'})
2026-08-24 16:47:19 - selenium.webdriver.remote.remote_connection - DEBUG - Finished Request
2026-08-24 16:47:19 - selenium.webdriver.remote.remote_connection - DEBUG - POST http://localhost:50197/session/8f780dece5d2cfdafeea23fe28e4ff82/execute/sync {'script': "return document.querySelectorAll('[data-rpa-tag-id]').length > 0", 'args': []}
2026-08-24 16:47:19 - urllib3.connectionpool - DEBUG - http://localhost:50197 "POST /session/8f780dece5d2cfdafeea23fe28e4ff82/execute/sync HTTP/1.1" 200 0
2026-08-24 16:47:19 - selenium.webdriver.remote.remote_connection - DEBUG - Remote response: status=200 | data={"value":false} | headers=HTTPHeaderDict({'Content-Length': '15', 'Content-Type': 'application/json; charset=utf-8', 'cache-control': 'no-cache'})
2026-08-24 16:47:19 - selenium.webdriver.remote.remote_connection - DEBUG - Finished Request
2026-08-24 16:47:20 - selenium.webdriver.remote.remote_connection - DEBUG - POST http://localhost:50197/session/8f780dece5d2cfdafeea23fe28e4ff82/execute/sync {'script': "return document.querySelectorAll('[data-rpa-tag-id]').length > 0", 'args': []}
2026-08-24 16:47:20 - urllib3.connectionpool - DEBUG - http://localhost:50197 "POST /session/8f780dece5d2cfdafeea23fe28e4ff82/execute/sync HTTP/1.1" 200 0
2026-08-24 16:47:20 - selenium.webdriver.remote.remote_connection - DEBUG - Remote response: status=200 | data={"value":false} | headers=HTTPHeaderDict({'Content-Length': '15', 'Content-Type': 'application/json; charset=utf-8', 'cache-control': 'no-cache'})
2026-08-24 16:47:20 - selenium.webdriver.remote.remote_connection - DEBUG - Finished Request
2026-08-24 16:47:20 - selenium.webdriver.remote.remote_connection - DEBUG - POST http://localhost:50197/session/8f780dece5d2cfdafeea23fe28e4ff82/execute/sync {'script': "return document.querySelectorAll('[data-rpa-tag-id]').length > 0", 'args': []}
2026-08-24 16:47:20 - urllib3.connectionpool - DEBUG - http://localhost:50197 "POST /session/8f780dece5d2cfdafeea23fe28e4ff82/execute/sync HTTP/1.1" 200 0
2026-08-24 16:47:20 - selenium.webdriver.remote.remote_connection - DEBUG - Remote response: status=200 | data={"value":false} | headers=HTTPHeaderDict({'Content-Length': '15', 'Content-Type': 'application/json; charset=utf-8', 'cache-control': 'no-cache'})
2026-08-24 16:47:20 - selenium.webdriver.remote.remote_connection - DEBUG - Finished Request
2026-08-24 16:47:21 - selenium.webdriver.remote.remote_connection - DEBUG - POST http://localhost:50197/session/8f780dece5d2cfdafeea23fe28e4ff82/execute/sync {'script': "return document.querySelectorAll('[data-rpa-tag-id]').length > 0", 'args': []}
2026-08-24 16:47:21 - urllib3.connectionpool - DEBUG - http://localhost:50197 "POST /session/8f780dece5d2cfdafeea23fe28e4ff82/execute/sync HTTP/1.1" 200 0
2026-08-24 16:47:21 - selenium.webdriver.remote.remote_connection - DEBUG - Remote response: status=200 | data={"value":false} | headers=HTTPHeaderDict({'Content-Length': '15', 'Content-Type': 'application/json; charset=utf-8', 'cache-control': 'no-cache'})
2026-08-24 16:47:21 - selenium.webdriver.remote.remote_connection - DEBUG - Finished Request
2026-08-24 16:47:21 - selenium.webdriver.remote.remote_connection - DEBUG - POST http://localhost:50197/session/8f780dece5d2cfdafeea23fe28e4ff82/execute/sync {'script': "return document.querySelectorAll('[data-rpa-tag-id]').length > 0", 'args': []}
2026-08-24 16:47:21 - urllib3.connectionpool - DEBUG - http://localhost:50197 "POST /session/8f780dece5d2cfdafeea23fe28e4ff82/execute/sync HTTP/1.1" 200 0
2026-08-24 16:47:21 - selenium.webdriver.remote.remote_connection - DEBUG - Remote response: status=200 | data={"value":false} | headers=HTTPHeaderDict({'Content-Length': '15', 'Content-Type': 'application/json; charset=utf-8', 'cache-control': 'no-cache'})
2026-08-24 16:47:21 - selenium.webdriver.remote.remote_connection - DEBUG - Finished Request
2026-08-24 16:47:22 - selenium.webdriver.remote.remote_connection - DEBUG - POST http://localhost:50197/session/8f780dece5d2cfdafeea23fe28e4ff82/execute/sync {'script': "return document.querySelectorAll('[data-rpa-tag-id]').length > 0", 'args': []}
2026-08-24 16:47:22 - urllib3.connectionpool - DEBUG - http://localhost:50197 "POST /session/8f780dece5d2cfdafeea23fe28e4ff82/execute/sync HTTP/1.1" 200 0
2026-08-24 16:47:22 - selenium.webdriver.remote.remote_connection - DEBUG - Remote response: status=200 | data={"value":false} | headers=HTTPHeaderDict({'Content-Length': '15', 'Content-Type': 'application/json; charset=utf-8', 'cache-control': 'no-cache'})
2026-08-24 16:47:22 - selenium.webdriver.remote.remote_connection - DEBUG - Finished Request
2026-08-24 16:47:22 - selenium.webdriver.remote.remote_connection - DEBUG - POST http://localhost:50197/session/8f780dece5d2cfdafeea23fe28e4ff82/execute/sync {'script': "return document.querySelectorAll('[data-rpa-tag-id]').length > 0", 'args': []}
2026-08-24 16:47:22 - urllib3.connectionpool - DEBUG - http://localhost:50197 "POST /session/8f780dece5d2cfdafeea23fe28e4ff82/execute/sync HTTP/1.1" 200 0
2026-08-24 16:47:22 - selenium.webdriver.remote.remote_connection - DEBUG - Remote response: status=200 | data={"value":false} | headers=HTTPHeaderDict({'Content-Length': '15', 'Content-Type': 'application/json; charset=utf-8', 'cache-control': 'no-cache'})
2026-08-24 16:47:22 - selenium.webdriver.remote.remote_connection - DEBUG - Finished Request
2026-08-24 16:47:23 - selenium.webdriver.remote.remote_connection - DEBUG - POST http://localhost:50197/session/8f780dece5d2cfdafeea23fe28e4ff82/execute/sync {'script': "return document.querySelectorAll('[data-rpa-tag-id]').length > 0", 'args': []}
2026-08-24 16:47:23 - urllib3.connectionpool - DEBUG - http://localhost:50197 "POST /session/8f780dece5d2cfdafeea23fe28e4ff82/execute/sync HTTP/1.1" 200 0
2026-08-24 16:47:23 - selenium.webdriver.remote.remote_connection - DEBUG - Remote response: status=200 | data={"value":false} | headers=HTTPHeaderDict({'Content-Length': '15', 'Content-Type': 'application/json; charset=utf-8', 'cache-control': 'no-cache'})
2026-08-24 16:47:23 - selenium.webdriver.remote.remote_connection - DEBUG - Finished Request
2026-08-24 16:47:23 - selenium.webdriver.remote.remote_connection - DEBUG - POST http://localhost:50197/session/8f780dece5d2cfdafeea23fe28e4ff82/execute/sync {'script': "return document.querySelectorAll('[data-rpa-tag-id]').length > 0", 'args': []}
2026-08-24 16:47:23 - urllib3.connectionpool - DEBUG - http://localhost:50197 "POST /session/8f780dece5d2cfdafeea23fe28e4ff82/execute/sync HTTP/1.1" 200 0
2026-08-24 16:47:23 - selenium.webdriver.remote.remote_connection - DEBUG - Remote response: status=200 | data={"value":false} | headers=HTTPHeaderDict({'Content-Length': '15', 'Content-Type': 'application/json; charset=utf-8', 'cache-control': 'no-cache'})
2026-08-24 16:47:23 - selenium.webdriver.remote.remote_connection - DEBUG - Finished Request
2026-08-24 16:47:24 - selenium.webdriver.remote.remote_connection - DEBUG - POST http://localhost:50197/session/8f780dece5d2cfdafeea23fe28e4ff82/execute/sync {'script': "return document.querySelectorAll('[data-rpa-tag-id]').length > 0", 'args': []}
2026-08-24 16:47:24 - urllib3.connectionpool - DEBUG - http://localhost:50197 "POST /session/8f780dece5d2cfdafeea23fe28e4ff82/execute/sync HTTP/1.1" 200 0
2026-08-24 16:47:24 - selenium.webdriver.remote.remote_connection - DEBUG - Remote response: status=200 | data={"value":false} | headers=HTTPHeaderDict({'Content-Length': '15', 'Content-Type': 'application/json; charset=utf-8', 'cache-control': 'no-cache'})
2026-08-24 16:47:24 - selenium.webdriver.remote.remote_connection - DEBUG - Finished Request
2026-08-24 16:47:24 - selenium.webdriver.remote.remote_connection - DEBUG - POST http://localhost:50197/session/8f780dece5d2cfdafeea23fe28e4ff82/execute/sync {'script': "return document.querySelectorAll('[data-rpa-tag-id]').length > 0", 'args': []}
2026-08-24 16:47:24 - urllib3.connectionpool - DEBUG - http://localhost:50197 "POST /session/8f780dece5d2cfdafeea23fe28e4ff82/execute/sync HTTP/1.1" 200 0
2026-08-24 16:47:24 - selenium.webdriver.remote.remote_connection - DEBUG - Remote response: status=200 | data={"value":false} | headers=HTTPHeaderDict({'Content-Length': '15', 'Content-Type': 'application/json; charset=utf-8', 'cache-control': 'no-cache'})
2026-08-24 16:47:24 - selenium.webdriver.remote.remote_connection - DEBUG - Finished Request
2026-08-24 16:47:25 - selenium.webdriver.remote.remote_connection - DEBUG - POST http://localhost:50197/session/8f780dece5d2cfdafeea23fe28e4ff82/execute/sync {'script': "return document.querySelectorAll('[data-rpa-tag-id]').length > 0", 'args': []}
2026-08-24 16:47:25 - urllib3.connectionpool - DEBUG - http://localhost:50197 "POST /session/8f780dece5d2cfdafeea23fe28e4ff82/execute/sync HTTP/1.1" 200 0
2026-08-24 16:47:25 - selenium.webdriver.remote.remote_connection - DEBUG - Remote response: status=200 | data={"value":false} | headers=HTTPHeaderDict({'Content-Length': '15', 'Content-Type': 'application/json; charset=utf-8', 'cache-control': 'no-cache'})
2026-08-24 16:47:25 - selenium.webdriver.remote.remote_connection - DEBUG - Finished Request
2026-08-24 16:47:25 - selenium.webdriver.remote.remote_connection - DEBUG - POST http://localhost:50197/session/8f780dece5d2cfdafeea23fe28e4ff82/execute/sync {'script': "return document.querySelectorAll('[data-rpa-tag-id]').length > 0", 'args': []}
2026-08-24 16:47:25 - urllib3.connectionpool - DEBUG - http://localhost:50197 "POST /session/8f780dece5d2cfdafeea23fe28e4ff82/execute/sync HTTP/1.1" 200 0
2026-08-24 16:47:25 - selenium.webdriver.remote.remote_connection - DEBUG - Remote response: status=200 | data={"value":false} | headers=HTTPHeaderDict({'Content-Length': '15', 'Content-Type': 'application/json; charset=utf-8', 'cache-control': 'no-cache'})
2026-08-24 16:47:25 - selenium.webdriver.remote.remote_connection - DEBUG - Finished Request
2026-08-24 16:47:26 - selenium.webdriver.remote.remote_connection - DEBUG - POST http://localhost:50197/session/8f780dece5d2cfdafeea23fe28e4ff82/execute/sync {'script': "return document.querySelectorAll('[data-rpa-tag-id]').length > 0", 'args': []}
2026-08-24 16:47:26 - urllib3.connectionpool - DEBUG - http://localhost:50197 "POST /session/8f780dece5d2cfdafeea23fe28e4ff82/execute/sync HTTP/1.1" 200 0
2026-08-24 16:47:26 - selenium.webdriver.remote.remote_connection - DEBUG - Remote response: status=200 | data={"value":false} | headers=HTTPHeaderDict({'Content-Length': '15', 'Content-Type': 'application/json; charset=utf-8', 'cache-control': 'no-cache'})
2026-08-24 16:47:26 - selenium.webdriver.remote.remote_connection - DEBUG - Finished Request
2026-08-24 16:47:26 - selenium.webdriver.remote.remote_connection - DEBUG - POST http://localhost:50197/session/8f780dece5d2cfdafeea23fe28e4ff82/execute/sync {'script': "return document.querySelectorAll('[data-rpa-tag-id]').length > 0", 'args': []}
2026-08-24 16:47:27 - urllib3.connectionpool - DEBUG - http://localhost:50197 "POST /session/8f780dece5d2cfdafeea23fe28e4ff82/execute/sync HTTP/1.1" 200 0
2026-08-24 16:47:27 - selenium.webdriver.remote.remote_connection - DEBUG - Remote response: status=200 | data={"value":false} | headers=HTTPHeaderDict({'Content-Length': '15', 'Content-Type': 'application/json; charset=utf-8', 'cache-control': 'no-cache'})
2026-08-24 16:47:27 - selenium.webdriver.remote.remote_connection - DEBUG - Finished Request
2026-08-24 16:47:27 - selenium.webdriver.remote.remote_connection - DEBUG - POST http://localhost:50197/session/8f780dece5d2cfdafeea23fe28e4ff82/execute/sync {'script': "return document.querySelectorAll('[data-rpa-tag-id]').length > 0", 'args': []}
2026-08-24 16:47:27 - urllib3.connectionpool - DEBUG - http://localhost:50197 "POST /session/8f780dece5d2cfdafeea23fe28e4ff82/execute/sync HTTP/1.1" 200 0
2026-08-24 16:47:27 - selenium.webdriver.remote.remote_connection - DEBUG - Remote response: status=200 | data={"value":false} | headers=HTTPHeaderDict({'Content-Length': '15', 'Content-Type': 'application/json; charset=utf-8', 'cache-control': 'no-cache'})
2026-08-24 16:47:27 - selenium.webdriver.remote.remote_connection - DEBUG - Finished Request
2026-08-24 16:47:28 - selenium.webdriver.remote.remote_connection - DEBUG - POST http://localhost:50197/session/8f780dece5d2cfdafeea23fe28e4ff82/execute/sync {'script': "return document.querySelectorAll('[data-rpa-tag-id]').length > 0", 'args': []}
2026-08-24 16:47:28 - urllib3.connectionpool - DEBUG - http://localhost:50197 "POST /session/8f780dece5d2cfdafeea23fe28e4ff82/execute/sync HTTP/1.1" 200 0
2026-08-24 16:47:28 - selenium.webdriver.remote.remote_connection - DEBUG - Remote response: status=200 | data={"value":false} | headers=HTTPHeaderDict({'Content-Length': '15', 'Content-Type': 'application/json; charset=utf-8', 'cache-control': 'no-cache'})
2026-08-24 16:47:28 - selenium.webdriver.remote.remote_connection - DEBUG - Finished Request
2026-08-24 16:47:28 - selenium.webdriver.remote.remote_connection - DEBUG - POST http://localhost:50197/session/8f780dece5d2cfdafeea23fe28e4ff82/execute/sync {'script': "return document.querySelectorAll('[data-rpa-tag-id]').length > 0", 'args': []}
2026-08-24 16:47:28 - urllib3.connectionpool - DEBUG - http://localhost:50197 "POST /session/8f780dece5d2cfdafeea23fe28e4ff82/execute/sync HTTP/1.1" 200 0
2026-08-24 16:47:28 - selenium.webdriver.remote.remote_connection - DEBUG - Remote response: status=200 | data={"value":false} | headers=HTTPHeaderDict({'Content-Length': '15', 'Content-Type': 'application/json; charset=utf-8', 'cache-control': 'no-cache'})
2026-08-24 16:47:28 - selenium.webdriver.remote.remote_connection - DEBUG - Finished Request
2026-08-24 16:47:29 - selenium.webdriver.remote.remote_connection - DEBUG - POST http://localhost:50197/session/8f780dece5d2cfdafeea23fe28e4ff82/execute/sync {'script': "return document.querySelectorAll('[data-rpa-tag-id]').length > 0", 'args': []}
2026-08-24 16:47:29 - urllib3.connectionpool - DEBUG - http://localhost:50197 "POST /session/8f780dece5d2cfdafeea23fe28e4ff82/execute/sync HTTP/1.1" 200 0
2026-08-24 16:47:29 - selenium.webdriver.remote.remote_connection - DEBUG - Remote response: status=200 | data={"value":false} | headers=HTTPHeaderDict({'Content-Length': '15', 'Content-Type': 'application/json; charset=utf-8', 'cache-control': 'no-cache'})
2026-08-24 16:47:29 - selenium.webdriver.remote.remote_connection - DEBUG - Finished Request
2026-08-24 16:47:29 - selenium.webdriver.remote.remote_connection - DEBUG - POST http://localhost:50197/session/8f780dece5d2cfdafeea23fe28e4ff82/execute/sync {'script': "return document.querySelectorAll('[data-rpa-tag-id]').length > 0", 'args': []}
2026-08-24 16:47:29 - urllib3.connectionpool - DEBUG - http://localhost:50197 "POST /session/8f780dece5d2cfdafeea23fe28e4ff82/execute/sync HTTP/1.1" 200 0
2026-08-24 16:47:29 - selenium.webdriver.remote.remote_connection - DEBUG - Remote response: status=200 | data={"value":false} | headers=HTTPHeaderDict({'Content-Length': '15', 'Content-Type': 'application/json; charset=utf-8', 'cache-control': 'no-cache'})
2026-08-24 16:47:29 - selenium.webdriver.remote.remote_connection - DEBUG - Finished Request
2026-08-24 16:47:30 - selenium.webdriver.remote.remote_connection - DEBUG - POST http://localhost:50197/session/8f780dece5d2cfdafeea23fe28e4ff82/execute/sync {'script': "return document.querySelectorAll('[data-rpa-tag-id]').length > 0", 'args': []}
2026-08-24 16:47:30 - urllib3.connectionpool - DEBUG - http://localhost:50197 "POST /session/8f780dece5d2cfdafeea23fe28e4ff82/execute/sync HTTP/1.1" 200 0
2026-08-24 16:47:30 - selenium.webdriver.remote.remote_connection - DEBUG - Remote response: status=200 | data={"value":false} | headers=HTTPHeaderDict({'Content-Length': '15', 'Content-Type': 'application/json; charset=utf-8', 'cache-control': 'no-cache'})
2026-08-24 16:47:30 - selenium.webdriver.remote.remote_connection - DEBUG - Finished Request
2026-08-24 16:47:30 - selenium.webdriver.remote.remote_connection - DEBUG - POST http://localhost:50197/session/8f780dece5d2cfdafeea23fe28e4ff82/execute/sync {'script': "return document.querySelectorAll('[data-rpa-tag-id]').length > 0", 'args': []}
2026-08-24 16:47:30 - urllib3.connectionpool - DEBUG - http://localhost:50197 "POST /session/8f780dece5d2cfdafeea23fe28e4ff82/execute/sync HTTP/1.1" 200 0
2026-08-24 16:47:30 - selenium.webdriver.remote.remote_connection - DEBUG - Remote response: status=200 | data={"value":false} | headers=HTTPHeaderDict({'Content-Length': '15', 'Content-Type': 'application/json; charset=utf-8', 'cache-control': 'no-cache'})
2026-08-24 16:47:30 - selenium.webdriver.remote.remote_connection - DEBUG - Finished Request
2026-08-24 16:47:31 - selenium.webdriver.remote.remote_connection - DEBUG - POST http://localhost:50197/session/8f780dece5d2cfdafeea23fe28e4ff82/execute/sync {'script': "return document.querySelectorAll('[data-rpa-tag-id]').length > 0", 'args': []}
2026-08-24 16:47:31 - urllib3.connectionpool - DEBUG - http://localhost:50197 "POST /session/8f780dece5d2cfdafeea23fe28e4ff82/execute/sync HTTP/1.1" 200 0
2026-08-24 16:47:31 - selenium.webdriver.remote.remote_connection - DEBUG - Remote response: status=200 | data={"value":false} | headers=HTTPHeaderDict({'Content-Length': '15', 'Content-Type': 'application/json; charset=utf-8', 'cache-control': 'no-cache'})
2026-08-24 16:47:31 - selenium.webdriver.remote.remote_connection - DEBUG - Finished Request
2026-08-24 16:47:31 - selenium.webdriver.remote.remote_connection - DEBUG - POST http://localhost:50197/session/8f780dece5d2cfdafeea23fe28e4ff82/execute/sync {'script': "return document.querySelectorAll('[data-rpa-tag-id]').length > 0", 'args': []}
2026-08-24 16:47:31 - urllib3.connectionpool - DEBUG - http://localhost:50197 "POST /session/8f780dece5d2cfdafeea23fe28e4ff82/execute/sync HTTP/1.1" 200 0
2026-08-24 16:47:31 - selenium.webdriver.remote.remote_connection - DEBUG - Remote response: status=200 | data={"value":false} | headers=HTTPHeaderDict({'Content-Length': '15', 'Content-Type': 'application/json; charset=utf-8', 'cache-control': 'no-cache'})
2026-08-24 16:47:31 - selenium.webdriver.remote.remote_connection - DEBUG - Finished Request
2026-08-24 16:47:31 - scraper - WARNING - Angular did not bootstrap within 30s — will refresh
2026-08-24 16:47:31 - scraper - INFO - Angular stalled — refreshing page (bundle now cached)
2026-08-24 16:47:31 - selenium.webdriver.remote.remote_connection - DEBUG - POST http://localhost:50197/session/8f780dece5d2cfdafeea23fe28e4ff82/refresh {}
2026-08-24 16:47:36 - urllib3.connectionpool - DEBUG - http://localhost:50197 "POST /session/8f780dece5d2cfdafeea23fe28e4ff82/refresh HTTP/1.1" 200 0
2026-08-24 16:47:36 - selenium.webdriver.remote.remote_connection - DEBUG - Remote response: status=200 | data={"value":null} | headers=HTTPHeaderDict({'Content-Length': '14', 'Content-Type': 'application/json; charset=utf-8', 'cache-control': 'no-cache'})
2026-08-24 16:47:36 - selenium.webdriver.remote.remote_connection - DEBUG - Finished Request
2026-08-24 16:47:36 - selenium.webdriver.remote.remote_connection - DEBUG - POST http://localhost:50197/session/8f780dece5d2cfdafeea23fe28e4ff82/execute/sync {'script': "\n                var candidates = [\n                    document.querySelector('#onetrust-accept-btn...", 'args': []}
2026-08-24 16:47:38 - urllib3.connectionpool - DEBUG - http://localhost:50197 "POST /session/8f780dece5d2cfdafeea23fe28e4ff82/execute/sync HTTP/1.1" 200 0
2026-08-24 16:47:38 - selenium.webdriver.remote.remote_connection - DEBUG - Remote response: status=200 | data={"value":null} | headers=HTTPHeaderDict({'Content-Length': '14', 'Content-Type': 'application/json; charset=utf-8', 'cache-control': 'no-cache'})
2026-08-24 16:47:38 - selenium.webdriver.remote.remote_connection - DEBUG - Finished Request
2026-08-24 16:47:38 - selenium.webdriver.remote.remote_connection - DEBUG - POST http://localhost:50197/session/8f780dece5d2cfdafeea23fe28e4ff82/execute/sync {'script': "return document.querySelectorAll('[data-rpa-tag-id]').length > 0", 'args': []}
2026-08-24 16:47:38 - urllib3.connectionpool - DEBUG - http://localhost:50197 "POST /session/8f780dece5d2cfdafeea23fe28e4ff82/execute/sync HTTP/1.1" 200 0
2026-08-24 16:47:38 - selenium.webdriver.remote.remote_connection - DEBUG - Remote response: status=200 | data={"value":false} | headers=HTTPHeaderDict({'Content-Length': '15', 'Content-Type': 'application/json; charset=utf-8', 'cache-control': 'no-cache'})
2026-08-24 16:47:38 - selenium.webdriver.remote.remote_connection - DEBUG - Finished Request
2026-08-24 16:47:38 - selenium.webdriver.remote.remote_connection - DEBUG - POST http://localhost:50197/session/8f780dece5d2cfdafeea23fe28e4ff82/execute/sync {'script': "return document.querySelectorAll('[data-rpa-tag-id]').length > 0", 'args': []}
2026-08-24 16:47:38 - urllib3.connectionpool - DEBUG - http://localhost:50197 "POST /session/8f780dece5d2cfdafeea23fe28e4ff82/execute/sync HTTP/1.1" 200 0
2026-08-24 16:47:38 - selenium.webdriver.remote.remote_connection - DEBUG - Remote response: status=200 | data={"value":false} | headers=HTTPHeaderDict({'Content-Length': '15', 'Content-Type': 'application/json; charset=utf-8', 'cache-control': 'no-cache'})
2026-08-24 16:47:38 - selenium.webdriver.remote.remote_connection - DEBUG - Finished Request
2026-08-24 16:47:39 - selenium.webdriver.remote.remote_connection - DEBUG - POST http://localhost:50197/session/8f780dece5d2cfdafeea23fe28e4ff82/execute/sync {'script': "return document.querySelectorAll('[data-rpa-tag-id]').length > 0", 'args': []}
2026-08-24 16:47:39 - urllib3.connectionpool - DEBUG - http://localhost:50197 "POST /session/8f780dece5d2cfdafeea23fe28e4ff82/execute/sync HTTP/1.1" 200 0
2026-08-24 16:47:39 - selenium.webdriver.remote.remote_connection - DEBUG - Remote response: status=200 | data={"value":false} | headers=HTTPHeaderDict({'Content-Length': '15', 'Content-Type': 'application/json; charset=utf-8', 'cache-control': 'no-cache'})
2026-08-24 16:47:39 - selenium.webdriver.remote.remote_connection - DEBUG - Finished Request
2026-08-24 16:47:39 - selenium.webdriver.remote.remote_connection - DEBUG - POST http://localhost:50197/session/8f780dece5d2cfdafeea23fe28e4ff82/execute/sync {'script': "return document.querySelectorAll('[data-rpa-tag-id]').length > 0", 'args': []}
2026-08-24 16:47:39 - urllib3.connectionpool - DEBUG - http://localhost:50197 "POST /session/8f780dece5d2cfdafeea23fe28e4ff82/execute/sync HTTP/1.1" 200 0
2026-08-24 16:47:39 - selenium.webdriver.remote.remote_connection - DEBUG - Remote response: status=200 | data={"value":false} | headers=HTTPHeaderDict({'Content-Length': '15', 'Content-Type': 'application/json; charset=utf-8', 'cache-control': 'no-cache'})
2026-08-24 16:47:39 - selenium.webdriver.remote.remote_connection - DEBUG - Finished Request
2026-08-24 16:47:40 - selenium.webdriver.remote.remote_connection - DEBUG - POST http://localhost:50197/session/8f780dece5d2cfdafeea23fe28e4ff82/execute/sync {'script': "return document.querySelectorAll('[data-rpa-tag-id]').length > 0", 'args': []}
2026-08-24 16:47:40 - urllib3.connectionpool - DEBUG - http://localhost:50197 "POST /session/8f780dece5d2cfdafeea23fe28e4ff82/execute/sync HTTP/1.1" 200 0
2026-08-24 16:47:40 - selenium.webdriver.remote.remote_connection - DEBUG - Remote response: status=200 | data={"value":false} | headers=HTTPHeaderDict({'Content-Length': '15', 'Content-Type': 'application/json; charset=utf-8', 'cache-control': 'no-cache'})
2026-08-24 16:47:40 - selenium.webdriver.remote.remote_connection - DEBUG - Finished Request
2026-08-24 16:47:40 - selenium.webdriver.remote.remote_connection - DEBUG - POST http://localhost:50197/session/8f780dece5d2cfdafeea23fe28e4ff82/execute/sync {'script': "return document.querySelectorAll('[data-rpa-tag-id]').length > 0", 'args': []}
2026-08-24 16:47:40 - urllib3.connectionpool - DEBUG - http://localhost:50197 "POST /session/8f780dece5d2cfdafeea23fe28e4ff82/execute/sync HTTP/1.1" 200 0
2026-08-24 16:47:40 - selenium.webdriver.remote.remote_connection - DEBUG - Remote response: status=200 | data={"value":false} | headers=HTTPHeaderDict({'Content-Length': '15', 'Content-Type': 'application/json; charset=utf-8', 'cache-control': 'no-cache'})
2026-08-24 16:47:40 - selenium.webdriver.remote.remote_connection - DEBUG - Finished Request
2026-08-24 16:47:41 - selenium.webdriver.remote.remote_connection - DEBUG - POST http://localhost:50197/session/8f780dece5d2cfdafeea23fe28e4ff82/execute/sync {'script': "return document.querySelectorAll('[data-rpa-tag-id]').length > 0", 'args': []}
2026-08-24 16:47:41 - urllib3.connectionpool - DEBUG - http://localhost:50197 "POST /session/8f780dece5d2cfdafeea23fe28e4ff82/execute/sync HTTP/1.1" 200 0
2026-08-24 16:47:41 - selenium.webdriver.remote.remote_connection - DEBUG - Remote response: status=200 | data={"value":false} | headers=HTTPHeaderDict({'Content-Length': '15', 'Content-Type': 'application/json; charset=utf-8', 'cache-control': 'no-cache'})
2026-08-24 16:47:41 - selenium.webdriver.remote.remote_connection - DEBUG - Finished Request
2026-08-24 16:47:41 - selenium.webdriver.remote.remote_connection - DEBUG - POST http://localhost:50197/session/8f780dece5d2cfdafeea23fe28e4ff82/execute/sync {'script': "return document.querySelectorAll('[data-rpa-tag-id]').length > 0", 'args': []}
2026-08-24 16:47:41 - urllib3.connectionpool - DEBUG - http://localhost:50197 "POST /session/8f780dece5d2cfdafeea23fe28e4ff82/execute/sync HTTP/1.1" 200 0
2026-08-24 16:47:41 - selenium.webdriver.remote.remote_connection - DEBUG - Remote response: status=200 | data={"value":false} | headers=HTTPHeaderDict({'Content-Length': '15', 'Content-Type': 'application/json; charset=utf-8', 'cache-control': 'no-cache'})
2026-08-24 16:47:41 - selenium.webdriver.remote.remote_connection - DEBUG - Finished Request
2026-08-24 16:47:42 - selenium.webdriver.remote.remote_connection - DEBUG - POST http://localhost:50197/session/8f780dece5d2cfdafeea23fe28e4ff82/execute/sync {'script': "return document.querySelectorAll('[data-rpa-tag-id]').length > 0", 'args': []}
2026-08-24 16:47:42 - urllib3.connectionpool - DEBUG - http://localhost:50197 "POST /session/8f780dece5d2cfdafeea23fe28e4ff82/execute/sync HTTP/1.1" 200 0
2026-08-24 16:47:42 - selenium.webdriver.remote.remote_connection - DEBUG - Remote response: status=200 | data={"value":false} | headers=HTTPHeaderDict({'Content-Length': '15', 'Content-Type': 'application/json; charset=utf-8', 'cache-control': 'no-cache'})
2026-08-24 16:47:42 - selenium.webdriver.remote.remote_connection - DEBUG - Finished Request
2026-08-24 16:47:42 - selenium.webdriver.remote.remote_connection - DEBUG - POST http://localhost:50197/session/8f780dece5d2cfdafeea23fe28e4ff82/execute/sync {'script': "return document.querySelectorAll('[data-rpa-tag-id]').length > 0", 'args': []}
2026-08-24 16:47:43 - urllib3.connectionpool - DEBUG - http://localhost:50197 "POST /session/8f780dece5d2cfdafeea23fe28e4ff82/execute/sync HTTP/1.1" 200 0
2026-08-24 16:47:43 - selenium.webdriver.remote.remote_connection - DEBUG - Remote response: status=200 | data={"value":false} | headers=HTTPHeaderDict({'Content-Length': '15', 'Content-Type': 'application/json; charset=utf-8', 'cache-control': 'no-cache'})
2026-08-24 16:47:43 - selenium.webdriver.remote.remote_connection - DEBUG - Finished Request
2026-08-24 16:47:43 - selenium.webdriver.remote.remote_connection - DEBUG - POST http://localhost:50197/session/8f780dece5d2cfdafeea23fe28e4ff82/execute/sync {'script': "return document.querySelectorAll('[data-rpa-tag-id]').length > 0", 'args': []}
2026-08-24 16:47:43 - urllib3.connectionpool - DEBUG - http://localhost:50197 "POST /session/8f780dece5d2cfdafeea23fe28e4ff82/execute/sync HTTP/1.1" 200 0
2026-08-24 16:47:43 - selenium.webdriver.remote.remote_connection - DEBUG - Remote response: status=200 | data={"value":false} | headers=HTTPHeaderDict({'Content-Length': '15', 'Content-Type': 'application/json; charset=utf-8', 'cache-control': 'no-cache'})
2026-08-24 16:47:43 - selenium.webdriver.remote.remote_connection - DEBUG - Finished Request
2026-08-24 16:47:44 - selenium.webdriver.remote.remote_connection - DEBUG - POST http://localhost:50197/session/8f780dece5d2cfdafeea23fe28e4ff82/execute/sync {'script': "return document.querySelectorAll('[data-rpa-tag-id]').length > 0", 'args': []}
2026-08-24 16:47:44 - urllib3.connectionpool - DEBUG - http://localhost:50197 "POST /session/8f780dece5d2cfdafeea23fe28e4ff82/execute/sync HTTP/1.1" 200 0
2026-08-24 16:47:44 - selenium.webdriver.remote.remote_connection - DEBUG - Remote response: status=200 | data={"value":false} | headers=HTTPHeaderDict({'Content-Length': '15', 'Content-Type': 'application/json; charset=utf-8', 'cache-control': 'no-cache'})
2026-08-24 16:47:44 - selenium.webdriver.remote.remote_connection - DEBUG - Finished Request
2026-08-24 16:47:44 - selenium.webdriver.remote.remote_connection - DEBUG - POST http://localhost:50197/session/8f780dece5d2cfdafeea23fe28e4ff82/execute/sync {'script': "return document.querySelectorAll('[data-rpa-tag-id]').length > 0", 'args': []}
2026-08-24 16:47:44 - urllib3.connectionpool - DEBUG - http://localhost:50197 "POST /session/8f780dece5d2cfdafeea23fe28e4ff82/execute/sync HTTP/1.1" 200 0
2026-08-24 16:47:44 - selenium.webdriver.remote.remote_connection - DEBUG - Remote response: status=200 | data={"value":false} | headers=HTTPHeaderDict({'Content-Length': '15', 'Content-Type': 'application/json; charset=utf-8', 'cache-control': 'no-cache'})
2026-08-24 16:47:44 - selenium.webdriver.remote.remote_connection - DEBUG - Finished Request
2026-08-24 16:47:45 - selenium.webdriver.remote.remote_connection - DEBUG - POST http://localhost:50197/session/8f780dece5d2cfdafeea23fe28e4ff82/execute/sync {'script': "return document.querySelectorAll('[data-rpa-tag-id]').length > 0", 'args': []}
2026-08-24 16:47:45 - urllib3.connectionpool - DEBUG - http://localhost:50197 "POST /session/8f780dece5d2cfdafeea23fe28e4ff82/execute/sync HTTP/1.1" 200 0
2026-08-24 16:47:45 - selenium.webdriver.remote.remote_connection - DEBUG - Remote response: status=200 | data={"value":false} | headers=HTTPHeaderDict({'Content-Length': '15', 'Content-Type': 'application/json; charset=utf-8', 'cache-control': 'no-cache'})
2026-08-24 16:47:45 - selenium.webdriver.remote.remote_connection - DEBUG - Finished Request
2026-08-24 16:47:45 - selenium.webdriver.remote.remote_connection - DEBUG - POST http://localhost:50197/session/8f780dece5d2cfdafeea23fe28e4ff82/execute/sync {'script': "return document.querySelectorAll('[data-rpa-tag-id]').length > 0", 'args': []}
2026-08-24 16:47:45 - urllib3.connectionpool - DEBUG - http://localhost:50197 "POST /session/8f780dece5d2cfdafeea23fe28e4ff82/execute/sync HTTP/1.1" 200 0
2026-08-24 16:47:45 - selenium.webdriver.remote.remote_connection - DEBUG - Remote response: status=200 | data={"value":false} | headers=HTTPHeaderDict({'Content-Length': '15', 'Content-Type': 'application/json; charset=utf-8', 'cache-control': 'no-cache'})
2026-08-24 16:47:45 - selenium.webdriver.remote.remote_connection - DEBUG - Finished Request
2026-08-24 16:47:46 - selenium.webdriver.remote.remote_connection - DEBUG - POST http://localhost:50197/session/8f780dece5d2cfdafeea23fe28e4ff82/execute/sync {'script': "return document.querySelectorAll('[data-rpa-tag-id]').length > 0", 'args': []}
2026-08-24 16:47:46 - urllib3.connectionpool - DEBUG - http://localhost:50197 "POST /session/8f780dece5d2cfdafeea23fe28e4ff82/execute/sync HTTP/1.1" 200 0
2026-08-24 16:47:46 - selenium.webdriver.remote.remote_connection - DEBUG - Remote response: status=200 | data={"value":false} | headers=HTTPHeaderDict({'Content-Length': '15', 'Content-Type': 'application/json; charset=utf-8', 'cache-control': 'no-cache'})
2026-08-24 16:47:46 - selenium.webdriver.remote.remote_connection - DEBUG - Finished Request
2026-08-24 16:47:46 - selenium.webdriver.remote.remote_connection - DEBUG - POST http://localhost:50197/session/8f780dece5d2cfdafeea23fe28e4ff82/execute/sync {'script': "return document.querySelectorAll('[data-rpa-tag-id]').length > 0", 'args': []}
2026-08-24 16:47:46 - urllib3.connectionpool - DEBUG - http://localhost:50197 "POST /session/8f780dece5d2cfdafeea23fe28e4ff82/execute/sync HTTP/1.1" 200 0
2026-08-24 16:47:46 - selenium.webdriver.remote.remote_connection - DEBUG - Remote response: status=200 | data={"value":false} | headers=HTTPHeaderDict({'Content-Length': '15', 'Content-Type': 'application/json; charset=utf-8', 'cache-control': 'no-cache'})
2026-08-24 16:47:46 - selenium.webdriver.remote.remote_connection - DEBUG - Finished Request
2026-08-24 16:47:47 - selenium.webdriver.remote.remote_connection - DEBUG - POST http://localhost:50197/session/8f780dece5d2cfdafeea23fe28e4ff82/execute/sync {'script': "return document.querySelectorAll('[data-rpa-tag-id]').length > 0", 'args': []}
2026-08-24 16:47:47 - urllib3.connectionpool - DEBUG - http://localhost:50197 "POST /session/8f780dece5d2cfdafeea23fe28e4ff82/execute/sync HTTP/1.1" 200 0
2026-08-24 16:47:47 - selenium.webdriver.remote.remote_connection - DEBUG - Remote response: status=200 | data={"value":false} | headers=HTTPHeaderDict({'Content-Length': '15', 'Content-Type': 'application/json; charset=utf-8', 'cache-control': 'no-cache'})
2026-08-24 16:47:47 - selenium.webdriver.remote.remote_connection - DEBUG - Finished Request
2026-08-24 16:47:47 - selenium.webdriver.remote.remote_connection - DEBUG - POST http://localhost:50197/session/8f780dece5d2cfdafeea23fe28e4ff82/execute/sync {'script': "return document.querySelectorAll('[data-rpa-tag-id]').length > 0", 'args': []}
2026-08-24 16:47:47 - urllib3.connectionpool - DEBUG - http://localhost:50197 "POST /session/8f780dece5d2cfdafeea23fe28e4ff82/execute/sync HTTP/1.1" 200 0
2026-08-24 16:47:47 - selenium.webdriver.remote.remote_connection - DEBUG - Remote response: status=200 | data={"value":false} | headers=HTTPHeaderDict({'Content-Length': '15', 'Content-Type': 'application/json; charset=utf-8', 'cache-control': 'no-cache'})
2026-08-24 16:47:47 - selenium.webdriver.remote.remote_connection - DEBUG - Finished Request
2026-08-24 16:47:48 - selenium.webdriver.remote.remote_connection - DEBUG - POST http://localhost:50197/session/8f780dece5d2cfdafeea23fe28e4ff82/execute/sync {'script': "return document.querySelectorAll('[data-rpa-tag-id]').length > 0", 'args': []}
2026-08-24 16:47:48 - urllib3.connectionpool - DEBUG - http://localhost:50197 "POST /session/8f780dece5d2cfdafeea23fe28e4ff82/execute/sync HTTP/1.1" 200 0
2026-08-24 16:47:48 - selenium.webdriver.remote.remote_connection - DEBUG - Remote response: status=200 | data={"value":false} | headers=HTTPHeaderDict({'Content-Length': '15', 'Content-Type': 'application/json; charset=utf-8', 'cache-control': 'no-cache'})
2026-08-24 16:47:48 - selenium.webdriver.remote.remote_connection - DEBUG - Finished Request
2026-08-24 16:47:49 - selenium.webdriver.remote.remote_connection - DEBUG - POST http://localhost:50197/session/8f780dece5d2cfdafeea23fe28e4ff82/execute/sync {'script': "return document.querySelectorAll('[data-rpa-tag-id]').length > 0", 'args': []}
2026-08-24 16:47:49 - urllib3.connectionpool - DEBUG - http://localhost:50197 "POST /session/8f780dece5d2cfdafeea23fe28e4ff82/execute/sync HTTP/1.1" 200 0
2026-08-24 16:47:49 - selenium.webdriver.remote.remote_connection - DEBUG - Remote response: status=200 | data={"value":false} | headers=HTTPHeaderDict({'Content-Length': '15', 'Content-Type': 'application/json; charset=utf-8', 'cache-control': 'no-cache'})
2026-08-24 16:47:49 - selenium.webdriver.remote.remote_connection - DEBUG - Finished Request
2026-08-24 16:47:49 - selenium.webdriver.remote.remote_connection - DEBUG - POST http://localhost:50197/session/8f780dece5d2cfdafeea23fe28e4ff82/execute/sync {'script': "return document.querySelectorAll('[data-rpa-tag-id]').length > 0", 'args': []}
2026-08-24 16:47:49 - urllib3.connectionpool - DEBUG - http://localhost:50197 "POST /session/8f780dece5d2cfdafeea23fe28e4ff82/execute/sync HTTP/1.1" 200 0
2026-08-24 16:47:49 - selenium.webdriver.remote.remote_connection - DEBUG - Remote response: status=200 | data={"value":false} | headers=HTTPHeaderDict({'Content-Length': '15', 'Content-Type': 'application/json; charset=utf-8', 'cache-control': 'no-cache'})
2026-08-24 16:47:49 - selenium.webdriver.remote.remote_connection - DEBUG - Finished Request
2026-08-24 16:47:50 - selenium.webdriver.remote.remote_connection - DEBUG - POST http://localhost:50197/session/8f780dece5d2cfdafeea23fe28e4ff82/execute/sync {'script': "return document.querySelectorAll('[data-rpa-tag-id]').length > 0", 'args': []}
2026-08-24 16:47:50 - urllib3.connectionpool - DEBUG - http://localhost:50197 "POST /session/8f780dece5d2cfdafeea23fe28e4ff82/execute/sync HTTP/1.1" 200 0
2026-08-24 16:47:50 - selenium.webdriver.remote.remote_connection - DEBUG - Remote response: status=200 | data={"value":false} | headers=HTTPHeaderDict({'Content-Length': '15', 'Content-Type': 'application/json; charset=utf-8', 'cache-control': 'no-cache'})
2026-08-24 16:47:50 - selenium.webdriver.remote.remote_connection - DEBUG - Finished Request
2026-08-24 16:47:50 - selenium.webdriver.remote.remote_connection - DEBUG - POST http://localhost:50197/session/8f780dece5d2cfdafeea23fe28e4ff82/execute/sync {'script': "return document.querySelectorAll('[data-rpa-tag-id]').length > 0", 'args': []}
2026-08-24 16:47:50 - urllib3.connectionpool - DEBUG - http://localhost:50197 "POST /session/8f780dece5d2cfdafeea23fe28e4ff82/execute/sync HTTP/1.1" 200 0
2026-08-24 16:47:50 - selenium.webdriver.remote.remote_connection - DEBUG - Remote response: status=200 | data={"value":false} | headers=HTTPHeaderDict({'Content-Length': '15', 'Content-Type': 'application/json; charset=utf-8', 'cache-control': 'no-cache'})
2026-08-24 16:47:50 - selenium.webdriver.remote.remote_connection - DEBUG - Finished Request
2026-08-24 16:47:51 - selenium.webdriver.remote.remote_connection - DEBUG - POST http://localhost:50197/session/8f780dece5d2cfdafeea23fe28e4ff82/execute/sync {'script': "return document.querySelectorAll('[data-rpa-tag-id]').length > 0", 'args': []}
2026-08-24 16:47:51 - urllib3.connectionpool - DEBUG - http://localhost:50197 "POST /session/8f780dece5d2cfdafeea23fe28e4ff82/execute/sync HTTP/1.1" 200 0
2026-08-24 16:47:51 - selenium.webdriver.remote.remote_connection - DEBUG - Remote response: status=200 | data={"value":false} | headers=HTTPHeaderDict({'Content-Length': '15', 'Content-Type': 'application/json; charset=utf-8', 'cache-control': 'no-cache'})
2026-08-24 16:47:51 - selenium.webdriver.remote.remote_connection - DEBUG - Finished Request
2026-08-24 16:47:51 - selenium.webdriver.remote.remote_connection - DEBUG - POST http://localhost:50197/session/8f780dece5d2cfdafeea23fe28e4ff82/execute/sync {'script': "return document.querySelectorAll('[data-rpa-tag-id]').length > 0", 'args': []}
2026-08-24 16:47:51 - urllib3.connectionpool - DEBUG - http://localhost:50197 "POST /session/8f780dece5d2cfdafeea23fe28e4ff82/execute/sync HTTP/1.1" 200 0
2026-08-24 16:47:51 - selenium.webdriver.remote.remote_connection - DEBUG - Remote response: status=200 | data={"value":false} | headers=HTTPHeaderDict({'Content-Length': '15', 'Content-Type': 'application/json; charset=utf-8', 'cache-control': 'no-cache'})
2026-08-24 16:47:51 - selenium.webdriver.remote.remote_connection - DEBUG - Finished Request
2026-08-24 16:47:52 - selenium.webdriver.remote.remote_connection - DEBUG - POST http://localhost:50197/session/8f780dece5d2cfdafeea23fe28e4ff82/execute/sync {'script': "return document.querySelectorAll('[data-rpa-tag-id]').length > 0", 'args': []}
2026-08-24 16:47:52 - urllib3.connectionpool - DEBUG - http://localhost:50197 "POST /session/8f780dece5d2cfdafeea23fe28e4ff82/execute/sync HTTP/1.1" 200 0
2026-08-24 16:47:52 - selenium.webdriver.remote.remote_connection - DEBUG - Remote response: status=200 | data={"value":false} | headers=HTTPHeaderDict({'Content-Length': '15', 'Content-Type': 'application/json; charset=utf-8', 'cache-control': 'no-cache'})
2026-08-24 16:47:52 - selenium.webdriver.remote.remote_connection - DEBUG - Finished Request
2026-08-24 16:47:52 - selenium.webdriver.remote.remote_connection - DEBUG - POST http://localhost:50197/session/8f780dece5d2cfdafeea23fe28e4ff82/execute/sync {'script': "return document.querySelectorAll('[data-rpa-tag-id]').length > 0", 'args': []}
2026-08-24 16:47:52 - urllib3.connectionpool - DEBUG - http://localhost:50197 "POST /session/8f780dece5d2cfdafeea23fe28e4ff82/execute/sync HTTP/1.1" 200 0
2026-08-24 16:47:52 - selenium.webdriver.remote.remote_connection - DEBUG - Remote response: status=200 | data={"value":false} | headers=HTTPHeaderDict({'Content-Length': '15', 'Content-Type': 'application/json; charset=utf-8', 'cache-control': 'no-cache'})
2026-08-24 16:47:52 - selenium.webdriver.remote.remote_connection - DEBUG - Finished Request
2026-08-24 16:47:53 - selenium.webdriver.remote.remote_connection - DEBUG - POST http://localhost:50197/session/8f780dece5d2cfdafeea23fe28e4ff82/execute/sync {'script': "return document.querySelectorAll('[data-rpa-tag-id]').length > 0", 'args': []}
2026-08-24 16:47:53 - urllib3.connectionpool - DEBUG - http://localhost:50197 "POST /session/8f780dece5d2cfdafeea23fe28e4ff82/execute/sync HTTP/1.1" 200 0
2026-08-24 16:47:53 - selenium.webdriver.remote.remote_connection - DEBUG - Remote response: status=200 | data={"value":false} | headers=HTTPHeaderDict({'Content-Length': '15', 'Content-Type': 'application/json; charset=utf-8', 'cache-control': 'no-cache'})
2026-08-24 16:47:53 - selenium.webdriver.remote.remote_connection - DEBUG - Finished Request
2026-08-24 16:47:53 - selenium.webdriver.remote.remote_connection - DEBUG - POST http://localhost:50197/session/8f780dece5d2cfdafeea23fe28e4ff82/execute/sync {'script': "return document.querySelectorAll('[data-rpa-tag-id]').length > 0", 'args': []}
2026-08-24 16:47:53 - urllib3.connectionpool - DEBUG - http://localhost:50197 "POST /session/8f780dece5d2cfdafeea23fe28e4ff82/execute/sync HTTP/1.1" 200 0
2026-08-24 16:47:53 - selenium.webdriver.remote.remote_connection - DEBUG - Remote response: status=200 | data={"value":false} | headers=HTTPHeaderDict({'Content-Length': '15', 'Content-Type': 'application/json; charset=utf-8', 'cache-control': 'no-cache'})
2026-08-24 16:47:53 - selenium.webdriver.remote.remote_connection - DEBUG - Finished Request
2026-08-24 16:47:54 - selenium.webdriver.remote.remote_connection - DEBUG - POST http://localhost:50197/session/8f780dece5d2cfdafeea23fe28e4ff82/execute/sync {'script': "return document.querySelectorAll('[data-rpa-tag-id]').length > 0", 'args': []}
2026-08-24 16:47:54 - urllib3.connectionpool - DEBUG - http://localhost:50197 "POST /session/8f780dece5d2cfdafeea23fe28e4ff82/execute/sync HTTP/1.1" 200 0
2026-08-24 16:47:54 - selenium.webdriver.remote.remote_connection - DEBUG - Remote response: status=200 | data={"value":false} | headers=HTTPHeaderDict({'Content-Length': '15', 'Content-Type': 'application/json; charset=utf-8', 'cache-control': 'no-cache'})
2026-08-24 16:47:54 - selenium.webdriver.remote.remote_connection - DEBUG - Finished Request
2026-08-24 16:47:54 - selenium.webdriver.remote.remote_connection - DEBUG - POST http://localhost:50197/session/8f780dece5d2cfdafeea23fe28e4ff82/execute/sync {'script': "return document.querySelectorAll('[data-rpa-tag-id]').length > 0", 'args': []}
2026-08-24 16:47:54 - urllib3.connectionpool - DEBUG - http://localhost:50197 "POST /session/8f780dece5d2cfdafeea23fe28e4ff82/execute/sync HTTP/1.1" 200 0
2026-08-24 16:47:54 - selenium.webdriver.remote.remote_connection - DEBUG - Remote response: status=200 | data={"value":false} | headers=HTTPHeaderDict({'Content-Length': '15', 'Content-Type': 'application/json; charset=utf-8', 'cache-control': 'no-cache'})
2026-08-24 16:47:54 - selenium.webdriver.remote.remote_connection - DEBUG - Finished Request
2026-08-24 16:47:55 - selenium.webdriver.remote.remote_connection - DEBUG - POST http://localhost:50197/session/8f780dece5d2cfdafeea23fe28e4ff82/execute/sync {'script': "return document.querySelectorAll('[data-rpa-tag-id]').length > 0", 'args': []}
2026-08-24 16:47:55 - urllib3.connectionpool - DEBUG - http://localhost:50197 "POST /session/8f780dece5d2cfdafeea23fe28e4ff82/execute/sync HTTP/1.1" 200 0
2026-08-24 16:47:55 - selenium.webdriver.remote.remote_connection - DEBUG - Remote response: status=200 | data={"value":false} | headers=HTTPHeaderDict({'Content-Length': '15', 'Content-Type': 'application/json; charset=utf-8', 'cache-control': 'no-cache'})
2026-08-24 16:47:55 - selenium.webdriver.remote.remote_connection - DEBUG - Finished Request
2026-08-24 16:47:55 - selenium.webdriver.remote.remote_connection - DEBUG - POST http://localhost:50197/session/8f780dece5d2cfdafeea23fe28e4ff82/execute/sync {'script': "return document.querySelectorAll('[data-rpa-tag-id]').length > 0", 'args': []}
2026-08-24 16:47:55 - urllib3.connectionpool - DEBUG - http://localhost:50197 "POST /session/8f780dece5d2cfdafeea23fe28e4ff82/execute/sync HTTP/1.1" 200 0
2026-08-24 16:47:55 - selenium.webdriver.remote.remote_connection - DEBUG - Remote response: status=200 | data={"value":false} | headers=HTTPHeaderDict({'Content-Length': '15', 'Content-Type': 'application/json; charset=utf-8', 'cache-control': 'no-cache'})
2026-08-24 16:47:55 - selenium.webdriver.remote.remote_connection - DEBUG - Finished Request
2026-08-24 16:47:56 - selenium.webdriver.remote.remote_connection - DEBUG - POST http://localhost:50197/session/8f780dece5d2cfdafeea23fe28e4ff82/execute/sync {'script': "return document.querySelectorAll('[data-rpa-tag-id]').length > 0", 'args': []}
2026-08-24 16:47:56 - urllib3.connectionpool - DEBUG - http://localhost:50197 "POST /session/8f780dece5d2cfdafeea23fe28e4ff82/execute/sync HTTP/1.1" 200 0
2026-08-24 16:47:56 - selenium.webdriver.remote.remote_connection - DEBUG - Remote response: status=200 | data={"value":false} | headers=HTTPHeaderDict({'Content-Length': '15', 'Content-Type': 'application/json; charset=utf-8', 'cache-control': 'no-cache'})
2026-08-24 16:47:56 - selenium.webdriver.remote.remote_connection - DEBUG - Finished Request
2026-08-24 16:47:56 - selenium.webdriver.remote.remote_connection - DEBUG - POST http://localhost:50197/session/8f780dece5d2cfdafeea23fe28e4ff82/execute/sync {'script': "return document.querySelectorAll('[data-rpa-tag-id]').length > 0", 'args': []}
2026-08-24 16:47:56 - urllib3.connectionpool - DEBUG - http://localhost:50197 "POST /session/8f780dece5d2cfdafeea23fe28e4ff82/execute/sync HTTP/1.1" 200 0
2026-08-24 16:47:56 - selenium.webdriver.remote.remote_connection - DEBUG - Remote response: status=200 | data={"value":false} | headers=HTTPHeaderDict({'Content-Length': '15', 'Content-Type': 'application/json; charset=utf-8', 'cache-control': 'no-cache'})
2026-08-24 16:47:56 - selenium.webdriver.remote.remote_connection - DEBUG - Finished Request
2026-08-24 16:47:57 - selenium.webdriver.remote.remote_connection - DEBUG - POST http://localhost:50197/session/8f780dece5d2cfdafeea23fe28e4ff82/execute/sync {'script': "return document.querySelectorAll('[data-rpa-tag-id]').length > 0", 'args': []}
2026-08-24 16:47:57 - urllib3.connectionpool - DEBUG - http://localhost:50197 "POST /session/8f780dece5d2cfdafeea23fe28e4ff82/execute/sync HTTP/1.1" 200 0
2026-08-24 16:47:57 - selenium.webdriver.remote.remote_connection - DEBUG - Remote response: status=200 | data={"value":false} | headers=HTTPHeaderDict({'Content-Length': '15', 'Content-Type': 'application/json; charset=utf-8', 'cache-control': 'no-cache'})
2026-08-24 16:47:57 - selenium.webdriver.remote.remote_connection - DEBUG - Finished Request
2026-08-24 16:47:57 - selenium.webdriver.remote.remote_connection - DEBUG - POST http://localhost:50197/session/8f780dece5d2cfdafeea23fe28e4ff82/execute/sync {'script': "return document.querySelectorAll('[data-rpa-tag-id]').length > 0", 'args': []}
2026-08-24 16:47:57 - urllib3.connectionpool - DEBUG - http://localhost:50197 "POST /session/8f780dece5d2cfdafeea23fe28e4ff82/execute/sync HTTP/1.1" 200 0
2026-08-24 16:47:57 - selenium.webdriver.remote.remote_connection - DEBUG - Remote response: status=200 | data={"value":false} | headers=HTTPHeaderDict({'Content-Length': '15', 'Content-Type': 'application/json; charset=utf-8', 'cache-control': 'no-cache'})
2026-08-24 16:47:57 - selenium.webdriver.remote.remote_connection - DEBUG - Finished Request
2026-08-24 16:47:58 - selenium.webdriver.remote.remote_connection - DEBUG - POST http://localhost:50197/session/8f780dece5d2cfdafeea23fe28e4ff82/execute/sync {'script': "return document.querySelectorAll('[data-rpa-tag-id]').length > 0", 'args': []}
2026-08-24 16:47:58 - urllib3.connectionpool - DEBUG - http://localhost:50197 "POST /session/8f780dece5d2cfdafeea23fe28e4ff82/execute/sync HTTP/1.1" 200 0
2026-08-24 16:47:58 - selenium.webdriver.remote.remote_connection - DEBUG - Remote response: status=200 | data={"value":false} | headers=HTTPHeaderDict({'Content-Length': '15', 'Content-Type': 'application/json; charset=utf-8', 'cache-control': 'no-cache'})
2026-08-24 16:47:58 - selenium.webdriver.remote.remote_connection - DEBUG - Finished Request
2026-08-24 16:47:58 - selenium.webdriver.remote.remote_connection - DEBUG - POST http://localhost:50197/session/8f780dece5d2cfdafeea23fe28e4ff82/execute/sync {'script': "return document.querySelectorAll('[data-rpa-tag-id]').length > 0", 'args': []}
2026-08-24 16:47:58 - urllib3.connectionpool - DEBUG - http://localhost:50197 "POST /session/8f780dece5d2cfdafeea23fe28e4ff82/execute/sync HTTP/1.1" 200 0
2026-08-24 16:47:58 - selenium.webdriver.remote.remote_connection - DEBUG - Remote response: status=200 | data={"value":false} | headers=HTTPHeaderDict({'Content-Length': '15', 'Content-Type': 'application/json; charset=utf-8', 'cache-control': 'no-cache'})
2026-08-24 16:47:58 - selenium.webdriver.remote.remote_connection - DEBUG - Finished Request
2026-08-24 16:47:59 - selenium.webdriver.remote.remote_connection - DEBUG - POST http://localhost:50197/session/8f780dece5d2cfdafeea23fe28e4ff82/execute/sync {'script': "return document.querySelectorAll('[data-rpa-tag-id]').length > 0", 'args': []}
2026-08-24 16:47:59 - urllib3.connectionpool - DEBUG - http://localhost:50197 "POST /session/8f780dece5d2cfdafeea23fe28e4ff82/execute/sync HTTP/1.1" 200 0
2026-08-24 16:47:59 - selenium.webdriver.remote.remote_connection - DEBUG - Remote response: status=200 | data={"value":false} | headers=HTTPHeaderDict({'Content-Length': '15', 'Content-Type': 'application/json; charset=utf-8', 'cache-control': 'no-cache'})
2026-08-24 16:47:59 - selenium.webdriver.remote.remote_connection - DEBUG - Finished Request
2026-08-24 16:47:59 - selenium.webdriver.remote.remote_connection - DEBUG - POST http://localhost:50197/session/8f780dece5d2cfdafeea23fe28e4ff82/execute/sync {'script': "return document.querySelectorAll('[data-rpa-tag-id]').length > 0", 'args': []}
2026-08-24 16:47:59 - urllib3.connectionpool - DEBUG - http://localhost:50197 "POST /session/8f780dece5d2cfdafeea23fe28e4ff82/execute/sync HTTP/1.1" 200 0
2026-08-24 16:47:59 - selenium.webdriver.remote.remote_connection - DEBUG - Remote response: status=200 | data={"value":false} | headers=HTTPHeaderDict({'Content-Length': '15', 'Content-Type': 'application/json; charset=utf-8', 'cache-control': 'no-cache'})
2026-08-24 16:47:59 - selenium.webdriver.remote.remote_connection - DEBUG - Finished Request
2026-08-24 16:48:00 - selenium.webdriver.remote.remote_connection - DEBUG - POST http://localhost:50197/session/8f780dece5d2cfdafeea23fe28e4ff82/execute/sync {'script': "return document.querySelectorAll('[data-rpa-tag-id]').length > 0", 'args': []}
2026-08-24 16:48:00 - urllib3.connectionpool - DEBUG - http://localhost:50197 "POST /session/8f780dece5d2cfdafeea23fe28e4ff82/execute/sync HTTP/1.1" 200 0
2026-08-24 16:48:00 - selenium.webdriver.remote.remote_connection - DEBUG - Remote response: status=200 | data={"value":false} | headers=HTTPHeaderDict({'Content-Length': '15', 'Content-Type': 'application/json; charset=utf-8', 'cache-control': 'no-cache'})
2026-08-24 16:48:00 - selenium.webdriver.remote.remote_connection - DEBUG - Finished Request
2026-08-24 16:48:00 - selenium.webdriver.remote.remote_connection - DEBUG - POST http://localhost:50197/session/8f780dece5d2cfdafeea23fe28e4ff82/execute/sync {'script': "return document.querySelectorAll('[data-rpa-tag-id]').length > 0", 'args': []}
2026-08-24 16:48:00 - urllib3.connectionpool - DEBUG - http://localhost:50197 "POST /session/8f780dece5d2cfdafeea23fe28e4ff82/execute/sync HTTP/1.1" 200 0
2026-08-24 16:48:00 - selenium.webdriver.remote.remote_connection - DEBUG - Remote response: status=200 | data={"value":false} | headers=HTTPHeaderDict({'Content-Length': '15', 'Content-Type': 'application/json; charset=utf-8', 'cache-control': 'no-cache'})
2026-08-24 16:48:00 - selenium.webdriver.remote.remote_connection - DEBUG - Finished Request
2026-08-24 16:48:01 - selenium.webdriver.remote.remote_connection - DEBUG - POST http://localhost:50197/session/8f780dece5d2cfdafeea23fe28e4ff82/execute/sync {'script': "return document.querySelectorAll('[data-rpa-tag-id]').length > 0", 'args': []}
2026-08-24 16:48:01 - urllib3.connectionpool - DEBUG - http://localhost:50197 "POST /session/8f780dece5d2cfdafeea23fe28e4ff82/execute/sync HTTP/1.1" 200 0
2026-08-24 16:48:01 - selenium.webdriver.remote.remote_connection - DEBUG - Remote response: status=200 | data={"value":false} | headers=HTTPHeaderDict({'Content-Length': '15', 'Content-Type': 'application/json; charset=utf-8', 'cache-control': 'no-cache'})
2026-08-24 16:48:01 - selenium.webdriver.remote.remote_connection - DEBUG - Finished Request
2026-08-24 16:48:01 - selenium.webdriver.remote.remote_connection - DEBUG - POST http://localhost:50197/session/8f780dece5d2cfdafeea23fe28e4ff82/execute/sync {'script': "return document.querySelectorAll('[data-rpa-tag-id]').length > 0", 'args': []}
2026-08-24 16:48:01 - urllib3.connectionpool - DEBUG - http://localhost:50197 "POST /session/8f780dece5d2cfdafeea23fe28e4ff82/execute/sync HTTP/1.1" 200 0
2026-08-24 16:48:01 - selenium.webdriver.remote.remote_connection - DEBUG - Remote response: status=200 | data={"value":false} | headers=HTTPHeaderDict({'Content-Length': '15', 'Content-Type': 'application/json; charset=utf-8', 'cache-control': 'no-cache'})
2026-08-24 16:48:01 - selenium.webdriver.remote.remote_connection - DEBUG - Finished Request
2026-08-24 16:48:02 - selenium.webdriver.remote.remote_connection - DEBUG - POST http://localhost:50197/session/8f780dece5d2cfdafeea23fe28e4ff82/execute/sync {'script': "return document.querySelectorAll('[data-rpa-tag-id]').length > 0", 'args': []}
2026-08-24 16:48:02 - urllib3.connectionpool - DEBUG - http://localhost:50197 "POST /session/8f780dece5d2cfdafeea23fe28e4ff82/execute/sync HTTP/1.1" 200 0
2026-08-24 16:48:02 - selenium.webdriver.remote.remote_connection - DEBUG - Remote response: status=200 | data={"value":false} | headers=HTTPHeaderDict({'Content-Length': '15', 'Content-Type': 'application/json; charset=utf-8', 'cache-control': 'no-cache'})
2026-08-24 16:48:02 - selenium.webdriver.remote.remote_connection - DEBUG - Finished Request
2026-08-24 16:48:02 - selenium.webdriver.remote.remote_connection - DEBUG - POST http://localhost:50197/session/8f780dece5d2cfdafeea23fe28e4ff82/execute/sync {'script': "return document.querySelectorAll('[data-rpa-tag-id]').length > 0", 'args': []}
2026-08-24 16:48:02 - urllib3.connectionpool - DEBUG - http://localhost:50197 "POST /session/8f780dece5d2cfdafeea23fe28e4ff82/execute/sync HTTP/1.1" 200 0
2026-08-24 16:48:02 - selenium.webdriver.remote.remote_connection - DEBUG - Remote response: status=200 | data={"value":false} | headers=HTTPHeaderDict({'Content-Length': '15', 'Content-Type': 'application/json; charset=utf-8', 'cache-control': 'no-cache'})
2026-08-24 16:48:02 - selenium.webdriver.remote.remote_connection - DEBUG - Finished Request
2026-08-24 16:48:03 - selenium.webdriver.remote.remote_connection - DEBUG - POST http://localhost:50197/session/8f780dece5d2cfdafeea23fe28e4ff82/execute/sync {'script': "return document.querySelectorAll('[data-rpa-tag-id]').length > 0", 'args': []}
2026-08-24 16:48:03 - urllib3.connectionpool - DEBUG - http://localhost:50197 "POST /session/8f780dece5d2cfdafeea23fe28e4ff82/execute/sync HTTP/1.1" 200 0
2026-08-24 16:48:03 - selenium.webdriver.remote.remote_connection - DEBUG - Remote response: status=200 | data={"value":false} | headers=HTTPHeaderDict({'Content-Length': '15', 'Content-Type': 'application/json; charset=utf-8', 'cache-control': 'no-cache'})
2026-08-24 16:48:03 - selenium.webdriver.remote.remote_connection - DEBUG - Finished Request
2026-08-24 16:48:03 - selenium.webdriver.remote.remote_connection - DEBUG - POST http://localhost:50197/session/8f780dece5d2cfdafeea23fe28e4ff82/execute/sync {'script': "return document.querySelectorAll('[data-rpa-tag-id]').length > 0", 'args': []}
2026-08-24 16:48:03 - urllib3.connectionpool - DEBUG - http://localhost:50197 "POST /session/8f780dece5d2cfdafeea23fe28e4ff82/execute/sync HTTP/1.1" 200 0
2026-08-24 16:48:03 - selenium.webdriver.remote.remote_connection - DEBUG - Remote response: status=200 | data={"value":false} | headers=HTTPHeaderDict({'Content-Length': '15', 'Content-Type': 'application/json; charset=utf-8', 'cache-control': 'no-cache'})
2026-08-24 16:48:03 - selenium.webdriver.remote.remote_connection - DEBUG - Finished Request
2026-08-24 16:48:04 - selenium.webdriver.remote.remote_connection - DEBUG - POST http://localhost:50197/session/8f780dece5d2cfdafeea23fe28e4ff82/execute/sync {'script': "return document.querySelectorAll('[data-rpa-tag-id]').length > 0", 'args': []}
2026-08-24 16:48:04 - urllib3.connectionpool - DEBUG - http://localhost:50197 "POST /session/8f780dece5d2cfdafeea23fe28e4ff82/execute/sync HTTP/1.1" 200 0
2026-08-24 16:48:04 - selenium.webdriver.remote.remote_connection - DEBUG - Remote response: status=200 | data={"value":false} | headers=HTTPHeaderDict({'Content-Length': '15', 'Content-Type': 'application/json; charset=utf-8', 'cache-control': 'no-cache'})
2026-08-24 16:48:04 - selenium.webdriver.remote.remote_connection - DEBUG - Finished Request
2026-08-24 16:48:05 - selenium.webdriver.remote.remote_connection - DEBUG - POST http://localhost:50197/session/8f780dece5d2cfdafeea23fe28e4ff82/execute/sync {'script': "return document.querySelectorAll('[data-rpa-tag-id]').length > 0", 'args': []}
2026-08-24 16:48:05 - urllib3.connectionpool - DEBUG - http://localhost:50197 "POST /session/8f780dece5d2cfdafeea23fe28e4ff82/execute/sync HTTP/1.1" 200 0
2026-08-24 16:48:05 - selenium.webdriver.remote.remote_connection - DEBUG - Remote response: status=200 | data={"value":false} | headers=HTTPHeaderDict({'Content-Length': '15', 'Content-Type': 'application/json; charset=utf-8', 'cache-control': 'no-cache'})
2026-08-24 16:48:05 - selenium.webdriver.remote.remote_connection - DEBUG - Finished Request
2026-08-24 16:48:05 - selenium.webdriver.remote.remote_connection - DEBUG - POST http://localhost:50197/session/8f780dece5d2cfdafeea23fe28e4ff82/execute/sync {'script': "return document.querySelectorAll('[data-rpa-tag-id]').length > 0", 'args': []}
2026-08-24 16:48:05 - urllib3.connectionpool - DEBUG - http://localhost:50197 "POST /session/8f780dece5d2cfdafeea23fe28e4ff82/execute/sync HTTP/1.1" 200 0
2026-08-24 16:48:05 - selenium.webdriver.remote.remote_connection - DEBUG - Remote response: status=200 | data={"value":false} | headers=HTTPHeaderDict({'Content-Length': '15', 'Content-Type': 'application/json; charset=utf-8', 'cache-control': 'no-cache'})
2026-08-24 16:48:05 - selenium.webdriver.remote.remote_connection - DEBUG - Finished Request
2026-08-24 16:48:06 - selenium.webdriver.remote.remote_connection - DEBUG - POST http://localhost:50197/session/8f780dece5d2cfdafeea23fe28e4ff82/execute/sync {'script': "return document.querySelectorAll('[data-rpa-tag-id]').length > 0", 'args': []}
2026-08-24 16:48:06 - urllib3.connectionpool - DEBUG - http://localhost:50197 "POST /session/8f780dece5d2cfdafeea23fe28e4ff82/execute/sync HTTP/1.1" 200 0
2026-08-24 16:48:06 - selenium.webdriver.remote.remote_connection - DEBUG - Remote response: status=200 | data={"value":false} | headers=HTTPHeaderDict({'Content-Length': '15', 'Content-Type': 'application/json; charset=utf-8', 'cache-control': 'no-cache'})
2026-08-24 16:48:06 - selenium.webdriver.remote.remote_connection - DEBUG - Finished Request
2026-08-24 16:48:06 - selenium.webdriver.remote.remote_connection - DEBUG - POST http://localhost:50197/session/8f780dece5d2cfdafeea23fe28e4ff82/execute/sync {'script': "return document.querySelectorAll('[data-rpa-tag-id]').length > 0", 'args': []}
2026-08-24 16:48:06 - urllib3.connectionpool - DEBUG - http://localhost:50197 "POST /session/8f780dece5d2cfdafeea23fe28e4ff82/execute/sync HTTP/1.1" 200 0
2026-08-24 16:48:06 - selenium.webdriver.remote.remote_connection - DEBUG - Remote response: status=200 | data={"value":false} | headers=HTTPHeaderDict({'Content-Length': '15', 'Content-Type': 'application/json; charset=utf-8', 'cache-control': 'no-cache'})
2026-08-24 16:48:06 - selenium.webdriver.remote.remote_connection - DEBUG - Finished Request
2026-08-24 16:48:07 - selenium.webdriver.remote.remote_connection - DEBUG - POST http://localhost:50197/session/8f780dece5d2cfdafeea23fe28e4ff82/execute/sync {'script': "return document.querySelectorAll('[data-rpa-tag-id]').length > 0", 'args': []}
2026-08-24 16:48:07 - urllib3.connectionpool - DEBUG - http://localhost:50197 "POST /session/8f780dece5d2cfdafeea23fe28e4ff82/execute/sync HTTP/1.1" 200 0
2026-08-24 16:48:07 - selenium.webdriver.remote.remote_connection - DEBUG - Remote response: status=200 | data={"value":false} | headers=HTTPHeaderDict({'Content-Length': '15', 'Content-Type': 'application/json; charset=utf-8', 'cache-control': 'no-cache'})
2026-08-24 16:48:07 - selenium.webdriver.remote.remote_connection - DEBUG - Finished Request
2026-08-24 16:48:07 - selenium.webdriver.remote.remote_connection - DEBUG - POST http://localhost:50197/session/8f780dece5d2cfdafeea23fe28e4ff82/execute/sync {'script': "return document.querySelectorAll('[data-rpa-tag-id]').length > 0", 'args': []}
2026-08-24 16:48:07 - urllib3.connectionpool - DEBUG - http://localhost:50197 "POST /session/8f780dece5d2cfdafeea23fe28e4ff82/execute/sync HTTP/1.1" 200 0
2026-08-24 16:48:07 - selenium.webdriver.remote.remote_connection - DEBUG - Remote response: status=200 | data={"value":false} | headers=HTTPHeaderDict({'Content-Length': '15', 'Content-Type': 'application/json; charset=utf-8', 'cache-control': 'no-cache'})
2026-08-24 16:48:07 - selenium.webdriver.remote.remote_connection - DEBUG - Finished Request
2026-08-24 16:48:08 - selenium.webdriver.remote.remote_connection - DEBUG - POST http://localhost:50197/session/8f780dece5d2cfdafeea23fe28e4ff82/execute/sync {'script': "return document.querySelectorAll('[data-rpa-tag-id]').length > 0", 'args': []}
2026-08-24 16:48:08 - urllib3.connectionpool - DEBUG - http://localhost:50197 "POST /session/8f780dece5d2cfdafeea23fe28e4ff82/execute/sync HTTP/1.1" 200 0
2026-08-24 16:48:08 - selenium.webdriver.remote.remote_connection - DEBUG - Remote response: status=200 | data={"value":false} | headers=HTTPHeaderDict({'Content-Length': '15', 'Content-Type': 'application/json; charset=utf-8', 'cache-control': 'no-cache'})
2026-08-24 16:48:08 - selenium.webdriver.remote.remote_connection - DEBUG - Finished Request
2026-08-24 16:48:08 - scraper - ERROR - Page failed to become ready even after refresh
2026-08-24 16:48:08 - scraper - INFO - Retry 2/3 for VCIT
2026-08-24 16:48:13 - scraper - INFO - Navigating to https://investor.vanguard.com/etf/profile/overview/vcit
2026-08-24 16:48:13 - selenium.webdriver.remote.remote_connection - DEBUG - POST http://localhost:50197/session/8f780dece5d2cfdafeea23fe28e4ff82/execute/sync {'script': 'return navigator.webdriver', 'args': []}
2026-08-24 16:48:13 - urllib3.connectionpool - DEBUG - http://localhost:50197 "POST /session/8f780dece5d2cfdafeea23fe28e4ff82/execute/sync HTTP/1.1" 200 0
2026-08-24 16:48:13 - selenium.webdriver.remote.remote_connection - DEBUG - Remote response: status=200 | data={"value":false} | headers=HTTPHeaderDict({'Content-Length': '15', 'Content-Type': 'application/json; charset=utf-8', 'cache-control': 'no-cache'})
2026-08-24 16:48:13 - selenium.webdriver.remote.remote_connection - DEBUG - Finished Request
2026-08-24 16:48:13 - selenium.webdriver.remote.remote_connection - DEBUG - POST http://localhost:50197/session/8f780dece5d2cfdafeea23fe28e4ff82/url {'url': 'https://investor.vanguard.com/etf/profile/overview/vcit'}
2026-08-24 16:48:16 - urllib3.connectionpool - DEBUG - http://localhost:50197 "POST /session/8f780dece5d2cfdafeea23fe28e4ff82/url HTTP/1.1" 200 0
2026-08-24 16:48:16 - selenium.webdriver.remote.remote_connection - DEBUG - Remote response: status=200 | data={"value":null} | headers=HTTPHeaderDict({'Content-Length': '14', 'Content-Type': 'application/json; charset=utf-8', 'cache-control': 'no-cache'})
2026-08-24 16:48:16 - selenium.webdriver.remote.remote_connection - DEBUG - Finished Request
2026-08-24 16:48:16 - selenium.webdriver.remote.remote_connection - DEBUG - POST http://localhost:50197/session/8f780dece5d2cfdafeea23fe28e4ff82/execute/sync {'script': "\n                var candidates = [\n                    document.querySelector('#onetrust-accept-btn...", 'args': []}
2026-08-24 16:48:16 - urllib3.connectionpool - DEBUG - http://localhost:50197 "POST /session/8f780dece5d2cfdafeea23fe28e4ff82/execute/sync HTTP/1.1" 200 0
2026-08-24 16:48:16 - selenium.webdriver.remote.remote_connection - DEBUG - Remote response: status=200 | data={"value":null} | headers=HTTPHeaderDict({'Content-Length': '14', 'Content-Type': 'application/json; charset=utf-8', 'cache-control': 'no-cache'})
2026-08-24 16:48:16 - selenium.webdriver.remote.remote_connection - DEBUG - Finished Request
2026-08-24 16:48:16 - selenium.webdriver.remote.remote_connection - DEBUG - POST http://localhost:50197/session/8f780dece5d2cfdafeea23fe28e4ff82/execute/sync {'script': "return document.querySelectorAll('[data-rpa-tag-id]').length > 0", 'args': []}
2026-08-24 16:48:18 - urllib3.connectionpool - DEBUG - http://localhost:50197 "POST /session/8f780dece5d2cfdafeea23fe28e4ff82/execute/sync HTTP/1.1" 200 0
2026-08-24 16:48:18 - selenium.webdriver.remote.remote_connection - DEBUG - Remote response: status=200 | data={"value":false} | headers=HTTPHeaderDict({'Content-Length': '15', 'Content-Type': 'application/json; charset=utf-8', 'cache-control': 'no-cache'})
2026-08-24 16:48:18 - selenium.webdriver.remote.remote_connection - DEBUG - Finished Request
2026-08-24 16:48:18 - selenium.webdriver.remote.remote_connection - DEBUG - POST http://localhost:50197/session/8f780dece5d2cfdafeea23fe28e4ff82/execute/sync {'script': "return document.querySelectorAll('[data-rpa-tag-id]').length > 0", 'args': []}
2026-08-24 16:48:18 - urllib3.connectionpool - DEBUG - http://localhost:50197 "POST /session/8f780dece5d2cfdafeea23fe28e4ff82/execute/sync HTTP/1.1" 200 0
2026-08-24 16:48:18 - selenium.webdriver.remote.remote_connection - DEBUG - Remote response: status=200 | data={"value":false} | headers=HTTPHeaderDict({'Content-Length': '15', 'Content-Type': 'application/json; charset=utf-8', 'cache-control': 'no-cache'})
2026-08-24 16:48:18 - selenium.webdriver.remote.remote_connection - DEBUG - Finished Request
2026-08-24 16:48:19 - selenium.webdriver.remote.remote_connection - DEBUG - POST http://localhost:50197/session/8f780dece5d2cfdafeea23fe28e4ff82/execute/sync {'script': "return document.querySelectorAll('[data-rpa-tag-id]').length > 0", 'args': []}
2026-08-24 16:48:19 - urllib3.connectionpool - DEBUG - http://localhost:50197 "POST /session/8f780dece5d2cfdafeea23fe28e4ff82/execute/sync HTTP/1.1" 200 0
2026-08-24 16:48:19 - selenium.webdriver.remote.remote_connection - DEBUG - Remote response: status=200 | data={"value":false} | headers=HTTPHeaderDict({'Content-Length': '15', 'Content-Type': 'application/json; charset=utf-8', 'cache-control': 'no-cache'})
2026-08-24 16:48:19 - selenium.webdriver.remote.remote_connection - DEBUG - Finished Request
2026-08-24 16:48:19 - selenium.webdriver.remote.remote_connection - DEBUG - POST http://localhost:50197/session/8f780dece5d2cfdafeea23fe28e4ff82/execute/sync {'script': "return document.querySelectorAll('[data-rpa-tag-id]').length > 0", 'args': []}
2026-08-24 16:48:19 - urllib3.connectionpool - DEBUG - http://localhost:50197 "POST /session/8f780dece5d2cfdafeea23fe28e4ff82/execute/sync HTTP/1.1" 200 0
2026-08-24 16:48:19 - selenium.webdriver.remote.remote_connection - DEBUG - Remote response: status=200 | data={"value":false} | headers=HTTPHeaderDict({'Content-Length': '15', 'Content-Type': 'application/json; charset=utf-8', 'cache-control': 'no-cache'})
2026-08-24 16:48:19 - selenium.webdriver.remote.remote_connection - DEBUG - Finished Request
2026-08-24 16:48:20 - selenium.webdriver.remote.remote_connection - DEBUG - POST http://localhost:50197/session/8f780dece5d2cfdafeea23fe28e4ff82/execute/sync {'script': "return document.querySelectorAll('[data-rpa-tag-id]').length > 0", 'args': []}
2026-08-24 16:48:20 - urllib3.connectionpool - DEBUG - http://localhost:50197 "POST /session/8f780dece5d2cfdafeea23fe28e4ff82/execute/sync HTTP/1.1" 200 0
2026-08-24 16:48:20 - selenium.webdriver.remote.remote_connection - DEBUG - Remote response: status=200 | data={"value":false} | headers=HTTPHeaderDict({'Content-Length': '15', 'Content-Type': 'application/json; charset=utf-8', 'cache-control': 'no-cache'})
2026-08-24 16:48:20 - selenium.webdriver.remote.remote_connection - DEBUG - Finished Request
2026-08-24 16:48:20 - selenium.webdriver.remote.remote_connection - DEBUG - POST http://localhost:50197/session/8f780dece5d2cfdafeea23fe28e4ff82/execute/sync {'script': "return document.querySelectorAll('[data-rpa-tag-id]').length > 0", 'args': []}
2026-08-24 16:48:20 - urllib3.connectionpool - DEBUG - http://localhost:50197 "POST /session/8f780dece5d2cfdafeea23fe28e4ff82/execute/sync HTTP/1.1" 200 0
2026-08-24 16:48:20 - selenium.webdriver.remote.remote_connection - DEBUG - Remote response: status=200 | data={"value":false} | headers=HTTPHeaderDict({'Content-Length': '15', 'Content-Type': 'application/json; charset=utf-8', 'cache-control': 'no-cache'})
2026-08-24 16:48:20 - selenium.webdriver.remote.remote_connection - DEBUG - Finished Request
2026-08-24 16:48:21 - selenium.webdriver.remote.remote_connection - DEBUG - POST http://localhost:50197/session/8f780dece5d2cfdafeea23fe28e4ff82/execute/sync {'script': "return document.querySelectorAll('[data-rpa-tag-id]').length > 0", 'args': []}
2026-08-24 16:48:21 - urllib3.connectionpool - DEBUG - http://localhost:50197 "POST /session/8f780dece5d2cfdafeea23fe28e4ff82/execute/sync HTTP/1.1" 200 0
2026-08-24 16:48:21 - selenium.webdriver.remote.remote_connection - DEBUG - Remote response: status=200 | data={"value":false} | headers=HTTPHeaderDict({'Content-Length': '15', 'Content-Type': 'application/json; charset=utf-8', 'cache-control': 'no-cache'})
2026-08-24 16:48:21 - selenium.webdriver.remote.remote_connection - DEBUG - Finished Request
2026-08-24 16:48:21 - selenium.webdriver.remote.remote_connection - DEBUG - POST http://localhost:50197/session/8f780dece5d2cfdafeea23fe28e4ff82/execute/sync {'script': "return document.querySelectorAll('[data-rpa-tag-id]').length > 0", 'args': []}
2026-08-24 16:48:21 - urllib3.connectionpool - DEBUG - http://localhost:50197 "POST /session/8f780dece5d2cfdafeea23fe28e4ff82/execute/sync HTTP/1.1" 200 0
2026-08-24 16:48:21 - selenium.webdriver.remote.remote_connection - DEBUG - Remote response: status=200 | data={"value":false} | headers=HTTPHeaderDict({'Content-Length': '15', 'Content-Type': 'application/json; charset=utf-8', 'cache-control': 'no-cache'})
2026-08-24 16:48:21 - selenium.webdriver.remote.remote_connection - DEBUG - Finished Request
2026-08-24 16:48:22 - selenium.webdriver.remote.remote_connection - DEBUG - POST http://localhost:50197/session/8f780dece5d2cfdafeea23fe28e4ff82/execute/sync {'script': "return document.querySelectorAll('[data-rpa-tag-id]').length > 0", 'args': []}
2026-08-24 16:48:22 - urllib3.connectionpool - DEBUG - http://localhost:50197 "POST /session/8f780dece5d2cfdafeea23fe28e4ff82/execute/sync HTTP/1.1" 200 0
2026-08-24 16:48:22 - selenium.webdriver.remote.remote_connection - DEBUG - Remote response: status=200 | data={"value":false} | headers=HTTPHeaderDict({'Content-Length': '15', 'Content-Type': 'application/json; charset=utf-8', 'cache-control': 'no-cache'})
2026-08-24 16:48:22 - selenium.webdriver.remote.remote_connection - DEBUG - Finished Request
2026-08-24 16:48:23 - selenium.webdriver.remote.remote_connection - DEBUG - POST http://localhost:50197/session/8f780dece5d2cfdafeea23fe28e4ff82/execute/sync {'script': "return document.querySelectorAll('[data-rpa-tag-id]').length > 0", 'args': []}
2026-08-24 16:48:23 - urllib3.connectionpool - DEBUG - http://localhost:50197 "POST /session/8f780dece5d2cfdafeea23fe28e4ff82/execute/sync HTTP/1.1" 200 0
2026-08-24 16:48:23 - selenium.webdriver.remote.remote_connection - DEBUG - Remote response: status=200 | data={"value":false} | headers=HTTPHeaderDict({'Content-Length': '15', 'Content-Type': 'application/json; charset=utf-8', 'cache-control': 'no-cache'})
2026-08-24 16:48:23 - selenium.webdriver.remote.remote_connection - DEBUG - Finished Request
2026-08-24 16:48:23 - selenium.webdriver.remote.remote_connection - DEBUG - POST http://localhost:50197/session/8f780dece5d2cfdafeea23fe28e4ff82/execute/sync {'script': "return document.querySelectorAll('[data-rpa-tag-id]').length > 0", 'args': []}
2026-08-24 16:48:23 - urllib3.connectionpool - DEBUG - http://localhost:50197 "POST /session/8f780dece5d2cfdafeea23fe28e4ff82/execute/sync HTTP/1.1" 200 0
2026-08-24 16:48:23 - selenium.webdriver.remote.remote_connection - DEBUG - Remote response: status=200 | data={"value":false} | headers=HTTPHeaderDict({'Content-Length': '15', 'Content-Type': 'application/json; charset=utf-8', 'cache-control': 'no-cache'})
2026-08-24 16:48:23 - selenium.webdriver.remote.remote_connection - DEBUG - Finished Request
2026-08-24 16:48:24 - selenium.webdriver.remote.remote_connection - DEBUG - POST http://localhost:50197/session/8f780dece5d2cfdafeea23fe28e4ff82/execute/sync {'script': "return document.querySelectorAll('[data-rpa-tag-id]').length > 0", 'args': []}
2026-08-24 16:48:24 - urllib3.connectionpool - DEBUG - http://localhost:50197 "POST /session/8f780dece5d2cfdafeea23fe28e4ff82/execute/sync HTTP/1.1" 200 0
2026-08-24 16:48:24 - selenium.webdriver.remote.remote_connection - DEBUG - Remote response: status=200 | data={"value":false} | headers=HTTPHeaderDict({'Content-Length': '15', 'Content-Type': 'application/json; charset=utf-8', 'cache-control': 'no-cache'})
2026-08-24 16:48:24 - selenium.webdriver.remote.remote_connection - DEBUG - Finished Request
2026-08-24 16:48:24 - selenium.webdriver.remote.remote_connection - DEBUG - POST http://localhost:50197/session/8f780dece5d2cfdafeea23fe28e4ff82/execute/sync {'script': "return document.querySelectorAll('[data-rpa-tag-id]').length > 0", 'args': []}
2026-08-24 16:48:24 - urllib3.connectionpool - DEBUG - http://localhost:50197 "POST /session/8f780dece5d2cfdafeea23fe28e4ff82/execute/sync HTTP/1.1" 200 0
2026-08-24 16:48:24 - selenium.webdriver.remote.remote_connection - DEBUG - Remote response: status=200 | data={"value":false} | headers=HTTPHeaderDict({'Content-Length': '15', 'Content-Type': 'application/json; charset=utf-8', 'cache-control': 'no-cache'})
2026-08-24 16:48:24 - selenium.webdriver.remote.remote_connection - DEBUG - Finished Request
2026-08-24 16:48:25 - selenium.webdriver.remote.remote_connection - DEBUG - POST http://localhost:50197/session/8f780dece5d2cfdafeea23fe28e4ff82/execute/sync {'script': "return document.querySelectorAll('[data-rpa-tag-id]').length > 0", 'args': []}
2026-08-24 16:48:25 - urllib3.connectionpool - DEBUG - http://localhost:50197 "POST /session/8f780dece5d2cfdafeea23fe28e4ff82/execute/sync HTTP/1.1" 200 0
2026-08-24 16:48:25 - selenium.webdriver.remote.remote_connection - DEBUG - Remote response: status=200 | data={"value":false} | headers=HTTPHeaderDict({'Content-Length': '15', 'Content-Type': 'application/json; charset=utf-8', 'cache-control': 'no-cache'})
2026-08-24 16:48:25 - selenium.webdriver.remote.remote_connection - DEBUG - Finished Request
2026-08-24 16:48:25 - selenium.webdriver.remote.remote_connection - DEBUG - POST http://localhost:50197/session/8f780dece5d2cfdafeea23fe28e4ff82/execute/sync {'script': "return document.querySelectorAll('[data-rpa-tag-id]').length > 0", 'args': []}
2026-08-24 16:48:25 - urllib3.connectionpool - DEBUG - http://localhost:50197 "POST /session/8f780dece5d2cfdafeea23fe28e4ff82/execute/sync HTTP/1.1" 200 0
2026-08-24 16:48:25 - selenium.webdriver.remote.remote_connection - DEBUG - Remote response: status=200 | data={"value":false} | headers=HTTPHeaderDict({'Content-Length': '15', 'Content-Type': 'application/json; charset=utf-8', 'cache-control': 'no-cache'})
2026-08-24 16:48:25 - selenium.webdriver.remote.remote_connection - DEBUG - Finished Request
2026-08-24 16:48:26 - selenium.webdriver.remote.remote_connection - DEBUG - POST http://localhost:50197/session/8f780dece5d2cfdafeea23fe28e4ff82/execute/sync {'script': "return document.querySelectorAll('[data-rpa-tag-id]').length > 0", 'args': []}
2026-08-24 16:48:26 - urllib3.connectionpool - DEBUG - http://localhost:50197 "POST /session/8f780dece5d2cfdafeea23fe28e4ff82/execute/sync HTTP/1.1" 200 0
2026-08-24 16:48:26 - selenium.webdriver.remote.remote_connection - DEBUG - Remote response: status=200 | data={"value":false} | headers=HTTPHeaderDict({'Content-Length': '15', 'Content-Type': 'application/json; charset=utf-8', 'cache-control': 'no-cache'})
2026-08-24 16:48:26 - selenium.webdriver.remote.remote_connection - DEBUG - Finished Request
2026-08-24 16:48:26 - selenium.webdriver.remote.remote_connection - DEBUG - POST http://localhost:50197/session/8f780dece5d2cfdafeea23fe28e4ff82/execute/sync {'script': "return document.querySelectorAll('[data-rpa-tag-id]').length > 0", 'args': []}
2026-08-24 16:48:26 - urllib3.connectionpool - DEBUG - http://localhost:50197 "POST /session/8f780dece5d2cfdafeea23fe28e4ff82/execute/sync HTTP/1.1" 200 0
2026-08-24 16:48:26 - selenium.webdriver.remote.remote_connection - DEBUG - Remote response: status=200 | data={"value":false} | headers=HTTPHeaderDict({'Content-Length': '15', 'Content-Type': 'application/json; charset=utf-8', 'cache-control': 'no-cache'})
2026-08-24 16:48:26 - selenium.webdriver.remote.remote_connection - DEBUG - Finished Request
2026-08-24 16:48:27 - selenium.webdriver.remote.remote_connection - DEBUG - POST http://localhost:50197/session/8f780dece5d2cfdafeea23fe28e4ff82/execute/sync {'script': "return document.querySelectorAll('[data-rpa-tag-id]').length > 0", 'args': []}
2026-08-24 16:48:27 - urllib3.connectionpool - DEBUG - http://localhost:50197 "POST /session/8f780dece5d2cfdafeea23fe28e4ff82/execute/sync HTTP/1.1" 200 0
2026-08-24 16:48:27 - selenium.webdriver.remote.remote_connection - DEBUG - Remote response: status=200 | data={"value":false} | headers=HTTPHeaderDict({'Content-Length': '15', 'Content-Type': 'application/json; charset=utf-8', 'cache-control': 'no-cache'})
2026-08-24 16:48:27 - selenium.webdriver.remote.remote_connection - DEBUG - Finished Request
2026-08-24 16:48:27 - selenium.webdriver.remote.remote_connection - DEBUG - POST http://localhost:50197/session/8f780dece5d2cfdafeea23fe28e4ff82/execute/sync {'script': "return document.querySelectorAll('[data-rpa-tag-id]').length > 0", 'args': []}
2026-08-24 16:48:27 - urllib3.connectionpool - DEBUG - http://localhost:50197 "POST /session/8f780dece5d2cfdafeea23fe28e4ff82/execute/sync HTTP/1.1" 200 0
2026-08-24 16:48:27 - selenium.webdriver.remote.remote_connection - DEBUG - Remote response: status=200 | data={"value":false} | headers=HTTPHeaderDict({'Content-Length': '15', 'Content-Type': 'application/json; charset=utf-8', 'cache-control': 'no-cache'})
2026-08-24 16:48:27 - selenium.webdriver.remote.remote_connection - DEBUG - Finished Request
2026-08-24 16:48:28 - selenium.webdriver.remote.remote_connection - DEBUG - POST http://localhost:50197/session/8f780dece5d2cfdafeea23fe28e4ff82/execute/sync {'script': "return document.querySelectorAll('[data-rpa-tag-id]').length > 0", 'args': []}
2026-08-24 16:48:28 - urllib3.connectionpool - DEBUG - http://localhost:50197 "POST /session/8f780dece5d2cfdafeea23fe28e4ff82/execute/sync HTTP/1.1" 200 0
2026-08-24 16:48:28 - selenium.webdriver.remote.remote_connection - DEBUG - Remote response: status=200 | data={"value":false} | headers=HTTPHeaderDict({'Content-Length': '15', 'Content-Type': 'application/json; charset=utf-8', 'cache-control': 'no-cache'})
2026-08-24 16:48:28 - selenium.webdriver.remote.remote_connection - DEBUG - Finished Request
2026-08-24 16:48:28 - selenium.webdriver.remote.remote_connection - DEBUG - POST http://localhost:50197/session/8f780dece5d2cfdafeea23fe28e4ff82/execute/sync {'script': "return document.querySelectorAll('[data-rpa-tag-id]').length > 0", 'args': []}
2026-08-24 16:48:28 - urllib3.connectionpool - DEBUG - http://localhost:50197 "POST /session/8f780dece5d2cfdafeea23fe28e4ff82/execute/sync HTTP/1.1" 200 0
2026-08-24 16:48:28 - selenium.webdriver.remote.remote_connection - DEBUG - Remote response: status=200 | data={"value":false} | headers=HTTPHeaderDict({'Content-Length': '15', 'Content-Type': 'application/json; charset=utf-8', 'cache-control': 'no-cache'})
2026-08-24 16:48:28 - selenium.webdriver.remote.remote_connection - DEBUG - Finished Request
2026-08-24 16:48:29 - selenium.webdriver.remote.remote_connection - DEBUG - POST http://localhost:50197/session/8f780dece5d2cfdafeea23fe28e4ff82/execute/sync {'script': "return document.querySelectorAll('[data-rpa-tag-id]').length > 0", 'args': []}
2026-08-24 16:48:29 - urllib3.connectionpool - DEBUG - http://localhost:50197 "POST /session/8f780dece5d2cfdafeea23fe28e4ff82/execute/sync HTTP/1.1" 200 0
2026-08-24 16:48:29 - selenium.webdriver.remote.remote_connection - DEBUG - Remote response: status=200 | data={"value":false} | headers=HTTPHeaderDict({'Content-Length': '15', 'Content-Type': 'application/json; charset=utf-8', 'cache-control': 'no-cache'})
2026-08-24 16:48:29 - selenium.webdriver.remote.remote_connection - DEBUG - Finished Request
2026-08-24 16:48:29 - selenium.webdriver.remote.remote_connection - DEBUG - POST http://localhost:50197/session/8f780dece5d2cfdafeea23fe28e4ff82/execute/sync {'script': "return document.querySelectorAll('[data-rpa-tag-id]').length > 0", 'args': []}
2026-08-24 16:48:29 - urllib3.connectionpool - DEBUG - http://localhost:50197 "POST /session/8f780dece5d2cfdafeea23fe28e4ff82/execute/sync HTTP/1.1" 200 0
2026-08-24 16:48:29 - selenium.webdriver.remote.remote_connection - DEBUG - Remote response: status=200 | data={"value":false} | headers=HTTPHeaderDict({'Content-Length': '15', 'Content-Type': 'application/json; charset=utf-8', 'cache-control': 'no-cache'})
2026-08-24 16:48:29 - selenium.webdriver.remote.remote_connection - DEBUG - Finished Request
2026-08-24 16:48:30 - selenium.webdriver.remote.remote_connection - DEBUG - POST http://localhost:50197/session/8f780dece5d2cfdafeea23fe28e4ff82/execute/sync {'script': "return document.querySelectorAll('[data-rpa-tag-id]').length > 0", 'args': []}
2026-08-24 16:48:30 - urllib3.connectionpool - DEBUG - http://localhost:50197 "POST /session/8f780dece5d2cfdafeea23fe28e4ff82/execute/sync HTTP/1.1" 200 0
2026-08-24 16:48:30 - selenium.webdriver.remote.remote_connection - DEBUG - Remote response: status=200 | data={"value":false} | headers=HTTPHeaderDict({'Content-Length': '15', 'Content-Type': 'application/json; charset=utf-8', 'cache-control': 'no-cache'})
2026-08-24 16:48:30 - selenium.webdriver.remote.remote_connection - DEBUG - Finished Request
2026-08-24 16:48:30 - selenium.webdriver.remote.remote_connection - DEBUG - POST http://localhost:50197/session/8f780dece5d2cfdafeea23fe28e4ff82/execute/sync {'script': "return document.querySelectorAll('[data-rpa-tag-id]').length > 0", 'args': []}
2026-08-24 16:48:30 - urllib3.connectionpool - DEBUG - http://localhost:50197 "POST /session/8f780dece5d2cfdafeea23fe28e4ff82/execute/sync HTTP/1.1" 200 0
2026-08-24 16:48:30 - selenium.webdriver.remote.remote_connection - DEBUG - Remote response: status=200 | data={"value":false} | headers=HTTPHeaderDict({'Content-Length': '15', 'Content-Type': 'application/json; charset=utf-8', 'cache-control': 'no-cache'})
2026-08-24 16:48:30 - selenium.webdriver.remote.remote_connection - DEBUG - Finished Request
2026-08-24 16:48:31 - selenium.webdriver.remote.remote_connection - DEBUG - POST http://localhost:50197/session/8f780dece5d2cfdafeea23fe28e4ff82/execute/sync {'script': "return document.querySelectorAll('[data-rpa-tag-id]').length > 0", 'args': []}
2026-08-24 16:48:31 - urllib3.connectionpool - DEBUG - http://localhost:50197 "POST /session/8f780dece5d2cfdafeea23fe28e4ff82/execute/sync HTTP/1.1" 200 0
2026-08-24 16:48:31 - selenium.webdriver.remote.remote_connection - DEBUG - Remote response: status=200 | data={"value":false} | headers=HTTPHeaderDict({'Content-Length': '15', 'Content-Type': 'application/json; charset=utf-8', 'cache-control': 'no-cache'})
2026-08-24 16:48:31 - selenium.webdriver.remote.remote_connection - DEBUG - Finished Request
2026-08-24 16:48:31 - selenium.webdriver.remote.remote_connection - DEBUG - POST http://localhost:50197/session/8f780dece5d2cfdafeea23fe28e4ff82/execute/sync {'script': "return document.querySelectorAll('[data-rpa-tag-id]').length > 0", 'args': []}
2026-08-24 16:48:31 - urllib3.connectionpool - DEBUG - http://localhost:50197 "POST /session/8f780dece5d2cfdafeea23fe28e4ff82/execute/sync HTTP/1.1" 200 0
2026-08-24 16:48:31 - selenium.webdriver.remote.remote_connection - DEBUG - Remote response: status=200 | data={"value":false} | headers=HTTPHeaderDict({'Content-Length': '15', 'Content-Type': 'application/json; charset=utf-8', 'cache-control': 'no-cache'})
2026-08-24 16:48:31 - selenium.webdriver.remote.remote_connection - DEBUG - Finished Request
2026-08-24 16:48:32 - selenium.webdriver.remote.remote_connection - DEBUG - POST http://localhost:50197/session/8f780dece5d2cfdafeea23fe28e4ff82/execute/sync {'script': "return document.querySelectorAll('[data-rpa-tag-id]').length > 0", 'args': []}
2026-08-24 16:48:32 - urllib3.connectionpool - DEBUG - http://localhost:50197 "POST /session/8f780dece5d2cfdafeea23fe28e4ff82/execute/sync HTTP/1.1" 200 0
2026-08-24 16:48:32 - selenium.webdriver.remote.remote_connection - DEBUG - Remote response: status=200 | data={"value":false} | headers=HTTPHeaderDict({'Content-Length': '15', 'Content-Type': 'application/json; charset=utf-8', 'cache-control': 'no-cache'})
2026-08-24 16:48:32 - selenium.webdriver.remote.remote_connection - DEBUG - Finished Request
2026-08-24 16:48:32 - selenium.webdriver.remote.remote_connection - DEBUG - POST http://localhost:50197/session/8f780dece5d2cfdafeea23fe28e4ff82/execute/sync {'script': "return document.querySelectorAll('[data-rpa-tag-id]').length > 0", 'args': []}
2026-08-24 16:48:32 - urllib3.connectionpool - DEBUG - http://localhost:50197 "POST /session/8f780dece5d2cfdafeea23fe28e4ff82/execute/sync HTTP/1.1" 200 0
2026-08-24 16:48:32 - selenium.webdriver.remote.remote_connection - DEBUG - Remote response: status=200 | data={"value":false} | headers=HTTPHeaderDict({'Content-Length': '15', 'Content-Type': 'application/json; charset=utf-8', 'cache-control': 'no-cache'})
2026-08-24 16:48:32 - selenium.webdriver.remote.remote_connection - DEBUG - Finished Request
2026-08-24 16:48:33 - selenium.webdriver.remote.remote_connection - DEBUG - POST http://localhost:50197/session/8f780dece5d2cfdafeea23fe28e4ff82/execute/sync {'script': "return document.querySelectorAll('[data-rpa-tag-id]').length > 0", 'args': []}
2026-08-24 16:48:33 - urllib3.connectionpool - DEBUG - http://localhost:50197 "POST /session/8f780dece5d2cfdafeea23fe28e4ff82/execute/sync HTTP/1.1" 200 0
2026-08-24 16:48:33 - selenium.webdriver.remote.remote_connection - DEBUG - Remote response: status=200 | data={"value":false} | headers=HTTPHeaderDict({'Content-Length': '15', 'Content-Type': 'application/json; charset=utf-8', 'cache-control': 'no-cache'})
2026-08-24 16:48:33 - selenium.webdriver.remote.remote_connection - DEBUG - Finished Request
2026-08-24 16:48:33 - selenium.webdriver.remote.remote_connection - DEBUG - POST http://localhost:50197/session/8f780dece5d2cfdafeea23fe28e4ff82/execute/sync {'script': "return document.querySelectorAll('[data-rpa-tag-id]').length > 0", 'args': []}
2026-08-24 16:48:33 - urllib3.connectionpool - DEBUG - http://localhost:50197 "POST /session/8f780dece5d2cfdafeea23fe28e4ff82/execute/sync HTTP/1.1" 200 0
2026-08-24 16:48:33 - selenium.webdriver.remote.remote_connection - DEBUG - Remote response: status=200 | data={"value":false} | headers=HTTPHeaderDict({'Content-Length': '15', 'Content-Type': 'application/json; charset=utf-8', 'cache-control': 'no-cache'})
2026-08-24 16:48:33 - selenium.webdriver.remote.remote_connection - DEBUG - Finished Request
2026-08-24 16:48:34 - selenium.webdriver.remote.remote_connection - DEBUG - POST http://localhost:50197/session/8f780dece5d2cfdafeea23fe28e4ff82/execute/sync {'script': "return document.querySelectorAll('[data-rpa-tag-id]').length > 0", 'args': []}
2026-08-24 16:48:34 - urllib3.connectionpool - DEBUG - http://localhost:50197 "POST /session/8f780dece5d2cfdafeea23fe28e4ff82/execute/sync HTTP/1.1" 200 0
2026-08-24 16:48:34 - selenium.webdriver.remote.remote_connection - DEBUG - Remote response: status=200 | data={"value":false} | headers=HTTPHeaderDict({'Content-Length': '15', 'Content-Type': 'application/json; charset=utf-8', 'cache-control': 'no-cache'})
2026-08-24 16:48:34 - selenium.webdriver.remote.remote_connection - DEBUG - Finished Request
2026-08-24 16:48:35 - selenium.webdriver.remote.remote_connection - DEBUG - POST http://localhost:50197/session/8f780dece5d2cfdafeea23fe28e4ff82/execute/sync {'script': "return document.querySelectorAll('[data-rpa-tag-id]').length > 0", 'args': []}
2026-08-24 16:48:35 - urllib3.connectionpool - DEBUG - http://localhost:50197 "POST /session/8f780dece5d2cfdafeea23fe28e4ff82/execute/sync HTTP/1.1" 200 0
2026-08-24 16:48:35 - selenium.webdriver.remote.remote_connection - DEBUG - Remote response: status=200 | data={"value":false} | headers=HTTPHeaderDict({'Content-Length': '15', 'Content-Type': 'application/json; charset=utf-8', 'cache-control': 'no-cache'})
2026-08-24 16:48:35 - selenium.webdriver.remote.remote_connection - DEBUG - Finished Request
2026-08-24 16:48:35 - selenium.webdriver.remote.remote_connection - DEBUG - POST http://localhost:50197/session/8f780dece5d2cfdafeea23fe28e4ff82/execute/sync {'script': "return document.querySelectorAll('[data-rpa-tag-id]').length > 0", 'args': []}
2026-08-24 16:48:35 - urllib3.connectionpool - DEBUG - http://localhost:50197 "POST /session/8f780dece5d2cfdafeea23fe28e4ff82/execute/sync HTTP/1.1" 200 0
2026-08-24 16:48:35 - selenium.webdriver.remote.remote_connection - DEBUG - Remote response: status=200 | data={"value":false} | headers=HTTPHeaderDict({'Content-Length': '15', 'Content-Type': 'application/json; charset=utf-8', 'cache-control': 'no-cache'})
2026-08-24 16:48:35 - selenium.webdriver.remote.remote_connection - DEBUG - Finished Request
2026-08-24 16:48:36 - selenium.webdriver.remote.remote_connection - DEBUG - POST http://localhost:50197/session/8f780dece5d2cfdafeea23fe28e4ff82/execute/sync {'script': "return document.querySelectorAll('[data-rpa-tag-id]').length > 0", 'args': []}
2026-08-24 16:48:36 - urllib3.connectionpool - DEBUG - http://localhost:50197 "POST /session/8f780dece5d2cfdafeea23fe28e4ff82/execute/sync HTTP/1.1" 200 0
2026-08-24 16:48:36 - selenium.webdriver.remote.remote_connection - DEBUG - Remote response: status=200 | data={"value":false} | headers=HTTPHeaderDict({'Content-Length': '15', 'Content-Type': 'application/json; charset=utf-8', 'cache-control': 'no-cache'})
2026-08-24 16:48:36 - selenium.webdriver.remote.remote_connection - DEBUG - Finished Request
2026-08-24 16:48:36 - selenium.webdriver.remote.remote_connection - DEBUG - POST http://localhost:50197/session/8f780dece5d2cfdafeea23fe28e4ff82/execute/sync {'script': "return document.querySelectorAll('[data-rpa-tag-id]').length > 0", 'args': []}
2026-08-24 16:48:36 - urllib3.connectionpool - DEBUG - http://localhost:50197 "POST /session/8f780dece5d2cfdafeea23fe28e4ff82/execute/sync HTTP/1.1" 200 0
2026-08-24 16:48:36 - selenium.webdriver.remote.remote_connection - DEBUG - Remote response: status=200 | data={"value":false} | headers=HTTPHeaderDict({'Content-Length': '15', 'Content-Type': 'application/json; charset=utf-8', 'cache-control': 'no-cache'})
2026-08-24 16:48:36 - selenium.webdriver.remote.remote_connection - DEBUG - Finished Request
2026-08-24 16:48:37 - selenium.webdriver.remote.remote_connection - DEBUG - POST http://localhost:50197/session/8f780dece5d2cfdafeea23fe28e4ff82/execute/sync {'script': "return document.querySelectorAll('[data-rpa-tag-id]').length > 0", 'args': []}
2026-08-24 16:48:37 - urllib3.connectionpool - DEBUG - http://localhost:50197 "POST /session/8f780dece5d2cfdafeea23fe28e4ff82/execute/sync HTTP/1.1" 200 0
2026-08-24 16:48:37 - selenium.webdriver.remote.remote_connection - DEBUG - Remote response: status=200 | data={"value":false} | headers=HTTPHeaderDict({'Content-Length': '15', 'Content-Type': 'application/json; charset=utf-8', 'cache-control': 'no-cache'})
2026-08-24 16:48:37 - selenium.webdriver.remote.remote_connection - DEBUG - Finished Request
2026-08-24 16:48:37 - selenium.webdriver.remote.remote_connection - DEBUG - POST http://localhost:50197/session/8f780dece5d2cfdafeea23fe28e4ff82/execute/sync {'script': "return document.querySelectorAll('[data-rpa-tag-id]').length > 0", 'args': []}
2026-08-24 16:48:37 - urllib3.connectionpool - DEBUG - http://localhost:50197 "POST /session/8f780dece5d2cfdafeea23fe28e4ff82/execute/sync HTTP/1.1" 200 0
2026-08-24 16:48:37 - selenium.webdriver.remote.remote_connection - DEBUG - Remote response: status=200 | data={"value":false} | headers=HTTPHeaderDict({'Content-Length': '15', 'Content-Type': 'application/json; charset=utf-8', 'cache-control': 'no-cache'})
2026-08-24 16:48:37 - selenium.webdriver.remote.remote_connection - DEBUG - Finished Request
2026-08-24 16:48:38 - selenium.webdriver.remote.remote_connection - DEBUG - POST http://localhost:50197/session/8f780dece5d2cfdafeea23fe28e4ff82/execute/sync {'script': "return document.querySelectorAll('[data-rpa-tag-id]').length > 0", 'args': []}
2026-08-24 16:48:38 - urllib3.connectionpool - DEBUG - http://localhost:50197 "POST /session/8f780dece5d2cfdafeea23fe28e4ff82/execute/sync HTTP/1.1" 200 0
2026-08-24 16:48:38 - selenium.webdriver.remote.remote_connection - DEBUG - Remote response: status=200 | data={"value":false} | headers=HTTPHeaderDict({'Content-Length': '15', 'Content-Type': 'application/json; charset=utf-8', 'cache-control': 'no-cache'})
2026-08-24 16:48:38 - selenium.webdriver.remote.remote_connection - DEBUG - Finished Request
2026-08-24 16:48:38 - selenium.webdriver.remote.remote_connection - DEBUG - POST http://localhost:50197/session/8f780dece5d2cfdafeea23fe28e4ff82/execute/sync {'script': "return document.querySelectorAll('[data-rpa-tag-id]').length > 0", 'args': []}
2026-08-24 16:48:38 - urllib3.connectionpool - DEBUG - http://localhost:50197 "POST /session/8f780dece5d2cfdafeea23fe28e4ff82/execute/sync HTTP/1.1" 200 0
2026-08-24 16:48:38 - selenium.webdriver.remote.remote_connection - DEBUG - Remote response: status=200 | data={"value":false} | headers=HTTPHeaderDict({'Content-Length': '15', 'Content-Type': 'application/json; charset=utf-8', 'cache-control': 'no-cache'})
2026-08-24 16:48:38 - selenium.webdriver.remote.remote_connection - DEBUG - Finished Request
2026-08-24 16:48:39 - selenium.webdriver.remote.remote_connection - DEBUG - POST http://localhost:50197/session/8f780dece5d2cfdafeea23fe28e4ff82/execute/sync {'script': "return document.querySelectorAll('[data-rpa-tag-id]').length > 0", 'args': []}
2026-08-24 16:48:39 - urllib3.connectionpool - DEBUG - http://localhost:50197 "POST /session/8f780dece5d2cfdafeea23fe28e4ff82/execute/sync HTTP/1.1" 200 0
2026-08-24 16:48:39 - selenium.webdriver.remote.remote_connection - DEBUG - Remote response: status=200 | data={"value":false} | headers=HTTPHeaderDict({'Content-Length': '15', 'Content-Type': 'application/json; charset=utf-8', 'cache-control': 'no-cache'})
2026-08-24 16:48:39 - selenium.webdriver.remote.remote_connection - DEBUG - Finished Request
2026-08-24 16:48:39 - selenium.webdriver.remote.remote_connection - DEBUG - POST http://localhost:50197/session/8f780dece5d2cfdafeea23fe28e4ff82/execute/sync {'script': "return document.querySelectorAll('[data-rpa-tag-id]').length > 0", 'args': []}
2026-08-24 16:48:39 - urllib3.connectionpool - DEBUG - http://localhost:50197 "POST /session/8f780dece5d2cfdafeea23fe28e4ff82/execute/sync HTTP/1.1" 200 0
2026-08-24 16:48:39 - selenium.webdriver.remote.remote_connection - DEBUG - Remote response: status=200 | data={"value":false} | headers=HTTPHeaderDict({'Content-Length': '15', 'Content-Type': 'application/json; charset=utf-8', 'cache-control': 'no-cache'})
2026-08-24 16:48:39 - selenium.webdriver.remote.remote_connection - DEBUG - Finished Request
2026-08-24 16:48:40 - selenium.webdriver.remote.remote_connection - DEBUG - POST http://localhost:50197/session/8f780dece5d2cfdafeea23fe28e4ff82/execute/sync {'script': "return document.querySelectorAll('[data-rpa-tag-id]').length > 0", 'args': []}
2026-08-24 16:48:40 - urllib3.connectionpool - DEBUG - http://localhost:50197 "POST /session/8f780dece5d2cfdafeea23fe28e4ff82/execute/sync HTTP/1.1" 200 0
2026-08-24 16:48:40 - selenium.webdriver.remote.remote_connection - DEBUG - Remote response: status=200 | data={"value":false} | headers=HTTPHeaderDict({'Content-Length': '15', 'Content-Type': 'application/json; charset=utf-8', 'cache-control': 'no-cache'})
2026-08-24 16:48:40 - selenium.webdriver.remote.remote_connection - DEBUG - Finished Request
2026-08-24 16:48:40 - selenium.webdriver.remote.remote_connection - DEBUG - POST http://localhost:50197/session/8f780dece5d2cfdafeea23fe28e4ff82/execute/sync {'script': "return document.querySelectorAll('[data-rpa-tag-id]').length > 0", 'args': []}
2026-08-24 16:48:40 - urllib3.connectionpool - DEBUG - http://localhost:50197 "POST /session/8f780dece5d2cfdafeea23fe28e4ff82/execute/sync HTTP/1.1" 200 0
2026-08-24 16:48:40 - selenium.webdriver.remote.remote_connection - DEBUG - Remote response: status=200 | data={"value":false} | headers=HTTPHeaderDict({'Content-Length': '15', 'Content-Type': 'application/json; charset=utf-8', 'cache-control': 'no-cache'})
2026-08-24 16:48:40 - selenium.webdriver.remote.remote_connection - DEBUG - Finished Request
2026-08-24 16:48:41 - selenium.webdriver.remote.remote_connection - DEBUG - POST http://localhost:50197/session/8f780dece5d2cfdafeea23fe28e4ff82/execute/sync {'script': "return document.querySelectorAll('[data-rpa-tag-id]').length > 0", 'args': []}
2026-08-24 16:48:41 - urllib3.connectionpool - DEBUG - http://localhost:50197 "POST /session/8f780dece5d2cfdafeea23fe28e4ff82/execute/sync HTTP/1.1" 200 0
2026-08-24 16:48:41 - selenium.webdriver.remote.remote_connection - DEBUG - Remote response: status=200 | data={"value":false} | headers=HTTPHeaderDict({'Content-Length': '15', 'Content-Type': 'application/json; charset=utf-8', 'cache-control': 'no-cache'})
2026-08-24 16:48:41 - selenium.webdriver.remote.remote_connection - DEBUG - Finished Request
2026-08-24 16:48:41 - selenium.webdriver.remote.remote_connection - DEBUG - POST http://localhost:50197/session/8f780dece5d2cfdafeea23fe28e4ff82/execute/sync {'script': "return document.querySelectorAll('[data-rpa-tag-id]').length > 0", 'args': []}
2026-08-24 16:48:41 - urllib3.connectionpool - DEBUG - http://localhost:50197 "POST /session/8f780dece5d2cfdafeea23fe28e4ff82/execute/sync HTTP/1.1" 200 0
2026-08-24 16:48:41 - selenium.webdriver.remote.remote_connection - DEBUG - Remote response: status=200 | data={"value":false} | headers=HTTPHeaderDict({'Content-Length': '15', 'Content-Type': 'application/json; charset=utf-8', 'cache-control': 'no-cache'})
2026-08-24 16:48:41 - selenium.webdriver.remote.remote_connection - DEBUG - Finished Request
2026-08-24 16:48:42 - selenium.webdriver.remote.remote_connection - DEBUG - POST http://localhost:50197/session/8f780dece5d2cfdafeea23fe28e4ff82/execute/sync {'script': "return document.querySelectorAll('[data-rpa-tag-id]').length > 0", 'args': []}
2026-08-24 16:48:42 - urllib3.connectionpool - DEBUG - http://localhost:50197 "POST /session/8f780dece5d2cfdafeea23fe28e4ff82/execute/sync HTTP/1.1" 200 0
2026-08-24 16:48:42 - selenium.webdriver.remote.remote_connection - DEBUG - Remote response: status=200 | data={"value":false} | headers=HTTPHeaderDict({'Content-Length': '15', 'Content-Type': 'application/json; charset=utf-8', 'cache-control': 'no-cache'})
2026-08-24 16:48:42 - selenium.webdriver.remote.remote_connection - DEBUG - Finished Request
2026-08-24 16:48:42 - selenium.webdriver.remote.remote_connection - DEBUG - POST http://localhost:50197/session/8f780dece5d2cfdafeea23fe28e4ff82/execute/sync {'script': "return document.querySelectorAll('[data-rpa-tag-id]').length > 0", 'args': []}
2026-08-24 16:48:42 - urllib3.connectionpool - DEBUG - http://localhost:50197 "POST /session/8f780dece5d2cfdafeea23fe28e4ff82/execute/sync HTTP/1.1" 200 0
2026-08-24 16:48:42 - selenium.webdriver.remote.remote_connection - DEBUG - Remote response: status=200 | data={"value":false} | headers=HTTPHeaderDict({'Content-Length': '15', 'Content-Type': 'application/json; charset=utf-8', 'cache-control': 'no-cache'})
2026-08-24 16:48:42 - selenium.webdriver.remote.remote_connection - DEBUG - Finished Request
2026-08-24 16:48:43 - selenium.webdriver.remote.remote_connection - DEBUG - POST http://localhost:50197/session/8f780dece5d2cfdafeea23fe28e4ff82/execute/sync {'script': "return document.querySelectorAll('[data-rpa-tag-id]').length > 0", 'args': []}
2026-08-24 16:48:43 - urllib3.connectionpool - DEBUG - http://localhost:50197 "POST /session/8f780dece5d2cfdafeea23fe28e4ff82/execute/sync HTTP/1.1" 200 0
2026-08-24 16:48:43 - selenium.webdriver.remote.remote_connection - DEBUG - Remote response: status=200 | data={"value":false} | headers=HTTPHeaderDict({'Content-Length': '15', 'Content-Type': 'application/json; charset=utf-8', 'cache-control': 'no-cache'})
2026-08-24 16:48:43 - selenium.webdriver.remote.remote_connection - DEBUG - Finished Request
2026-08-24 16:48:43 - selenium.webdriver.remote.remote_connection - DEBUG - POST http://localhost:50197/session/8f780dece5d2cfdafeea23fe28e4ff82/execute/sync {'script': "return document.querySelectorAll('[data-rpa-tag-id]').length > 0", 'args': []}
2026-08-24 16:48:43 - urllib3.connectionpool - DEBUG - http://localhost:50197 "POST /session/8f780dece5d2cfdafeea23fe28e4ff82/execute/sync HTTP/1.1" 200 0
2026-08-24 16:48:43 - selenium.webdriver.remote.remote_connection - DEBUG - Remote response: status=200 | data={"value":false} | headers=HTTPHeaderDict({'Content-Length': '15', 'Content-Type': 'application/json; charset=utf-8', 'cache-control': 'no-cache'})
2026-08-24 16:48:43 - selenium.webdriver.remote.remote_connection - DEBUG - Finished Request
2026-08-24 16:48:44 - selenium.webdriver.remote.remote_connection - DEBUG - POST http://localhost:50197/session/8f780dece5d2cfdafeea23fe28e4ff82/execute/sync {'script': "return document.querySelectorAll('[data-rpa-tag-id]').length > 0", 'args': []}
2026-08-24 16:48:44 - urllib3.connectionpool - DEBUG - http://localhost:50197 "POST /session/8f780dece5d2cfdafeea23fe28e4ff82/execute/sync HTTP/1.1" 200 0
2026-08-24 16:48:44 - selenium.webdriver.remote.remote_connection - DEBUG - Remote response: status=200 | data={"value":false} | headers=HTTPHeaderDict({'Content-Length': '15', 'Content-Type': 'application/json; charset=utf-8', 'cache-control': 'no-cache'})
2026-08-24 16:48:44 - selenium.webdriver.remote.remote_connection - DEBUG - Finished Request
2026-08-24 16:48:44 - selenium.webdriver.remote.remote_connection - DEBUG - POST http://localhost:50197/session/8f780dece5d2cfdafeea23fe28e4ff82/execute/sync {'script': "return document.querySelectorAll('[data-rpa-tag-id]').length > 0", 'args': []}
2026-08-24 16:48:44 - urllib3.connectionpool - DEBUG - http://localhost:50197 "POST /session/8f780dece5d2cfdafeea23fe28e4ff82/execute/sync HTTP/1.1" 200 0
2026-08-24 16:48:44 - selenium.webdriver.remote.remote_connection - DEBUG - Remote response: status=200 | data={"value":false} | headers=HTTPHeaderDict({'Content-Length': '15', 'Content-Type': 'application/json; charset=utf-8', 'cache-control': 'no-cache'})
2026-08-24 16:48:44 - selenium.webdriver.remote.remote_connection - DEBUG - Finished Request
2026-08-24 16:48:45 - selenium.webdriver.remote.remote_connection - DEBUG - POST http://localhost:50197/session/8f780dece5d2cfdafeea23fe28e4ff82/execute/sync {'script': "return document.querySelectorAll('[data-rpa-tag-id]').length > 0", 'args': []}
2026-08-24 16:48:45 - urllib3.connectionpool - DEBUG - http://localhost:50197 "POST /session/8f780dece5d2cfdafeea23fe28e4ff82/execute/sync HTTP/1.1" 200 0
2026-08-24 16:48:45 - selenium.webdriver.remote.remote_connection - DEBUG - Remote response: status=200 | data={"value":false} | headers=HTTPHeaderDict({'Content-Length': '15', 'Content-Type': 'application/json; charset=utf-8', 'cache-control': 'no-cache'})
2026-08-24 16:48:45 - selenium.webdriver.remote.remote_connection - DEBUG - Finished Request
2026-08-24 16:48:45 - selenium.webdriver.remote.remote_connection - DEBUG - POST http://localhost:50197/session/8f780dece5d2cfdafeea23fe28e4ff82/execute/sync {'script': "return document.querySelectorAll('[data-rpa-tag-id]').length > 0", 'args': []}
2026-08-24 16:48:45 - urllib3.connectionpool - DEBUG - http://localhost:50197 "POST /session/8f780dece5d2cfdafeea23fe28e4ff82/execute/sync HTTP/1.1" 200 0
2026-08-24 16:48:45 - selenium.webdriver.remote.remote_connection - DEBUG - Remote response: status=200 | data={"value":false} | headers=HTTPHeaderDict({'Content-Length': '15', 'Content-Type': 'application/json; charset=utf-8', 'cache-control': 'no-cache'})
2026-08-24 16:48:45 - selenium.webdriver.remote.remote_connection - DEBUG - Finished Request
2026-08-24 16:48:46 - selenium.webdriver.remote.remote_connection - DEBUG - POST http://localhost:50197/session/8f780dece5d2cfdafeea23fe28e4ff82/execute/sync {'script': "return document.querySelectorAll('[data-rpa-tag-id]').length > 0", 'args': []}
2026-08-24 16:48:46 - urllib3.connectionpool - DEBUG - http://localhost:50197 "POST /session/8f780dece5d2cfdafeea23fe28e4ff82/execute/sync HTTP/1.1" 200 0
2026-08-24 16:48:46 - selenium.webdriver.remote.remote_connection - DEBUG - Remote response: status=200 | data={"value":false} | headers=HTTPHeaderDict({'Content-Length': '15', 'Content-Type': 'application/json; charset=utf-8', 'cache-control': 'no-cache'})
2026-08-24 16:48:46 - selenium.webdriver.remote.remote_connection - DEBUG - Finished Request
2026-08-24 16:48:46 - selenium.webdriver.remote.remote_connection - DEBUG - POST http://localhost:50197/session/8f780dece5d2cfdafeea23fe28e4ff82/execute/sync {'script': "return document.querySelectorAll('[data-rpa-tag-id]').length > 0", 'args': []}
2026-08-24 16:48:46 - urllib3.connectionpool - DEBUG - http://localhost:50197 "POST /session/8f780dece5d2cfdafeea23fe28e4ff82/execute/sync HTTP/1.1" 200 0
2026-08-24 16:48:46 - selenium.webdriver.remote.remote_connection - DEBUG - Remote response: status=200 | data={"value":false} | headers=HTTPHeaderDict({'Content-Length': '15', 'Content-Type': 'application/json; charset=utf-8', 'cache-control': 'no-cache'})
2026-08-24 16:48:46 - selenium.webdriver.remote.remote_connection - DEBUG - Finished Request
2026-08-24 16:48:46 - scraper - WARNING - Angular did not bootstrap within 30s — will refresh
2026-08-24 16:48:46 - scraper - INFO - Angular stalled — refreshing page (bundle now cached)
2026-08-24 16:48:46 - selenium.webdriver.remote.remote_connection - DEBUG - POST http://localhost:50197/session/8f780dece5d2cfdafeea23fe28e4ff82/refresh {}
2026-08-24 16:48:48 - urllib3.connectionpool - DEBUG - http://localhost:50197 "POST /session/8f780dece5d2cfdafeea23fe28e4ff82/refresh HTTP/1.1" 200 0
2026-08-24 16:48:48 - selenium.webdriver.remote.remote_connection - DEBUG - Remote response: status=200 | data={"value":null} | headers=HTTPHeaderDict({'Content-Length': '14', 'Content-Type': 'application/json; charset=utf-8', 'cache-control': 'no-cache'})
2026-08-24 16:48:48 - selenium.webdriver.remote.remote_connection - DEBUG - Finished Request
2026-08-24 16:48:48 - selenium.webdriver.remote.remote_connection - DEBUG - POST http://localhost:50197/session/8f780dece5d2cfdafeea23fe28e4ff82/execute/sync {'script': "\n                var candidates = [\n                    document.querySelector('#onetrust-accept-btn...", 'args': []}
2026-08-24 16:48:48 - urllib3.connectionpool - DEBUG - http://localhost:50197 "POST /session/8f780dece5d2cfdafeea23fe28e4ff82/execute/sync HTTP/1.1" 200 0
2026-08-24 16:48:48 - selenium.webdriver.remote.remote_connection - DEBUG - Remote response: status=200 | data={"value":null} | headers=HTTPHeaderDict({'Content-Length': '14', 'Content-Type': 'application/json; charset=utf-8', 'cache-control': 'no-cache'})
2026-08-24 16:48:48 - selenium.webdriver.remote.remote_connection - DEBUG - Finished Request
2026-08-24 16:48:48 - selenium.webdriver.remote.remote_connection - DEBUG - POST http://localhost:50197/session/8f780dece5d2cfdafeea23fe28e4ff82/execute/sync {'script': "return document.querySelectorAll('[data-rpa-tag-id]').length > 0", 'args': []}
2026-08-24 16:48:49 - urllib3.connectionpool - DEBUG - http://localhost:50197 "POST /session/8f780dece5d2cfdafeea23fe28e4ff82/execute/sync HTTP/1.1" 200 0
2026-08-24 16:48:49 - selenium.webdriver.remote.remote_connection - DEBUG - Remote response: status=200 | data={"value":false} | headers=HTTPHeaderDict({'Content-Length': '15', 'Content-Type': 'application/json; charset=utf-8', 'cache-control': 'no-cache'})
2026-08-24 16:48:49 - selenium.webdriver.remote.remote_connection - DEBUG - Finished Request
2026-08-24 16:48:49 - selenium.webdriver.remote.remote_connection - DEBUG - POST http://localhost:50197/session/8f780dece5d2cfdafeea23fe28e4ff82/execute/sync {'script': "return document.querySelectorAll('[data-rpa-tag-id]').length > 0", 'args': []}
2026-08-24 16:48:51 - urllib3.connectionpool - DEBUG - http://localhost:50197 "POST /session/8f780dece5d2cfdafeea23fe28e4ff82/execute/sync HTTP/1.1" 200 0
2026-08-24 16:48:51 - selenium.webdriver.remote.remote_connection - DEBUG - Remote response: status=200 | data={"value":false} | headers=HTTPHeaderDict({'Content-Length': '15', 'Content-Type': 'application/json; charset=utf-8', 'cache-control': 'no-cache'})
2026-08-24 16:48:51 - selenium.webdriver.remote.remote_connection - DEBUG - Finished Request
2026-08-24 16:48:51 - selenium.webdriver.remote.remote_connection - DEBUG - POST http://localhost:50197/session/8f780dece5d2cfdafeea23fe28e4ff82/execute/sync {'script': "return document.querySelectorAll('[data-rpa-tag-id]').length > 0", 'args': []}
2026-08-24 16:48:51 - urllib3.connectionpool - DEBUG - http://localhost:50197 "POST /session/8f780dece5d2cfdafeea23fe28e4ff82/execute/sync HTTP/1.1" 200 0
2026-08-24 16:48:51 - selenium.webdriver.remote.remote_connection - DEBUG - Remote response: status=200 | data={"value":false} | headers=HTTPHeaderDict({'Content-Length': '15', 'Content-Type': 'application/json; charset=utf-8', 'cache-control': 'no-cache'})
2026-08-24 16:48:51 - selenium.webdriver.remote.remote_connection - DEBUG - Finished Request
2026-08-24 16:48:52 - selenium.webdriver.remote.remote_connection - DEBUG - POST http://localhost:50197/session/8f780dece5d2cfdafeea23fe28e4ff82/execute/sync {'script': "return document.querySelectorAll('[data-rpa-tag-id]').length > 0", 'args': []}
2026-08-24 16:48:52 - urllib3.connectionpool - DEBUG - http://localhost:50197 "POST /session/8f780dece5d2cfdafeea23fe28e4ff82/execute/sync HTTP/1.1" 200 0
2026-08-24 16:48:52 - selenium.webdriver.remote.remote_connection - DEBUG - Remote response: status=200 | data={"value":false} | headers=HTTPHeaderDict({'Content-Length': '15', 'Content-Type': 'application/json; charset=utf-8', 'cache-control': 'no-cache'})
2026-08-24 16:48:52 - selenium.webdriver.remote.remote_connection - DEBUG - Finished Request
2026-08-24 16:48:52 - selenium.webdriver.remote.remote_connection - DEBUG - POST http://localhost:50197/session/8f780dece5d2cfdafeea23fe28e4ff82/execute/sync {'script': "return document.querySelectorAll('[data-rpa-tag-id]').length > 0", 'args': []}
2026-08-24 16:48:52 - urllib3.connectionpool - DEBUG - http://localhost:50197 "POST /session/8f780dece5d2cfdafeea23fe28e4ff82/execute/sync HTTP/1.1" 200 0
2026-08-24 16:48:52 - selenium.webdriver.remote.remote_connection - DEBUG - Remote response: status=200 | data={"value":false} | headers=HTTPHeaderDict({'Content-Length': '15', 'Content-Type': 'application/json; charset=utf-8', 'cache-control': 'no-cache'})
2026-08-24 16:48:52 - selenium.webdriver.remote.remote_connection - DEBUG - Finished Request
2026-08-24 16:48:53 - selenium.webdriver.remote.remote_connection - DEBUG - POST http://localhost:50197/session/8f780dece5d2cfdafeea23fe28e4ff82/execute/sync {'script': "return document.querySelectorAll('[data-rpa-tag-id]').length > 0", 'args': []}
2026-08-24 16:48:53 - urllib3.connectionpool - DEBUG - http://localhost:50197 "POST /session/8f780dece5d2cfdafeea23fe28e4ff82/execute/sync HTTP/1.1" 200 0
2026-08-24 16:48:53 - selenium.webdriver.remote.remote_connection - DEBUG - Remote response: status=200 | data={"value":false} | headers=HTTPHeaderDict({'Content-Length': '15', 'Content-Type': 'application/json; charset=utf-8', 'cache-control': 'no-cache'})
2026-08-24 16:48:53 - selenium.webdriver.remote.remote_connection - DEBUG - Finished Request
2026-08-24 16:48:53 - selenium.webdriver.remote.remote_connection - DEBUG - POST http://localhost:50197/session/8f780dece5d2cfdafeea23fe28e4ff82/execute/sync {'script': "return document.querySelectorAll('[data-rpa-tag-id]').length > 0", 'args': []}
2026-08-24 16:48:53 - urllib3.connectionpool - DEBUG - http://localhost:50197 "POST /session/8f780dece5d2cfdafeea23fe28e4ff82/execute/sync HTTP/1.1" 200 0
2026-08-24 16:48:53 - selenium.webdriver.remote.remote_connection - DEBUG - Remote response: status=200 | data={"value":false} | headers=HTTPHeaderDict({'Content-Length': '15', 'Content-Type': 'application/json; charset=utf-8', 'cache-control': 'no-cache'})
2026-08-24 16:48:53 - selenium.webdriver.remote.remote_connection - DEBUG - Finished Request
2026-08-24 16:48:54 - selenium.webdriver.remote.remote_connection - DEBUG - POST http://localhost:50197/session/8f780dece5d2cfdafeea23fe28e4ff82/execute/sync {'script': "return document.querySelectorAll('[data-rpa-tag-id]').length > 0", 'args': []}
2026-08-24 16:48:54 - urllib3.connectionpool - DEBUG - http://localhost:50197 "POST /session/8f780dece5d2cfdafeea23fe28e4ff82/execute/sync HTTP/1.1" 200 0
2026-08-24 16:48:54 - selenium.webdriver.remote.remote_connection - DEBUG - Remote response: status=200 | data={"value":false} | headers=HTTPHeaderDict({'Content-Length': '15', 'Content-Type': 'application/json; charset=utf-8', 'cache-control': 'no-cache'})
2026-08-24 16:48:54 - selenium.webdriver.remote.remote_connection - DEBUG - Finished Request
2026-08-24 16:48:54 - selenium.webdriver.remote.remote_connection - DEBUG - POST http://localhost:50197/session/8f780dece5d2cfdafeea23fe28e4ff82/execute/sync {'script': "return document.querySelectorAll('[data-rpa-tag-id]').length > 0", 'args': []}
2026-08-24 16:48:54 - urllib3.connectionpool - DEBUG - http://localhost:50197 "POST /session/8f780dece5d2cfdafeea23fe28e4ff82/execute/sync HTTP/1.1" 200 0
2026-08-24 16:48:54 - selenium.webdriver.remote.remote_connection - DEBUG - Remote response: status=200 | data={"value":false} | headers=HTTPHeaderDict({'Content-Length': '15', 'Content-Type': 'application/json; charset=utf-8', 'cache-control': 'no-cache'})
2026-08-24 16:48:54 - selenium.webdriver.remote.remote_connection - DEBUG - Finished Request
2026-08-24 16:48:55 - selenium.webdriver.remote.remote_connection - DEBUG - POST http://localhost:50197/session/8f780dece5d2cfdafeea23fe28e4ff82/execute/sync {'script': "return document.querySelectorAll('[data-rpa-tag-id]').length > 0", 'args': []}
2026-08-24 16:48:55 - urllib3.connectionpool - DEBUG - http://localhost:50197 "POST /session/8f780dece5d2cfdafeea23fe28e4ff82/execute/sync HTTP/1.1" 200 0
2026-08-24 16:48:55 - selenium.webdriver.remote.remote_connection - DEBUG - Remote response: status=200 | data={"value":false} | headers=HTTPHeaderDict({'Content-Length': '15', 'Content-Type': 'application/json; charset=utf-8', 'cache-control': 'no-cache'})
2026-08-24 16:48:55 - selenium.webdriver.remote.remote_connection - DEBUG - Finished Request
2026-08-24 16:48:55 - selenium.webdriver.remote.remote_connection - DEBUG - POST http://localhost:50197/session/8f780dece5d2cfdafeea23fe28e4ff82/execute/sync {'script': "return document.querySelectorAll('[data-rpa-tag-id]').length > 0", 'args': []}
2026-08-24 16:48:56 - urllib3.connectionpool - DEBUG - http://localhost:50197 "POST /session/8f780dece5d2cfdafeea23fe28e4ff82/execute/sync HTTP/1.1" 200 0
2026-08-24 16:48:56 - selenium.webdriver.remote.remote_connection - DEBUG - Remote response: status=200 | data={"value":false} | headers=HTTPHeaderDict({'Content-Length': '15', 'Content-Type': 'application/json; charset=utf-8', 'cache-control': 'no-cache'})
2026-08-24 16:48:56 - selenium.webdriver.remote.remote_connection - DEBUG - Finished Request
2026-08-24 16:48:56 - selenium.webdriver.remote.remote_connection - DEBUG - POST http://localhost:50197/session/8f780dece5d2cfdafeea23fe28e4ff82/execute/sync {'script': "return document.querySelectorAll('[data-rpa-tag-id]').length > 0", 'args': []}
2026-08-24 16:48:56 - urllib3.connectionpool - DEBUG - http://localhost:50197 "POST /session/8f780dece5d2cfdafeea23fe28e4ff82/execute/sync HTTP/1.1" 200 0
2026-08-24 16:48:56 - selenium.webdriver.remote.remote_connection - DEBUG - Remote response: status=200 | data={"value":false} | headers=HTTPHeaderDict({'Content-Length': '15', 'Content-Type': 'application/json; charset=utf-8', 'cache-control': 'no-cache'})
2026-08-24 16:48:56 - selenium.webdriver.remote.remote_connection - DEBUG - Finished Request
2026-08-24 16:48:57 - selenium.webdriver.remote.remote_connection - DEBUG - POST http://localhost:50197/session/8f780dece5d2cfdafeea23fe28e4ff82/execute/sync {'script': "return document.querySelectorAll('[data-rpa-tag-id]').length > 0", 'args': []}
2026-08-24 16:48:57 - urllib3.connectionpool - DEBUG - http://localhost:50197 "POST /session/8f780dece5d2cfdafeea23fe28e4ff82/execute/sync HTTP/1.1" 200 0
2026-08-24 16:48:57 - selenium.webdriver.remote.remote_connection - DEBUG - Remote response: status=200 | data={"value":false} | headers=HTTPHeaderDict({'Content-Length': '15', 'Content-Type': 'application/json; charset=utf-8', 'cache-control': 'no-cache'})
2026-08-24 16:48:57 - selenium.webdriver.remote.remote_connection - DEBUG - Finished Request
2026-08-24 16:48:57 - selenium.webdriver.remote.remote_connection - DEBUG - POST http://localhost:50197/session/8f780dece5d2cfdafeea23fe28e4ff82/execute/sync {'script': "return document.querySelectorAll('[data-rpa-tag-id]').length > 0", 'args': []}
2026-08-24 16:48:57 - urllib3.connectionpool - DEBUG - http://localhost:50197 "POST /session/8f780dece5d2cfdafeea23fe28e4ff82/execute/sync HTTP/1.1" 200 0
2026-08-24 16:48:57 - selenium.webdriver.remote.remote_connection - DEBUG - Remote response: status=200 | data={"value":false} | headers=HTTPHeaderDict({'Content-Length': '15', 'Content-Type': 'application/json; charset=utf-8', 'cache-control': 'no-cache'})
2026-08-24 16:48:57 - selenium.webdriver.remote.remote_connection - DEBUG - Finished Request
2026-08-24 16:48:58 - selenium.webdriver.remote.remote_connection - DEBUG - POST http://localhost:50197/session/8f780dece5d2cfdafeea23fe28e4ff82/execute/sync {'script': "return document.querySelectorAll('[data-rpa-tag-id]').length > 0", 'args': []}
2026-08-24 16:48:58 - urllib3.connectionpool - DEBUG - http://localhost:50197 "POST /session/8f780dece5d2cfdafeea23fe28e4ff82/execute/sync HTTP/1.1" 200 0
2026-08-24 16:48:58 - selenium.webdriver.remote.remote_connection - DEBUG - Remote response: status=200 | data={"value":false} | headers=HTTPHeaderDict({'Content-Length': '15', 'Content-Type': 'application/json; charset=utf-8', 'cache-control': 'no-cache'})
2026-08-24 16:48:58 - selenium.webdriver.remote.remote_connection - DEBUG - Finished Request
2026-08-24 16:48:58 - selenium.webdriver.remote.remote_connection - DEBUG - POST http://localhost:50197/session/8f780dece5d2cfdafeea23fe28e4ff82/execute/sync {'script': "return document.querySelectorAll('[data-rpa-tag-id]').length > 0", 'args': []}
2026-08-24 16:48:58 - urllib3.connectionpool - DEBUG - http://localhost:50197 "POST /session/8f780dece5d2cfdafeea23fe28e4ff82/execute/sync HTTP/1.1" 200 0
2026-08-24 16:48:58 - selenium.webdriver.remote.remote_connection - DEBUG - Remote response: status=200 | data={"value":false} | headers=HTTPHeaderDict({'Content-Length': '15', 'Content-Type': 'application/json; charset=utf-8', 'cache-control': 'no-cache'})
2026-08-24 16:48:58 - selenium.webdriver.remote.remote_connection - DEBUG - Finished Request
2026-08-24 16:48:59 - selenium.webdriver.remote.remote_connection - DEBUG - POST http://localhost:50197/session/8f780dece5d2cfdafeea23fe28e4ff82/execute/sync {'script': "return document.querySelectorAll('[data-rpa-tag-id]').length > 0", 'args': []}
2026-08-24 16:48:59 - urllib3.connectionpool - DEBUG - http://localhost:50197 "POST /session/8f780dece5d2cfdafeea23fe28e4ff82/execute/sync HTTP/1.1" 200 0
2026-08-24 16:48:59 - selenium.webdriver.remote.remote_connection - DEBUG - Remote response: status=200 | data={"value":false} | headers=HTTPHeaderDict({'Content-Length': '15', 'Content-Type': 'application/json; charset=utf-8', 'cache-control': 'no-cache'})
2026-08-24 16:48:59 - selenium.webdriver.remote.remote_connection - DEBUG - Finished Request
2026-08-24 16:48:59 - selenium.webdriver.remote.remote_connection - DEBUG - POST http://localhost:50197/session/8f780dece5d2cfdafeea23fe28e4ff82/execute/sync {'script': "return document.querySelectorAll('[data-rpa-tag-id]').length > 0", 'args': []}
2026-08-24 16:48:59 - urllib3.connectionpool - DEBUG - http://localhost:50197 "POST /session/8f780dece5d2cfdafeea23fe28e4ff82/execute/sync HTTP/1.1" 200 0
2026-08-24 16:48:59 - selenium.webdriver.remote.remote_connection - DEBUG - Remote response: status=200 | data={"value":false} | headers=HTTPHeaderDict({'Content-Length': '15', 'Content-Type': 'application/json; charset=utf-8', 'cache-control': 'no-cache'})
2026-08-24 16:48:59 - selenium.webdriver.remote.remote_connection - DEBUG - Finished Request
2026-08-24 16:49:00 - selenium.webdriver.remote.remote_connection - DEBUG - POST http://localhost:50197/session/8f780dece5d2cfdafeea23fe28e4ff82/execute/sync {'script': "return document.querySelectorAll('[data-rpa-tag-id]').length > 0", 'args': []}
2026-08-24 16:49:00 - urllib3.connectionpool - DEBUG - http://localhost:50197 "POST /session/8f780dece5d2cfdafeea23fe28e4ff82/execute/sync HTTP/1.1" 200 0
2026-08-24 16:49:00 - selenium.webdriver.remote.remote_connection - DEBUG - Remote response: status=200 | data={"value":false} | headers=HTTPHeaderDict({'Content-Length': '15', 'Content-Type': 'application/json; charset=utf-8', 'cache-control': 'no-cache'})
2026-08-24 16:49:00 - selenium.webdriver.remote.remote_connection - DEBUG - Finished Request
2026-08-24 16:49:00 - selenium.webdriver.remote.remote_connection - DEBUG - POST http://localhost:50197/session/8f780dece5d2cfdafeea23fe28e4ff82/execute/sync {'script': "return document.querySelectorAll('[data-rpa-tag-id]').length > 0", 'args': []}
2026-08-24 16:49:00 - urllib3.connectionpool - DEBUG - http://localhost:50197 "POST /session/8f780dece5d2cfdafeea23fe28e4ff82/execute/sync HTTP/1.1" 200 0
2026-08-24 16:49:00 - selenium.webdriver.remote.remote_connection - DEBUG - Remote response: status=200 | data={"value":false} | headers=HTTPHeaderDict({'Content-Length': '15', 'Content-Type': 'application/json; charset=utf-8', 'cache-control': 'no-cache'})
2026-08-24 16:49:00 - selenium.webdriver.remote.remote_connection - DEBUG - Finished Request
2026-08-24 16:49:01 - selenium.webdriver.remote.remote_connection - DEBUG - POST http://localhost:50197/session/8f780dece5d2cfdafeea23fe28e4ff82/execute/sync {'script': "return document.querySelectorAll('[data-rpa-tag-id]').length > 0", 'args': []}
2026-08-24 16:49:01 - urllib3.connectionpool - DEBUG - http://localhost:50197 "POST /session/8f780dece5d2cfdafeea23fe28e4ff82/execute/sync HTTP/1.1" 200 0
2026-08-24 16:49:01 - selenium.webdriver.remote.remote_connection - DEBUG - Remote response: status=200 | data={"value":false} | headers=HTTPHeaderDict({'Content-Length': '15', 'Content-Type': 'application/json; charset=utf-8', 'cache-control': 'no-cache'})
2026-08-24 16:49:01 - selenium.webdriver.remote.remote_connection - DEBUG - Finished Request
2026-08-24 16:49:01 - selenium.webdriver.remote.remote_connection - DEBUG - POST http://localhost:50197/session/8f780dece5d2cfdafeea23fe28e4ff82/execute/sync {'script': "return document.querySelectorAll('[data-rpa-tag-id]').length > 0", 'args': []}
2026-08-24 16:49:01 - urllib3.connectionpool - DEBUG - http://localhost:50197 "POST /session/8f780dece5d2cfdafeea23fe28e4ff82/execute/sync HTTP/1.1" 200 0
2026-08-24 16:49:01 - selenium.webdriver.remote.remote_connection - DEBUG - Remote response: status=200 | data={"value":false} | headers=HTTPHeaderDict({'Content-Length': '15', 'Content-Type': 'application/json; charset=utf-8', 'cache-control': 'no-cache'})
2026-08-24 16:49:01 - selenium.webdriver.remote.remote_connection - DEBUG - Finished Request
2026-08-24 16:49:02 - selenium.webdriver.remote.remote_connection - DEBUG - POST http://localhost:50197/session/8f780dece5d2cfdafeea23fe28e4ff82/execute/sync {'script': "return document.querySelectorAll('[data-rpa-tag-id]').length > 0", 'args': []}
2026-08-24 16:49:02 - urllib3.connectionpool - DEBUG - http://localhost:50197 "POST /session/8f780dece5d2cfdafeea23fe28e4ff82/execute/sync HTTP/1.1" 200 0
2026-08-24 16:49:02 - selenium.webdriver.remote.remote_connection - DEBUG - Remote response: status=200 | data={"value":false} | headers=HTTPHeaderDict({'Content-Length': '15', 'Content-Type': 'application/json; charset=utf-8', 'cache-control': 'no-cache'})
2026-08-24 16:49:02 - selenium.webdriver.remote.remote_connection - DEBUG - Finished Request
2026-08-24 16:49:02 - selenium.webdriver.remote.remote_connection - DEBUG - POST http://localhost:50197/session/8f780dece5d2cfdafeea23fe28e4ff82/execute/sync {'script': "return document.querySelectorAll('[data-rpa-tag-id]').length > 0", 'args': []}
2026-08-24 16:49:02 - urllib3.connectionpool - DEBUG - http://localhost:50197 "POST /session/8f780dece5d2cfdafeea23fe28e4ff82/execute/sync HTTP/1.1" 200 0
2026-08-24 16:49:02 - selenium.webdriver.remote.remote_connection - DEBUG - Remote response: status=200 | data={"value":false} | headers=HTTPHeaderDict({'Content-Length': '15', 'Content-Type': 'application/json; charset=utf-8', 'cache-control': 'no-cache'})
2026-08-24 16:49:02 - selenium.webdriver.remote.remote_connection - DEBUG - Finished Request
2026-08-24 16:49:03 - selenium.webdriver.remote.remote_connection - DEBUG - POST http://localhost:50197/session/8f780dece5d2cfdafeea23fe28e4ff82/execute/sync {'script': "return document.querySelectorAll('[data-rpa-tag-id]').length > 0", 'args': []}
2026-08-24 16:49:03 - urllib3.connectionpool - DEBUG - http://localhost:50197 "POST /session/8f780dece5d2cfdafeea23fe28e4ff82/execute/sync HTTP/1.1" 200 0
2026-08-24 16:49:03 - selenium.webdriver.remote.remote_connection - DEBUG - Remote response: status=200 | data={"value":false} | headers=HTTPHeaderDict({'Content-Length': '15', 'Content-Type': 'application/json; charset=utf-8', 'cache-control': 'no-cache'})
2026-08-24 16:49:03 - selenium.webdriver.remote.remote_connection - DEBUG - Finished Request
2026-08-24 16:49:03 - selenium.webdriver.remote.remote_connection - DEBUG - POST http://localhost:50197/session/8f780dece5d2cfdafeea23fe28e4ff82/execute/sync {'script': "return document.querySelectorAll('[data-rpa-tag-id]').length > 0", 'args': []}
2026-08-24 16:49:03 - urllib3.connectionpool - DEBUG - http://localhost:50197 "POST /session/8f780dece5d2cfdafeea23fe28e4ff82/execute/sync HTTP/1.1" 200 0
2026-08-24 16:49:03 - selenium.webdriver.remote.remote_connection - DEBUG - Remote response: status=200 | data={"value":false} | headers=HTTPHeaderDict({'Content-Length': '15', 'Content-Type': 'application/json; charset=utf-8', 'cache-control': 'no-cache'})
2026-08-24 16:49:03 - selenium.webdriver.remote.remote_connection - DEBUG - Finished Request
2026-08-24 16:49:04 - selenium.webdriver.remote.remote_connection - DEBUG - POST http://localhost:50197/session/8f780dece5d2cfdafeea23fe28e4ff82/execute/sync {'script': "return document.querySelectorAll('[data-rpa-tag-id]').length > 0", 'args': []}
2026-08-24 16:49:04 - urllib3.connectionpool - DEBUG - http://localhost:50197 "POST /session/8f780dece5d2cfdafeea23fe28e4ff82/execute/sync HTTP/1.1" 200 0
2026-08-24 16:49:04 - selenium.webdriver.remote.remote_connection - DEBUG - Remote response: status=200 | data={"value":false} | headers=HTTPHeaderDict({'Content-Length': '15', 'Content-Type': 'application/json; charset=utf-8', 'cache-control': 'no-cache'})
2026-08-24 16:49:04 - selenium.webdriver.remote.remote_connection - DEBUG - Finished Request
2026-08-24 16:49:05 - selenium.webdriver.remote.remote_connection - DEBUG - POST http://localhost:50197/session/8f780dece5d2cfdafeea23fe28e4ff82/execute/sync {'script': "return document.querySelectorAll('[data-rpa-tag-id]').length > 0", 'args': []}
2026-08-24 16:49:05 - urllib3.connectionpool - DEBUG - http://localhost:50197 "POST /session/8f780dece5d2cfdafeea23fe28e4ff82/execute/sync HTTP/1.1" 200 0
2026-08-24 16:49:05 - selenium.webdriver.remote.remote_connection - DEBUG - Remote response: status=200 | data={"value":false} | headers=HTTPHeaderDict({'Content-Length': '15', 'Content-Type': 'application/json; charset=utf-8', 'cache-control': 'no-cache'})
2026-08-24 16:49:05 - selenium.webdriver.remote.remote_connection - DEBUG - Finished Request
2026-08-24 16:49:05 - selenium.webdriver.remote.remote_connection - DEBUG - POST http://localhost:50197/session/8f780dece5d2cfdafeea23fe28e4ff82/execute/sync {'script': "return document.querySelectorAll('[data-rpa-tag-id]').length > 0", 'args': []}
2026-08-24 16:49:05 - urllib3.connectionpool - DEBUG - http://localhost:50197 "POST /session/8f780dece5d2cfdafeea23fe28e4ff82/execute/sync HTTP/1.1" 200 0
2026-08-24 16:49:05 - selenium.webdriver.remote.remote_connection - DEBUG - Remote response: status=200 | data={"value":false} | headers=HTTPHeaderDict({'Content-Length': '15', 'Content-Type': 'application/json; charset=utf-8', 'cache-control': 'no-cache'})
2026-08-24 16:49:05 - selenium.webdriver.remote.remote_connection - DEBUG - Finished Request
2026-08-24 16:49:06 - selenium.webdriver.remote.remote_connection - DEBUG - POST http://localhost:50197/session/8f780dece5d2cfdafeea23fe28e4ff82/execute/sync {'script': "return document.querySelectorAll('[data-rpa-tag-id]').length > 0", 'args': []}
2026-08-24 16:49:06 - urllib3.connectionpool - DEBUG - http://localhost:50197 "POST /session/8f780dece5d2cfdafeea23fe28e4ff82/execute/sync HTTP/1.1" 200 0
2026-08-24 16:49:06 - selenium.webdriver.remote.remote_connection - DEBUG - Remote response: status=200 | data={"value":false} | headers=HTTPHeaderDict({'Content-Length': '15', 'Content-Type': 'application/json; charset=utf-8', 'cache-control': 'no-cache'})
2026-08-24 16:49:06 - selenium.webdriver.remote.remote_connection - DEBUG - Finished Request
2026-08-24 16:49:06 - selenium.webdriver.remote.remote_connection - DEBUG - POST http://localhost:50197/session/8f780dece5d2cfdafeea23fe28e4ff82/execute/sync {'script': "return document.querySelectorAll('[data-rpa-tag-id]').length > 0", 'args': []}
2026-08-24 16:49:06 - urllib3.connectionpool - DEBUG - http://localhost:50197 "POST /session/8f780dece5d2cfdafeea23fe28e4ff82/execute/sync HTTP/1.1" 200 0
2026-08-24 16:49:06 - selenium.webdriver.remote.remote_connection - DEBUG - Remote response: status=200 | data={"value":false} | headers=HTTPHeaderDict({'Content-Length': '15', 'Content-Type': 'application/json; charset=utf-8', 'cache-control': 'no-cache'})
2026-08-24 16:49:06 - selenium.webdriver.remote.remote_connection - DEBUG - Finished Request
2026-08-24 16:49:07 - selenium.webdriver.remote.remote_connection - DEBUG - POST http://localhost:50197/session/8f780dece5d2cfdafeea23fe28e4ff82/execute/sync {'script': "return document.querySelectorAll('[data-rpa-tag-id]').length > 0", 'args': []}
2026-08-24 16:49:07 - urllib3.connectionpool - DEBUG - http://localhost:50197 "POST /session/8f780dece5d2cfdafeea23fe28e4ff82/execute/sync HTTP/1.1" 200 0
2026-08-24 16:49:07 - selenium.webdriver.remote.remote_connection - DEBUG - Remote response: status=200 | data={"value":false} | headers=HTTPHeaderDict({'Content-Length': '15', 'Content-Type': 'application/json; charset=utf-8', 'cache-control': 'no-cache'})
2026-08-24 16:49:07 - selenium.webdriver.remote.remote_connection - DEBUG - Finished Request
2026-08-24 16:49:07 - selenium.webdriver.remote.remote_connection - DEBUG - POST http://localhost:50197/session/8f780dece5d2cfdafeea23fe28e4ff82/execute/sync {'script': "return document.querySelectorAll('[data-rpa-tag-id]').length > 0", 'args': []}
2026-08-24 16:49:07 - urllib3.connectionpool - DEBUG - http://localhost:50197 "POST /session/8f780dece5d2cfdafeea23fe28e4ff82/execute/sync HTTP/1.1" 200 0
2026-08-24 16:49:07 - selenium.webdriver.remote.remote_connection - DEBUG - Remote response: status=200 | data={"value":false} | headers=HTTPHeaderDict({'Content-Length': '15', 'Content-Type': 'application/json; charset=utf-8', 'cache-control': 'no-cache'})
2026-08-24 16:49:07 - selenium.webdriver.remote.remote_connection - DEBUG - Finished Request
2026-08-24 16:49:08 - selenium.webdriver.remote.remote_connection - DEBUG - POST http://localhost:50197/session/8f780dece5d2cfdafeea23fe28e4ff82/execute/sync {'script': "return document.querySelectorAll('[data-rpa-tag-id]').length > 0", 'args': []}
2026-08-24 16:49:08 - urllib3.connectionpool - DEBUG - http://localhost:50197 "POST /session/8f780dece5d2cfdafeea23fe28e4ff82/execute/sync HTTP/1.1" 200 0
2026-08-24 16:49:08 - selenium.webdriver.remote.remote_connection - DEBUG - Remote response: status=200 | data={"value":false} | headers=HTTPHeaderDict({'Content-Length': '15', 'Content-Type': 'application/json; charset=utf-8', 'cache-control': 'no-cache'})
2026-08-24 16:49:08 - selenium.webdriver.remote.remote_connection - DEBUG - Finished Request
2026-08-24 16:49:08 - selenium.webdriver.remote.remote_connection - DEBUG - POST http://localhost:50197/session/8f780dece5d2cfdafeea23fe28e4ff82/execute/sync {'script': "return document.querySelectorAll('[data-rpa-tag-id]').length > 0", 'args': []}
2026-08-24 16:49:08 - urllib3.connectionpool - DEBUG - http://localhost:50197 "POST /session/8f780dece5d2cfdafeea23fe28e4ff82/execute/sync HTTP/1.1" 200 0
2026-08-24 16:49:08 - selenium.webdriver.remote.remote_connection - DEBUG - Remote response: status=200 | data={"value":false} | headers=HTTPHeaderDict({'Content-Length': '15', 'Content-Type': 'application/json; charset=utf-8', 'cache-control': 'no-cache'})
2026-08-24 16:49:08 - selenium.webdriver.remote.remote_connection - DEBUG - Finished Request
2026-08-24 16:49:09 - selenium.webdriver.remote.remote_connection - DEBUG - POST http://localhost:50197/session/8f780dece5d2cfdafeea23fe28e4ff82/execute/sync {'script': "return document.querySelectorAll('[data-rpa-tag-id]').length > 0", 'args': []}
2026-08-24 16:49:09 - urllib3.connectionpool - DEBUG - http://localhost:50197 "POST /session/8f780dece5d2cfdafeea23fe28e4ff82/execute/sync HTTP/1.1" 200 0
2026-08-24 16:49:09 - selenium.webdriver.remote.remote_connection - DEBUG - Remote response: status=200 | data={"value":false} | headers=HTTPHeaderDict({'Content-Length': '15', 'Content-Type': 'application/json; charset=utf-8', 'cache-control': 'no-cache'})
2026-08-24 16:49:09 - selenium.webdriver.remote.remote_connection - DEBUG - Finished Request
2026-08-24 16:49:09 - selenium.webdriver.remote.remote_connection - DEBUG - POST http://localhost:50197/session/8f780dece5d2cfdafeea23fe28e4ff82/execute/sync {'script': "return document.querySelectorAll('[data-rpa-tag-id]').length > 0", 'args': []}
2026-08-24 16:49:09 - urllib3.connectionpool - DEBUG - http://localhost:50197 "POST /session/8f780dece5d2cfdafeea23fe28e4ff82/execute/sync HTTP/1.1" 200 0
2026-08-24 16:49:09 - selenium.webdriver.remote.remote_connection - DEBUG - Remote response: status=200 | data={"value":false} | headers=HTTPHeaderDict({'Content-Length': '15', 'Content-Type': 'application/json; charset=utf-8', 'cache-control': 'no-cache'})
2026-08-24 16:49:09 - selenium.webdriver.remote.remote_connection - DEBUG - Finished Request
2026-08-24 16:49:10 - selenium.webdriver.remote.remote_connection - DEBUG - POST http://localhost:50197/session/8f780dece5d2cfdafeea23fe28e4ff82/execute/sync {'script': "return document.querySelectorAll('[data-rpa-tag-id]').length > 0", 'args': []}
2026-08-24 16:49:10 - urllib3.connectionpool - DEBUG - http://localhost:50197 "POST /session/8f780dece5d2cfdafeea23fe28e4ff82/execute/sync HTTP/1.1" 200 0
2026-08-24 16:49:10 - selenium.webdriver.remote.remote_connection - DEBUG - Remote response: status=200 | data={"value":false} | headers=HTTPHeaderDict({'Content-Length': '15', 'Content-Type': 'application/json; charset=utf-8', 'cache-control': 'no-cache'})
2026-08-24 16:49:10 - selenium.webdriver.remote.remote_connection - DEBUG - Finished Request
2026-08-24 16:49:10 - selenium.webdriver.remote.remote_connection - DEBUG - POST http://localhost:50197/session/8f780dece5d2cfdafeea23fe28e4ff82/execute/sync {'script': "return document.querySelectorAll('[data-rpa-tag-id]').length > 0", 'args': []}
2026-08-24 16:49:10 - urllib3.connectionpool - DEBUG - http://localhost:50197 "POST /session/8f780dece5d2cfdafeea23fe28e4ff82/execute/sync HTTP/1.1" 200 0
2026-08-24 16:49:10 - selenium.webdriver.remote.remote_connection - DEBUG - Remote response: status=200 | data={"value":false} | headers=HTTPHeaderDict({'Content-Length': '15', 'Content-Type': 'application/json; charset=utf-8', 'cache-control': 'no-cache'})
2026-08-24 16:49:10 - selenium.webdriver.remote.remote_connection - DEBUG - Finished Request
2026-08-24 16:49:11 - selenium.webdriver.remote.remote_connection - DEBUG - POST http://localhost:50197/session/8f780dece5d2cfdafeea23fe28e4ff82/execute/sync {'script': "return document.querySelectorAll('[data-rpa-tag-id]').length > 0", 'args': []}
2026-08-24 16:49:11 - urllib3.connectionpool - DEBUG - http://localhost:50197 "POST /session/8f780dece5d2cfdafeea23fe28e4ff82/execute/sync HTTP/1.1" 200 0
2026-08-24 16:49:11 - selenium.webdriver.remote.remote_connection - DEBUG - Remote response: status=200 | data={"value":false} | headers=HTTPHeaderDict({'Content-Length': '15', 'Content-Type': 'application/json; charset=utf-8', 'cache-control': 'no-cache'})
2026-08-24 16:49:11 - selenium.webdriver.remote.remote_connection - DEBUG - Finished Request
2026-08-24 16:49:11 - selenium.webdriver.remote.remote_connection - DEBUG - POST http://localhost:50197/session/8f780dece5d2cfdafeea23fe28e4ff82/execute/sync {'script': "return document.querySelectorAll('[data-rpa-tag-id]').length > 0", 'args': []}
2026-08-24 16:49:11 - urllib3.connectionpool - DEBUG - http://localhost:50197 "POST /session/8f780dece5d2cfdafeea23fe28e4ff82/execute/sync HTTP/1.1" 200 0
2026-08-24 16:49:11 - selenium.webdriver.remote.remote_connection - DEBUG - Remote response: status=200 | data={"value":false} | headers=HTTPHeaderDict({'Content-Length': '15', 'Content-Type': 'application/json; charset=utf-8', 'cache-control': 'no-cache'})
2026-08-24 16:49:11 - selenium.webdriver.remote.remote_connection - DEBUG - Finished Request
2026-08-24 16:49:12 - selenium.webdriver.remote.remote_connection - DEBUG - POST http://localhost:50197/session/8f780dece5d2cfdafeea23fe28e4ff82/execute/sync {'script': "return document.querySelectorAll('[data-rpa-tag-id]').length > 0", 'args': []}
2026-08-24 16:49:12 - urllib3.connectionpool - DEBUG - http://localhost:50197 "POST /session/8f780dece5d2cfdafeea23fe28e4ff82/execute/sync HTTP/1.1" 200 0
2026-08-24 16:49:12 - selenium.webdriver.remote.remote_connection - DEBUG - Remote response: status=200 | data={"value":false} | headers=HTTPHeaderDict({'Content-Length': '15', 'Content-Type': 'application/json; charset=utf-8', 'cache-control': 'no-cache'})
2026-08-24 16:49:12 - selenium.webdriver.remote.remote_connection - DEBUG - Finished Request
2026-08-24 16:49:12 - selenium.webdriver.remote.remote_connection - DEBUG - POST http://localhost:50197/session/8f780dece5d2cfdafeea23fe28e4ff82/execute/sync {'script': "return document.querySelectorAll('[data-rpa-tag-id]').length > 0", 'args': []}
2026-08-24 16:49:12 - urllib3.connectionpool - DEBUG - http://localhost:50197 "POST /session/8f780dece5d2cfdafeea23fe28e4ff82/execute/sync HTTP/1.1" 200 0
2026-08-24 16:49:12 - selenium.webdriver.remote.remote_connection - DEBUG - Remote response: status=200 | data={"value":false} | headers=HTTPHeaderDict({'Content-Length': '15', 'Content-Type': 'application/json; charset=utf-8', 'cache-control': 'no-cache'})
2026-08-24 16:49:12 - selenium.webdriver.remote.remote_connection - DEBUG - Finished Request
2026-08-24 16:49:13 - selenium.webdriver.remote.remote_connection - DEBUG - POST http://localhost:50197/session/8f780dece5d2cfdafeea23fe28e4ff82/execute/sync {'script': "return document.querySelectorAll('[data-rpa-tag-id]').length > 0", 'args': []}
2026-08-24 16:49:13 - urllib3.connectionpool - DEBUG - http://localhost:50197 "POST /session/8f780dece5d2cfdafeea23fe28e4ff82/execute/sync HTTP/1.1" 200 0
2026-08-24 16:49:13 - selenium.webdriver.remote.remote_connection - DEBUG - Remote response: status=200 | data={"value":false} | headers=HTTPHeaderDict({'Content-Length': '15', 'Content-Type': 'application/json; charset=utf-8', 'cache-control': 'no-cache'})
2026-08-24 16:49:13 - selenium.webdriver.remote.remote_connection - DEBUG - Finished Request
2026-08-24 16:49:13 - selenium.webdriver.remote.remote_connection - DEBUG - POST http://localhost:50197/session/8f780dece5d2cfdafeea23fe28e4ff82/execute/sync {'script': "return document.querySelectorAll('[data-rpa-tag-id]').length > 0", 'args': []}
2026-08-24 16:49:13 - urllib3.connectionpool - DEBUG - http://localhost:50197 "POST /session/8f780dece5d2cfdafeea23fe28e4ff82/execute/sync HTTP/1.1" 200 0
2026-08-24 16:49:13 - selenium.webdriver.remote.remote_connection - DEBUG - Remote response: status=200 | data={"value":false} | headers=HTTPHeaderDict({'Content-Length': '15', 'Content-Type': 'application/json; charset=utf-8', 'cache-control': 'no-cache'})
2026-08-24 16:49:13 - selenium.webdriver.remote.remote_connection - DEBUG - Finished Request
2026-08-24 16:49:14 - selenium.webdriver.remote.remote_connection - DEBUG - POST http://localhost:50197/session/8f780dece5d2cfdafeea23fe28e4ff82/execute/sync {'script': "return document.querySelectorAll('[data-rpa-tag-id]').length > 0", 'args': []}
2026-08-24 16:49:14 - urllib3.connectionpool - DEBUG - http://localhost:50197 "POST /session/8f780dece5d2cfdafeea23fe28e4ff82/execute/sync HTTP/1.1" 200 0
2026-08-24 16:49:14 - selenium.webdriver.remote.remote_connection - DEBUG - Remote response: status=200 | data={"value":false} | headers=HTTPHeaderDict({'Content-Length': '15', 'Content-Type': 'application/json; charset=utf-8', 'cache-control': 'no-cache'})
2026-08-24 16:49:14 - selenium.webdriver.remote.remote_connection - DEBUG - Finished Request
2026-08-24 16:49:14 - selenium.webdriver.remote.remote_connection - DEBUG - POST http://localhost:50197/session/8f780dece5d2cfdafeea23fe28e4ff82/execute/sync {'script': "return document.querySelectorAll('[data-rpa-tag-id]').length > 0", 'args': []}
2026-08-24 16:49:14 - urllib3.connectionpool - DEBUG - http://localhost:50197 "POST /session/8f780dece5d2cfdafeea23fe28e4ff82/execute/sync HTTP/1.1" 200 0
2026-08-24 16:49:14 - selenium.webdriver.remote.remote_connection - DEBUG - Remote response: status=200 | data={"value":false} | headers=HTTPHeaderDict({'Content-Length': '15', 'Content-Type': 'application/json; charset=utf-8', 'cache-control': 'no-cache'})
2026-08-24 16:49:14 - selenium.webdriver.remote.remote_connection - DEBUG - Finished Request
2026-08-24 16:49:15 - selenium.webdriver.remote.remote_connection - DEBUG - POST http://localhost:50197/session/8f780dece5d2cfdafeea23fe28e4ff82/execute/sync {'script': "return document.querySelectorAll('[data-rpa-tag-id]').length > 0", 'args': []}
2026-08-24 16:49:15 - urllib3.connectionpool - DEBUG - http://localhost:50197 "POST /session/8f780dece5d2cfdafeea23fe28e4ff82/execute/sync HTTP/1.1" 200 0
2026-08-24 16:49:15 - selenium.webdriver.remote.remote_connection - DEBUG - Remote response: status=200 | data={"value":false} | headers=HTTPHeaderDict({'Content-Length': '15', 'Content-Type': 'application/json; charset=utf-8', 'cache-control': 'no-cache'})
2026-08-24 16:49:15 - selenium.webdriver.remote.remote_connection - DEBUG - Finished Request
2026-08-24 16:49:15 - selenium.webdriver.remote.remote_connection - DEBUG - POST http://localhost:50197/session/8f780dece5d2cfdafeea23fe28e4ff82/execute/sync {'script': "return document.querySelectorAll('[data-rpa-tag-id]').length > 0", 'args': []}
2026-08-24 16:49:15 - urllib3.connectionpool - DEBUG - http://localhost:50197 "POST /session/8f780dece5d2cfdafeea23fe28e4ff82/execute/sync HTTP/1.1" 200 0
2026-08-24 16:49:15 - selenium.webdriver.remote.remote_connection - DEBUG - Remote response: status=200 | data={"value":false} | headers=HTTPHeaderDict({'Content-Length': '15', 'Content-Type': 'application/json; charset=utf-8', 'cache-control': 'no-cache'})
2026-08-24 16:49:15 - selenium.webdriver.remote.remote_connection - DEBUG - Finished Request
2026-08-24 16:49:16 - selenium.webdriver.remote.remote_connection - DEBUG - POST http://localhost:50197/session/8f780dece5d2cfdafeea23fe28e4ff82/execute/sync {'script': "return document.querySelectorAll('[data-rpa-tag-id]').length > 0", 'args': []}
2026-08-24 16:49:16 - urllib3.connectionpool - DEBUG - http://localhost:50197 "POST /session/8f780dece5d2cfdafeea23fe28e4ff82/execute/sync HTTP/1.1" 200 0
2026-08-24 16:49:16 - selenium.webdriver.remote.remote_connection - DEBUG - Remote response: status=200 | data={"value":false} | headers=HTTPHeaderDict({'Content-Length': '15', 'Content-Type': 'application/json; charset=utf-8', 'cache-control': 'no-cache'})
2026-08-24 16:49:16 - selenium.webdriver.remote.remote_connection - DEBUG - Finished Request
2026-08-24 16:49:16 - selenium.webdriver.remote.remote_connection - DEBUG - POST http://localhost:50197/session/8f780dece5d2cfdafeea23fe28e4ff82/execute/sync {'script': "return document.querySelectorAll('[data-rpa-tag-id]').length > 0", 'args': []}
2026-08-24 16:49:16 - urllib3.connectionpool - DEBUG - http://localhost:50197 "POST /session/8f780dece5d2cfdafeea23fe28e4ff82/execute/sync HTTP/1.1" 200 0
2026-08-24 16:49:16 - selenium.webdriver.remote.remote_connection - DEBUG - Remote response: status=200 | data={"value":false} | headers=HTTPHeaderDict({'Content-Length': '15', 'Content-Type': 'application/json; charset=utf-8', 'cache-control': 'no-cache'})
2026-08-24 16:49:16 - selenium.webdriver.remote.remote_connection - DEBUG - Finished Request
2026-08-24 16:49:17 - selenium.webdriver.remote.remote_connection - DEBUG - POST http://localhost:50197/session/8f780dece5d2cfdafeea23fe28e4ff82/execute/sync {'script': "return document.querySelectorAll('[data-rpa-tag-id]').length > 0", 'args': []}
2026-08-24 16:49:17 - urllib3.connectionpool - DEBUG - http://localhost:50197 "POST /session/8f780dece5d2cfdafeea23fe28e4ff82/execute/sync HTTP/1.1" 200 0
2026-08-24 16:49:17 - selenium.webdriver.remote.remote_connection - DEBUG - Remote response: status=200 | data={"value":false} | headers=HTTPHeaderDict({'Content-Length': '15', 'Content-Type': 'application/json; charset=utf-8', 'cache-control': 'no-cache'})
2026-08-24 16:49:17 - selenium.webdriver.remote.remote_connection - DEBUG - Finished Request
2026-08-24 16:49:17 - selenium.webdriver.remote.remote_connection - DEBUG - POST http://localhost:50197/session/8f780dece5d2cfdafeea23fe28e4ff82/execute/sync {'script': "return document.querySelectorAll('[data-rpa-tag-id]').length > 0", 'args': []}
2026-08-24 16:49:17 - urllib3.connectionpool - DEBUG - http://localhost:50197 "POST /session/8f780dece5d2cfdafeea23fe28e4ff82/execute/sync HTTP/1.1" 200 0
2026-08-24 16:49:17 - selenium.webdriver.remote.remote_connection - DEBUG - Remote response: status=200 | data={"value":false} | headers=HTTPHeaderDict({'Content-Length': '15', 'Content-Type': 'application/json; charset=utf-8', 'cache-control': 'no-cache'})
2026-08-24 16:49:17 - selenium.webdriver.remote.remote_connection - DEBUG - Finished Request
2026-08-24 16:49:18 - selenium.webdriver.remote.remote_connection - DEBUG - POST http://localhost:50197/session/8f780dece5d2cfdafeea23fe28e4ff82/execute/sync {'script': "return document.querySelectorAll('[data-rpa-tag-id]').length > 0", 'args': []}
2026-08-24 16:49:18 - urllib3.connectionpool - DEBUG - http://localhost:50197 "POST /session/8f780dece5d2cfdafeea23fe28e4ff82/execute/sync HTTP/1.1" 200 0
2026-08-24 16:49:18 - selenium.webdriver.remote.remote_connection - DEBUG - Remote response: status=200 | data={"value":false} | headers=HTTPHeaderDict({'Content-Length': '15', 'Content-Type': 'application/json; charset=utf-8', 'cache-control': 'no-cache'})
2026-08-24 16:49:18 - selenium.webdriver.remote.remote_connection - DEBUG - Finished Request
2026-08-24 16:49:18 - selenium.webdriver.remote.remote_connection - DEBUG - POST http://localhost:50197/session/8f780dece5d2cfdafeea23fe28e4ff82/execute/sync {'script': "return document.querySelectorAll('[data-rpa-tag-id]').length > 0", 'args': []}
2026-08-24 16:49:18 - urllib3.connectionpool - DEBUG - http://localhost:50197 "POST /session/8f780dece5d2cfdafeea23fe28e4ff82/execute/sync HTTP/1.1" 200 0
2026-08-24 16:49:18 - selenium.webdriver.remote.remote_connection - DEBUG - Remote response: status=200 | data={"value":false} | headers=HTTPHeaderDict({'Content-Length': '15', 'Content-Type': 'application/json; charset=utf-8', 'cache-control': 'no-cache'})
2026-08-24 16:49:18 - selenium.webdriver.remote.remote_connection - DEBUG - Finished Request
2026-08-24 16:49:18 - scraper - ERROR - Page failed to become ready even after refresh
2026-08-24 16:49:18 - scraper - INFO - Retry 3/3 for VCIT
2026-08-24 16:49:23 - scraper - INFO - Navigating to https://investor.vanguard.com/etf/profile/overview/vcit
2026-08-24 16:49:23 - selenium.webdriver.remote.remote_connection - DEBUG - POST http://localhost:50197/session/8f780dece5d2cfdafeea23fe28e4ff82/execute/sync {'script': 'return navigator.webdriver', 'args': []}
2026-08-24 16:49:23 - urllib3.connectionpool - DEBUG - http://localhost:50197 "POST /session/8f780dece5d2cfdafeea23fe28e4ff82/execute/sync HTTP/1.1" 200 0
2026-08-24 16:49:23 - selenium.webdriver.remote.remote_connection - DEBUG - Remote response: status=200 | data={"value":false} | headers=HTTPHeaderDict({'Content-Length': '15', 'Content-Type': 'application/json; charset=utf-8', 'cache-control': 'no-cache'})
2026-08-24 16:49:23 - selenium.webdriver.remote.remote_connection - DEBUG - Finished Request
2026-08-24 16:49:23 - selenium.webdriver.remote.remote_connection - DEBUG - POST http://localhost:50197/session/8f780dece5d2cfdafeea23fe28e4ff82/url {'url': 'https://investor.vanguard.com/etf/profile/overview/vcit'}
2026-08-24 16:49:27 - urllib3.connectionpool - DEBUG - http://localhost:50197 "POST /session/8f780dece5d2cfdafeea23fe28e4ff82/url HTTP/1.1" 200 0
2026-08-24 16:49:27 - selenium.webdriver.remote.remote_connection - DEBUG - Remote response: status=200 | data={"value":null} | headers=HTTPHeaderDict({'Content-Length': '14', 'Content-Type': 'application/json; charset=utf-8', 'cache-control': 'no-cache'})
2026-08-24 16:49:27 - selenium.webdriver.remote.remote_connection - DEBUG - Finished Request
2026-08-24 16:49:27 - selenium.webdriver.remote.remote_connection - DEBUG - POST http://localhost:50197/session/8f780dece5d2cfdafeea23fe28e4ff82/execute/sync {'script': "\n                var candidates = [\n                    document.querySelector('#onetrust-accept-btn...", 'args': []}
2026-08-24 16:49:29 - urllib3.connectionpool - DEBUG - http://localhost:50197 "POST /session/8f780dece5d2cfdafeea23fe28e4ff82/execute/sync HTTP/1.1" 200 0
2026-08-24 16:49:29 - selenium.webdriver.remote.remote_connection - DEBUG - Remote response: status=200 | data={"value":null} | headers=HTTPHeaderDict({'Content-Length': '14', 'Content-Type': 'application/json; charset=utf-8', 'cache-control': 'no-cache'})
2026-08-24 16:49:29 - selenium.webdriver.remote.remote_connection - DEBUG - Finished Request
2026-08-24 16:49:29 - selenium.webdriver.remote.remote_connection - DEBUG - POST http://localhost:50197/session/8f780dece5d2cfdafeea23fe28e4ff82/execute/sync {'script': "return document.querySelectorAll('[data-rpa-tag-id]').length > 0", 'args': []}
2026-08-24 16:49:29 - urllib3.connectionpool - DEBUG - http://localhost:50197 "POST /session/8f780dece5d2cfdafeea23fe28e4ff82/execute/sync HTTP/1.1" 200 0
2026-08-24 16:49:29 - selenium.webdriver.remote.remote_connection - DEBUG - Remote response: status=200 | data={"value":false} | headers=HTTPHeaderDict({'Content-Length': '15', 'Content-Type': 'application/json; charset=utf-8', 'cache-control': 'no-cache'})
2026-08-24 16:49:29 - selenium.webdriver.remote.remote_connection - DEBUG - Finished Request
2026-08-24 16:49:29 - selenium.webdriver.remote.remote_connection - DEBUG - POST http://localhost:50197/session/8f780dece5d2cfdafeea23fe28e4ff82/execute/sync {'script': "return document.querySelectorAll('[data-rpa-tag-id]').length > 0", 'args': []}
2026-08-24 16:49:29 - urllib3.connectionpool - DEBUG - http://localhost:50197 "POST /session/8f780dece5d2cfdafeea23fe28e4ff82/execute/sync HTTP/1.1" 200 0
2026-08-24 16:49:29 - selenium.webdriver.remote.remote_connection - DEBUG - Remote response: status=200 | data={"value":false} | headers=HTTPHeaderDict({'Content-Length': '15', 'Content-Type': 'application/json; charset=utf-8', 'cache-control': 'no-cache'})
2026-08-24 16:49:29 - selenium.webdriver.remote.remote_connection - DEBUG - Finished Request
2026-08-24 16:49:30 - selenium.webdriver.remote.remote_connection - DEBUG - POST http://localhost:50197/session/8f780dece5d2cfdafeea23fe28e4ff82/execute/sync {'script': "return document.querySelectorAll('[data-rpa-tag-id]').length > 0", 'args': []}
2026-08-24 16:49:30 - urllib3.connectionpool - DEBUG - http://localhost:50197 "POST /session/8f780dece5d2cfdafeea23fe28e4ff82/execute/sync HTTP/1.1" 200 0
2026-08-24 16:49:30 - selenium.webdriver.remote.remote_connection - DEBUG - Remote response: status=200 | data={"value":false} | headers=HTTPHeaderDict({'Content-Length': '15', 'Content-Type': 'application/json; charset=utf-8', 'cache-control': 'no-cache'})
2026-08-24 16:49:30 - selenium.webdriver.remote.remote_connection - DEBUG - Finished Request
2026-08-24 16:49:30 - selenium.webdriver.remote.remote_connection - DEBUG - POST http://localhost:50197/session/8f780dece5d2cfdafeea23fe28e4ff82/execute/sync {'script': "return document.querySelectorAll('[data-rpa-tag-id]').length > 0", 'args': []}
2026-08-24 16:49:30 - urllib3.connectionpool - DEBUG - http://localhost:50197 "POST /session/8f780dece5d2cfdafeea23fe28e4ff82/execute/sync HTTP/1.1" 200 0
2026-08-24 16:49:30 - selenium.webdriver.remote.remote_connection - DEBUG - Remote response: status=200 | data={"value":false} | headers=HTTPHeaderDict({'Content-Length': '15', 'Content-Type': 'application/json; charset=utf-8', 'cache-control': 'no-cache'})
2026-08-24 16:49:30 - selenium.webdriver.remote.remote_connection - DEBUG - Finished Request
2026-08-24 16:49:31 - selenium.webdriver.remote.remote_connection - DEBUG - POST http://localhost:50197/session/8f780dece5d2cfdafeea23fe28e4ff82/execute/sync {'script': "return document.querySelectorAll('[data-rpa-tag-id]').length > 0", 'args': []}
2026-08-24 16:49:31 - urllib3.connectionpool - DEBUG - http://localhost:50197 "POST /session/8f780dece5d2cfdafeea23fe28e4ff82/execute/sync HTTP/1.1" 200 0
2026-08-24 16:49:31 - selenium.webdriver.remote.remote_connection - DEBUG - Remote response: status=200 | data={"value":false} | headers=HTTPHeaderDict({'Content-Length': '15', 'Content-Type': 'application/json; charset=utf-8', 'cache-control': 'no-cache'})
2026-08-24 16:49:31 - selenium.webdriver.remote.remote_connection - DEBUG - Finished Request
2026-08-24 16:49:31 - selenium.webdriver.remote.remote_connection - DEBUG - POST http://localhost:50197/session/8f780dece5d2cfdafeea23fe28e4ff82/execute/sync {'script': "return document.querySelectorAll('[data-rpa-tag-id]').length > 0", 'args': []}
2026-08-24 16:49:31 - urllib3.connectionpool - DEBUG - http://localhost:50197 "POST /session/8f780dece5d2cfdafeea23fe28e4ff82/execute/sync HTTP/1.1" 200 0
2026-08-24 16:49:31 - selenium.webdriver.remote.remote_connection - DEBUG - Remote response: status=200 | data={"value":false} | headers=HTTPHeaderDict({'Content-Length': '15', 'Content-Type': 'application/json; charset=utf-8', 'cache-control': 'no-cache'})
2026-08-24 16:49:31 - selenium.webdriver.remote.remote_connection - DEBUG - Finished Request
2026-08-24 16:49:32 - selenium.webdriver.remote.remote_connection - DEBUG - POST http://localhost:50197/session/8f780dece5d2cfdafeea23fe28e4ff82/execute/sync {'script': "return document.querySelectorAll('[data-rpa-tag-id]').length > 0", 'args': []}
2026-08-24 16:49:32 - urllib3.connectionpool - DEBUG - http://localhost:50197 "POST /session/8f780dece5d2cfdafeea23fe28e4ff82/execute/sync HTTP/1.1" 200 0
2026-08-24 16:49:32 - selenium.webdriver.remote.remote_connection - DEBUG - Remote response: status=200 | data={"value":false} | headers=HTTPHeaderDict({'Content-Length': '15', 'Content-Type': 'application/json; charset=utf-8', 'cache-control': 'no-cache'})
2026-08-24 16:49:32 - selenium.webdriver.remote.remote_connection - DEBUG - Finished Request
2026-08-24 16:49:32 - selenium.webdriver.remote.remote_connection - DEBUG - POST http://localhost:50197/session/8f780dece5d2cfdafeea23fe28e4ff82/execute/sync {'script': "return document.querySelectorAll('[data-rpa-tag-id]').length > 0", 'args': []}
2026-08-24 16:49:32 - urllib3.connectionpool - DEBUG - http://localhost:50197 "POST /session/8f780dece5d2cfdafeea23fe28e4ff82/execute/sync HTTP/1.1" 200 0
2026-08-24 16:49:32 - selenium.webdriver.remote.remote_connection - DEBUG - Remote response: status=200 | data={"value":false} | headers=HTTPHeaderDict({'Content-Length': '15', 'Content-Type': 'application/json; charset=utf-8', 'cache-control': 'no-cache'})
2026-08-24 16:49:32 - selenium.webdriver.remote.remote_connection - DEBUG - Finished Request
2026-08-24 16:49:33 - selenium.webdriver.remote.remote_connection - DEBUG - POST http://localhost:50197/session/8f780dece5d2cfdafeea23fe28e4ff82/execute/sync {'script': "return document.querySelectorAll('[data-rpa-tag-id]').length > 0", 'args': []}
2026-08-24 16:49:33 - urllib3.connectionpool - DEBUG - http://localhost:50197 "POST /session/8f780dece5d2cfdafeea23fe28e4ff82/execute/sync HTTP/1.1" 200 0
2026-08-24 16:49:33 - selenium.webdriver.remote.remote_connection - DEBUG - Remote response: status=200 | data={"value":false} | headers=HTTPHeaderDict({'Content-Length': '15', 'Content-Type': 'application/json; charset=utf-8', 'cache-control': 'no-cache'})
2026-08-24 16:49:33 - selenium.webdriver.remote.remote_connection - DEBUG - Finished Request
2026-08-24 16:49:33 - selenium.webdriver.remote.remote_connection - DEBUG - POST http://localhost:50197/session/8f780dece5d2cfdafeea23fe28e4ff82/execute/sync {'script': "return document.querySelectorAll('[data-rpa-tag-id]').length > 0", 'args': []}
2026-08-24 16:49:33 - urllib3.connectionpool - DEBUG - http://localhost:50197 "POST /session/8f780dece5d2cfdafeea23fe28e4ff82/execute/sync HTTP/1.1" 200 0
2026-08-24 16:49:33 - selenium.webdriver.remote.remote_connection - DEBUG - Remote response: status=200 | data={"value":false} | headers=HTTPHeaderDict({'Content-Length': '15', 'Content-Type': 'application/json; charset=utf-8', 'cache-control': 'no-cache'})
2026-08-24 16:49:33 - selenium.webdriver.remote.remote_connection - DEBUG - Finished Request
2026-08-24 16:49:34 - selenium.webdriver.remote.remote_connection - DEBUG - POST http://localhost:50197/session/8f780dece5d2cfdafeea23fe28e4ff82/execute/sync {'script': "return document.querySelectorAll('[data-rpa-tag-id]').length > 0", 'args': []}
2026-08-24 16:49:34 - urllib3.connectionpool - DEBUG - http://localhost:50197 "POST /session/8f780dece5d2cfdafeea23fe28e4ff82/execute/sync HTTP/1.1" 200 0
2026-08-24 16:49:34 - selenium.webdriver.remote.remote_connection - DEBUG - Remote response: status=200 | data={"value":false} | headers=HTTPHeaderDict({'Content-Length': '15', 'Content-Type': 'application/json; charset=utf-8', 'cache-control': 'no-cache'})
2026-08-24 16:49:34 - selenium.webdriver.remote.remote_connection - DEBUG - Finished Request
2026-08-24 16:49:35 - selenium.webdriver.remote.remote_connection - DEBUG - POST http://localhost:50197/session/8f780dece5d2cfdafeea23fe28e4ff82/execute/sync {'script': "return document.querySelectorAll('[data-rpa-tag-id]').length > 0", 'args': []}
2026-08-24 16:49:35 - urllib3.connectionpool - DEBUG - http://localhost:50197 "POST /session/8f780dece5d2cfdafeea23fe28e4ff82/execute/sync HTTP/1.1" 200 0
2026-08-24 16:49:35 - selenium.webdriver.remote.remote_connection - DEBUG - Remote response: status=200 | data={"value":false} | headers=HTTPHeaderDict({'Content-Length': '15', 'Content-Type': 'application/json; charset=utf-8', 'cache-control': 'no-cache'})
2026-08-24 16:49:35 - selenium.webdriver.remote.remote_connection - DEBUG - Finished Request
2026-08-24 16:49:35 - selenium.webdriver.remote.remote_connection - DEBUG - POST http://localhost:50197/session/8f780dece5d2cfdafeea23fe28e4ff82/execute/sync {'script': "return document.querySelectorAll('[data-rpa-tag-id]').length > 0", 'args': []}
2026-08-24 16:49:35 - urllib3.connectionpool - DEBUG - http://localhost:50197 "POST /session/8f780dece5d2cfdafeea23fe28e4ff82/execute/sync HTTP/1.1" 200 0
2026-08-24 16:49:35 - selenium.webdriver.remote.remote_connection - DEBUG - Remote response: status=200 | data={"value":false} | headers=HTTPHeaderDict({'Content-Length': '15', 'Content-Type': 'application/json; charset=utf-8', 'cache-control': 'no-cache'})
2026-08-24 16:49:35 - selenium.webdriver.remote.remote_connection - DEBUG - Finished Request
2026-08-24 16:49:36 - selenium.webdriver.remote.remote_connection - DEBUG - POST http://localhost:50197/session/8f780dece5d2cfdafeea23fe28e4ff82/execute/sync {'script': "return document.querySelectorAll('[data-rpa-tag-id]').length > 0", 'args': []}
2026-08-24 16:49:36 - urllib3.connectionpool - DEBUG - http://localhost:50197 "POST /session/8f780dece5d2cfdafeea23fe28e4ff82/execute/sync HTTP/1.1" 200 0
2026-08-24 16:49:36 - selenium.webdriver.remote.remote_connection - DEBUG - Remote response: status=200 | data={"value":false} | headers=HTTPHeaderDict({'Content-Length': '15', 'Content-Type': 'application/json; charset=utf-8', 'cache-control': 'no-cache'})
2026-08-24 16:49:36 - selenium.webdriver.remote.remote_connection - DEBUG - Finished Request
2026-08-24 16:49:36 - selenium.webdriver.remote.remote_connection - DEBUG - POST http://localhost:50197/session/8f780dece5d2cfdafeea23fe28e4ff82/execute/sync {'script': "return document.querySelectorAll('[data-rpa-tag-id]').length > 0", 'args': []}
2026-08-24 16:49:36 - urllib3.connectionpool - DEBUG - http://localhost:50197 "POST /session/8f780dece5d2cfdafeea23fe28e4ff82/execute/sync HTTP/1.1" 200 0
2026-08-24 16:49:36 - selenium.webdriver.remote.remote_connection - DEBUG - Remote response: status=200 | data={"value":false} | headers=HTTPHeaderDict({'Content-Length': '15', 'Content-Type': 'application/json; charset=utf-8', 'cache-control': 'no-cache'})
2026-08-24 16:49:36 - selenium.webdriver.remote.remote_connection - DEBUG - Finished Request
2026-08-24 16:49:37 - selenium.webdriver.remote.remote_connection - DEBUG - POST http://localhost:50197/session/8f780dece5d2cfdafeea23fe28e4ff82/execute/sync {'script': "return document.querySelectorAll('[data-rpa-tag-id]').length > 0", 'args': []}
2026-08-24 16:49:37 - urllib3.connectionpool - DEBUG - http://localhost:50197 "POST /session/8f780dece5d2cfdafeea23fe28e4ff82/execute/sync HTTP/1.1" 200 0
2026-08-24 16:49:37 - selenium.webdriver.remote.remote_connection - DEBUG - Remote response: status=200 | data={"value":false} | headers=HTTPHeaderDict({'Content-Length': '15', 'Content-Type': 'application/json; charset=utf-8', 'cache-control': 'no-cache'})
2026-08-24 16:49:37 - selenium.webdriver.remote.remote_connection - DEBUG - Finished Request
2026-08-24 16:49:37 - selenium.webdriver.remote.remote_connection - DEBUG - POST http://localhost:50197/session/8f780dece5d2cfdafeea23fe28e4ff82/execute/sync {'script': "return document.querySelectorAll('[data-rpa-tag-id]').length > 0", 'args': []}
2026-08-24 16:49:37 - urllib3.connectionpool - DEBUG - http://localhost:50197 "POST /session/8f780dece5d2cfdafeea23fe28e4ff82/execute/sync HTTP/1.1" 200 0
2026-08-24 16:49:37 - selenium.webdriver.remote.remote_connection - DEBUG - Remote response: status=200 | data={"value":false} | headers=HTTPHeaderDict({'Content-Length': '15', 'Content-Type': 'application/json; charset=utf-8', 'cache-control': 'no-cache'})
2026-08-24 16:49:37 - selenium.webdriver.remote.remote_connection - DEBUG - Finished Request
2026-08-24 16:49:38 - selenium.webdriver.remote.remote_connection - DEBUG - POST http://localhost:50197/session/8f780dece5d2cfdafeea23fe28e4ff82/execute/sync {'script': "return document.querySelectorAll('[data-rpa-tag-id]').length > 0", 'args': []}
2026-08-24 16:49:38 - urllib3.connectionpool - DEBUG - http://localhost:50197 "POST /session/8f780dece5d2cfdafeea23fe28e4ff82/execute/sync HTTP/1.1" 200 0
2026-08-24 16:49:38 - selenium.webdriver.remote.remote_connection - DEBUG - Remote response: status=200 | data={"value":false} | headers=HTTPHeaderDict({'Content-Length': '15', 'Content-Type': 'application/json; charset=utf-8', 'cache-control': 'no-cache'})
2026-08-24 16:49:38 - selenium.webdriver.remote.remote_connection - DEBUG - Finished Request
2026-08-24 16:49:38 - selenium.webdriver.remote.remote_connection - DEBUG - POST http://localhost:50197/session/8f780dece5d2cfdafeea23fe28e4ff82/execute/sync {'script': "return document.querySelectorAll('[data-rpa-tag-id]').length > 0", 'args': []}
2026-08-24 16:49:38 - urllib3.connectionpool - DEBUG - http://localhost:50197 "POST /session/8f780dece5d2cfdafeea23fe28e4ff82/execute/sync HTTP/1.1" 200 0
2026-08-24 16:49:38 - selenium.webdriver.remote.remote_connection - DEBUG - Remote response: status=200 | data={"value":false} | headers=HTTPHeaderDict({'Content-Length': '15', 'Content-Type': 'application/json; charset=utf-8', 'cache-control': 'no-cache'})
2026-08-24 16:49:38 - selenium.webdriver.remote.remote_connection - DEBUG - Finished Request
2026-08-24 16:49:39 - selenium.webdriver.remote.remote_connection - DEBUG - POST http://localhost:50197/session/8f780dece5d2cfdafeea23fe28e4ff82/execute/sync {'script': "return document.querySelectorAll('[data-rpa-tag-id]').length > 0", 'args': []}
2026-08-24 16:49:39 - urllib3.connectionpool - DEBUG - http://localhost:50197 "POST /session/8f780dece5d2cfdafeea23fe28e4ff82/execute/sync HTTP/1.1" 200 0
2026-08-24 16:49:39 - selenium.webdriver.remote.remote_connection - DEBUG - Remote response: status=200 | data={"value":false} | headers=HTTPHeaderDict({'Content-Length': '15', 'Content-Type': 'application/json; charset=utf-8', 'cache-control': 'no-cache'})
2026-08-24 16:49:39 - selenium.webdriver.remote.remote_connection - DEBUG - Finished Request
2026-08-24 16:49:39 - selenium.webdriver.remote.remote_connection - DEBUG - POST http://localhost:50197/session/8f780dece5d2cfdafeea23fe28e4ff82/execute/sync {'script': "return document.querySelectorAll('[data-rpa-tag-id]').length > 0", 'args': []}
2026-08-24 16:49:39 - urllib3.connectionpool - DEBUG - http://localhost:50197 "POST /session/8f780dece5d2cfdafeea23fe28e4ff82/execute/sync HTTP/1.1" 200 0
2026-08-24 16:49:39 - selenium.webdriver.remote.remote_connection - DEBUG - Remote response: status=200 | data={"value":false} | headers=HTTPHeaderDict({'Content-Length': '15', 'Content-Type': 'application/json; charset=utf-8', 'cache-control': 'no-cache'})
2026-08-24 16:49:39 - selenium.webdriver.remote.remote_connection - DEBUG - Finished Request
2026-08-24 16:49:40 - selenium.webdriver.remote.remote_connection - DEBUG - POST http://localhost:50197/session/8f780dece5d2cfdafeea23fe28e4ff82/execute/sync {'script': "return document.querySelectorAll('[data-rpa-tag-id]').length > 0", 'args': []}
2026-08-24 16:49:40 - urllib3.connectionpool - DEBUG - http://localhost:50197 "POST /session/8f780dece5d2cfdafeea23fe28e4ff82/execute/sync HTTP/1.1" 200 0
2026-08-24 16:49:40 - selenium.webdriver.remote.remote_connection - DEBUG - Remote response: status=200 | data={"value":false} | headers=HTTPHeaderDict({'Content-Length': '15', 'Content-Type': 'application/json; charset=utf-8', 'cache-control': 'no-cache'})
2026-08-24 16:49:40 - selenium.webdriver.remote.remote_connection - DEBUG - Finished Request
2026-08-24 16:49:40 - selenium.webdriver.remote.remote_connection - DEBUG - POST http://localhost:50197/session/8f780dece5d2cfdafeea23fe28e4ff82/execute/sync {'script': "return document.querySelectorAll('[data-rpa-tag-id]').length > 0", 'args': []}
2026-08-24 16:49:40 - urllib3.connectionpool - DEBUG - http://localhost:50197 "POST /session/8f780dece5d2cfdafeea23fe28e4ff82/execute/sync HTTP/1.1" 200 0
2026-08-24 16:49:40 - selenium.webdriver.remote.remote_connection - DEBUG - Remote response: status=200 | data={"value":false} | headers=HTTPHeaderDict({'Content-Length': '15', 'Content-Type': 'application/json; charset=utf-8', 'cache-control': 'no-cache'})
2026-08-24 16:49:40 - selenium.webdriver.remote.remote_connection - DEBUG - Finished Request
2026-08-24 16:49:41 - selenium.webdriver.remote.remote_connection - DEBUG - POST http://localhost:50197/session/8f780dece5d2cfdafeea23fe28e4ff82/execute/sync {'script': "return document.querySelectorAll('[data-rpa-tag-id]').length > 0", 'args': []}
2026-08-24 16:49:41 - urllib3.connectionpool - DEBUG - http://localhost:50197 "POST /session/8f780dece5d2cfdafeea23fe28e4ff82/execute/sync HTTP/1.1" 200 0
2026-08-24 16:49:41 - selenium.webdriver.remote.remote_connection - DEBUG - Remote response: status=200 | data={"value":false} | headers=HTTPHeaderDict({'Content-Length': '15', 'Content-Type': 'application/json; charset=utf-8', 'cache-control': 'no-cache'})
2026-08-24 16:49:41 - selenium.webdriver.remote.remote_connection - DEBUG - Finished Request
2026-08-24 16:49:41 - selenium.webdriver.remote.remote_connection - DEBUG - POST http://localhost:50197/session/8f780dece5d2cfdafeea23fe28e4ff82/execute/sync {'script': "return document.querySelectorAll('[data-rpa-tag-id]').length > 0", 'args': []}
2026-08-24 16:49:41 - urllib3.connectionpool - DEBUG - http://localhost:50197 "POST /session/8f780dece5d2cfdafeea23fe28e4ff82/execute/sync HTTP/1.1" 200 0
2026-08-24 16:49:41 - selenium.webdriver.remote.remote_connection - DEBUG - Remote response: status=200 | data={"value":false} | headers=HTTPHeaderDict({'Content-Length': '15', 'Content-Type': 'application/json; charset=utf-8', 'cache-control': 'no-cache'})
2026-08-24 16:49:41 - selenium.webdriver.remote.remote_connection - DEBUG - Finished Request
2026-08-24 16:49:42 - selenium.webdriver.remote.remote_connection - DEBUG - POST http://localhost:50197/session/8f780dece5d2cfdafeea23fe28e4ff82/execute/sync {'script': "return document.querySelectorAll('[data-rpa-tag-id]').length > 0", 'args': []}
2026-08-24 16:49:42 - urllib3.connectionpool - DEBUG - http://localhost:50197 "POST /session/8f780dece5d2cfdafeea23fe28e4ff82/execute/sync HTTP/1.1" 200 0
2026-08-24 16:49:42 - selenium.webdriver.remote.remote_connection - DEBUG - Remote response: status=200 | data={"value":false} | headers=HTTPHeaderDict({'Content-Length': '15', 'Content-Type': 'application/json; charset=utf-8', 'cache-control': 'no-cache'})
2026-08-24 16:49:42 - selenium.webdriver.remote.remote_connection - DEBUG - Finished Request
2026-08-24 16:49:42 - selenium.webdriver.remote.remote_connection - DEBUG - POST http://localhost:50197/session/8f780dece5d2cfdafeea23fe28e4ff82/execute/sync {'script': "return document.querySelectorAll('[data-rpa-tag-id]').length > 0", 'args': []}
2026-08-24 16:49:42 - urllib3.connectionpool - DEBUG - http://localhost:50197 "POST /session/8f780dece5d2cfdafeea23fe28e4ff82/execute/sync HTTP/1.1" 200 0
2026-08-24 16:49:42 - selenium.webdriver.remote.remote_connection - DEBUG - Remote response: status=200 | data={"value":false} | headers=HTTPHeaderDict({'Content-Length': '15', 'Content-Type': 'application/json; charset=utf-8', 'cache-control': 'no-cache'})
2026-08-24 16:49:42 - selenium.webdriver.remote.remote_connection - DEBUG - Finished Request
2026-08-24 16:49:43 - selenium.webdriver.remote.remote_connection - DEBUG - POST http://localhost:50197/session/8f780dece5d2cfdafeea23fe28e4ff82/execute/sync {'script': "return document.querySelectorAll('[data-rpa-tag-id]').length > 0", 'args': []}
2026-08-24 16:49:43 - urllib3.connectionpool - DEBUG - http://localhost:50197 "POST /session/8f780dece5d2cfdafeea23fe28e4ff82/execute/sync HTTP/1.1" 200 0
2026-08-24 16:49:43 - selenium.webdriver.remote.remote_connection - DEBUG - Remote response: status=200 | data={"value":false} | headers=HTTPHeaderDict({'Content-Length': '15', 'Content-Type': 'application/json; charset=utf-8', 'cache-control': 'no-cache'})
2026-08-24 16:49:43 - selenium.webdriver.remote.remote_connection - DEBUG - Finished Request
2026-08-24 16:49:43 - selenium.webdriver.remote.remote_connection - DEBUG - POST http://localhost:50197/session/8f780dece5d2cfdafeea23fe28e4ff82/execute/sync {'script': "return document.querySelectorAll('[data-rpa-tag-id]').length > 0", 'args': []}
2026-08-24 16:49:43 - urllib3.connectionpool - DEBUG - http://localhost:50197 "POST /session/8f780dece5d2cfdafeea23fe28e4ff82/execute/sync HTTP/1.1" 200 0
2026-08-24 16:49:43 - selenium.webdriver.remote.remote_connection - DEBUG - Remote response: status=200 | data={"value":false} | headers=HTTPHeaderDict({'Content-Length': '15', 'Content-Type': 'application/json; charset=utf-8', 'cache-control': 'no-cache'})
2026-08-24 16:49:43 - selenium.webdriver.remote.remote_connection - DEBUG - Finished Request
2026-08-24 16:49:44 - selenium.webdriver.remote.remote_connection - DEBUG - POST http://localhost:50197/session/8f780dece5d2cfdafeea23fe28e4ff82/execute/sync {'script': "return document.querySelectorAll('[data-rpa-tag-id]').length > 0", 'args': []}
2026-08-24 16:49:44 - urllib3.connectionpool - DEBUG - http://localhost:50197 "POST /session/8f780dece5d2cfdafeea23fe28e4ff82/execute/sync HTTP/1.1" 200 0
2026-08-24 16:49:44 - selenium.webdriver.remote.remote_connection - DEBUG - Remote response: status=200 | data={"value":false} | headers=HTTPHeaderDict({'Content-Length': '15', 'Content-Type': 'application/json; charset=utf-8', 'cache-control': 'no-cache'})
2026-08-24 16:49:44 - selenium.webdriver.remote.remote_connection - DEBUG - Finished Request
2026-08-24 16:49:44 - selenium.webdriver.remote.remote_connection - DEBUG - POST http://localhost:50197/session/8f780dece5d2cfdafeea23fe28e4ff82/execute/sync {'script': "return document.querySelectorAll('[data-rpa-tag-id]').length > 0", 'args': []}
2026-08-24 16:49:44 - urllib3.connectionpool - DEBUG - http://localhost:50197 "POST /session/8f780dece5d2cfdafeea23fe28e4ff82/execute/sync HTTP/1.1" 200 0
2026-08-24 16:49:44 - selenium.webdriver.remote.remote_connection - DEBUG - Remote response: status=200 | data={"value":false} | headers=HTTPHeaderDict({'Content-Length': '15', 'Content-Type': 'application/json; charset=utf-8', 'cache-control': 'no-cache'})
2026-08-24 16:49:44 - selenium.webdriver.remote.remote_connection - DEBUG - Finished Request
2026-08-24 16:49:45 - selenium.webdriver.remote.remote_connection - DEBUG - POST http://localhost:50197/session/8f780dece5d2cfdafeea23fe28e4ff82/execute/sync {'script': "return document.querySelectorAll('[data-rpa-tag-id]').length > 0", 'args': []}
2026-08-24 16:49:45 - urllib3.connectionpool - DEBUG - http://localhost:50197 "POST /session/8f780dece5d2cfdafeea23fe28e4ff82/execute/sync HTTP/1.1" 200 0
2026-08-24 16:49:45 - selenium.webdriver.remote.remote_connection - DEBUG - Remote response: status=200 | data={"value":false} | headers=HTTPHeaderDict({'Content-Length': '15', 'Content-Type': 'application/json; charset=utf-8', 'cache-control': 'no-cache'})
2026-08-24 16:49:45 - selenium.webdriver.remote.remote_connection - DEBUG - Finished Request
2026-08-24 16:49:45 - selenium.webdriver.remote.remote_connection - DEBUG - POST http://localhost:50197/session/8f780dece5d2cfdafeea23fe28e4ff82/execute/sync {'script': "return document.querySelectorAll('[data-rpa-tag-id]').length > 0", 'args': []}
2026-08-24 16:49:45 - urllib3.connectionpool - DEBUG - http://localhost:50197 "POST /session/8f780dece5d2cfdafeea23fe28e4ff82/execute/sync HTTP/1.1" 200 0
2026-08-24 16:49:45 - selenium.webdriver.remote.remote_connection - DEBUG - Remote response: status=200 | data={"value":false} | headers=HTTPHeaderDict({'Content-Length': '15', 'Content-Type': 'application/json; charset=utf-8', 'cache-control': 'no-cache'})
2026-08-24 16:49:45 - selenium.webdriver.remote.remote_connection - DEBUG - Finished Request
2026-08-24 16:49:46 - selenium.webdriver.remote.remote_connection - DEBUG - POST http://localhost:50197/session/8f780dece5d2cfdafeea23fe28e4ff82/execute/sync {'script': "return document.querySelectorAll('[data-rpa-tag-id]').length > 0", 'args': []}
2026-08-24 16:49:46 - urllib3.connectionpool - DEBUG - http://localhost:50197 "POST /session/8f780dece5d2cfdafeea23fe28e4ff82/execute/sync HTTP/1.1" 200 0
2026-08-24 16:49:46 - selenium.webdriver.remote.remote_connection - DEBUG - Remote response: status=200 | data={"value":false} | headers=HTTPHeaderDict({'Content-Length': '15', 'Content-Type': 'application/json; charset=utf-8', 'cache-control': 'no-cache'})
2026-08-24 16:49:46 - selenium.webdriver.remote.remote_connection - DEBUG - Finished Request
2026-08-24 16:49:46 - selenium.webdriver.remote.remote_connection - DEBUG - POST http://localhost:50197/session/8f780dece5d2cfdafeea23fe28e4ff82/execute/sync {'script': "return document.querySelectorAll('[data-rpa-tag-id]').length > 0", 'args': []}
2026-08-24 16:49:46 - urllib3.connectionpool - DEBUG - http://localhost:50197 "POST /session/8f780dece5d2cfdafeea23fe28e4ff82/execute/sync HTTP/1.1" 200 0
2026-08-24 16:49:46 - selenium.webdriver.remote.remote_connection - DEBUG - Remote response: status=200 | data={"value":false} | headers=HTTPHeaderDict({'Content-Length': '15', 'Content-Type': 'application/json; charset=utf-8', 'cache-control': 'no-cache'})
2026-08-24 16:49:46 - selenium.webdriver.remote.remote_connection - DEBUG - Finished Request
2026-08-24 16:49:47 - selenium.webdriver.remote.remote_connection - DEBUG - POST http://localhost:50197/session/8f780dece5d2cfdafeea23fe28e4ff82/execute/sync {'script': "return document.querySelectorAll('[data-rpa-tag-id]').length > 0", 'args': []}
2026-08-24 16:49:47 - urllib3.connectionpool - DEBUG - http://localhost:50197 "POST /session/8f780dece5d2cfdafeea23fe28e4ff82/execute/sync HTTP/1.1" 200 0
2026-08-24 16:49:47 - selenium.webdriver.remote.remote_connection - DEBUG - Remote response: status=200 | data={"value":false} | headers=HTTPHeaderDict({'Content-Length': '15', 'Content-Type': 'application/json; charset=utf-8', 'cache-control': 'no-cache'})
2026-08-24 16:49:47 - selenium.webdriver.remote.remote_connection - DEBUG - Finished Request
2026-08-24 16:49:47 - selenium.webdriver.remote.remote_connection - DEBUG - POST http://localhost:50197/session/8f780dece5d2cfdafeea23fe28e4ff82/execute/sync {'script': "return document.querySelectorAll('[data-rpa-tag-id]').length > 0", 'args': []}
2026-08-24 16:49:47 - urllib3.connectionpool - DEBUG - http://localhost:50197 "POST /session/8f780dece5d2cfdafeea23fe28e4ff82/execute/sync HTTP/1.1" 200 0
2026-08-24 16:49:47 - selenium.webdriver.remote.remote_connection - DEBUG - Remote response: status=200 | data={"value":false} | headers=HTTPHeaderDict({'Content-Length': '15', 'Content-Type': 'application/json; charset=utf-8', 'cache-control': 'no-cache'})
2026-08-24 16:49:47 - selenium.webdriver.remote.remote_connection - DEBUG - Finished Request
2026-08-24 16:49:48 - selenium.webdriver.remote.remote_connection - DEBUG - POST http://localhost:50197/session/8f780dece5d2cfdafeea23fe28e4ff82/execute/sync {'script': "return document.querySelectorAll('[data-rpa-tag-id]').length > 0", 'args': []}
2026-08-24 16:49:48 - urllib3.connectionpool - DEBUG - http://localhost:50197 "POST /session/8f780dece5d2cfdafeea23fe28e4ff82/execute/sync HTTP/1.1" 200 0
2026-08-24 16:49:48 - selenium.webdriver.remote.remote_connection - DEBUG - Remote response: status=200 | data={"value":false} | headers=HTTPHeaderDict({'Content-Length': '15', 'Content-Type': 'application/json; charset=utf-8', 'cache-control': 'no-cache'})
2026-08-24 16:49:48 - selenium.webdriver.remote.remote_connection - DEBUG - Finished Request
2026-08-24 16:49:48 - selenium.webdriver.remote.remote_connection - DEBUG - POST http://localhost:50197/session/8f780dece5d2cfdafeea23fe28e4ff82/execute/sync {'script': "return document.querySelectorAll('[data-rpa-tag-id]').length > 0", 'args': []}
2026-08-24 16:49:48 - urllib3.connectionpool - DEBUG - http://localhost:50197 "POST /session/8f780dece5d2cfdafeea23fe28e4ff82/execute/sync HTTP/1.1" 200 0
2026-08-24 16:49:48 - selenium.webdriver.remote.remote_connection - DEBUG - Remote response: status=200 | data={"value":false} | headers=HTTPHeaderDict({'Content-Length': '15', 'Content-Type': 'application/json; charset=utf-8', 'cache-control': 'no-cache'})
2026-08-24 16:49:48 - selenium.webdriver.remote.remote_connection - DEBUG - Finished Request
2026-08-24 16:49:49 - selenium.webdriver.remote.remote_connection - DEBUG - POST http://localhost:50197/session/8f780dece5d2cfdafeea23fe28e4ff82/execute/sync {'script': "return document.querySelectorAll('[data-rpa-tag-id]').length > 0", 'args': []}
2026-08-24 16:49:49 - urllib3.connectionpool - DEBUG - http://localhost:50197 "POST /session/8f780dece5d2cfdafeea23fe28e4ff82/execute/sync HTTP/1.1" 200 0
2026-08-24 16:49:49 - selenium.webdriver.remote.remote_connection - DEBUG - Remote response: status=200 | data={"value":false} | headers=HTTPHeaderDict({'Content-Length': '15', 'Content-Type': 'application/json; charset=utf-8', 'cache-control': 'no-cache'})
2026-08-24 16:49:49 - selenium.webdriver.remote.remote_connection - DEBUG - Finished Request
2026-08-24 16:49:49 - selenium.webdriver.remote.remote_connection - DEBUG - POST http://localhost:50197/session/8f780dece5d2cfdafeea23fe28e4ff82/execute/sync {'script': "return document.querySelectorAll('[data-rpa-tag-id]').length > 0", 'args': []}
2026-08-24 16:49:49 - urllib3.connectionpool - DEBUG - http://localhost:50197 "POST /session/8f780dece5d2cfdafeea23fe28e4ff82/execute/sync HTTP/1.1" 200 0
2026-08-24 16:49:49 - selenium.webdriver.remote.remote_connection - DEBUG - Remote response: status=200 | data={"value":false} | headers=HTTPHeaderDict({'Content-Length': '15', 'Content-Type': 'application/json; charset=utf-8', 'cache-control': 'no-cache'})
2026-08-24 16:49:49 - selenium.webdriver.remote.remote_connection - DEBUG - Finished Request
2026-08-24 16:49:50 - selenium.webdriver.remote.remote_connection - DEBUG - POST http://localhost:50197/session/8f780dece5d2cfdafeea23fe28e4ff82/execute/sync {'script': "return document.querySelectorAll('[data-rpa-tag-id]').length > 0", 'args': []}
2026-08-24 16:49:50 - urllib3.connectionpool - DEBUG - http://localhost:50197 "POST /session/8f780dece5d2cfdafeea23fe28e4ff82/execute/sync HTTP/1.1" 200 0
2026-08-24 16:49:50 - selenium.webdriver.remote.remote_connection - DEBUG - Remote response: status=200 | data={"value":false} | headers=HTTPHeaderDict({'Content-Length': '15', 'Content-Type': 'application/json; charset=utf-8', 'cache-control': 'no-cache'})
2026-08-24 16:49:50 - selenium.webdriver.remote.remote_connection - DEBUG - Finished Request
2026-08-24 16:49:50 - selenium.webdriver.remote.remote_connection - DEBUG - POST http://localhost:50197/session/8f780dece5d2cfdafeea23fe28e4ff82/execute/sync {'script': "return document.querySelectorAll('[data-rpa-tag-id]').length > 0", 'args': []}
2026-08-24 16:49:50 - urllib3.connectionpool - DEBUG - http://localhost:50197 "POST /session/8f780dece5d2cfdafeea23fe28e4ff82/execute/sync HTTP/1.1" 200 0
2026-08-24 16:49:50 - selenium.webdriver.remote.remote_connection - DEBUG - Remote response: status=200 | data={"value":false} | headers=HTTPHeaderDict({'Content-Length': '15', 'Content-Type': 'application/json; charset=utf-8', 'cache-control': 'no-cache'})
2026-08-24 16:49:50 - selenium.webdriver.remote.remote_connection - DEBUG - Finished Request
2026-08-24 16:49:51 - selenium.webdriver.remote.remote_connection - DEBUG - POST http://localhost:50197/session/8f780dece5d2cfdafeea23fe28e4ff82/execute/sync {'script': "return document.querySelectorAll('[data-rpa-tag-id]').length > 0", 'args': []}
2026-08-24 16:49:51 - urllib3.connectionpool - DEBUG - http://localhost:50197 "POST /session/8f780dece5d2cfdafeea23fe28e4ff82/execute/sync HTTP/1.1" 200 0
2026-08-24 16:49:51 - selenium.webdriver.remote.remote_connection - DEBUG - Remote response: status=200 | data={"value":false} | headers=HTTPHeaderDict({'Content-Length': '15', 'Content-Type': 'application/json; charset=utf-8', 'cache-control': 'no-cache'})
2026-08-24 16:49:51 - selenium.webdriver.remote.remote_connection - DEBUG - Finished Request
2026-08-24 16:49:51 - selenium.webdriver.remote.remote_connection - DEBUG - POST http://localhost:50197/session/8f780dece5d2cfdafeea23fe28e4ff82/execute/sync {'script': "return document.querySelectorAll('[data-rpa-tag-id]').length > 0", 'args': []}
2026-08-24 16:49:51 - urllib3.connectionpool - DEBUG - http://localhost:50197 "POST /session/8f780dece5d2cfdafeea23fe28e4ff82/execute/sync HTTP/1.1" 200 0
2026-08-24 16:49:51 - selenium.webdriver.remote.remote_connection - DEBUG - Remote response: status=200 | data={"value":false} | headers=HTTPHeaderDict({'Content-Length': '15', 'Content-Type': 'application/json; charset=utf-8', 'cache-control': 'no-cache'})
2026-08-24 16:49:51 - selenium.webdriver.remote.remote_connection - DEBUG - Finished Request
2026-08-24 16:49:52 - selenium.webdriver.remote.remote_connection - DEBUG - POST http://localhost:50197/session/8f780dece5d2cfdafeea23fe28e4ff82/execute/sync {'script': "return document.querySelectorAll('[data-rpa-tag-id]').length > 0", 'args': []}
2026-08-24 16:49:52 - urllib3.connectionpool - DEBUG - http://localhost:50197 "POST /session/8f780dece5d2cfdafeea23fe28e4ff82/execute/sync HTTP/1.1" 200 0
2026-08-24 16:49:52 - selenium.webdriver.remote.remote_connection - DEBUG - Remote response: status=200 | data={"value":false} | headers=HTTPHeaderDict({'Content-Length': '15', 'Content-Type': 'application/json; charset=utf-8', 'cache-control': 'no-cache'})
2026-08-24 16:49:52 - selenium.webdriver.remote.remote_connection - DEBUG - Finished Request
2026-08-24 16:49:52 - selenium.webdriver.remote.remote_connection - DEBUG - POST http://localhost:50197/session/8f780dece5d2cfdafeea23fe28e4ff82/execute/sync {'script': "return document.querySelectorAll('[data-rpa-tag-id]').length > 0", 'args': []}
2026-08-24 16:49:52 - urllib3.connectionpool - DEBUG - http://localhost:50197 "POST /session/8f780dece5d2cfdafeea23fe28e4ff82/execute/sync HTTP/1.1" 200 0
2026-08-24 16:49:52 - selenium.webdriver.remote.remote_connection - DEBUG - Remote response: status=200 | data={"value":false} | headers=HTTPHeaderDict({'Content-Length': '15', 'Content-Type': 'application/json; charset=utf-8', 'cache-control': 'no-cache'})
2026-08-24 16:49:52 - selenium.webdriver.remote.remote_connection - DEBUG - Finished Request
2026-08-24 16:49:53 - selenium.webdriver.remote.remote_connection - DEBUG - POST http://localhost:50197/session/8f780dece5d2cfdafeea23fe28e4ff82/execute/sync {'script': "return document.querySelectorAll('[data-rpa-tag-id]').length > 0", 'args': []}
2026-08-24 16:49:53 - urllib3.connectionpool - DEBUG - http://localhost:50197 "POST /session/8f780dece5d2cfdafeea23fe28e4ff82/execute/sync HTTP/1.1" 200 0
2026-08-24 16:49:53 - selenium.webdriver.remote.remote_connection - DEBUG - Remote response: status=200 | data={"value":false} | headers=HTTPHeaderDict({'Content-Length': '15', 'Content-Type': 'application/json; charset=utf-8', 'cache-control': 'no-cache'})
2026-08-24 16:49:53 - selenium.webdriver.remote.remote_connection - DEBUG - Finished Request
2026-08-24 16:49:53 - selenium.webdriver.remote.remote_connection - DEBUG - POST http://localhost:50197/session/8f780dece5d2cfdafeea23fe28e4ff82/execute/sync {'script': "return document.querySelectorAll('[data-rpa-tag-id]').length > 0", 'args': []}
2026-08-24 16:49:53 - urllib3.connectionpool - DEBUG - http://localhost:50197 "POST /session/8f780dece5d2cfdafeea23fe28e4ff82/execute/sync HTTP/1.1" 200 0
2026-08-24 16:49:53 - selenium.webdriver.remote.remote_connection - DEBUG - Remote response: status=200 | data={"value":false} | headers=HTTPHeaderDict({'Content-Length': '15', 'Content-Type': 'application/json; charset=utf-8', 'cache-control': 'no-cache'})
2026-08-24 16:49:53 - selenium.webdriver.remote.remote_connection - DEBUG - Finished Request
2026-08-24 16:49:54 - selenium.webdriver.remote.remote_connection - DEBUG - POST http://localhost:50197/session/8f780dece5d2cfdafeea23fe28e4ff82/execute/sync {'script': "return document.querySelectorAll('[data-rpa-tag-id]').length > 0", 'args': []}
2026-08-24 16:49:54 - urllib3.connectionpool - DEBUG - http://localhost:50197 "POST /session/8f780dece5d2cfdafeea23fe28e4ff82/execute/sync HTTP/1.1" 200 0
2026-08-24 16:49:54 - selenium.webdriver.remote.remote_connection - DEBUG - Remote response: status=200 | data={"value":false} | headers=HTTPHeaderDict({'Content-Length': '15', 'Content-Type': 'application/json; charset=utf-8', 'cache-control': 'no-cache'})
2026-08-24 16:49:54 - selenium.webdriver.remote.remote_connection - DEBUG - Finished Request
2026-08-24 16:49:54 - selenium.webdriver.remote.remote_connection - DEBUG - POST http://localhost:50197/session/8f780dece5d2cfdafeea23fe28e4ff82/execute/sync {'script': "return document.querySelectorAll('[data-rpa-tag-id]').length > 0", 'args': []}
2026-08-24 16:49:54 - urllib3.connectionpool - DEBUG - http://localhost:50197 "POST /session/8f780dece5d2cfdafeea23fe28e4ff82/execute/sync HTTP/1.1" 200 0
2026-08-24 16:49:54 - selenium.webdriver.remote.remote_connection - DEBUG - Remote response: status=200 | data={"value":false} | headers=HTTPHeaderDict({'Content-Length': '15', 'Content-Type': 'application/json; charset=utf-8', 'cache-control': 'no-cache'})
2026-08-24 16:49:54 - selenium.webdriver.remote.remote_connection - DEBUG - Finished Request
2026-08-24 16:49:55 - selenium.webdriver.remote.remote_connection - DEBUG - POST http://localhost:50197/session/8f780dece5d2cfdafeea23fe28e4ff82/execute/sync {'script': "return document.querySelectorAll('[data-rpa-tag-id]').length > 0", 'args': []}
2026-08-24 16:49:55 - urllib3.connectionpool - DEBUG - http://localhost:50197 "POST /session/8f780dece5d2cfdafeea23fe28e4ff82/execute/sync HTTP/1.1" 200 0
2026-08-24 16:49:55 - selenium.webdriver.remote.remote_connection - DEBUG - Remote response: status=200 | data={"value":false} | headers=HTTPHeaderDict({'Content-Length': '15', 'Content-Type': 'application/json; charset=utf-8', 'cache-control': 'no-cache'})
2026-08-24 16:49:55 - selenium.webdriver.remote.remote_connection - DEBUG - Finished Request
2026-08-24 16:49:56 - selenium.webdriver.remote.remote_connection - DEBUG - POST http://localhost:50197/session/8f780dece5d2cfdafeea23fe28e4ff82/execute/sync {'script': "return document.querySelectorAll('[data-rpa-tag-id]').length > 0", 'args': []}
2026-08-24 16:49:56 - urllib3.connectionpool - DEBUG - http://localhost:50197 "POST /session/8f780dece5d2cfdafeea23fe28e4ff82/execute/sync HTTP/1.1" 200 0
2026-08-24 16:49:56 - selenium.webdriver.remote.remote_connection - DEBUG - Remote response: status=200 | data={"value":false} | headers=HTTPHeaderDict({'Content-Length': '15', 'Content-Type': 'application/json; charset=utf-8', 'cache-control': 'no-cache'})
2026-08-24 16:49:56 - selenium.webdriver.remote.remote_connection - DEBUG - Finished Request
2026-08-24 16:49:56 - selenium.webdriver.remote.remote_connection - DEBUG - POST http://localhost:50197/session/8f780dece5d2cfdafeea23fe28e4ff82/execute/sync {'script': "return document.querySelectorAll('[data-rpa-tag-id]').length > 0", 'args': []}
2026-08-24 16:49:56 - urllib3.connectionpool - DEBUG - http://localhost:50197 "POST /session/8f780dece5d2cfdafeea23fe28e4ff82/execute/sync HTTP/1.1" 200 0
2026-08-24 16:49:56 - selenium.webdriver.remote.remote_connection - DEBUG - Remote response: status=200 | data={"value":false} | headers=HTTPHeaderDict({'Content-Length': '15', 'Content-Type': 'application/json; charset=utf-8', 'cache-control': 'no-cache'})
2026-08-24 16:49:56 - selenium.webdriver.remote.remote_connection - DEBUG - Finished Request
2026-08-24 16:49:57 - selenium.webdriver.remote.remote_connection - DEBUG - POST http://localhost:50197/session/8f780dece5d2cfdafeea23fe28e4ff82/execute/sync {'script': "return document.querySelectorAll('[data-rpa-tag-id]').length > 0", 'args': []}
2026-08-24 16:49:57 - urllib3.connectionpool - DEBUG - http://localhost:50197 "POST /session/8f780dece5d2cfdafeea23fe28e4ff82/execute/sync HTTP/1.1" 200 0
2026-08-24 16:49:57 - selenium.webdriver.remote.remote_connection - DEBUG - Remote response: status=200 | data={"value":false} | headers=HTTPHeaderDict({'Content-Length': '15', 'Content-Type': 'application/json; charset=utf-8', 'cache-control': 'no-cache'})
2026-08-24 16:49:57 - selenium.webdriver.remote.remote_connection - DEBUG - Finished Request
2026-08-24 16:49:57 - selenium.webdriver.remote.remote_connection - DEBUG - POST http://localhost:50197/session/8f780dece5d2cfdafeea23fe28e4ff82/execute/sync {'script': "return document.querySelectorAll('[data-rpa-tag-id]').length > 0", 'args': []}
2026-08-24 16:49:57 - urllib3.connectionpool - DEBUG - http://localhost:50197 "POST /session/8f780dece5d2cfdafeea23fe28e4ff82/execute/sync HTTP/1.1" 200 0
2026-08-24 16:49:57 - selenium.webdriver.remote.remote_connection - DEBUG - Remote response: status=200 | data={"value":false} | headers=HTTPHeaderDict({'Content-Length': '15', 'Content-Type': 'application/json; charset=utf-8', 'cache-control': 'no-cache'})
2026-08-24 16:49:57 - selenium.webdriver.remote.remote_connection - DEBUG - Finished Request
2026-08-24 16:49:58 - selenium.webdriver.remote.remote_connection - DEBUG - POST http://localhost:50197/session/8f780dece5d2cfdafeea23fe28e4ff82/execute/sync {'script': "return document.querySelectorAll('[data-rpa-tag-id]').length > 0", 'args': []}
2026-08-24 16:49:58 - urllib3.connectionpool - DEBUG - http://localhost:50197 "POST /session/8f780dece5d2cfdafeea23fe28e4ff82/execute/sync HTTP/1.1" 200 0
2026-08-24 16:49:58 - selenium.webdriver.remote.remote_connection - DEBUG - Remote response: status=200 | data={"value":false} | headers=HTTPHeaderDict({'Content-Length': '15', 'Content-Type': 'application/json; charset=utf-8', 'cache-control': 'no-cache'})
2026-08-24 16:49:58 - selenium.webdriver.remote.remote_connection - DEBUG - Finished Request
2026-08-24 16:49:58 - selenium.webdriver.remote.remote_connection - DEBUG - POST http://localhost:50197/session/8f780dece5d2cfdafeea23fe28e4ff82/execute/sync {'script': "return document.querySelectorAll('[data-rpa-tag-id]').length > 0", 'args': []}
2026-08-24 16:49:58 - urllib3.connectionpool - DEBUG - http://localhost:50197 "POST /session/8f780dece5d2cfdafeea23fe28e4ff82/execute/sync HTTP/1.1" 200 0
2026-08-24 16:49:58 - selenium.webdriver.remote.remote_connection - DEBUG - Remote response: status=200 | data={"value":false} | headers=HTTPHeaderDict({'Content-Length': '15', 'Content-Type': 'application/json; charset=utf-8', 'cache-control': 'no-cache'})
2026-08-24 16:49:58 - selenium.webdriver.remote.remote_connection - DEBUG - Finished Request
2026-08-24 16:49:59 - selenium.webdriver.remote.remote_connection - DEBUG - POST http://localhost:50197/session/8f780dece5d2cfdafeea23fe28e4ff82/execute/sync {'script': "return document.querySelectorAll('[data-rpa-tag-id]').length > 0", 'args': []}
2026-08-24 16:49:59 - urllib3.connectionpool - DEBUG - http://localhost:50197 "POST /session/8f780dece5d2cfdafeea23fe28e4ff82/execute/sync HTTP/1.1" 200 0
2026-08-24 16:49:59 - selenium.webdriver.remote.remote_connection - DEBUG - Remote response: status=200 | data={"value":false} | headers=HTTPHeaderDict({'Content-Length': '15', 'Content-Type': 'application/json; charset=utf-8', 'cache-control': 'no-cache'})
2026-08-24 16:49:59 - selenium.webdriver.remote.remote_connection - DEBUG - Finished Request
2026-08-24 16:49:59 - scraper - WARNING - Angular did not bootstrap within 30s — will refresh
2026-08-24 16:49:59 - scraper - INFO - Angular stalled — refreshing page (bundle now cached)
2026-08-24 16:49:59 - selenium.webdriver.remote.remote_connection - DEBUG - POST http://localhost:50197/session/8f780dece5d2cfdafeea23fe28e4ff82/refresh {}
2026-08-24 16:50:03 - urllib3.connectionpool - DEBUG - http://localhost:50197 "POST /session/8f780dece5d2cfdafeea23fe28e4ff82/refresh HTTP/1.1" 200 0
2026-08-24 16:50:03 - selenium.webdriver.remote.remote_connection - DEBUG - Remote response: status=200 | data={"value":null} | headers=HTTPHeaderDict({'Content-Length': '14', 'Content-Type': 'application/json; charset=utf-8', 'cache-control': 'no-cache'})
2026-08-24 16:50:03 - selenium.webdriver.remote.remote_connection - DEBUG - Finished Request
2026-08-24 16:50:03 - selenium.webdriver.remote.remote_connection - DEBUG - POST http://localhost:50197/session/8f780dece5d2cfdafeea23fe28e4ff82/execute/sync {'script': "\n                var candidates = [\n                    document.querySelector('#onetrust-accept-btn...", 'args': []}
2026-08-24 16:50:05 - urllib3.connectionpool - DEBUG - http://localhost:50197 "POST /session/8f780dece5d2cfdafeea23fe28e4ff82/execute/sync HTTP/1.1" 200 0
2026-08-24 16:50:05 - selenium.webdriver.remote.remote_connection - DEBUG - Remote response: status=200 | data={"value":null} | headers=HTTPHeaderDict({'Content-Length': '14', 'Content-Type': 'application/json; charset=utf-8', 'cache-control': 'no-cache'})
2026-08-24 16:50:05 - selenium.webdriver.remote.remote_connection - DEBUG - Finished Request
2026-08-24 16:50:05 - selenium.webdriver.remote.remote_connection - DEBUG - POST http://localhost:50197/session/8f780dece5d2cfdafeea23fe28e4ff82/execute/sync {'script': "return document.querySelectorAll('[data-rpa-tag-id]').length > 0", 'args': []}
2026-08-24 16:50:05 - urllib3.connectionpool - DEBUG - http://localhost:50197 "POST /session/8f780dece5d2cfdafeea23fe28e4ff82/execute/sync HTTP/1.1" 200 0
2026-08-24 16:50:05 - selenium.webdriver.remote.remote_connection - DEBUG - Remote response: status=200 | data={"value":false} | headers=HTTPHeaderDict({'Content-Length': '15', 'Content-Type': 'application/json; charset=utf-8', 'cache-control': 'no-cache'})
2026-08-24 16:50:05 - selenium.webdriver.remote.remote_connection - DEBUG - Finished Request
2026-08-24 16:50:05 - selenium.webdriver.remote.remote_connection - DEBUG - POST http://localhost:50197/session/8f780dece5d2cfdafeea23fe28e4ff82/execute/sync {'script': "return document.querySelectorAll('[data-rpa-tag-id]').length > 0", 'args': []}
2026-08-24 16:50:05 - urllib3.connectionpool - DEBUG - http://localhost:50197 "POST /session/8f780dece5d2cfdafeea23fe28e4ff82/execute/sync HTTP/1.1" 200 0
2026-08-24 16:50:05 - selenium.webdriver.remote.remote_connection - DEBUG - Remote response: status=200 | data={"value":false} | headers=HTTPHeaderDict({'Content-Length': '15', 'Content-Type': 'application/json; charset=utf-8', 'cache-control': 'no-cache'})
2026-08-24 16:50:05 - selenium.webdriver.remote.remote_connection - DEBUG - Finished Request
2026-08-24 16:50:06 - selenium.webdriver.remote.remote_connection - DEBUG - POST http://localhost:50197/session/8f780dece5d2cfdafeea23fe28e4ff82/execute/sync {'script': "return document.querySelectorAll('[data-rpa-tag-id]').length > 0", 'args': []}
2026-08-24 16:50:06 - urllib3.connectionpool - DEBUG - http://localhost:50197 "POST /session/8f780dece5d2cfdafeea23fe28e4ff82/execute/sync HTTP/1.1" 200 0
2026-08-24 16:50:06 - selenium.webdriver.remote.remote_connection - DEBUG - Remote response: status=200 | data={"value":false} | headers=HTTPHeaderDict({'Content-Length': '15', 'Content-Type': 'application/json; charset=utf-8', 'cache-control': 'no-cache'})
2026-08-24 16:50:06 - selenium.webdriver.remote.remote_connection - DEBUG - Finished Request
2026-08-24 16:50:06 - selenium.webdriver.remote.remote_connection - DEBUG - POST http://localhost:50197/session/8f780dece5d2cfdafeea23fe28e4ff82/execute/sync {'script': "return document.querySelectorAll('[data-rpa-tag-id]').length > 0", 'args': []}
2026-08-24 16:50:06 - urllib3.connectionpool - DEBUG - http://localhost:50197 "POST /session/8f780dece5d2cfdafeea23fe28e4ff82/execute/sync HTTP/1.1" 200 0
2026-08-24 16:50:06 - selenium.webdriver.remote.remote_connection - DEBUG - Remote response: status=200 | data={"value":false} | headers=HTTPHeaderDict({'Content-Length': '15', 'Content-Type': 'application/json; charset=utf-8', 'cache-control': 'no-cache'})
2026-08-24 16:50:06 - selenium.webdriver.remote.remote_connection - DEBUG - Finished Request
2026-08-24 16:50:07 - selenium.webdriver.remote.remote_connection - DEBUG - POST http://localhost:50197/session/8f780dece5d2cfdafeea23fe28e4ff82/execute/sync {'script': "return document.querySelectorAll('[data-rpa-tag-id]').length > 0", 'args': []}
2026-08-24 16:50:07 - urllib3.connectionpool - DEBUG - http://localhost:50197 "POST /session/8f780dece5d2cfdafeea23fe28e4ff82/execute/sync HTTP/1.1" 200 0
2026-08-24 16:50:07 - selenium.webdriver.remote.remote_connection - DEBUG - Remote response: status=200 | data={"value":false} | headers=HTTPHeaderDict({'Content-Length': '15', 'Content-Type': 'application/json; charset=utf-8', 'cache-control': 'no-cache'})
2026-08-24 16:50:07 - selenium.webdriver.remote.remote_connection - DEBUG - Finished Request
2026-08-24 16:50:07 - selenium.webdriver.remote.remote_connection - DEBUG - POST http://localhost:50197/session/8f780dece5d2cfdafeea23fe28e4ff82/execute/sync {'script': "return document.querySelectorAll('[data-rpa-tag-id]').length > 0", 'args': []}
2026-08-24 16:50:07 - urllib3.connectionpool - DEBUG - http://localhost:50197 "POST /session/8f780dece5d2cfdafeea23fe28e4ff82/execute/sync HTTP/1.1" 200 0
2026-08-24 16:50:07 - selenium.webdriver.remote.remote_connection - DEBUG - Remote response: status=200 | data={"value":false} | headers=HTTPHeaderDict({'Content-Length': '15', 'Content-Type': 'application/json; charset=utf-8', 'cache-control': 'no-cache'})
2026-08-24 16:50:07 - selenium.webdriver.remote.remote_connection - DEBUG - Finished Request
2026-08-24 16:50:08 - selenium.webdriver.remote.remote_connection - DEBUG - POST http://localhost:50197/session/8f780dece5d2cfdafeea23fe28e4ff82/execute/sync {'script': "return document.querySelectorAll('[data-rpa-tag-id]').length > 0", 'args': []}
2026-08-24 16:50:08 - urllib3.connectionpool - DEBUG - http://localhost:50197 "POST /session/8f780dece5d2cfdafeea23fe28e4ff82/execute/sync HTTP/1.1" 200 0
2026-08-24 16:50:08 - selenium.webdriver.remote.remote_connection - DEBUG - Remote response: status=200 | data={"value":false} | headers=HTTPHeaderDict({'Content-Length': '15', 'Content-Type': 'application/json; charset=utf-8', 'cache-control': 'no-cache'})
2026-08-24 16:50:08 - selenium.webdriver.remote.remote_connection - DEBUG - Finished Request
2026-08-24 16:50:08 - selenium.webdriver.remote.remote_connection - DEBUG - POST http://localhost:50197/session/8f780dece5d2cfdafeea23fe28e4ff82/execute/sync {'script': "return document.querySelectorAll('[data-rpa-tag-id]').length > 0", 'args': []}
2026-08-24 16:50:09 - urllib3.connectionpool - DEBUG - http://localhost:50197 "POST /session/8f780dece5d2cfdafeea23fe28e4ff82/execute/sync HTTP/1.1" 200 0
2026-08-24 16:50:09 - selenium.webdriver.remote.remote_connection - DEBUG - Remote response: status=200 | data={"value":false} | headers=HTTPHeaderDict({'Content-Length': '15', 'Content-Type': 'application/json; charset=utf-8', 'cache-control': 'no-cache'})
2026-08-24 16:50:09 - selenium.webdriver.remote.remote_connection - DEBUG - Finished Request
2026-08-24 16:50:10 - selenium.webdriver.remote.remote_connection - DEBUG - POST http://localhost:50197/session/8f780dece5d2cfdafeea23fe28e4ff82/execute/sync {'script': "return document.querySelectorAll('[data-rpa-tag-id]').length > 0", 'args': []}
2026-08-24 16:50:10 - urllib3.connectionpool - DEBUG - http://localhost:50197 "POST /session/8f780dece5d2cfdafeea23fe28e4ff82/execute/sync HTTP/1.1" 200 0
2026-08-24 16:50:10 - selenium.webdriver.remote.remote_connection - DEBUG - Remote response: status=200 | data={"value":false} | headers=HTTPHeaderDict({'Content-Length': '15', 'Content-Type': 'application/json; charset=utf-8', 'cache-control': 'no-cache'})
2026-08-24 16:50:10 - selenium.webdriver.remote.remote_connection - DEBUG - Finished Request
2026-08-24 16:50:10 - selenium.webdriver.remote.remote_connection - DEBUG - POST http://localhost:50197/session/8f780dece5d2cfdafeea23fe28e4ff82/execute/sync {'script': "return document.querySelectorAll('[data-rpa-tag-id]').length > 0", 'args': []}
2026-08-24 16:50:10 - urllib3.connectionpool - DEBUG - http://localhost:50197 "POST /session/8f780dece5d2cfdafeea23fe28e4ff82/execute/sync HTTP/1.1" 200 0
2026-08-24 16:50:10 - selenium.webdriver.remote.remote_connection - DEBUG - Remote response: status=200 | data={"value":false} | headers=HTTPHeaderDict({'Content-Length': '15', 'Content-Type': 'application/json; charset=utf-8', 'cache-control': 'no-cache'})
2026-08-24 16:50:10 - selenium.webdriver.remote.remote_connection - DEBUG - Finished Request
2026-08-24 16:50:11 - selenium.webdriver.remote.remote_connection - DEBUG - POST http://localhost:50197/session/8f780dece5d2cfdafeea23fe28e4ff82/execute/sync {'script': "return document.querySelectorAll('[data-rpa-tag-id]').length > 0", 'args': []}
2026-08-24 16:50:11 - urllib3.connectionpool - DEBUG - http://localhost:50197 "POST /session/8f780dece5d2cfdafeea23fe28e4ff82/execute/sync HTTP/1.1" 200 0
2026-08-24 16:50:11 - selenium.webdriver.remote.remote_connection - DEBUG - Remote response: status=200 | data={"value":false} | headers=HTTPHeaderDict({'Content-Length': '15', 'Content-Type': 'application/json; charset=utf-8', 'cache-control': 'no-cache'})
2026-08-24 16:50:11 - selenium.webdriver.remote.remote_connection - DEBUG - Finished Request
2026-08-24 16:50:11 - selenium.webdriver.remote.remote_connection - DEBUG - POST http://localhost:50197/session/8f780dece5d2cfdafeea23fe28e4ff82/execute/sync {'script': "return document.querySelectorAll('[data-rpa-tag-id]').length > 0", 'args': []}
2026-08-24 16:50:11 - urllib3.connectionpool - DEBUG - http://localhost:50197 "POST /session/8f780dece5d2cfdafeea23fe28e4ff82/execute/sync HTTP/1.1" 200 0
2026-08-24 16:50:11 - selenium.webdriver.remote.remote_connection - DEBUG - Remote response: status=200 | data={"value":false} | headers=HTTPHeaderDict({'Content-Length': '15', 'Content-Type': 'application/json; charset=utf-8', 'cache-control': 'no-cache'})
2026-08-24 16:50:11 - selenium.webdriver.remote.remote_connection - DEBUG - Finished Request
2026-08-24 16:50:12 - selenium.webdriver.remote.remote_connection - DEBUG - POST http://localhost:50197/session/8f780dece5d2cfdafeea23fe28e4ff82/execute/sync {'script': "return document.querySelectorAll('[data-rpa-tag-id]').length > 0", 'args': []}
2026-08-24 16:50:12 - urllib3.connectionpool - DEBUG - http://localhost:50197 "POST /session/8f780dece5d2cfdafeea23fe28e4ff82/execute/sync HTTP/1.1" 200 0
2026-08-24 16:50:12 - selenium.webdriver.remote.remote_connection - DEBUG - Remote response: status=200 | data={"value":false} | headers=HTTPHeaderDict({'Content-Length': '15', 'Content-Type': 'application/json; charset=utf-8', 'cache-control': 'no-cache'})
2026-08-24 16:50:12 - selenium.webdriver.remote.remote_connection - DEBUG - Finished Request
2026-08-24 16:50:12 - selenium.webdriver.remote.remote_connection - DEBUG - POST http://localhost:50197/session/8f780dece5d2cfdafeea23fe28e4ff82/execute/sync {'script': "return document.querySelectorAll('[data-rpa-tag-id]').length > 0", 'args': []}
2026-08-24 16:50:12 - urllib3.connectionpool - DEBUG - http://localhost:50197 "POST /session/8f780dece5d2cfdafeea23fe28e4ff82/execute/sync HTTP/1.1" 200 0
2026-08-24 16:50:12 - selenium.webdriver.remote.remote_connection - DEBUG - Remote response: status=200 | data={"value":false} | headers=HTTPHeaderDict({'Content-Length': '15', 'Content-Type': 'application/json; charset=utf-8', 'cache-control': 'no-cache'})
2026-08-24 16:50:12 - selenium.webdriver.remote.remote_connection - DEBUG - Finished Request
2026-08-24 16:50:13 - selenium.webdriver.remote.remote_connection - DEBUG - POST http://localhost:50197/session/8f780dece5d2cfdafeea23fe28e4ff82/execute/sync {'script': "return document.querySelectorAll('[data-rpa-tag-id]').length > 0", 'args': []}
2026-08-24 16:50:13 - urllib3.connectionpool - DEBUG - http://localhost:50197 "POST /session/8f780dece5d2cfdafeea23fe28e4ff82/execute/sync HTTP/1.1" 200 0
2026-08-24 16:50:13 - selenium.webdriver.remote.remote_connection - DEBUG - Remote response: status=200 | data={"value":false} | headers=HTTPHeaderDict({'Content-Length': '15', 'Content-Type': 'application/json; charset=utf-8', 'cache-control': 'no-cache'})
2026-08-24 16:50:13 - selenium.webdriver.remote.remote_connection - DEBUG - Finished Request
2026-08-24 16:50:13 - selenium.webdriver.remote.remote_connection - DEBUG - POST http://localhost:50197/session/8f780dece5d2cfdafeea23fe28e4ff82/execute/sync {'script': "return document.querySelectorAll('[data-rpa-tag-id]').length > 0", 'args': []}
2026-08-24 16:50:13 - urllib3.connectionpool - DEBUG - http://localhost:50197 "POST /session/8f780dece5d2cfdafeea23fe28e4ff82/execute/sync HTTP/1.1" 200 0
2026-08-24 16:50:13 - selenium.webdriver.remote.remote_connection - DEBUG - Remote response: status=200 | data={"value":false} | headers=HTTPHeaderDict({'Content-Length': '15', 'Content-Type': 'application/json; charset=utf-8', 'cache-control': 'no-cache'})
2026-08-24 16:50:13 - selenium.webdriver.remote.remote_connection - DEBUG - Finished Request
2026-08-24 16:50:14 - selenium.webdriver.remote.remote_connection - DEBUG - POST http://localhost:50197/session/8f780dece5d2cfdafeea23fe28e4ff82/execute/sync {'script': "return document.querySelectorAll('[data-rpa-tag-id]').length > 0", 'args': []}
2026-08-24 16:50:14 - urllib3.connectionpool - DEBUG - http://localhost:50197 "POST /session/8f780dece5d2cfdafeea23fe28e4ff82/execute/sync HTTP/1.1" 200 0
2026-08-24 16:50:14 - selenium.webdriver.remote.remote_connection - DEBUG - Remote response: status=200 | data={"value":false} | headers=HTTPHeaderDict({'Content-Length': '15', 'Content-Type': 'application/json; charset=utf-8', 'cache-control': 'no-cache'})
2026-08-24 16:50:14 - selenium.webdriver.remote.remote_connection - DEBUG - Finished Request
2026-08-24 16:50:14 - selenium.webdriver.remote.remote_connection - DEBUG - POST http://localhost:50197/session/8f780dece5d2cfdafeea23fe28e4ff82/execute/sync {'script': "return document.querySelectorAll('[data-rpa-tag-id]').length > 0", 'args': []}
2026-08-24 16:50:14 - urllib3.connectionpool - DEBUG - http://localhost:50197 "POST /session/8f780dece5d2cfdafeea23fe28e4ff82/execute/sync HTTP/1.1" 200 0
2026-08-24 16:50:14 - selenium.webdriver.remote.remote_connection - DEBUG - Remote response: status=200 | data={"value":false} | headers=HTTPHeaderDict({'Content-Length': '15', 'Content-Type': 'application/json; charset=utf-8', 'cache-control': 'no-cache'})
2026-08-24 16:50:14 - selenium.webdriver.remote.remote_connection - DEBUG - Finished Request
2026-08-24 16:50:15 - selenium.webdriver.remote.remote_connection - DEBUG - POST http://localhost:50197/session/8f780dece5d2cfdafeea23fe28e4ff82/execute/sync {'script': "return document.querySelectorAll('[data-rpa-tag-id]').length > 0", 'args': []}
2026-08-24 16:50:15 - urllib3.connectionpool - DEBUG - http://localhost:50197 "POST /session/8f780dece5d2cfdafeea23fe28e4ff82/execute/sync HTTP/1.1" 200 0
2026-08-24 16:50:15 - selenium.webdriver.remote.remote_connection - DEBUG - Remote response: status=200 | data={"value":false} | headers=HTTPHeaderDict({'Content-Length': '15', 'Content-Type': 'application/json; charset=utf-8', 'cache-control': 'no-cache'})
2026-08-24 16:50:15 - selenium.webdriver.remote.remote_connection - DEBUG - Finished Request
2026-08-24 16:50:15 - selenium.webdriver.remote.remote_connection - DEBUG - POST http://localhost:50197/session/8f780dece5d2cfdafeea23fe28e4ff82/execute/sync {'script': "return document.querySelectorAll('[data-rpa-tag-id]').length > 0", 'args': []}
2026-08-24 16:50:15 - urllib3.connectionpool - DEBUG - http://localhost:50197 "POST /session/8f780dece5d2cfdafeea23fe28e4ff82/execute/sync HTTP/1.1" 200 0
2026-08-24 16:50:15 - selenium.webdriver.remote.remote_connection - DEBUG - Remote response: status=200 | data={"value":false} | headers=HTTPHeaderDict({'Content-Length': '15', 'Content-Type': 'application/json; charset=utf-8', 'cache-control': 'no-cache'})
2026-08-24 16:50:15 - selenium.webdriver.remote.remote_connection - DEBUG - Finished Request
2026-08-24 16:50:16 - selenium.webdriver.remote.remote_connection - DEBUG - POST http://localhost:50197/session/8f780dece5d2cfdafeea23fe28e4ff82/execute/sync {'script': "return document.querySelectorAll('[data-rpa-tag-id]').length > 0", 'args': []}
2026-08-24 16:50:16 - urllib3.connectionpool - DEBUG - http://localhost:50197 "POST /session/8f780dece5d2cfdafeea23fe28e4ff82/execute/sync HTTP/1.1" 200 0
2026-08-24 16:50:16 - selenium.webdriver.remote.remote_connection - DEBUG - Remote response: status=200 | data={"value":false} | headers=HTTPHeaderDict({'Content-Length': '15', 'Content-Type': 'application/json; charset=utf-8', 'cache-control': 'no-cache'})
2026-08-24 16:50:16 - selenium.webdriver.remote.remote_connection - DEBUG - Finished Request
2026-08-24 16:50:16 - selenium.webdriver.remote.remote_connection - DEBUG - POST http://localhost:50197/session/8f780dece5d2cfdafeea23fe28e4ff82/execute/sync {'script': "return document.querySelectorAll('[data-rpa-tag-id]').length > 0", 'args': []}
2026-08-24 16:50:16 - urllib3.connectionpool - DEBUG - http://localhost:50197 "POST /session/8f780dece5d2cfdafeea23fe28e4ff82/execute/sync HTTP/1.1" 200 0
2026-08-24 16:50:16 - selenium.webdriver.remote.remote_connection - DEBUG - Remote response: status=200 | data={"value":false} | headers=HTTPHeaderDict({'Content-Length': '15', 'Content-Type': 'application/json; charset=utf-8', 'cache-control': 'no-cache'})
2026-08-24 16:50:16 - selenium.webdriver.remote.remote_connection - DEBUG - Finished Request
2026-08-24 16:50:17 - selenium.webdriver.remote.remote_connection - DEBUG - POST http://localhost:50197/session/8f780dece5d2cfdafeea23fe28e4ff82/execute/sync {'script': "return document.querySelectorAll('[data-rpa-tag-id]').length > 0", 'args': []}
2026-08-24 16:50:17 - urllib3.connectionpool - DEBUG - http://localhost:50197 "POST /session/8f780dece5d2cfdafeea23fe28e4ff82/execute/sync HTTP/1.1" 200 0
2026-08-24 16:50:17 - selenium.webdriver.remote.remote_connection - DEBUG - Remote response: status=200 | data={"value":false} | headers=HTTPHeaderDict({'Content-Length': '15', 'Content-Type': 'application/json; charset=utf-8', 'cache-control': 'no-cache'})
2026-08-24 16:50:17 - selenium.webdriver.remote.remote_connection - DEBUG - Finished Request
2026-08-24 16:50:17 - selenium.webdriver.remote.remote_connection - DEBUG - POST http://localhost:50197/session/8f780dece5d2cfdafeea23fe28e4ff82/execute/sync {'script': "return document.querySelectorAll('[data-rpa-tag-id]').length > 0", 'args': []}
2026-08-24 16:50:17 - urllib3.connectionpool - DEBUG - http://localhost:50197 "POST /session/8f780dece5d2cfdafeea23fe28e4ff82/execute/sync HTTP/1.1" 200 0
2026-08-24 16:50:17 - selenium.webdriver.remote.remote_connection - DEBUG - Remote response: status=200 | data={"value":false} | headers=HTTPHeaderDict({'Content-Length': '15', 'Content-Type': 'application/json; charset=utf-8', 'cache-control': 'no-cache'})
2026-08-24 16:50:17 - selenium.webdriver.remote.remote_connection - DEBUG - Finished Request
2026-08-24 16:50:18 - selenium.webdriver.remote.remote_connection - DEBUG - POST http://localhost:50197/session/8f780dece5d2cfdafeea23fe28e4ff82/execute/sync {'script': "return document.querySelectorAll('[data-rpa-tag-id]').length > 0", 'args': []}
2026-08-24 16:50:18 - urllib3.connectionpool - DEBUG - http://localhost:50197 "POST /session/8f780dece5d2cfdafeea23fe28e4ff82/execute/sync HTTP/1.1" 200 0
2026-08-24 16:50:18 - selenium.webdriver.remote.remote_connection - DEBUG - Remote response: status=200 | data={"value":false} | headers=HTTPHeaderDict({'Content-Length': '15', 'Content-Type': 'application/json; charset=utf-8', 'cache-control': 'no-cache'})
2026-08-24 16:50:18 - selenium.webdriver.remote.remote_connection - DEBUG - Finished Request
2026-08-24 16:50:18 - selenium.webdriver.remote.remote_connection - DEBUG - POST http://localhost:50197/session/8f780dece5d2cfdafeea23fe28e4ff82/execute/sync {'script': "return document.querySelectorAll('[data-rpa-tag-id]').length > 0", 'args': []}
2026-08-24 16:50:18 - urllib3.connectionpool - DEBUG - http://localhost:50197 "POST /session/8f780dece5d2cfdafeea23fe28e4ff82/execute/sync HTTP/1.1" 200 0
2026-08-24 16:50:18 - selenium.webdriver.remote.remote_connection - DEBUG - Remote response: status=200 | data={"value":false} | headers=HTTPHeaderDict({'Content-Length': '15', 'Content-Type': 'application/json; charset=utf-8', 'cache-control': 'no-cache'})
2026-08-24 16:50:18 - selenium.webdriver.remote.remote_connection - DEBUG - Finished Request
2026-08-24 16:50:19 - selenium.webdriver.remote.remote_connection - DEBUG - POST http://localhost:50197/session/8f780dece5d2cfdafeea23fe28e4ff82/execute/sync {'script': "return document.querySelectorAll('[data-rpa-tag-id]').length > 0", 'args': []}
2026-08-24 16:50:19 - urllib3.connectionpool - DEBUG - http://localhost:50197 "POST /session/8f780dece5d2cfdafeea23fe28e4ff82/execute/sync HTTP/1.1" 200 0
2026-08-24 16:50:19 - selenium.webdriver.remote.remote_connection - DEBUG - Remote response: status=200 | data={"value":false} | headers=HTTPHeaderDict({'Content-Length': '15', 'Content-Type': 'application/json; charset=utf-8', 'cache-control': 'no-cache'})
2026-08-24 16:50:19 - selenium.webdriver.remote.remote_connection - DEBUG - Finished Request
2026-08-24 16:50:19 - selenium.webdriver.remote.remote_connection - DEBUG - POST http://localhost:50197/session/8f780dece5d2cfdafeea23fe28e4ff82/execute/sync {'script': "return document.querySelectorAll('[data-rpa-tag-id]').length > 0", 'args': []}
2026-08-24 16:50:19 - urllib3.connectionpool - DEBUG - http://localhost:50197 "POST /session/8f780dece5d2cfdafeea23fe28e4ff82/execute/sync HTTP/1.1" 200 0
2026-08-24 16:50:19 - selenium.webdriver.remote.remote_connection - DEBUG - Remote response: status=200 | data={"value":false} | headers=HTTPHeaderDict({'Content-Length': '15', 'Content-Type': 'application/json; charset=utf-8', 'cache-control': 'no-cache'})
2026-08-24 16:50:19 - selenium.webdriver.remote.remote_connection - DEBUG - Finished Request
2026-08-24 16:50:20 - selenium.webdriver.remote.remote_connection - DEBUG - POST http://localhost:50197/session/8f780dece5d2cfdafeea23fe28e4ff82/execute/sync {'script': "return document.querySelectorAll('[data-rpa-tag-id]').length > 0", 'args': []}
2026-08-24 16:50:20 - urllib3.connectionpool - DEBUG - http://localhost:50197 "POST /session/8f780dece5d2cfdafeea23fe28e4ff82/execute/sync HTTP/1.1" 200 0
2026-08-24 16:50:20 - selenium.webdriver.remote.remote_connection - DEBUG - Remote response: status=200 | data={"value":false} | headers=HTTPHeaderDict({'Content-Length': '15', 'Content-Type': 'application/json; charset=utf-8', 'cache-control': 'no-cache'})
2026-08-24 16:50:20 - selenium.webdriver.remote.remote_connection - DEBUG - Finished Request
2026-08-24 16:50:20 - selenium.webdriver.remote.remote_connection - DEBUG - POST http://localhost:50197/session/8f780dece5d2cfdafeea23fe28e4ff82/execute/sync {'script': "return document.querySelectorAll('[data-rpa-tag-id]').length > 0", 'args': []}
2026-08-24 16:50:20 - urllib3.connectionpool - DEBUG - http://localhost:50197 "POST /session/8f780dece5d2cfdafeea23fe28e4ff82/execute/sync HTTP/1.1" 200 0
2026-08-24 16:50:20 - selenium.webdriver.remote.remote_connection - DEBUG - Remote response: status=200 | data={"value":false} | headers=HTTPHeaderDict({'Content-Length': '15', 'Content-Type': 'application/json; charset=utf-8', 'cache-control': 'no-cache'})
2026-08-24 16:50:20 - selenium.webdriver.remote.remote_connection - DEBUG - Finished Request
2026-08-24 16:50:21 - selenium.webdriver.remote.remote_connection - DEBUG - POST http://localhost:50197/session/8f780dece5d2cfdafeea23fe28e4ff82/execute/sync {'script': "return document.querySelectorAll('[data-rpa-tag-id]').length > 0", 'args': []}
2026-08-24 16:50:21 - urllib3.connectionpool - DEBUG - http://localhost:50197 "POST /session/8f780dece5d2cfdafeea23fe28e4ff82/execute/sync HTTP/1.1" 200 0
2026-08-24 16:50:21 - selenium.webdriver.remote.remote_connection - DEBUG - Remote response: status=200 | data={"value":false} | headers=HTTPHeaderDict({'Content-Length': '15', 'Content-Type': 'application/json; charset=utf-8', 'cache-control': 'no-cache'})
2026-08-24 16:50:21 - selenium.webdriver.remote.remote_connection - DEBUG - Finished Request
2026-08-24 16:50:21 - selenium.webdriver.remote.remote_connection - DEBUG - POST http://localhost:50197/session/8f780dece5d2cfdafeea23fe28e4ff82/execute/sync {'script': "return document.querySelectorAll('[data-rpa-tag-id]').length > 0", 'args': []}
2026-08-24 16:50:21 - urllib3.connectionpool - DEBUG - http://localhost:50197 "POST /session/8f780dece5d2cfdafeea23fe28e4ff82/execute/sync HTTP/1.1" 200 0
2026-08-24 16:50:21 - selenium.webdriver.remote.remote_connection - DEBUG - Remote response: status=200 | data={"value":false} | headers=HTTPHeaderDict({'Content-Length': '15', 'Content-Type': 'application/json; charset=utf-8', 'cache-control': 'no-cache'})
2026-08-24 16:50:21 - selenium.webdriver.remote.remote_connection - DEBUG - Finished Request
2026-08-24 16:50:22 - selenium.webdriver.remote.remote_connection - DEBUG - POST http://localhost:50197/session/8f780dece5d2cfdafeea23fe28e4ff82/execute/sync {'script': "return document.querySelectorAll('[data-rpa-tag-id]').length > 0", 'args': []}
2026-08-24 16:50:22 - urllib3.connectionpool - DEBUG - http://localhost:50197 "POST /session/8f780dece5d2cfdafeea23fe28e4ff82/execute/sync HTTP/1.1" 200 0
2026-08-24 16:50:22 - selenium.webdriver.remote.remote_connection - DEBUG - Remote response: status=200 | data={"value":false} | headers=HTTPHeaderDict({'Content-Length': '15', 'Content-Type': 'application/json; charset=utf-8', 'cache-control': 'no-cache'})
2026-08-24 16:50:22 - selenium.webdriver.remote.remote_connection - DEBUG - Finished Request
2026-08-24 16:50:22 - selenium.webdriver.remote.remote_connection - DEBUG - POST http://localhost:50197/session/8f780dece5d2cfdafeea23fe28e4ff82/execute/sync {'script': "return document.querySelectorAll('[data-rpa-tag-id]').length > 0", 'args': []}
2026-08-24 16:50:22 - urllib3.connectionpool - DEBUG - http://localhost:50197 "POST /session/8f780dece5d2cfdafeea23fe28e4ff82/execute/sync HTTP/1.1" 200 0
2026-08-24 16:50:22 - selenium.webdriver.remote.remote_connection - DEBUG - Remote response: status=200 | data={"value":false} | headers=HTTPHeaderDict({'Content-Length': '15', 'Content-Type': 'application/json; charset=utf-8', 'cache-control': 'no-cache'})
2026-08-24 16:50:22 - selenium.webdriver.remote.remote_connection - DEBUG - Finished Request
2026-08-24 16:50:23 - selenium.webdriver.remote.remote_connection - DEBUG - POST http://localhost:50197/session/8f780dece5d2cfdafeea23fe28e4ff82/execute/sync {'script': "return document.querySelectorAll('[data-rpa-tag-id]').length > 0", 'args': []}
2026-08-24 16:50:23 - urllib3.connectionpool - DEBUG - http://localhost:50197 "POST /session/8f780dece5d2cfdafeea23fe28e4ff82/execute/sync HTTP/1.1" 200 0
2026-08-24 16:50:23 - selenium.webdriver.remote.remote_connection - DEBUG - Remote response: status=200 | data={"value":false} | headers=HTTPHeaderDict({'Content-Length': '15', 'Content-Type': 'application/json; charset=utf-8', 'cache-control': 'no-cache'})
2026-08-24 16:50:23 - selenium.webdriver.remote.remote_connection - DEBUG - Finished Request
2026-08-24 16:50:23 - selenium.webdriver.remote.remote_connection - DEBUG - POST http://localhost:50197/session/8f780dece5d2cfdafeea23fe28e4ff82/execute/sync {'script': "return document.querySelectorAll('[data-rpa-tag-id]').length > 0", 'args': []}
2026-08-24 16:50:23 - urllib3.connectionpool - DEBUG - http://localhost:50197 "POST /session/8f780dece5d2cfdafeea23fe28e4ff82/execute/sync HTTP/1.1" 200 0
2026-08-24 16:50:23 - selenium.webdriver.remote.remote_connection - DEBUG - Remote response: status=200 | data={"value":false} | headers=HTTPHeaderDict({'Content-Length': '15', 'Content-Type': 'application/json; charset=utf-8', 'cache-control': 'no-cache'})
2026-08-24 16:50:23 - selenium.webdriver.remote.remote_connection - DEBUG - Finished Request
2026-08-24 16:50:24 - selenium.webdriver.remote.remote_connection - DEBUG - POST http://localhost:50197/session/8f780dece5d2cfdafeea23fe28e4ff82/execute/sync {'script': "return document.querySelectorAll('[data-rpa-tag-id]').length > 0", 'args': []}
2026-08-24 16:50:24 - urllib3.connectionpool - DEBUG - http://localhost:50197 "POST /session/8f780dece5d2cfdafeea23fe28e4ff82/execute/sync HTTP/1.1" 200 0
2026-08-24 16:50:24 - selenium.webdriver.remote.remote_connection - DEBUG - Remote response: status=200 | data={"value":false} | headers=HTTPHeaderDict({'Content-Length': '15', 'Content-Type': 'application/json; charset=utf-8', 'cache-control': 'no-cache'})
2026-08-24 16:50:24 - selenium.webdriver.remote.remote_connection - DEBUG - Finished Request
2026-08-24 16:50:24 - selenium.webdriver.remote.remote_connection - DEBUG - POST http://localhost:50197/session/8f780dece5d2cfdafeea23fe28e4ff82/execute/sync {'script': "return document.querySelectorAll('[data-rpa-tag-id]').length > 0", 'args': []}
2026-08-24 16:50:24 - urllib3.connectionpool - DEBUG - http://localhost:50197 "POST /session/8f780dece5d2cfdafeea23fe28e4ff82/execute/sync HTTP/1.1" 200 0
2026-08-24 16:50:24 - selenium.webdriver.remote.remote_connection - DEBUG - Remote response: status=200 | data={"value":false} | headers=HTTPHeaderDict({'Content-Length': '15', 'Content-Type': 'application/json; charset=utf-8', 'cache-control': 'no-cache'})
2026-08-24 16:50:24 - selenium.webdriver.remote.remote_connection - DEBUG - Finished Request
2026-08-24 16:50:25 - selenium.webdriver.remote.remote_connection - DEBUG - POST http://localhost:50197/session/8f780dece5d2cfdafeea23fe28e4ff82/execute/sync {'script': "return document.querySelectorAll('[data-rpa-tag-id]').length > 0", 'args': []}
2026-08-24 16:50:25 - urllib3.connectionpool - DEBUG - http://localhost:50197 "POST /session/8f780dece5d2cfdafeea23fe28e4ff82/execute/sync HTTP/1.1" 200 0
2026-08-24 16:50:25 - selenium.webdriver.remote.remote_connection - DEBUG - Remote response: status=200 | data={"value":false} | headers=HTTPHeaderDict({'Content-Length': '15', 'Content-Type': 'application/json; charset=utf-8', 'cache-control': 'no-cache'})
2026-08-24 16:50:25 - selenium.webdriver.remote.remote_connection - DEBUG - Finished Request
2026-08-24 16:50:25 - selenium.webdriver.remote.remote_connection - DEBUG - POST http://localhost:50197/session/8f780dece5d2cfdafeea23fe28e4ff82/execute/sync {'script': "return document.querySelectorAll('[data-rpa-tag-id]').length > 0", 'args': []}
2026-08-24 16:50:25 - urllib3.connectionpool - DEBUG - http://localhost:50197 "POST /session/8f780dece5d2cfdafeea23fe28e4ff82/execute/sync HTTP/1.1" 200 0
2026-08-24 16:50:25 - selenium.webdriver.remote.remote_connection - DEBUG - Remote response: status=200 | data={"value":false} | headers=HTTPHeaderDict({'Content-Length': '15', 'Content-Type': 'application/json; charset=utf-8', 'cache-control': 'no-cache'})
2026-08-24 16:50:25 - selenium.webdriver.remote.remote_connection - DEBUG - Finished Request
2026-08-24 16:50:26 - selenium.webdriver.remote.remote_connection - DEBUG - POST http://localhost:50197/session/8f780dece5d2cfdafeea23fe28e4ff82/execute/sync {'script': "return document.querySelectorAll('[data-rpa-tag-id]').length > 0", 'args': []}
2026-08-24 16:50:26 - urllib3.connectionpool - DEBUG - http://localhost:50197 "POST /session/8f780dece5d2cfdafeea23fe28e4ff82/execute/sync HTTP/1.1" 200 0
2026-08-24 16:50:26 - selenium.webdriver.remote.remote_connection - DEBUG - Remote response: status=200 | data={"value":false} | headers=HTTPHeaderDict({'Content-Length': '15', 'Content-Type': 'application/json; charset=utf-8', 'cache-control': 'no-cache'})
2026-08-24 16:50:26 - selenium.webdriver.remote.remote_connection - DEBUG - Finished Request
2026-08-24 16:50:27 - selenium.webdriver.remote.remote_connection - DEBUG - POST http://localhost:50197/session/8f780dece5d2cfdafeea23fe28e4ff82/execute/sync {'script': "return document.querySelectorAll('[data-rpa-tag-id]').length > 0", 'args': []}
2026-08-24 16:50:27 - urllib3.connectionpool - DEBUG - http://localhost:50197 "POST /session/8f780dece5d2cfdafeea23fe28e4ff82/execute/sync HTTP/1.1" 200 0
2026-08-24 16:50:27 - selenium.webdriver.remote.remote_connection - DEBUG - Remote response: status=200 | data={"value":false} | headers=HTTPHeaderDict({'Content-Length': '15', 'Content-Type': 'application/json; charset=utf-8', 'cache-control': 'no-cache'})
2026-08-24 16:50:27 - selenium.webdriver.remote.remote_connection - DEBUG - Finished Request
2026-08-24 16:50:27 - selenium.webdriver.remote.remote_connection - DEBUG - POST http://localhost:50197/session/8f780dece5d2cfdafeea23fe28e4ff82/execute/sync {'script': "return document.querySelectorAll('[data-rpa-tag-id]').length > 0", 'args': []}
2026-08-24 16:50:27 - urllib3.connectionpool - DEBUG - http://localhost:50197 "POST /session/8f780dece5d2cfdafeea23fe28e4ff82/execute/sync HTTP/1.1" 200 0
2026-08-24 16:50:27 - selenium.webdriver.remote.remote_connection - DEBUG - Remote response: status=200 | data={"value":false} | headers=HTTPHeaderDict({'Content-Length': '15', 'Content-Type': 'application/json; charset=utf-8', 'cache-control': 'no-cache'})
2026-08-24 16:50:27 - selenium.webdriver.remote.remote_connection - DEBUG - Finished Request
2026-08-24 16:50:28 - selenium.webdriver.remote.remote_connection - DEBUG - POST http://localhost:50197/session/8f780dece5d2cfdafeea23fe28e4ff82/execute/sync {'script': "return document.querySelectorAll('[data-rpa-tag-id]').length > 0", 'args': []}
2026-08-24 16:50:28 - urllib3.connectionpool - DEBUG - http://localhost:50197 "POST /session/8f780dece5d2cfdafeea23fe28e4ff82/execute/sync HTTP/1.1" 200 0
2026-08-24 16:50:28 - selenium.webdriver.remote.remote_connection - DEBUG - Remote response: status=200 | data={"value":false} | headers=HTTPHeaderDict({'Content-Length': '15', 'Content-Type': 'application/json; charset=utf-8', 'cache-control': 'no-cache'})
2026-08-24 16:50:28 - selenium.webdriver.remote.remote_connection - DEBUG - Finished Request
2026-08-24 16:50:28 - selenium.webdriver.remote.remote_connection - DEBUG - POST http://localhost:50197/session/8f780dece5d2cfdafeea23fe28e4ff82/execute/sync {'script': "return document.querySelectorAll('[data-rpa-tag-id]').length > 0", 'args': []}
2026-08-24 16:50:28 - urllib3.connectionpool - DEBUG - http://localhost:50197 "POST /session/8f780dece5d2cfdafeea23fe28e4ff82/execute/sync HTTP/1.1" 200 0
2026-08-24 16:50:28 - selenium.webdriver.remote.remote_connection - DEBUG - Remote response: status=200 | data={"value":false} | headers=HTTPHeaderDict({'Content-Length': '15', 'Content-Type': 'application/json; charset=utf-8', 'cache-control': 'no-cache'})
2026-08-24 16:50:28 - selenium.webdriver.remote.remote_connection - DEBUG - Finished Request
2026-08-24 16:50:29 - selenium.webdriver.remote.remote_connection - DEBUG - POST http://localhost:50197/session/8f780dece5d2cfdafeea23fe28e4ff82/execute/sync {'script': "return document.querySelectorAll('[data-rpa-tag-id]').length > 0", 'args': []}
2026-08-24 16:50:29 - urllib3.connectionpool - DEBUG - http://localhost:50197 "POST /session/8f780dece5d2cfdafeea23fe28e4ff82/execute/sync HTTP/1.1" 200 0
2026-08-24 16:50:29 - selenium.webdriver.remote.remote_connection - DEBUG - Remote response: status=200 | data={"value":false} | headers=HTTPHeaderDict({'Content-Length': '15', 'Content-Type': 'application/json; charset=utf-8', 'cache-control': 'no-cache'})
2026-08-24 16:50:29 - selenium.webdriver.remote.remote_connection - DEBUG - Finished Request
2026-08-24 16:50:29 - selenium.webdriver.remote.remote_connection - DEBUG - POST http://localhost:50197/session/8f780dece5d2cfdafeea23fe28e4ff82/execute/sync {'script': "return document.querySelectorAll('[data-rpa-tag-id]').length > 0", 'args': []}
2026-08-24 16:50:29 - urllib3.connectionpool - DEBUG - http://localhost:50197 "POST /session/8f780dece5d2cfdafeea23fe28e4ff82/execute/sync HTTP/1.1" 200 0
2026-08-24 16:50:29 - selenium.webdriver.remote.remote_connection - DEBUG - Remote response: status=200 | data={"value":false} | headers=HTTPHeaderDict({'Content-Length': '15', 'Content-Type': 'application/json; charset=utf-8', 'cache-control': 'no-cache'})
2026-08-24 16:50:29 - selenium.webdriver.remote.remote_connection - DEBUG - Finished Request
2026-08-24 16:50:30 - selenium.webdriver.remote.remote_connection - DEBUG - POST http://localhost:50197/session/8f780dece5d2cfdafeea23fe28e4ff82/execute/sync {'script': "return document.querySelectorAll('[data-rpa-tag-id]').length > 0", 'args': []}
2026-08-24 16:50:30 - urllib3.connectionpool - DEBUG - http://localhost:50197 "POST /session/8f780dece5d2cfdafeea23fe28e4ff82/execute/sync HTTP/1.1" 200 0
2026-08-24 16:50:30 - selenium.webdriver.remote.remote_connection - DEBUG - Remote response: status=200 | data={"value":false} | headers=HTTPHeaderDict({'Content-Length': '15', 'Content-Type': 'application/json; charset=utf-8', 'cache-control': 'no-cache'})
2026-08-24 16:50:30 - selenium.webdriver.remote.remote_connection - DEBUG - Finished Request
2026-08-24 16:50:30 - selenium.webdriver.remote.remote_connection - DEBUG - POST http://localhost:50197/session/8f780dece5d2cfdafeea23fe28e4ff82/execute/sync {'script': "return document.querySelectorAll('[data-rpa-tag-id]').length > 0", 'args': []}
2026-08-24 16:50:30 - urllib3.connectionpool - DEBUG - http://localhost:50197 "POST /session/8f780dece5d2cfdafeea23fe28e4ff82/execute/sync HTTP/1.1" 200 0
2026-08-24 16:50:30 - selenium.webdriver.remote.remote_connection - DEBUG - Remote response: status=200 | data={"value":false} | headers=HTTPHeaderDict({'Content-Length': '15', 'Content-Type': 'application/json; charset=utf-8', 'cache-control': 'no-cache'})
2026-08-24 16:50:30 - selenium.webdriver.remote.remote_connection - DEBUG - Finished Request
2026-08-24 16:50:31 - selenium.webdriver.remote.remote_connection - DEBUG - POST http://localhost:50197/session/8f780dece5d2cfdafeea23fe28e4ff82/execute/sync {'script': "return document.querySelectorAll('[data-rpa-tag-id]').length > 0", 'args': []}
2026-08-24 16:50:31 - urllib3.connectionpool - DEBUG - http://localhost:50197 "POST /session/8f780dece5d2cfdafeea23fe28e4ff82/execute/sync HTTP/1.1" 200 0
2026-08-24 16:50:31 - selenium.webdriver.remote.remote_connection - DEBUG - Remote response: status=200 | data={"value":false} | headers=HTTPHeaderDict({'Content-Length': '15', 'Content-Type': 'application/json; charset=utf-8', 'cache-control': 'no-cache'})
2026-08-24 16:50:31 - selenium.webdriver.remote.remote_connection - DEBUG - Finished Request
2026-08-24 16:50:31 - selenium.webdriver.remote.remote_connection - DEBUG - POST http://localhost:50197/session/8f780dece5d2cfdafeea23fe28e4ff82/execute/sync {'script': "return document.querySelectorAll('[data-rpa-tag-id]').length > 0", 'args': []}
2026-08-24 16:50:31 - urllib3.connectionpool - DEBUG - http://localhost:50197 "POST /session/8f780dece5d2cfdafeea23fe28e4ff82/execute/sync HTTP/1.1" 200 0
2026-08-24 16:50:31 - selenium.webdriver.remote.remote_connection - DEBUG - Remote response: status=200 | data={"value":false} | headers=HTTPHeaderDict({'Content-Length': '15', 'Content-Type': 'application/json; charset=utf-8', 'cache-control': 'no-cache'})
2026-08-24 16:50:31 - selenium.webdriver.remote.remote_connection - DEBUG - Finished Request
2026-08-24 16:50:32 - selenium.webdriver.remote.remote_connection - DEBUG - POST http://localhost:50197/session/8f780dece5d2cfdafeea23fe28e4ff82/execute/sync {'script': "return document.querySelectorAll('[data-rpa-tag-id]').length > 0", 'args': []}
2026-08-24 16:50:32 - urllib3.connectionpool - DEBUG - http://localhost:50197 "POST /session/8f780dece5d2cfdafeea23fe28e4ff82/execute/sync HTTP/1.1" 200 0
2026-08-24 16:50:32 - selenium.webdriver.remote.remote_connection - DEBUG - Remote response: status=200 | data={"value":false} | headers=HTTPHeaderDict({'Content-Length': '15', 'Content-Type': 'application/json; charset=utf-8', 'cache-control': 'no-cache'})
2026-08-24 16:50:32 - selenium.webdriver.remote.remote_connection - DEBUG - Finished Request
2026-08-24 16:50:32 - selenium.webdriver.remote.remote_connection - DEBUG - POST http://localhost:50197/session/8f780dece5d2cfdafeea23fe28e4ff82/execute/sync {'script': "return document.querySelectorAll('[data-rpa-tag-id]').length > 0", 'args': []}
2026-08-24 16:50:32 - urllib3.connectionpool - DEBUG - http://localhost:50197 "POST /session/8f780dece5d2cfdafeea23fe28e4ff82/execute/sync HTTP/1.1" 200 0
2026-08-24 16:50:32 - selenium.webdriver.remote.remote_connection - DEBUG - Remote response: status=200 | data={"value":false} | headers=HTTPHeaderDict({'Content-Length': '15', 'Content-Type': 'application/json; charset=utf-8', 'cache-control': 'no-cache'})
2026-08-24 16:50:32 - selenium.webdriver.remote.remote_connection - DEBUG - Finished Request
2026-08-24 16:50:33 - selenium.webdriver.remote.remote_connection - DEBUG - POST http://localhost:50197/session/8f780dece5d2cfdafeea23fe28e4ff82/execute/sync {'script': "return document.querySelectorAll('[data-rpa-tag-id]').length > 0", 'args': []}
2026-08-24 16:50:33 - urllib3.connectionpool - DEBUG - http://localhost:50197 "POST /session/8f780dece5d2cfdafeea23fe28e4ff82/execute/sync HTTP/1.1" 200 0
2026-08-24 16:50:33 - selenium.webdriver.remote.remote_connection - DEBUG - Remote response: status=200 | data={"value":false} | headers=HTTPHeaderDict({'Content-Length': '15', 'Content-Type': 'application/json; charset=utf-8', 'cache-control': 'no-cache'})
2026-08-24 16:50:33 - selenium.webdriver.remote.remote_connection - DEBUG - Finished Request
2026-08-24 16:50:33 - selenium.webdriver.remote.remote_connection - DEBUG - POST http://localhost:50197/session/8f780dece5d2cfdafeea23fe28e4ff82/execute/sync {'script': "return document.querySelectorAll('[data-rpa-tag-id]').length > 0", 'args': []}
2026-08-24 16:50:33 - urllib3.connectionpool - DEBUG - http://localhost:50197 "POST /session/8f780dece5d2cfdafeea23fe28e4ff82/execute/sync HTTP/1.1" 200 0
2026-08-24 16:50:33 - selenium.webdriver.remote.remote_connection - DEBUG - Remote response: status=200 | data={"value":false} | headers=HTTPHeaderDict({'Content-Length': '15', 'Content-Type': 'application/json; charset=utf-8', 'cache-control': 'no-cache'})
2026-08-24 16:50:33 - selenium.webdriver.remote.remote_connection - DEBUG - Finished Request
2026-08-24 16:50:34 - selenium.webdriver.remote.remote_connection - DEBUG - POST http://localhost:50197/session/8f780dece5d2cfdafeea23fe28e4ff82/execute/sync {'script': "return document.querySelectorAll('[data-rpa-tag-id]').length > 0", 'args': []}
2026-08-24 16:50:34 - urllib3.connectionpool - DEBUG - http://localhost:50197 "POST /session/8f780dece5d2cfdafeea23fe28e4ff82/execute/sync HTTP/1.1" 200 0
2026-08-24 16:50:34 - selenium.webdriver.remote.remote_connection - DEBUG - Remote response: status=200 | data={"value":false} | headers=HTTPHeaderDict({'Content-Length': '15', 'Content-Type': 'application/json; charset=utf-8', 'cache-control': 'no-cache'})
2026-08-24 16:50:34 - selenium.webdriver.remote.remote_connection - DEBUG - Finished Request
2026-08-24 16:50:34 - selenium.webdriver.remote.remote_connection - DEBUG - POST http://localhost:50197/session/8f780dece5d2cfdafeea23fe28e4ff82/execute/sync {'script': "return document.querySelectorAll('[data-rpa-tag-id]').length > 0", 'args': []}
2026-08-24 16:50:34 - urllib3.connectionpool - DEBUG - http://localhost:50197 "POST /session/8f780dece5d2cfdafeea23fe28e4ff82/execute/sync HTTP/1.1" 200 0
2026-08-24 16:50:34 - selenium.webdriver.remote.remote_connection - DEBUG - Remote response: status=200 | data={"value":false} | headers=HTTPHeaderDict({'Content-Length': '15', 'Content-Type': 'application/json; charset=utf-8', 'cache-control': 'no-cache'})
2026-08-24 16:50:34 - selenium.webdriver.remote.remote_connection - DEBUG - Finished Request
2026-08-24 16:50:35 - selenium.webdriver.remote.remote_connection - DEBUG - POST http://localhost:50197/session/8f780dece5d2cfdafeea23fe28e4ff82/execute/sync {'script': "return document.querySelectorAll('[data-rpa-tag-id]').length > 0", 'args': []}
2026-08-24 16:50:35 - urllib3.connectionpool - DEBUG - http://localhost:50197 "POST /session/8f780dece5d2cfdafeea23fe28e4ff82/execute/sync HTTP/1.1" 200 0
2026-08-24 16:50:35 - selenium.webdriver.remote.remote_connection - DEBUG - Remote response: status=200 | data={"value":false} | headers=HTTPHeaderDict({'Content-Length': '15', 'Content-Type': 'application/json; charset=utf-8', 'cache-control': 'no-cache'})
2026-08-24 16:50:35 - selenium.webdriver.remote.remote_connection - DEBUG - Finished Request
2026-08-24 16:50:35 - selenium.webdriver.remote.remote_connection - DEBUG - POST http://localhost:50197/session/8f780dece5d2cfdafeea23fe28e4ff82/execute/sync {'script': "return document.querySelectorAll('[data-rpa-tag-id]').length > 0", 'args': []}
2026-08-24 16:50:35 - urllib3.connectionpool - DEBUG - http://localhost:50197 "POST /session/8f780dece5d2cfdafeea23fe28e4ff82/execute/sync HTTP/1.1" 200 0
2026-08-24 16:50:35 - selenium.webdriver.remote.remote_connection - DEBUG - Remote response: status=200 | data={"value":false} | headers=HTTPHeaderDict({'Content-Length': '15', 'Content-Type': 'application/json; charset=utf-8', 'cache-control': 'no-cache'})
2026-08-24 16:50:35 - selenium.webdriver.remote.remote_connection - DEBUG - Finished Request
2026-08-24 16:50:35 - scraper - ERROR - Page failed to become ready even after refresh
2026-08-24 16:50:35 - scraper - ERROR - All 3 attempts failed for VCIT
2026-08-24 16:50:35 - scraper - ERROR - Required product VCIT failed — aborting
2026-08-24 16:50:36 - scraper - INFO - Browser closed
2026-08-24 16:50:36 - __main__ - ERROR - Failed to scrape ETF data
