2026-08-24 15:37:46 - root - INFO - ======================================================================
2026-08-24 15:37:46 - root - INFO - Logging initialized
2026-08-24 15:37:46 - root - INFO - Log file: ./logs\20260824_153744\vanguarddd_20260824_153744.log
2026-08-24 15:37:46 - root - INFO - Log level: DEBUG
2026-08-24 15:37:46 - root - INFO - ======================================================================
2026-08-24 15:37:46 - selenium.webdriver.common.selenium_manager - DEBUG - Selenium Manager binary found at: C:\Users\Mark Castro\AppData\Local\Programs\Python\Python311\Lib\site-packages\selenium\webdriver\common\windows\selenium-manager.exe
2026-08-24 15:37:46 - selenium.webdriver.common.selenium_manager - DEBUG - Executing process: C:\Users\Mark Castro\AppData\Local\Programs\Python\Python311\Lib\site-packages\selenium\webdriver\common\windows\selenium-manager.exe --browser chrome --debug --language-binding python --output json
2026-08-24 15:37:49 - selenium.webdriver.common.selenium_manager - DEBUG - Sending stats to Plausible: Props { browser: "chrome", browser_version: "", os: "windows", arch: "amd64", lang: "python", selenium_version: "4.27" }
2026-08-24 15:37:49 - selenium.webdriver.common.selenium_manager - DEBUG - chromedriver not found in PATH
2026-08-24 15:37:49 - selenium.webdriver.common.selenium_manager - DEBUG - chrome detected at C:\Program Files\Google\Chrome\Application\chrome.exe
2026-08-24 15:37:49 - selenium.webdriver.common.selenium_manager - DEBUG - Running command: wmic datafile where name='C:\\Program Files\\Google\\Chrome\\Application\\chrome.exe' get Version /value
2026-08-24 15:37:49 - selenium.webdriver.common.selenium_manager - DEBUG - Output: "\r\r\n\r\r\nVersion=151.0.7922.173\r\r\n\r\r\n\r\r\n\r"
2026-08-24 15:37:49 - selenium.webdriver.common.selenium_manager - DEBUG - Detected browser: chrome 151.0.7922.173
2026-08-24 15:37:49 - selenium.webdriver.common.selenium_manager - DEBUG - Discovering versions from https://googlechromelabs.github.io/chrome-for-testing/known-good-versions-with-downloads.json
2026-08-24 15:37:49 - selenium.webdriver.common.selenium_manager - DEBUG - Required driver: chromedriver 151.0.7922.138
2026-08-24 15:37:49 - selenium.webdriver.common.selenium_manager - DEBUG - chromedriver 151.0.7922.138 already in the cache
2026-08-24 15:37:49 - selenium.webdriver.common.selenium_manager - DEBUG - Driver path: C:\Users\Mark Castro\.cache\selenium\chromedriver\win64\151.0.7922.138\chromedriver.exe
2026-08-24 15:37:49 - selenium.webdriver.common.selenium_manager - DEBUG - Browser path: C:\Program Files\Google\Chrome\Application\chrome.exe
2026-08-24 15:37:49 - selenium.webdriver.common.service - DEBUG - Started executable: `C:\Users\Mark Castro\.cache\selenium\chromedriver\win64\151.0.7922.138\chromedriver.exe` in a child process with pid: 2512 using 0 to output -3
2026-08-24 15:37:50 - selenium.webdriver.remote.remote_connection - DEBUG - POST http://localhost:59873/session {'capabilities': {'firstMatch': [{}], 'alwaysMatch': {'browserName': 'chrome', 'pageLoadStrategy': <PageLoadStrategy.normal: 'normal'>, 'browserVersion': None, 'goog:chromeOptions': {'extensions': [], 'binary': 'C:\\Program Files\\Google\\Chrome\\Application\\chrome.exe', 'args': ['--headless', '--disable-gpu', '--no-sandbox', '--disable-dev-shm-usage', '--window-size=1920,1080', '--user-agent=Mozilla/5.0 (Windows NT 10.0; Win64; x64) AppleWebKit/537.36 (KHTML, like Gecko) Chrome/120.0.0.0 Safari/537.36']}}}}
2026-08-24 15:37:50 - urllib3.connectionpool - DEBUG - Starting new HTTP connection (1): localhost:59873
2026-08-24 15:37:52 - urllib3.connectionpool - DEBUG - http://localhost:59873 "POST /session HTTP/1.1" 200 0
2026-08-24 15:37:52 - selenium.webdriver.remote.remote_connection - DEBUG - Remote response: status=200 | data={"value":{"capabilities":{"acceptInsecureCerts":false,"browserName":"chrome","browserVersion":"151.0.7922.173","chrome":{"chromedriverVersion":"151.0.7922.138 (41fa82442390a4d4456c78f2d69a832d5720cb27-refs/branch-heads/7922@{#2891})","userDataDir":"C:\\Users\\MARKCA~1\\AppData\\Local\\Temp\\scoped_dir2512_1106772851"},"fedcm:accounts":true,"goog:chromeOptions":{"debuggerAddress":"localhost:59894"},"goog:processID":7148,"networkConnectionEnabled":false,"pageLoadStrategy":"normal","platformName":"windows","proxy":{},"setWindowRect":true,"strictFileInteractability":false,"timeouts":{"implicit":0,"pageLoad":300000,"script":30000},"unhandledPromptBehavior":"dismiss and notify","webauthn:extension:credBlob":true,"webauthn:extension:largeBlob":true,"webauthn:extension:minPinLength":true,"webauthn:extension:prf":true,"webauthn:virtualAuthenticators":true},"sessionId":"7ea3109d76211e5fd552f4aa86267cb8"}} | headers=HTTPHeaderDict({'Content-Length': '908', 'Content-Type': 'application/json; charset=utf-8', 'cache-control': 'no-cache'})
2026-08-24 15:37:52 - selenium.webdriver.remote.remote_connection - DEBUG - Finished Request
2026-08-24 15:37:52 - selenium.webdriver.remote.remote_connection - DEBUG - POST http://localhost:59873/session/7ea3109d76211e5fd552f4aa86267cb8/timeouts {'pageLoad': 60000}
2026-08-24 15:37:52 - urllib3.connectionpool - DEBUG - http://localhost:59873 "POST /session/7ea3109d76211e5fd552f4aa86267cb8/timeouts HTTP/1.1" 200 0
2026-08-24 15:37:52 - selenium.webdriver.remote.remote_connection - DEBUG - Remote response: status=200 | data={"value":null} | headers=HTTPHeaderDict({'Content-Length': '14', 'Content-Type': 'application/json; charset=utf-8', 'cache-control': 'no-cache'})
2026-08-24 15:37:52 - selenium.webdriver.remote.remote_connection - DEBUG - Finished Request
2026-08-24 15:37:52 - scraper - INFO - Chrome driver initialized
2026-08-24 15:37:52 - scraper - INFO - 
======================================================================
Scraping VCIT: https://investor.vanguard.com/etf/profile/overview/vcit
======================================================================
2026-08-24 15:37:52 - scraper - INFO - Navigating to https://investor.vanguard.com/etf/profile/overview/vcit
2026-08-24 15:37:52 - selenium.webdriver.remote.remote_connection - DEBUG - POST http://localhost:59873/session/7ea3109d76211e5fd552f4aa86267cb8/url {'url': 'https://investor.vanguard.com/etf/profile/overview/vcit'}
2026-08-24 15:38:09 - urllib3.connectionpool - DEBUG - http://localhost:59873 "POST /session/7ea3109d76211e5fd552f4aa86267cb8/url HTTP/1.1" 200 0
2026-08-24 15:38:09 - selenium.webdriver.remote.remote_connection - DEBUG - Remote response: status=200 | data={"value":null} | headers=HTTPHeaderDict({'Content-Length': '14', 'Content-Type': 'application/json; charset=utf-8', 'cache-control': 'no-cache'})
2026-08-24 15:38:09 - selenium.webdriver.remote.remote_connection - DEBUG - Finished Request
2026-08-24 15:38:09 - selenium.webdriver.remote.remote_connection - DEBUG - POST http://localhost:59873/session/7ea3109d76211e5fd552f4aa86267cb8/execute/sync {'script': "\n                var candidates = [\n                    document.querySelector('#onetrust-accept-btn...", 'args': []}
2026-08-24 15:38:09 - urllib3.connectionpool - DEBUG - http://localhost:59873 "POST /session/7ea3109d76211e5fd552f4aa86267cb8/execute/sync HTTP/1.1" 200 0
2026-08-24 15:38:09 - selenium.webdriver.remote.remote_connection - DEBUG - Remote response: status=200 | data={"value":null} | headers=HTTPHeaderDict({'Content-Length': '14', 'Content-Type': 'application/json; charset=utf-8', 'cache-control': 'no-cache'})
2026-08-24 15:38:09 - selenium.webdriver.remote.remote_connection - DEBUG - Finished Request
2026-08-24 15:38:09 - selenium.webdriver.remote.remote_connection - DEBUG - POST http://localhost:59873/session/7ea3109d76211e5fd552f4aa86267cb8/execute/sync {'script': "return document.querySelectorAll('[data-rpa-tag-id]').length > 0", 'args': []}
2026-08-24 15:38:09 - urllib3.connectionpool - DEBUG - http://localhost:59873 "POST /session/7ea3109d76211e5fd552f4aa86267cb8/execute/sync HTTP/1.1" 200 0
2026-08-24 15:38:09 - selenium.webdriver.remote.remote_connection - DEBUG - Remote response: status=200 | data={"value":true} | headers=HTTPHeaderDict({'Content-Length': '14', 'Content-Type': 'application/json; charset=utf-8', 'cache-control': 'no-cache'})
2026-08-24 15:38:09 - selenium.webdriver.remote.remote_connection - DEBUG - Finished Request
2026-08-24 15:38:09 - selenium.webdriver.remote.remote_connection - DEBUG - POST http://localhost:59873/session/7ea3109d76211e5fd552f4aa86267cb8/element {'using': 'css selector', 'value': '[data-rpa-tag-id="dashboard-symbol"]'}
2026-08-24 15:38:09 - urllib3.connectionpool - DEBUG - http://localhost:59873 "POST /session/7ea3109d76211e5fd552f4aa86267cb8/element HTTP/1.1" 200 0
2026-08-24 15:38:09 - selenium.webdriver.remote.remote_connection - DEBUG - Remote response: status=200 | data={"value":{"element-6066-11e4-a52e-4f735466cecf":"f.F455F906CA6DD9D14FFE71D2C9EA71A3.d.3766C395BC7B72CE461C5E85F73094C9.e.65"}} | headers=HTTPHeaderDict({'Content-Length': '126', 'Content-Type': 'application/json; charset=utf-8', 'cache-control': 'no-cache'})
2026-08-24 15:38:09 - selenium.webdriver.remote.remote_connection - DEBUG - Finished Request
2026-08-24 15:38:09 - selenium.webdriver.remote.remote_connection - DEBUG - POST http://localhost:59873/session/7ea3109d76211e5fd552f4aa86267cb8/element {'using': 'css selector', 'value': '[data-rpa-tag-id="dashboard-symbol"]'}
2026-08-24 15:38:09 - urllib3.connectionpool - DEBUG - http://localhost:59873 "POST /session/7ea3109d76211e5fd552f4aa86267cb8/element HTTP/1.1" 200 0
2026-08-24 15:38:09 - selenium.webdriver.remote.remote_connection - DEBUG - Remote response: status=200 | data={"value":{"element-6066-11e4-a52e-4f735466cecf":"f.F455F906CA6DD9D14FFE71D2C9EA71A3.d.3766C395BC7B72CE461C5E85F73094C9.e.65"}} | headers=HTTPHeaderDict({'Content-Length': '126', 'Content-Type': 'application/json; charset=utf-8', 'cache-control': 'no-cache'})
2026-08-24 15:38:09 - selenium.webdriver.remote.remote_connection - DEBUG - Finished Request
2026-08-24 15:38:09 - selenium.webdriver.remote.remote_connection - DEBUG - GET http://localhost:59873/session/7ea3109d76211e5fd552f4aa86267cb8/element/f.F455F906CA6DD9D14FFE71D2C9EA71A3.d.3766C395BC7B72CE461C5E85F73094C9.e.65/text {}
2026-08-24 15:38:09 - urllib3.connectionpool - DEBUG - http://localhost:59873 "GET /session/7ea3109d76211e5fd552f4aa86267cb8/element/f.F455F906CA6DD9D14FFE71D2C9EA71A3.d.3766C395BC7B72CE461C5E85F73094C9.e.65/text HTTP/1.1" 200 0
2026-08-24 15:38:09 - selenium.webdriver.remote.remote_connection - DEBUG - Remote response: status=200 | data={"value":"VCIT\nVanguard Intermediate-Term Corporate Bond ETF"} | headers=HTTPHeaderDict({'Content-Length': '63', 'Content-Type': 'application/json; charset=utf-8', 'cache-control': 'no-cache'})
2026-08-24 15:38:09 - selenium.webdriver.remote.remote_connection - DEBUG - Finished Request
2026-08-24 15:38:09 - scraper - INFO - Page ready — fund: 'VCIT\nVanguard Intermediate-Term Corporate Bond ETF'
2026-08-24 15:38:09 - selenium.webdriver.remote.remote_connection - DEBUG - POST http://localhost:59873/session/7ea3109d76211e5fd552f4aa86267cb8/element {'using': 'css selector', 'value': '[data-rpa-tag-id="dashboard-symbol"]'}
2026-08-24 15:38:09 - urllib3.connectionpool - DEBUG - http://localhost:59873 "POST /session/7ea3109d76211e5fd552f4aa86267cb8/element HTTP/1.1" 200 0
2026-08-24 15:38:09 - selenium.webdriver.remote.remote_connection - DEBUG - Remote response: status=200 | data={"value":{"element-6066-11e4-a52e-4f735466cecf":"f.F455F906CA6DD9D14FFE71D2C9EA71A3.d.3766C395BC7B72CE461C5E85F73094C9.e.65"}} | headers=HTTPHeaderDict({'Content-Length': '126', 'Content-Type': 'application/json; charset=utf-8', 'cache-control': 'no-cache'})
2026-08-24 15:38:09 - selenium.webdriver.remote.remote_connection - DEBUG - Finished Request
2026-08-24 15:38:09 - selenium.webdriver.remote.remote_connection - DEBUG - GET http://localhost:59873/session/7ea3109d76211e5fd552f4aa86267cb8/element/f.F455F906CA6DD9D14FFE71D2C9EA71A3.d.3766C395BC7B72CE461C5E85F73094C9.e.65/text {}
2026-08-24 15:38:09 - urllib3.connectionpool - DEBUG - http://localhost:59873 "GET /session/7ea3109d76211e5fd552f4aa86267cb8/element/f.F455F906CA6DD9D14FFE71D2C9EA71A3.d.3766C395BC7B72CE461C5E85F73094C9.e.65/text HTTP/1.1" 200 0
2026-08-24 15:38:09 - selenium.webdriver.remote.remote_connection - DEBUG - Remote response: status=200 | data={"value":"VCIT\nVanguard Intermediate-Term Corporate Bond ETF"} | headers=HTTPHeaderDict({'Content-Length': '63', 'Content-Type': 'application/json; charset=utf-8', 'cache-control': 'no-cache'})
2026-08-24 15:38:09 - selenium.webdriver.remote.remote_connection - DEBUG - Finished Request
2026-08-24 15:38:09 - scraper - INFO - Verified fund: 'VCIT\nVanguard Intermediate-Term Corporate Bond ETF'
2026-08-24 15:38:09 - scraper - INFO - Scrolling to Portfolio Composition section...
2026-08-24 15:38:09 - selenium.webdriver.remote.remote_connection - DEBUG - POST http://localhost:59873/session/7ea3109d76211e5fd552f4aa86267cb8/element {'using': 'css selector', 'value': '[id*="portfolio-composition"]'}
2026-08-24 15:38:09 - urllib3.connectionpool - DEBUG - http://localhost:59873 "POST /session/7ea3109d76211e5fd552f4aa86267cb8/element HTTP/1.1" 200 0
2026-08-24 15:38:09 - selenium.webdriver.remote.remote_connection - DEBUG - Remote response: status=200 | data={"value":{"element-6066-11e4-a52e-4f735466cecf":"f.F455F906CA6DD9D14FFE71D2C9EA71A3.d.3766C395BC7B72CE461C5E85F73094C9.e.66"}} | headers=HTTPHeaderDict({'Content-Length': '126', 'Content-Type': 'application/json; charset=utf-8', 'cache-control': 'no-cache'})
2026-08-24 15:38:09 - selenium.webdriver.remote.remote_connection - DEBUG - Finished Request
2026-08-24 15:38:09 - selenium.webdriver.remote.remote_connection - DEBUG - POST http://localhost:59873/session/7ea3109d76211e5fd552f4aa86267cb8/execute/sync {'script': "arguments[0].scrollIntoView({behavior: 'instant', block: 'center'});", 'args': [{'element-6066-11e4-a52e-4f735466cecf': 'f.F455F906CA6DD9D14FFE71D2C9EA71A3.d.3766C395BC7B72CE461C5E85F73094C9.e.66'}]}
2026-08-24 15:38:09 - urllib3.connectionpool - DEBUG - http://localhost:59873 "POST /session/7ea3109d76211e5fd552f4aa86267cb8/execute/sync HTTP/1.1" 200 0
2026-08-24 15:38:09 - selenium.webdriver.remote.remote_connection - DEBUG - Remote response: status=200 | data={"value":null} | headers=HTTPHeaderDict({'Content-Length': '14', 'Content-Type': 'application/json; charset=utf-8', 'cache-control': 'no-cache'})
2026-08-24 15:38:09 - selenium.webdriver.remote.remote_connection - DEBUG - Finished Request
2026-08-24 15:38:09 - selenium.webdriver.remote.remote_connection - DEBUG - POST http://localhost:59873/session/7ea3109d76211e5fd552f4aa86267cb8/element {'using': 'css selector', 'value': '[data-rpa-tag-id="symbolAvgDuration"]'}
2026-08-24 15:38:09 - urllib3.connectionpool - DEBUG - http://localhost:59873 "POST /session/7ea3109d76211e5fd552f4aa86267cb8/element HTTP/1.1" 200 0
2026-08-24 15:38:09 - selenium.webdriver.remote.remote_connection - DEBUG - Remote response: status=200 | data={"value":{"element-6066-11e4-a52e-4f735466cecf":"f.F455F906CA6DD9D14FFE71D2C9EA71A3.d.3766C395BC7B72CE461C5E85F73094C9.e.79"}} | headers=HTTPHeaderDict({'Content-Length': '126', 'Content-Type': 'application/json; charset=utf-8', 'cache-control': 'no-cache'})
2026-08-24 15:38:09 - selenium.webdriver.remote.remote_connection - DEBUG - Finished Request
2026-08-24 15:38:09 - scraper - INFO - Portfolio Composition rendered (symbolAvgDuration present)
2026-08-24 15:38:09 - scraper - INFO - Extracting portfolio characteristics date...
2026-08-24 15:38:09 - selenium.webdriver.remote.remote_connection - DEBUG - POST http://localhost:59873/session/7ea3109d76211e5fd552f4aa86267cb8/element {'using': 'css selector', 'value': '[data-rpa-tag-id="holdingDetailDate"]'}
2026-08-24 15:38:09 - urllib3.connectionpool - DEBUG - http://localhost:59873 "POST /session/7ea3109d76211e5fd552f4aa86267cb8/element HTTP/1.1" 200 0
2026-08-24 15:38:09 - selenium.webdriver.remote.remote_connection - DEBUG - Remote response: status=200 | data={"value":{"element-6066-11e4-a52e-4f735466cecf":"f.F455F906CA6DD9D14FFE71D2C9EA71A3.d.3766C395BC7B72CE461C5E85F73094C9.e.80"}} | headers=HTTPHeaderDict({'Content-Length': '126', 'Content-Type': 'application/json; charset=utf-8', 'cache-control': 'no-cache'})
2026-08-24 15:38:09 - selenium.webdriver.remote.remote_connection - DEBUG - Finished Request
2026-08-24 15:38:09 - selenium.webdriver.remote.remote_connection - DEBUG - GET http://localhost:59873/session/7ea3109d76211e5fd552f4aa86267cb8/element/f.F455F906CA6DD9D14FFE71D2C9EA71A3.d.3766C395BC7B72CE461C5E85F73094C9.e.80/text {}
2026-08-24 15:38:09 - urllib3.connectionpool - DEBUG - http://localhost:59873 "GET /session/7ea3109d76211e5fd552f4aa86267cb8/element/f.F455F906CA6DD9D14FFE71D2C9EA71A3.d.3766C395BC7B72CE461C5E85F73094C9.e.80/text HTTP/1.1" 200 0
2026-08-24 15:38:09 - selenium.webdriver.remote.remote_connection - DEBUG - Remote response: status=200 | data={"value":"as of 07/31/2026"} | headers=HTTPHeaderDict({'Content-Length': '28', 'Content-Type': 'application/json; charset=utf-8', 'cache-control': 'no-cache'})
2026-08-24 15:38:09 - selenium.webdriver.remote.remote_connection - DEBUG - Finished Request
2026-08-24 15:38:09 - scraper - INFO - Date via RPA [holdingDetailDate]: 07/31/2026
2026-08-24 15:38:09 - scraper - INFO - Extracting Average Duration for VCIT...
2026-08-24 15:38:09 - selenium.webdriver.remote.remote_connection - DEBUG - POST http://localhost:59873/session/7ea3109d76211e5fd552f4aa86267cb8/element {'using': 'css selector', 'value': '[data-rpa-tag-id="symbolAvgDuration"]'}
2026-08-24 15:38:09 - urllib3.connectionpool - DEBUG - http://localhost:59873 "POST /session/7ea3109d76211e5fd552f4aa86267cb8/element HTTP/1.1" 200 0
2026-08-24 15:38:09 - selenium.webdriver.remote.remote_connection - DEBUG - Remote response: status=200 | data={"value":{"element-6066-11e4-a52e-4f735466cecf":"f.F455F906CA6DD9D14FFE71D2C9EA71A3.d.3766C395BC7B72CE461C5E85F73094C9.e.79"}} | headers=HTTPHeaderDict({'Content-Length': '126', 'Content-Type': 'application/json; charset=utf-8', 'cache-control': 'no-cache'})
2026-08-24 15:38:09 - selenium.webdriver.remote.remote_connection - DEBUG - Finished Request
2026-08-24 15:38:09 - selenium.webdriver.remote.remote_connection - DEBUG - GET http://localhost:59873/session/7ea3109d76211e5fd552f4aa86267cb8/element/f.F455F906CA6DD9D14FFE71D2C9EA71A3.d.3766C395BC7B72CE461C5E85F73094C9.e.79/text {}
2026-08-24 15:38:09 - urllib3.connectionpool - DEBUG - http://localhost:59873 "GET /session/7ea3109d76211e5fd552f4aa86267cb8/element/f.F455F906CA6DD9D14FFE71D2C9EA71A3.d.3766C395BC7B72CE461C5E85F73094C9.e.79/text HTTP/1.1" 200 0
2026-08-24 15:38:09 - selenium.webdriver.remote.remote_connection - DEBUG - Remote response: status=200 | data={"value":"6.0 years"} | headers=HTTPHeaderDict({'Content-Length': '21', 'Content-Type': 'application/json; charset=utf-8', 'cache-control': 'no-cache'})
2026-08-24 15:38:09 - selenium.webdriver.remote.remote_connection - DEBUG - Finished Request
2026-08-24 15:38:09 - scraper - INFO - Duration via RPA [symbolAvgDuration]: 6.0 years
2026-08-24 15:38:09 - scraper - INFO - SUCCESS VCIT: date=07/31/2026, duration=6.0 years
2026-08-24 15:38:09 - scraper - INFO - 
======================================================================
Scraping VCSH: https://investor.vanguard.com/etf/profile/overview/vcsh
======================================================================
2026-08-24 15:38:09 - scraper - INFO - Navigating to https://investor.vanguard.com/etf/profile/overview/vcsh
2026-08-24 15:38:09 - selenium.webdriver.remote.remote_connection - DEBUG - POST http://localhost:59873/session/7ea3109d76211e5fd552f4aa86267cb8/url {'url': 'https://investor.vanguard.com/etf/profile/overview/vcsh'}
2026-08-24 15:38:14 - urllib3.connectionpool - DEBUG - http://localhost:59873 "POST /session/7ea3109d76211e5fd552f4aa86267cb8/url HTTP/1.1" 200 0
2026-08-24 15:38:15 - selenium.webdriver.remote.remote_connection - DEBUG - Remote response: status=200 | data={"value":null} | headers=HTTPHeaderDict({'Content-Length': '14', 'Content-Type': 'application/json; charset=utf-8', 'cache-control': 'no-cache'})
2026-08-24 15:38:15 - selenium.webdriver.remote.remote_connection - DEBUG - Finished Request
2026-08-24 15:38:15 - selenium.webdriver.remote.remote_connection - DEBUG - POST http://localhost:59873/session/7ea3109d76211e5fd552f4aa86267cb8/execute/sync {'script': "\n                var candidates = [\n                    document.querySelector('#onetrust-accept-btn...", 'args': []}
2026-08-24 15:38:15 - urllib3.connectionpool - DEBUG - http://localhost:59873 "POST /session/7ea3109d76211e5fd552f4aa86267cb8/execute/sync HTTP/1.1" 200 0
2026-08-24 15:38:15 - selenium.webdriver.remote.remote_connection - DEBUG - Remote response: status=200 | data={"value":null} | headers=HTTPHeaderDict({'Content-Length': '14', 'Content-Type': 'application/json; charset=utf-8', 'cache-control': 'no-cache'})
2026-08-24 15:38:15 - selenium.webdriver.remote.remote_connection - DEBUG - Finished Request
2026-08-24 15:38:15 - selenium.webdriver.remote.remote_connection - DEBUG - POST http://localhost:59873/session/7ea3109d76211e5fd552f4aa86267cb8/execute/sync {'script': "return document.querySelectorAll('[data-rpa-tag-id]').length > 0", 'args': []}
2026-08-24 15:38:15 - urllib3.connectionpool - DEBUG - http://localhost:59873 "POST /session/7ea3109d76211e5fd552f4aa86267cb8/execute/sync HTTP/1.1" 200 0
2026-08-24 15:38:15 - selenium.webdriver.remote.remote_connection - DEBUG - Remote response: status=200 | data={"value":false} | headers=HTTPHeaderDict({'Content-Length': '15', 'Content-Type': 'application/json; charset=utf-8', 'cache-control': 'no-cache'})
2026-08-24 15:38:15 - selenium.webdriver.remote.remote_connection - DEBUG - Finished Request
2026-08-24 15:38:15 - selenium.webdriver.remote.remote_connection - DEBUG - POST http://localhost:59873/session/7ea3109d76211e5fd552f4aa86267cb8/execute/sync {'script': "return document.querySelectorAll('[data-rpa-tag-id]').length > 0", 'args': []}
2026-08-24 15:38:16 - urllib3.connectionpool - DEBUG - http://localhost:59873 "POST /session/7ea3109d76211e5fd552f4aa86267cb8/execute/sync HTTP/1.1" 200 0
2026-08-24 15:38:16 - selenium.webdriver.remote.remote_connection - DEBUG - Remote response: status=200 | data={"value":false} | headers=HTTPHeaderDict({'Content-Length': '15', 'Content-Type': 'application/json; charset=utf-8', 'cache-control': 'no-cache'})
2026-08-24 15:38:16 - selenium.webdriver.remote.remote_connection - DEBUG - Finished Request
2026-08-24 15:38:17 - selenium.webdriver.remote.remote_connection - DEBUG - POST http://localhost:59873/session/7ea3109d76211e5fd552f4aa86267cb8/execute/sync {'script': "return document.querySelectorAll('[data-rpa-tag-id]').length > 0", 'args': []}
2026-08-24 15:38:17 - urllib3.connectionpool - DEBUG - http://localhost:59873 "POST /session/7ea3109d76211e5fd552f4aa86267cb8/execute/sync HTTP/1.1" 200 0
2026-08-24 15:38:17 - selenium.webdriver.remote.remote_connection - DEBUG - Remote response: status=200 | data={"value":false} | headers=HTTPHeaderDict({'Content-Length': '15', 'Content-Type': 'application/json; charset=utf-8', 'cache-control': 'no-cache'})
2026-08-24 15:38:17 - selenium.webdriver.remote.remote_connection - DEBUG - Finished Request
2026-08-24 15:38:17 - selenium.webdriver.remote.remote_connection - DEBUG - POST http://localhost:59873/session/7ea3109d76211e5fd552f4aa86267cb8/execute/sync {'script': "return document.querySelectorAll('[data-rpa-tag-id]').length > 0", 'args': []}
2026-08-24 15:38:17 - urllib3.connectionpool - DEBUG - http://localhost:59873 "POST /session/7ea3109d76211e5fd552f4aa86267cb8/execute/sync HTTP/1.1" 200 0
2026-08-24 15:38:17 - selenium.webdriver.remote.remote_connection - DEBUG - Remote response: status=200 | data={"value":false} | headers=HTTPHeaderDict({'Content-Length': '15', 'Content-Type': 'application/json; charset=utf-8', 'cache-control': 'no-cache'})
2026-08-24 15:38:17 - selenium.webdriver.remote.remote_connection - DEBUG - Finished Request
2026-08-24 15:38:18 - selenium.webdriver.remote.remote_connection - DEBUG - POST http://localhost:59873/session/7ea3109d76211e5fd552f4aa86267cb8/execute/sync {'script': "return document.querySelectorAll('[data-rpa-tag-id]').length > 0", 'args': []}
2026-08-24 15:38:18 - urllib3.connectionpool - DEBUG - http://localhost:59873 "POST /session/7ea3109d76211e5fd552f4aa86267cb8/execute/sync HTTP/1.1" 200 0
2026-08-24 15:38:18 - selenium.webdriver.remote.remote_connection - DEBUG - Remote response: status=200 | data={"value":false} | headers=HTTPHeaderDict({'Content-Length': '15', 'Content-Type': 'application/json; charset=utf-8', 'cache-control': 'no-cache'})
2026-08-24 15:38:18 - selenium.webdriver.remote.remote_connection - DEBUG - Finished Request
2026-08-24 15:38:18 - selenium.webdriver.remote.remote_connection - DEBUG - POST http://localhost:59873/session/7ea3109d76211e5fd552f4aa86267cb8/execute/sync {'script': "return document.querySelectorAll('[data-rpa-tag-id]').length > 0", 'args': []}
2026-08-24 15:38:18 - urllib3.connectionpool - DEBUG - http://localhost:59873 "POST /session/7ea3109d76211e5fd552f4aa86267cb8/execute/sync HTTP/1.1" 200 0
2026-08-24 15:38:18 - selenium.webdriver.remote.remote_connection - DEBUG - Remote response: status=200 | data={"value":false} | headers=HTTPHeaderDict({'Content-Length': '15', 'Content-Type': 'application/json; charset=utf-8', 'cache-control': 'no-cache'})
2026-08-24 15:38:18 - selenium.webdriver.remote.remote_connection - DEBUG - Finished Request
2026-08-24 15:38:19 - selenium.webdriver.remote.remote_connection - DEBUG - POST http://localhost:59873/session/7ea3109d76211e5fd552f4aa86267cb8/execute/sync {'script': "return document.querySelectorAll('[data-rpa-tag-id]').length > 0", 'args': []}
2026-08-24 15:38:19 - urllib3.connectionpool - DEBUG - http://localhost:59873 "POST /session/7ea3109d76211e5fd552f4aa86267cb8/execute/sync HTTP/1.1" 200 0
2026-08-24 15:38:19 - selenium.webdriver.remote.remote_connection - DEBUG - Remote response: status=200 | data={"value":false} | headers=HTTPHeaderDict({'Content-Length': '15', 'Content-Type': 'application/json; charset=utf-8', 'cache-control': 'no-cache'})
2026-08-24 15:38:19 - selenium.webdriver.remote.remote_connection - DEBUG - Finished Request
2026-08-24 15:38:19 - selenium.webdriver.remote.remote_connection - DEBUG - POST http://localhost:59873/session/7ea3109d76211e5fd552f4aa86267cb8/execute/sync {'script': "return document.querySelectorAll('[data-rpa-tag-id]').length > 0", 'args': []}
2026-08-24 15:38:19 - urllib3.connectionpool - DEBUG - http://localhost:59873 "POST /session/7ea3109d76211e5fd552f4aa86267cb8/execute/sync HTTP/1.1" 200 0
2026-08-24 15:38:19 - selenium.webdriver.remote.remote_connection - DEBUG - Remote response: status=200 | data={"value":false} | headers=HTTPHeaderDict({'Content-Length': '15', 'Content-Type': 'application/json; charset=utf-8', 'cache-control': 'no-cache'})
2026-08-24 15:38:19 - selenium.webdriver.remote.remote_connection - DEBUG - Finished Request
2026-08-24 15:38:20 - selenium.webdriver.remote.remote_connection - DEBUG - POST http://localhost:59873/session/7ea3109d76211e5fd552f4aa86267cb8/execute/sync {'script': "return document.querySelectorAll('[data-rpa-tag-id]').length > 0", 'args': []}
2026-08-24 15:38:20 - urllib3.connectionpool - DEBUG - http://localhost:59873 "POST /session/7ea3109d76211e5fd552f4aa86267cb8/execute/sync HTTP/1.1" 200 0
2026-08-24 15:38:20 - selenium.webdriver.remote.remote_connection - DEBUG - Remote response: status=200 | data={"value":false} | headers=HTTPHeaderDict({'Content-Length': '15', 'Content-Type': 'application/json; charset=utf-8', 'cache-control': 'no-cache'})
2026-08-24 15:38:20 - selenium.webdriver.remote.remote_connection - DEBUG - Finished Request
2026-08-24 15:38:20 - selenium.webdriver.remote.remote_connection - DEBUG - POST http://localhost:59873/session/7ea3109d76211e5fd552f4aa86267cb8/execute/sync {'script': "return document.querySelectorAll('[data-rpa-tag-id]').length > 0", 'args': []}
2026-08-24 15:38:21 - urllib3.connectionpool - DEBUG - http://localhost:59873 "POST /session/7ea3109d76211e5fd552f4aa86267cb8/execute/sync HTTP/1.1" 200 0
2026-08-24 15:38:21 - selenium.webdriver.remote.remote_connection - DEBUG - Remote response: status=200 | data={"value":false} | headers=HTTPHeaderDict({'Content-Length': '15', 'Content-Type': 'application/json; charset=utf-8', 'cache-control': 'no-cache'})
2026-08-24 15:38:21 - selenium.webdriver.remote.remote_connection - DEBUG - Finished Request
2026-08-24 15:38:21 - selenium.webdriver.remote.remote_connection - DEBUG - POST http://localhost:59873/session/7ea3109d76211e5fd552f4aa86267cb8/execute/sync {'script': "return document.querySelectorAll('[data-rpa-tag-id]').length > 0", 'args': []}
2026-08-24 15:38:21 - urllib3.connectionpool - DEBUG - http://localhost:59873 "POST /session/7ea3109d76211e5fd552f4aa86267cb8/execute/sync HTTP/1.1" 200 0
2026-08-24 15:38:21 - selenium.webdriver.remote.remote_connection - DEBUG - Remote response: status=200 | data={"value":false} | headers=HTTPHeaderDict({'Content-Length': '15', 'Content-Type': 'application/json; charset=utf-8', 'cache-control': 'no-cache'})
2026-08-24 15:38:21 - selenium.webdriver.remote.remote_connection - DEBUG - Finished Request
2026-08-24 15:38:22 - selenium.webdriver.remote.remote_connection - DEBUG - POST http://localhost:59873/session/7ea3109d76211e5fd552f4aa86267cb8/execute/sync {'script': "return document.querySelectorAll('[data-rpa-tag-id]').length > 0", 'args': []}
2026-08-24 15:38:22 - urllib3.connectionpool - DEBUG - http://localhost:59873 "POST /session/7ea3109d76211e5fd552f4aa86267cb8/execute/sync HTTP/1.1" 200 0
2026-08-24 15:38:22 - selenium.webdriver.remote.remote_connection - DEBUG - Remote response: status=200 | data={"value":false} | headers=HTTPHeaderDict({'Content-Length': '15', 'Content-Type': 'application/json; charset=utf-8', 'cache-control': 'no-cache'})
2026-08-24 15:38:22 - selenium.webdriver.remote.remote_connection - DEBUG - Finished Request
2026-08-24 15:38:22 - selenium.webdriver.remote.remote_connection - DEBUG - POST http://localhost:59873/session/7ea3109d76211e5fd552f4aa86267cb8/execute/sync {'script': "return document.querySelectorAll('[data-rpa-tag-id]').length > 0", 'args': []}
2026-08-24 15:38:22 - urllib3.connectionpool - DEBUG - http://localhost:59873 "POST /session/7ea3109d76211e5fd552f4aa86267cb8/execute/sync HTTP/1.1" 200 0
2026-08-24 15:38:22 - selenium.webdriver.remote.remote_connection - DEBUG - Remote response: status=200 | data={"value":false} | headers=HTTPHeaderDict({'Content-Length': '15', 'Content-Type': 'application/json; charset=utf-8', 'cache-control': 'no-cache'})
2026-08-24 15:38:22 - selenium.webdriver.remote.remote_connection - DEBUG - Finished Request
2026-08-24 15:38:23 - selenium.webdriver.remote.remote_connection - DEBUG - POST http://localhost:59873/session/7ea3109d76211e5fd552f4aa86267cb8/execute/sync {'script': "return document.querySelectorAll('[data-rpa-tag-id]').length > 0", 'args': []}
2026-08-24 15:38:23 - urllib3.connectionpool - DEBUG - http://localhost:59873 "POST /session/7ea3109d76211e5fd552f4aa86267cb8/execute/sync HTTP/1.1" 200 0
2026-08-24 15:38:23 - selenium.webdriver.remote.remote_connection - DEBUG - Remote response: status=200 | data={"value":false} | headers=HTTPHeaderDict({'Content-Length': '15', 'Content-Type': 'application/json; charset=utf-8', 'cache-control': 'no-cache'})
2026-08-24 15:38:23 - selenium.webdriver.remote.remote_connection - DEBUG - Finished Request
2026-08-24 15:38:23 - selenium.webdriver.remote.remote_connection - DEBUG - POST http://localhost:59873/session/7ea3109d76211e5fd552f4aa86267cb8/execute/sync {'script': "return document.querySelectorAll('[data-rpa-tag-id]').length > 0", 'args': []}
2026-08-24 15:38:23 - urllib3.connectionpool - DEBUG - http://localhost:59873 "POST /session/7ea3109d76211e5fd552f4aa86267cb8/execute/sync HTTP/1.1" 200 0
2026-08-24 15:38:23 - selenium.webdriver.remote.remote_connection - DEBUG - Remote response: status=200 | data={"value":false} | headers=HTTPHeaderDict({'Content-Length': '15', 'Content-Type': 'application/json; charset=utf-8', 'cache-control': 'no-cache'})
2026-08-24 15:38:23 - selenium.webdriver.remote.remote_connection - DEBUG - Finished Request
2026-08-24 15:38:24 - selenium.webdriver.remote.remote_connection - DEBUG - POST http://localhost:59873/session/7ea3109d76211e5fd552f4aa86267cb8/execute/sync {'script': "return document.querySelectorAll('[data-rpa-tag-id]').length > 0", 'args': []}
2026-08-24 15:38:24 - urllib3.connectionpool - DEBUG - http://localhost:59873 "POST /session/7ea3109d76211e5fd552f4aa86267cb8/execute/sync HTTP/1.1" 200 0
2026-08-24 15:38:24 - selenium.webdriver.remote.remote_connection - DEBUG - Remote response: status=200 | data={"value":false} | headers=HTTPHeaderDict({'Content-Length': '15', 'Content-Type': 'application/json; charset=utf-8', 'cache-control': 'no-cache'})
2026-08-24 15:38:24 - selenium.webdriver.remote.remote_connection - DEBUG - Finished Request
2026-08-24 15:38:24 - selenium.webdriver.remote.remote_connection - DEBUG - POST http://localhost:59873/session/7ea3109d76211e5fd552f4aa86267cb8/execute/sync {'script': "return document.querySelectorAll('[data-rpa-tag-id]').length > 0", 'args': []}
2026-08-24 15:38:24 - urllib3.connectionpool - DEBUG - http://localhost:59873 "POST /session/7ea3109d76211e5fd552f4aa86267cb8/execute/sync HTTP/1.1" 200 0
2026-08-24 15:38:24 - selenium.webdriver.remote.remote_connection - DEBUG - Remote response: status=200 | data={"value":false} | headers=HTTPHeaderDict({'Content-Length': '15', 'Content-Type': 'application/json; charset=utf-8', 'cache-control': 'no-cache'})
2026-08-24 15:38:24 - selenium.webdriver.remote.remote_connection - DEBUG - Finished Request
2026-08-24 15:38:25 - selenium.webdriver.remote.remote_connection - DEBUG - POST http://localhost:59873/session/7ea3109d76211e5fd552f4aa86267cb8/execute/sync {'script': "return document.querySelectorAll('[data-rpa-tag-id]').length > 0", 'args': []}
2026-08-24 15:38:25 - urllib3.connectionpool - DEBUG - http://localhost:59873 "POST /session/7ea3109d76211e5fd552f4aa86267cb8/execute/sync HTTP/1.1" 200 0
2026-08-24 15:38:25 - selenium.webdriver.remote.remote_connection - DEBUG - Remote response: status=200 | data={"value":false} | headers=HTTPHeaderDict({'Content-Length': '15', 'Content-Type': 'application/json; charset=utf-8', 'cache-control': 'no-cache'})
2026-08-24 15:38:25 - selenium.webdriver.remote.remote_connection - DEBUG - Finished Request
2026-08-24 15:38:25 - selenium.webdriver.remote.remote_connection - DEBUG - POST http://localhost:59873/session/7ea3109d76211e5fd552f4aa86267cb8/execute/sync {'script': "return document.querySelectorAll('[data-rpa-tag-id]').length > 0", 'args': []}
2026-08-24 15:38:25 - urllib3.connectionpool - DEBUG - http://localhost:59873 "POST /session/7ea3109d76211e5fd552f4aa86267cb8/execute/sync HTTP/1.1" 200 0
2026-08-24 15:38:25 - selenium.webdriver.remote.remote_connection - DEBUG - Remote response: status=200 | data={"value":false} | headers=HTTPHeaderDict({'Content-Length': '15', 'Content-Type': 'application/json; charset=utf-8', 'cache-control': 'no-cache'})
2026-08-24 15:38:25 - selenium.webdriver.remote.remote_connection - DEBUG - Finished Request
2026-08-24 15:38:26 - selenium.webdriver.remote.remote_connection - DEBUG - POST http://localhost:59873/session/7ea3109d76211e5fd552f4aa86267cb8/execute/sync {'script': "return document.querySelectorAll('[data-rpa-tag-id]').length > 0", 'args': []}
2026-08-24 15:38:26 - urllib3.connectionpool - DEBUG - http://localhost:59873 "POST /session/7ea3109d76211e5fd552f4aa86267cb8/execute/sync HTTP/1.1" 200 0
2026-08-24 15:38:26 - selenium.webdriver.remote.remote_connection - DEBUG - Remote response: status=200 | data={"value":false} | headers=HTTPHeaderDict({'Content-Length': '15', 'Content-Type': 'application/json; charset=utf-8', 'cache-control': 'no-cache'})
2026-08-24 15:38:26 - selenium.webdriver.remote.remote_connection - DEBUG - Finished Request
2026-08-24 15:38:26 - selenium.webdriver.remote.remote_connection - DEBUG - POST http://localhost:59873/session/7ea3109d76211e5fd552f4aa86267cb8/execute/sync {'script': "return document.querySelectorAll('[data-rpa-tag-id]').length > 0", 'args': []}
2026-08-24 15:38:26 - urllib3.connectionpool - DEBUG - http://localhost:59873 "POST /session/7ea3109d76211e5fd552f4aa86267cb8/execute/sync HTTP/1.1" 200 0
2026-08-24 15:38:26 - selenium.webdriver.remote.remote_connection - DEBUG - Remote response: status=200 | data={"value":false} | headers=HTTPHeaderDict({'Content-Length': '15', 'Content-Type': 'application/json; charset=utf-8', 'cache-control': 'no-cache'})
2026-08-24 15:38:26 - selenium.webdriver.remote.remote_connection - DEBUG - Finished Request
2026-08-24 15:38:27 - selenium.webdriver.remote.remote_connection - DEBUG - POST http://localhost:59873/session/7ea3109d76211e5fd552f4aa86267cb8/execute/sync {'script': "return document.querySelectorAll('[data-rpa-tag-id]').length > 0", 'args': []}
2026-08-24 15:38:27 - urllib3.connectionpool - DEBUG - http://localhost:59873 "POST /session/7ea3109d76211e5fd552f4aa86267cb8/execute/sync HTTP/1.1" 200 0
2026-08-24 15:38:27 - selenium.webdriver.remote.remote_connection - DEBUG - Remote response: status=200 | data={"value":false} | headers=HTTPHeaderDict({'Content-Length': '15', 'Content-Type': 'application/json; charset=utf-8', 'cache-control': 'no-cache'})
2026-08-24 15:38:27 - selenium.webdriver.remote.remote_connection - DEBUG - Finished Request
2026-08-24 15:38:27 - selenium.webdriver.remote.remote_connection - DEBUG - POST http://localhost:59873/session/7ea3109d76211e5fd552f4aa86267cb8/execute/sync {'script': "return document.querySelectorAll('[data-rpa-tag-id]').length > 0", 'args': []}
2026-08-24 15:38:27 - urllib3.connectionpool - DEBUG - http://localhost:59873 "POST /session/7ea3109d76211e5fd552f4aa86267cb8/execute/sync HTTP/1.1" 200 0
2026-08-24 15:38:27 - selenium.webdriver.remote.remote_connection - DEBUG - Remote response: status=200 | data={"value":false} | headers=HTTPHeaderDict({'Content-Length': '15', 'Content-Type': 'application/json; charset=utf-8', 'cache-control': 'no-cache'})
2026-08-24 15:38:27 - selenium.webdriver.remote.remote_connection - DEBUG - Finished Request
2026-08-24 15:38:28 - selenium.webdriver.remote.remote_connection - DEBUG - POST http://localhost:59873/session/7ea3109d76211e5fd552f4aa86267cb8/execute/sync {'script': "return document.querySelectorAll('[data-rpa-tag-id]').length > 0", 'args': []}
2026-08-24 15:38:28 - urllib3.connectionpool - DEBUG - http://localhost:59873 "POST /session/7ea3109d76211e5fd552f4aa86267cb8/execute/sync HTTP/1.1" 200 0
2026-08-24 15:38:28 - selenium.webdriver.remote.remote_connection - DEBUG - Remote response: status=200 | data={"value":false} | headers=HTTPHeaderDict({'Content-Length': '15', 'Content-Type': 'application/json; charset=utf-8', 'cache-control': 'no-cache'})
2026-08-24 15:38:28 - selenium.webdriver.remote.remote_connection - DEBUG - Finished Request
2026-08-24 15:38:28 - selenium.webdriver.remote.remote_connection - DEBUG - POST http://localhost:59873/session/7ea3109d76211e5fd552f4aa86267cb8/execute/sync {'script': "return document.querySelectorAll('[data-rpa-tag-id]').length > 0", 'args': []}
2026-08-24 15:38:28 - urllib3.connectionpool - DEBUG - http://localhost:59873 "POST /session/7ea3109d76211e5fd552f4aa86267cb8/execute/sync HTTP/1.1" 200 0
2026-08-24 15:38:28 - selenium.webdriver.remote.remote_connection - DEBUG - Remote response: status=200 | data={"value":false} | headers=HTTPHeaderDict({'Content-Length': '15', 'Content-Type': 'application/json; charset=utf-8', 'cache-control': 'no-cache'})
2026-08-24 15:38:28 - selenium.webdriver.remote.remote_connection - DEBUG - Finished Request
2026-08-24 15:38:29 - selenium.webdriver.remote.remote_connection - DEBUG - POST http://localhost:59873/session/7ea3109d76211e5fd552f4aa86267cb8/execute/sync {'script': "return document.querySelectorAll('[data-rpa-tag-id]').length > 0", 'args': []}
2026-08-24 15:38:29 - urllib3.connectionpool - DEBUG - http://localhost:59873 "POST /session/7ea3109d76211e5fd552f4aa86267cb8/execute/sync HTTP/1.1" 200 0
2026-08-24 15:38:29 - selenium.webdriver.remote.remote_connection - DEBUG - Remote response: status=200 | data={"value":false} | headers=HTTPHeaderDict({'Content-Length': '15', 'Content-Type': 'application/json; charset=utf-8', 'cache-control': 'no-cache'})
2026-08-24 15:38:29 - selenium.webdriver.remote.remote_connection - DEBUG - Finished Request
2026-08-24 15:38:29 - selenium.webdriver.remote.remote_connection - DEBUG - POST http://localhost:59873/session/7ea3109d76211e5fd552f4aa86267cb8/execute/sync {'script': "return document.querySelectorAll('[data-rpa-tag-id]').length > 0", 'args': []}
2026-08-24 15:38:29 - urllib3.connectionpool - DEBUG - http://localhost:59873 "POST /session/7ea3109d76211e5fd552f4aa86267cb8/execute/sync HTTP/1.1" 200 0
2026-08-24 15:38:29 - selenium.webdriver.remote.remote_connection - DEBUG - Remote response: status=200 | data={"value":false} | headers=HTTPHeaderDict({'Content-Length': '15', 'Content-Type': 'application/json; charset=utf-8', 'cache-control': 'no-cache'})
2026-08-24 15:38:29 - selenium.webdriver.remote.remote_connection - DEBUG - Finished Request
2026-08-24 15:38:30 - selenium.webdriver.remote.remote_connection - DEBUG - POST http://localhost:59873/session/7ea3109d76211e5fd552f4aa86267cb8/execute/sync {'script': "return document.querySelectorAll('[data-rpa-tag-id]').length > 0", 'args': []}
2026-08-24 15:38:30 - urllib3.connectionpool - DEBUG - http://localhost:59873 "POST /session/7ea3109d76211e5fd552f4aa86267cb8/execute/sync HTTP/1.1" 200 0
2026-08-24 15:38:30 - selenium.webdriver.remote.remote_connection - DEBUG - Remote response: status=200 | data={"value":false} | headers=HTTPHeaderDict({'Content-Length': '15', 'Content-Type': 'application/json; charset=utf-8', 'cache-control': 'no-cache'})
2026-08-24 15:38:30 - selenium.webdriver.remote.remote_connection - DEBUG - Finished Request
2026-08-24 15:38:30 - selenium.webdriver.remote.remote_connection - DEBUG - POST http://localhost:59873/session/7ea3109d76211e5fd552f4aa86267cb8/execute/sync {'script': "return document.querySelectorAll('[data-rpa-tag-id]').length > 0", 'args': []}
2026-08-24 15:38:30 - urllib3.connectionpool - DEBUG - http://localhost:59873 "POST /session/7ea3109d76211e5fd552f4aa86267cb8/execute/sync HTTP/1.1" 200 0
2026-08-24 15:38:30 - selenium.webdriver.remote.remote_connection - DEBUG - Remote response: status=200 | data={"value":false} | headers=HTTPHeaderDict({'Content-Length': '15', 'Content-Type': 'application/json; charset=utf-8', 'cache-control': 'no-cache'})
2026-08-24 15:38:30 - selenium.webdriver.remote.remote_connection - DEBUG - Finished Request
2026-08-24 15:38:31 - selenium.webdriver.remote.remote_connection - DEBUG - POST http://localhost:59873/session/7ea3109d76211e5fd552f4aa86267cb8/execute/sync {'script': "return document.querySelectorAll('[data-rpa-tag-id]').length > 0", 'args': []}
2026-08-24 15:38:31 - urllib3.connectionpool - DEBUG - http://localhost:59873 "POST /session/7ea3109d76211e5fd552f4aa86267cb8/execute/sync HTTP/1.1" 200 0
2026-08-24 15:38:31 - selenium.webdriver.remote.remote_connection - DEBUG - Remote response: status=200 | data={"value":false} | headers=HTTPHeaderDict({'Content-Length': '15', 'Content-Type': 'application/json; charset=utf-8', 'cache-control': 'no-cache'})
2026-08-24 15:38:31 - selenium.webdriver.remote.remote_connection - DEBUG - Finished Request
2026-08-24 15:38:31 - selenium.webdriver.remote.remote_connection - DEBUG - POST http://localhost:59873/session/7ea3109d76211e5fd552f4aa86267cb8/execute/sync {'script': "return document.querySelectorAll('[data-rpa-tag-id]').length > 0", 'args': []}
2026-08-24 15:38:31 - urllib3.connectionpool - DEBUG - http://localhost:59873 "POST /session/7ea3109d76211e5fd552f4aa86267cb8/execute/sync HTTP/1.1" 200 0
2026-08-24 15:38:31 - selenium.webdriver.remote.remote_connection - DEBUG - Remote response: status=200 | data={"value":false} | headers=HTTPHeaderDict({'Content-Length': '15', 'Content-Type': 'application/json; charset=utf-8', 'cache-control': 'no-cache'})
2026-08-24 15:38:31 - selenium.webdriver.remote.remote_connection - DEBUG - Finished Request
2026-08-24 15:38:32 - selenium.webdriver.remote.remote_connection - DEBUG - POST http://localhost:59873/session/7ea3109d76211e5fd552f4aa86267cb8/execute/sync {'script': "return document.querySelectorAll('[data-rpa-tag-id]').length > 0", 'args': []}
2026-08-24 15:38:32 - urllib3.connectionpool - DEBUG - http://localhost:59873 "POST /session/7ea3109d76211e5fd552f4aa86267cb8/execute/sync HTTP/1.1" 200 0
2026-08-24 15:38:32 - selenium.webdriver.remote.remote_connection - DEBUG - Remote response: status=200 | data={"value":false} | headers=HTTPHeaderDict({'Content-Length': '15', 'Content-Type': 'application/json; charset=utf-8', 'cache-control': 'no-cache'})
2026-08-24 15:38:32 - selenium.webdriver.remote.remote_connection - DEBUG - Finished Request
2026-08-24 15:38:32 - selenium.webdriver.remote.remote_connection - DEBUG - POST http://localhost:59873/session/7ea3109d76211e5fd552f4aa86267cb8/execute/sync {'script': "return document.querySelectorAll('[data-rpa-tag-id]').length > 0", 'args': []}
2026-08-24 15:38:32 - urllib3.connectionpool - DEBUG - http://localhost:59873 "POST /session/7ea3109d76211e5fd552f4aa86267cb8/execute/sync HTTP/1.1" 200 0
2026-08-24 15:38:32 - selenium.webdriver.remote.remote_connection - DEBUG - Remote response: status=200 | data={"value":false} | headers=HTTPHeaderDict({'Content-Length': '15', 'Content-Type': 'application/json; charset=utf-8', 'cache-control': 'no-cache'})
2026-08-24 15:38:32 - selenium.webdriver.remote.remote_connection - DEBUG - Finished Request
2026-08-24 15:38:33 - selenium.webdriver.remote.remote_connection - DEBUG - POST http://localhost:59873/session/7ea3109d76211e5fd552f4aa86267cb8/execute/sync {'script': "return document.querySelectorAll('[data-rpa-tag-id]').length > 0", 'args': []}
2026-08-24 15:38:33 - urllib3.connectionpool - DEBUG - http://localhost:59873 "POST /session/7ea3109d76211e5fd552f4aa86267cb8/execute/sync HTTP/1.1" 200 0
2026-08-24 15:38:33 - selenium.webdriver.remote.remote_connection - DEBUG - Remote response: status=200 | data={"value":false} | headers=HTTPHeaderDict({'Content-Length': '15', 'Content-Type': 'application/json; charset=utf-8', 'cache-control': 'no-cache'})
2026-08-24 15:38:33 - selenium.webdriver.remote.remote_connection - DEBUG - Finished Request
2026-08-24 15:38:33 - selenium.webdriver.remote.remote_connection - DEBUG - POST http://localhost:59873/session/7ea3109d76211e5fd552f4aa86267cb8/execute/sync {'script': "return document.querySelectorAll('[data-rpa-tag-id]').length > 0", 'args': []}
2026-08-24 15:38:33 - urllib3.connectionpool - DEBUG - http://localhost:59873 "POST /session/7ea3109d76211e5fd552f4aa86267cb8/execute/sync HTTP/1.1" 200 0
2026-08-24 15:38:33 - selenium.webdriver.remote.remote_connection - DEBUG - Remote response: status=200 | data={"value":false} | headers=HTTPHeaderDict({'Content-Length': '15', 'Content-Type': 'application/json; charset=utf-8', 'cache-control': 'no-cache'})
2026-08-24 15:38:33 - selenium.webdriver.remote.remote_connection - DEBUG - Finished Request
2026-08-24 15:38:34 - selenium.webdriver.remote.remote_connection - DEBUG - POST http://localhost:59873/session/7ea3109d76211e5fd552f4aa86267cb8/execute/sync {'script': "return document.querySelectorAll('[data-rpa-tag-id]').length > 0", 'args': []}
2026-08-24 15:38:34 - urllib3.connectionpool - DEBUG - http://localhost:59873 "POST /session/7ea3109d76211e5fd552f4aa86267cb8/execute/sync HTTP/1.1" 200 0
2026-08-24 15:38:34 - selenium.webdriver.remote.remote_connection - DEBUG - Remote response: status=200 | data={"value":false} | headers=HTTPHeaderDict({'Content-Length': '15', 'Content-Type': 'application/json; charset=utf-8', 'cache-control': 'no-cache'})
2026-08-24 15:38:34 - selenium.webdriver.remote.remote_connection - DEBUG - Finished Request
2026-08-24 15:38:34 - selenium.webdriver.remote.remote_connection - DEBUG - POST http://localhost:59873/session/7ea3109d76211e5fd552f4aa86267cb8/execute/sync {'script': "return document.querySelectorAll('[data-rpa-tag-id]').length > 0", 'args': []}
2026-08-24 15:38:34 - urllib3.connectionpool - DEBUG - http://localhost:59873 "POST /session/7ea3109d76211e5fd552f4aa86267cb8/execute/sync HTTP/1.1" 200 0
2026-08-24 15:38:34 - selenium.webdriver.remote.remote_connection - DEBUG - Remote response: status=200 | data={"value":false} | headers=HTTPHeaderDict({'Content-Length': '15', 'Content-Type': 'application/json; charset=utf-8', 'cache-control': 'no-cache'})
2026-08-24 15:38:34 - selenium.webdriver.remote.remote_connection - DEBUG - Finished Request
2026-08-24 15:38:35 - selenium.webdriver.remote.remote_connection - DEBUG - POST http://localhost:59873/session/7ea3109d76211e5fd552f4aa86267cb8/execute/sync {'script': "return document.querySelectorAll('[data-rpa-tag-id]').length > 0", 'args': []}
2026-08-24 15:38:35 - urllib3.connectionpool - DEBUG - http://localhost:59873 "POST /session/7ea3109d76211e5fd552f4aa86267cb8/execute/sync HTTP/1.1" 200 0
2026-08-24 15:38:35 - selenium.webdriver.remote.remote_connection - DEBUG - Remote response: status=200 | data={"value":false} | headers=HTTPHeaderDict({'Content-Length': '15', 'Content-Type': 'application/json; charset=utf-8', 'cache-control': 'no-cache'})
2026-08-24 15:38:35 - selenium.webdriver.remote.remote_connection - DEBUG - Finished Request
2026-08-24 15:38:35 - selenium.webdriver.remote.remote_connection - DEBUG - POST http://localhost:59873/session/7ea3109d76211e5fd552f4aa86267cb8/execute/sync {'script': "return document.querySelectorAll('[data-rpa-tag-id]').length > 0", 'args': []}
2026-08-24 15:38:35 - urllib3.connectionpool - DEBUG - http://localhost:59873 "POST /session/7ea3109d76211e5fd552f4aa86267cb8/execute/sync HTTP/1.1" 200 0
2026-08-24 15:38:35 - selenium.webdriver.remote.remote_connection - DEBUG - Remote response: status=200 | data={"value":false} | headers=HTTPHeaderDict({'Content-Length': '15', 'Content-Type': 'application/json; charset=utf-8', 'cache-control': 'no-cache'})
2026-08-24 15:38:35 - selenium.webdriver.remote.remote_connection - DEBUG - Finished Request
2026-08-24 15:38:36 - selenium.webdriver.remote.remote_connection - DEBUG - POST http://localhost:59873/session/7ea3109d76211e5fd552f4aa86267cb8/execute/sync {'script': "return document.querySelectorAll('[data-rpa-tag-id]').length > 0", 'args': []}
2026-08-24 15:38:36 - urllib3.connectionpool - DEBUG - http://localhost:59873 "POST /session/7ea3109d76211e5fd552f4aa86267cb8/execute/sync HTTP/1.1" 200 0
2026-08-24 15:38:36 - selenium.webdriver.remote.remote_connection - DEBUG - Remote response: status=200 | data={"value":false} | headers=HTTPHeaderDict({'Content-Length': '15', 'Content-Type': 'application/json; charset=utf-8', 'cache-control': 'no-cache'})
2026-08-24 15:38:36 - selenium.webdriver.remote.remote_connection - DEBUG - Finished Request
2026-08-24 15:38:36 - selenium.webdriver.remote.remote_connection - DEBUG - POST http://localhost:59873/session/7ea3109d76211e5fd552f4aa86267cb8/execute/sync {'script': "return document.querySelectorAll('[data-rpa-tag-id]').length > 0", 'args': []}
2026-08-24 15:38:36 - urllib3.connectionpool - DEBUG - http://localhost:59873 "POST /session/7ea3109d76211e5fd552f4aa86267cb8/execute/sync HTTP/1.1" 200 0
2026-08-24 15:38:36 - selenium.webdriver.remote.remote_connection - DEBUG - Remote response: status=200 | data={"value":false} | headers=HTTPHeaderDict({'Content-Length': '15', 'Content-Type': 'application/json; charset=utf-8', 'cache-control': 'no-cache'})
2026-08-24 15:38:36 - selenium.webdriver.remote.remote_connection - DEBUG - Finished Request
2026-08-24 15:38:37 - selenium.webdriver.remote.remote_connection - DEBUG - POST http://localhost:59873/session/7ea3109d76211e5fd552f4aa86267cb8/execute/sync {'script': "return document.querySelectorAll('[data-rpa-tag-id]').length > 0", 'args': []}
2026-08-24 15:38:37 - urllib3.connectionpool - DEBUG - http://localhost:59873 "POST /session/7ea3109d76211e5fd552f4aa86267cb8/execute/sync HTTP/1.1" 200 0
2026-08-24 15:38:37 - selenium.webdriver.remote.remote_connection - DEBUG - Remote response: status=200 | data={"value":false} | headers=HTTPHeaderDict({'Content-Length': '15', 'Content-Type': 'application/json; charset=utf-8', 'cache-control': 'no-cache'})
2026-08-24 15:38:37 - selenium.webdriver.remote.remote_connection - DEBUG - Finished Request
2026-08-24 15:38:37 - selenium.webdriver.remote.remote_connection - DEBUG - POST http://localhost:59873/session/7ea3109d76211e5fd552f4aa86267cb8/execute/sync {'script': "return document.querySelectorAll('[data-rpa-tag-id]').length > 0", 'args': []}
2026-08-24 15:38:37 - urllib3.connectionpool - DEBUG - http://localhost:59873 "POST /session/7ea3109d76211e5fd552f4aa86267cb8/execute/sync HTTP/1.1" 200 0
2026-08-24 15:38:37 - selenium.webdriver.remote.remote_connection - DEBUG - Remote response: status=200 | data={"value":false} | headers=HTTPHeaderDict({'Content-Length': '15', 'Content-Type': 'application/json; charset=utf-8', 'cache-control': 'no-cache'})
2026-08-24 15:38:37 - selenium.webdriver.remote.remote_connection - DEBUG - Finished Request
2026-08-24 15:38:38 - selenium.webdriver.remote.remote_connection - DEBUG - POST http://localhost:59873/session/7ea3109d76211e5fd552f4aa86267cb8/execute/sync {'script': "return document.querySelectorAll('[data-rpa-tag-id]').length > 0", 'args': []}
2026-08-24 15:38:38 - urllib3.connectionpool - DEBUG - http://localhost:59873 "POST /session/7ea3109d76211e5fd552f4aa86267cb8/execute/sync HTTP/1.1" 200 0
2026-08-24 15:38:38 - selenium.webdriver.remote.remote_connection - DEBUG - Remote response: status=200 | data={"value":false} | headers=HTTPHeaderDict({'Content-Length': '15', 'Content-Type': 'application/json; charset=utf-8', 'cache-control': 'no-cache'})
2026-08-24 15:38:38 - selenium.webdriver.remote.remote_connection - DEBUG - Finished Request
2026-08-24 15:38:38 - selenium.webdriver.remote.remote_connection - DEBUG - POST http://localhost:59873/session/7ea3109d76211e5fd552f4aa86267cb8/execute/sync {'script': "return document.querySelectorAll('[data-rpa-tag-id]').length > 0", 'args': []}
2026-08-24 15:38:38 - urllib3.connectionpool - DEBUG - http://localhost:59873 "POST /session/7ea3109d76211e5fd552f4aa86267cb8/execute/sync HTTP/1.1" 200 0
2026-08-24 15:38:38 - selenium.webdriver.remote.remote_connection - DEBUG - Remote response: status=200 | data={"value":false} | headers=HTTPHeaderDict({'Content-Length': '15', 'Content-Type': 'application/json; charset=utf-8', 'cache-control': 'no-cache'})
2026-08-24 15:38:38 - selenium.webdriver.remote.remote_connection - DEBUG - Finished Request
2026-08-24 15:38:39 - selenium.webdriver.remote.remote_connection - DEBUG - POST http://localhost:59873/session/7ea3109d76211e5fd552f4aa86267cb8/execute/sync {'script': "return document.querySelectorAll('[data-rpa-tag-id]').length > 0", 'args': []}
2026-08-24 15:38:39 - urllib3.connectionpool - DEBUG - http://localhost:59873 "POST /session/7ea3109d76211e5fd552f4aa86267cb8/execute/sync HTTP/1.1" 200 0
2026-08-24 15:38:39 - selenium.webdriver.remote.remote_connection - DEBUG - Remote response: status=200 | data={"value":false} | headers=HTTPHeaderDict({'Content-Length': '15', 'Content-Type': 'application/json; charset=utf-8', 'cache-control': 'no-cache'})
2026-08-24 15:38:39 - selenium.webdriver.remote.remote_connection - DEBUG - Finished Request
2026-08-24 15:38:39 - selenium.webdriver.remote.remote_connection - DEBUG - POST http://localhost:59873/session/7ea3109d76211e5fd552f4aa86267cb8/execute/sync {'script': "return document.querySelectorAll('[data-rpa-tag-id]').length > 0", 'args': []}
2026-08-24 15:38:40 - urllib3.connectionpool - DEBUG - http://localhost:59873 "POST /session/7ea3109d76211e5fd552f4aa86267cb8/execute/sync HTTP/1.1" 200 0
2026-08-24 15:38:40 - selenium.webdriver.remote.remote_connection - DEBUG - Remote response: status=200 | data={"value":false} | headers=HTTPHeaderDict({'Content-Length': '15', 'Content-Type': 'application/json; charset=utf-8', 'cache-control': 'no-cache'})
2026-08-24 15:38:40 - selenium.webdriver.remote.remote_connection - DEBUG - Finished Request
2026-08-24 15:38:40 - selenium.webdriver.remote.remote_connection - DEBUG - POST http://localhost:59873/session/7ea3109d76211e5fd552f4aa86267cb8/execute/sync {'script': "return document.querySelectorAll('[data-rpa-tag-id]').length > 0", 'args': []}
2026-08-24 15:38:40 - urllib3.connectionpool - DEBUG - http://localhost:59873 "POST /session/7ea3109d76211e5fd552f4aa86267cb8/execute/sync HTTP/1.1" 200 0
2026-08-24 15:38:40 - selenium.webdriver.remote.remote_connection - DEBUG - Remote response: status=200 | data={"value":false} | headers=HTTPHeaderDict({'Content-Length': '15', 'Content-Type': 'application/json; charset=utf-8', 'cache-control': 'no-cache'})
2026-08-24 15:38:40 - selenium.webdriver.remote.remote_connection - DEBUG - Finished Request
2026-08-24 15:38:41 - selenium.webdriver.remote.remote_connection - DEBUG - POST http://localhost:59873/session/7ea3109d76211e5fd552f4aa86267cb8/execute/sync {'script': "return document.querySelectorAll('[data-rpa-tag-id]').length > 0", 'args': []}
2026-08-24 15:38:41 - urllib3.connectionpool - DEBUG - http://localhost:59873 "POST /session/7ea3109d76211e5fd552f4aa86267cb8/execute/sync HTTP/1.1" 200 0
2026-08-24 15:38:41 - selenium.webdriver.remote.remote_connection - DEBUG - Remote response: status=200 | data={"value":false} | headers=HTTPHeaderDict({'Content-Length': '15', 'Content-Type': 'application/json; charset=utf-8', 'cache-control': 'no-cache'})
2026-08-24 15:38:41 - selenium.webdriver.remote.remote_connection - DEBUG - Finished Request
2026-08-24 15:38:41 - selenium.webdriver.remote.remote_connection - DEBUG - POST http://localhost:59873/session/7ea3109d76211e5fd552f4aa86267cb8/execute/sync {'script': "return document.querySelectorAll('[data-rpa-tag-id]').length > 0", 'args': []}
2026-08-24 15:38:41 - urllib3.connectionpool - DEBUG - http://localhost:59873 "POST /session/7ea3109d76211e5fd552f4aa86267cb8/execute/sync HTTP/1.1" 200 0
2026-08-24 15:38:41 - selenium.webdriver.remote.remote_connection - DEBUG - Remote response: status=200 | data={"value":false} | headers=HTTPHeaderDict({'Content-Length': '15', 'Content-Type': 'application/json; charset=utf-8', 'cache-control': 'no-cache'})
2026-08-24 15:38:41 - selenium.webdriver.remote.remote_connection - DEBUG - Finished Request
2026-08-24 15:38:42 - selenium.webdriver.remote.remote_connection - DEBUG - POST http://localhost:59873/session/7ea3109d76211e5fd552f4aa86267cb8/execute/sync {'script': "return document.querySelectorAll('[data-rpa-tag-id]').length > 0", 'args': []}
2026-08-24 15:38:42 - urllib3.connectionpool - DEBUG - http://localhost:59873 "POST /session/7ea3109d76211e5fd552f4aa86267cb8/execute/sync HTTP/1.1" 200 0
2026-08-24 15:38:42 - selenium.webdriver.remote.remote_connection - DEBUG - Remote response: status=200 | data={"value":false} | headers=HTTPHeaderDict({'Content-Length': '15', 'Content-Type': 'application/json; charset=utf-8', 'cache-control': 'no-cache'})
2026-08-24 15:38:42 - selenium.webdriver.remote.remote_connection - DEBUG - Finished Request
2026-08-24 15:38:42 - selenium.webdriver.remote.remote_connection - DEBUG - POST http://localhost:59873/session/7ea3109d76211e5fd552f4aa86267cb8/execute/sync {'script': "return document.querySelectorAll('[data-rpa-tag-id]').length > 0", 'args': []}
2026-08-24 15:38:42 - urllib3.connectionpool - DEBUG - http://localhost:59873 "POST /session/7ea3109d76211e5fd552f4aa86267cb8/execute/sync HTTP/1.1" 200 0
2026-08-24 15:38:42 - selenium.webdriver.remote.remote_connection - DEBUG - Remote response: status=200 | data={"value":false} | headers=HTTPHeaderDict({'Content-Length': '15', 'Content-Type': 'application/json; charset=utf-8', 'cache-control': 'no-cache'})
2026-08-24 15:38:42 - selenium.webdriver.remote.remote_connection - DEBUG - Finished Request
2026-08-24 15:38:43 - selenium.webdriver.remote.remote_connection - DEBUG - POST http://localhost:59873/session/7ea3109d76211e5fd552f4aa86267cb8/execute/sync {'script': "return document.querySelectorAll('[data-rpa-tag-id]').length > 0", 'args': []}
2026-08-24 15:38:43 - urllib3.connectionpool - DEBUG - http://localhost:59873 "POST /session/7ea3109d76211e5fd552f4aa86267cb8/execute/sync HTTP/1.1" 200 0
2026-08-24 15:38:43 - selenium.webdriver.remote.remote_connection - DEBUG - Remote response: status=200 | data={"value":false} | headers=HTTPHeaderDict({'Content-Length': '15', 'Content-Type': 'application/json; charset=utf-8', 'cache-control': 'no-cache'})
2026-08-24 15:38:43 - selenium.webdriver.remote.remote_connection - DEBUG - Finished Request
2026-08-24 15:38:43 - selenium.webdriver.remote.remote_connection - DEBUG - POST http://localhost:59873/session/7ea3109d76211e5fd552f4aa86267cb8/execute/sync {'script': "return document.querySelectorAll('[data-rpa-tag-id]').length > 0", 'args': []}
2026-08-24 15:38:43 - urllib3.connectionpool - DEBUG - http://localhost:59873 "POST /session/7ea3109d76211e5fd552f4aa86267cb8/execute/sync HTTP/1.1" 200 0
2026-08-24 15:38:43 - selenium.webdriver.remote.remote_connection - DEBUG - Remote response: status=200 | data={"value":false} | headers=HTTPHeaderDict({'Content-Length': '15', 'Content-Type': 'application/json; charset=utf-8', 'cache-control': 'no-cache'})
2026-08-24 15:38:43 - selenium.webdriver.remote.remote_connection - DEBUG - Finished Request
2026-08-24 15:38:44 - selenium.webdriver.remote.remote_connection - DEBUG - POST http://localhost:59873/session/7ea3109d76211e5fd552f4aa86267cb8/execute/sync {'script': "return document.querySelectorAll('[data-rpa-tag-id]').length > 0", 'args': []}
2026-08-24 15:38:44 - urllib3.connectionpool - DEBUG - http://localhost:59873 "POST /session/7ea3109d76211e5fd552f4aa86267cb8/execute/sync HTTP/1.1" 200 0
2026-08-24 15:38:44 - selenium.webdriver.remote.remote_connection - DEBUG - Remote response: status=200 | data={"value":false} | headers=HTTPHeaderDict({'Content-Length': '15', 'Content-Type': 'application/json; charset=utf-8', 'cache-control': 'no-cache'})
2026-08-24 15:38:44 - selenium.webdriver.remote.remote_connection - DEBUG - Finished Request
2026-08-24 15:38:44 - selenium.webdriver.remote.remote_connection - DEBUG - POST http://localhost:59873/session/7ea3109d76211e5fd552f4aa86267cb8/execute/sync {'script': "return document.querySelectorAll('[data-rpa-tag-id]').length > 0", 'args': []}
2026-08-24 15:38:44 - urllib3.connectionpool - DEBUG - http://localhost:59873 "POST /session/7ea3109d76211e5fd552f4aa86267cb8/execute/sync HTTP/1.1" 200 0
2026-08-24 15:38:44 - selenium.webdriver.remote.remote_connection - DEBUG - Remote response: status=200 | data={"value":false} | headers=HTTPHeaderDict({'Content-Length': '15', 'Content-Type': 'application/json; charset=utf-8', 'cache-control': 'no-cache'})
2026-08-24 15:38:44 - selenium.webdriver.remote.remote_connection - DEBUG - Finished Request
2026-08-24 15:38:45 - selenium.webdriver.remote.remote_connection - DEBUG - POST http://localhost:59873/session/7ea3109d76211e5fd552f4aa86267cb8/execute/sync {'script': "return document.querySelectorAll('[data-rpa-tag-id]').length > 0", 'args': []}
2026-08-24 15:38:45 - urllib3.connectionpool - DEBUG - http://localhost:59873 "POST /session/7ea3109d76211e5fd552f4aa86267cb8/execute/sync HTTP/1.1" 200 0
2026-08-24 15:38:45 - selenium.webdriver.remote.remote_connection - DEBUG - Remote response: status=200 | data={"value":false} | headers=HTTPHeaderDict({'Content-Length': '15', 'Content-Type': 'application/json; charset=utf-8', 'cache-control': 'no-cache'})
2026-08-24 15:38:45 - selenium.webdriver.remote.remote_connection - DEBUG - Finished Request
2026-08-24 15:38:45 - scraper - WARNING - Angular did not bootstrap within 30s — will refresh
2026-08-24 15:38:45 - scraper - INFO - Angular stalled — refreshing page (bundle now cached)
2026-08-24 15:38:45 - selenium.webdriver.remote.remote_connection - DEBUG - POST http://localhost:59873/session/7ea3109d76211e5fd552f4aa86267cb8/refresh {}
2026-08-24 15:38:49 - urllib3.connectionpool - DEBUG - http://localhost:59873 "POST /session/7ea3109d76211e5fd552f4aa86267cb8/refresh HTTP/1.1" 200 0
2026-08-24 15:38:49 - selenium.webdriver.remote.remote_connection - DEBUG - Remote response: status=200 | data={"value":null} | headers=HTTPHeaderDict({'Content-Length': '14', 'Content-Type': 'application/json; charset=utf-8', 'cache-control': 'no-cache'})
2026-08-24 15:38:49 - selenium.webdriver.remote.remote_connection - DEBUG - Finished Request
2026-08-24 15:38:49 - selenium.webdriver.remote.remote_connection - DEBUG - POST http://localhost:59873/session/7ea3109d76211e5fd552f4aa86267cb8/execute/sync {'script': "\n                var candidates = [\n                    document.querySelector('#onetrust-accept-btn...", 'args': []}
2026-08-24 15:38:49 - urllib3.connectionpool - DEBUG - http://localhost:59873 "POST /session/7ea3109d76211e5fd552f4aa86267cb8/execute/sync HTTP/1.1" 200 0
2026-08-24 15:38:49 - selenium.webdriver.remote.remote_connection - DEBUG - Remote response: status=200 | data={"value":null} | headers=HTTPHeaderDict({'Content-Length': '14', 'Content-Type': 'application/json; charset=utf-8', 'cache-control': 'no-cache'})
2026-08-24 15:38:49 - selenium.webdriver.remote.remote_connection - DEBUG - Finished Request
2026-08-24 15:38:49 - selenium.webdriver.remote.remote_connection - DEBUG - POST http://localhost:59873/session/7ea3109d76211e5fd552f4aa86267cb8/execute/sync {'script': "return document.querySelectorAll('[data-rpa-tag-id]').length > 0", 'args': []}
2026-08-24 15:38:49 - urllib3.connectionpool - DEBUG - http://localhost:59873 "POST /session/7ea3109d76211e5fd552f4aa86267cb8/execute/sync HTTP/1.1" 200 0
2026-08-24 15:38:49 - selenium.webdriver.remote.remote_connection - DEBUG - Remote response: status=200 | data={"value":false} | headers=HTTPHeaderDict({'Content-Length': '15', 'Content-Type': 'application/json; charset=utf-8', 'cache-control': 'no-cache'})
2026-08-24 15:38:49 - selenium.webdriver.remote.remote_connection - DEBUG - Finished Request
2026-08-24 15:38:50 - selenium.webdriver.remote.remote_connection - DEBUG - POST http://localhost:59873/session/7ea3109d76211e5fd552f4aa86267cb8/execute/sync {'script': "return document.querySelectorAll('[data-rpa-tag-id]').length > 0", 'args': []}
2026-08-24 15:38:51 - urllib3.connectionpool - DEBUG - http://localhost:59873 "POST /session/7ea3109d76211e5fd552f4aa86267cb8/execute/sync HTTP/1.1" 200 0
2026-08-24 15:38:51 - selenium.webdriver.remote.remote_connection - DEBUG - Remote response: status=200 | data={"value":false} | headers=HTTPHeaderDict({'Content-Length': '15', 'Content-Type': 'application/json; charset=utf-8', 'cache-control': 'no-cache'})
2026-08-24 15:38:51 - selenium.webdriver.remote.remote_connection - DEBUG - Finished Request
2026-08-24 15:38:51 - selenium.webdriver.remote.remote_connection - DEBUG - POST http://localhost:59873/session/7ea3109d76211e5fd552f4aa86267cb8/execute/sync {'script': "return document.querySelectorAll('[data-rpa-tag-id]').length > 0", 'args': []}
2026-08-24 15:38:51 - urllib3.connectionpool - DEBUG - http://localhost:59873 "POST /session/7ea3109d76211e5fd552f4aa86267cb8/execute/sync HTTP/1.1" 200 0
2026-08-24 15:38:51 - selenium.webdriver.remote.remote_connection - DEBUG - Remote response: status=200 | data={"value":false} | headers=HTTPHeaderDict({'Content-Length': '15', 'Content-Type': 'application/json; charset=utf-8', 'cache-control': 'no-cache'})
2026-08-24 15:38:51 - selenium.webdriver.remote.remote_connection - DEBUG - Finished Request
2026-08-24 15:38:52 - selenium.webdriver.remote.remote_connection - DEBUG - POST http://localhost:59873/session/7ea3109d76211e5fd552f4aa86267cb8/execute/sync {'script': "return document.querySelectorAll('[data-rpa-tag-id]').length > 0", 'args': []}
2026-08-24 15:38:52 - urllib3.connectionpool - DEBUG - http://localhost:59873 "POST /session/7ea3109d76211e5fd552f4aa86267cb8/execute/sync HTTP/1.1" 200 0
2026-08-24 15:38:52 - selenium.webdriver.remote.remote_connection - DEBUG - Remote response: status=200 | data={"value":false} | headers=HTTPHeaderDict({'Content-Length': '15', 'Content-Type': 'application/json; charset=utf-8', 'cache-control': 'no-cache'})
2026-08-24 15:38:52 - selenium.webdriver.remote.remote_connection - DEBUG - Finished Request
2026-08-24 15:38:52 - selenium.webdriver.remote.remote_connection - DEBUG - POST http://localhost:59873/session/7ea3109d76211e5fd552f4aa86267cb8/execute/sync {'script': "return document.querySelectorAll('[data-rpa-tag-id]').length > 0", 'args': []}
2026-08-24 15:38:52 - urllib3.connectionpool - DEBUG - http://localhost:59873 "POST /session/7ea3109d76211e5fd552f4aa86267cb8/execute/sync HTTP/1.1" 200 0
2026-08-24 15:38:52 - selenium.webdriver.remote.remote_connection - DEBUG - Remote response: status=200 | data={"value":false} | headers=HTTPHeaderDict({'Content-Length': '15', 'Content-Type': 'application/json; charset=utf-8', 'cache-control': 'no-cache'})
2026-08-24 15:38:52 - selenium.webdriver.remote.remote_connection - DEBUG - Finished Request
2026-08-24 15:38:53 - selenium.webdriver.remote.remote_connection - DEBUG - POST http://localhost:59873/session/7ea3109d76211e5fd552f4aa86267cb8/execute/sync {'script': "return document.querySelectorAll('[data-rpa-tag-id]').length > 0", 'args': []}
2026-08-24 15:38:53 - urllib3.connectionpool - DEBUG - http://localhost:59873 "POST /session/7ea3109d76211e5fd552f4aa86267cb8/execute/sync HTTP/1.1" 200 0
2026-08-24 15:38:53 - selenium.webdriver.remote.remote_connection - DEBUG - Remote response: status=200 | data={"value":false} | headers=HTTPHeaderDict({'Content-Length': '15', 'Content-Type': 'application/json; charset=utf-8', 'cache-control': 'no-cache'})
2026-08-24 15:38:53 - selenium.webdriver.remote.remote_connection - DEBUG - Finished Request
2026-08-24 15:38:53 - selenium.webdriver.remote.remote_connection - DEBUG - POST http://localhost:59873/session/7ea3109d76211e5fd552f4aa86267cb8/execute/sync {'script': "return document.querySelectorAll('[data-rpa-tag-id]').length > 0", 'args': []}
2026-08-24 15:38:53 - urllib3.connectionpool - DEBUG - http://localhost:59873 "POST /session/7ea3109d76211e5fd552f4aa86267cb8/execute/sync HTTP/1.1" 200 0
2026-08-24 15:38:53 - selenium.webdriver.remote.remote_connection - DEBUG - Remote response: status=200 | data={"value":false} | headers=HTTPHeaderDict({'Content-Length': '15', 'Content-Type': 'application/json; charset=utf-8', 'cache-control': 'no-cache'})
2026-08-24 15:38:53 - selenium.webdriver.remote.remote_connection - DEBUG - Finished Request
2026-08-24 15:38:54 - selenium.webdriver.remote.remote_connection - DEBUG - POST http://localhost:59873/session/7ea3109d76211e5fd552f4aa86267cb8/execute/sync {'script': "return document.querySelectorAll('[data-rpa-tag-id]').length > 0", 'args': []}
2026-08-24 15:38:54 - urllib3.connectionpool - DEBUG - http://localhost:59873 "POST /session/7ea3109d76211e5fd552f4aa86267cb8/execute/sync HTTP/1.1" 200 0
2026-08-24 15:38:54 - selenium.webdriver.remote.remote_connection - DEBUG - Remote response: status=200 | data={"value":false} | headers=HTTPHeaderDict({'Content-Length': '15', 'Content-Type': 'application/json; charset=utf-8', 'cache-control': 'no-cache'})
2026-08-24 15:38:54 - selenium.webdriver.remote.remote_connection - DEBUG - Finished Request
2026-08-24 15:38:54 - selenium.webdriver.remote.remote_connection - DEBUG - POST http://localhost:59873/session/7ea3109d76211e5fd552f4aa86267cb8/execute/sync {'script': "return document.querySelectorAll('[data-rpa-tag-id]').length > 0", 'args': []}
2026-08-24 15:38:54 - urllib3.connectionpool - DEBUG - http://localhost:59873 "POST /session/7ea3109d76211e5fd552f4aa86267cb8/execute/sync HTTP/1.1" 200 0
2026-08-24 15:38:54 - selenium.webdriver.remote.remote_connection - DEBUG - Remote response: status=200 | data={"value":false} | headers=HTTPHeaderDict({'Content-Length': '15', 'Content-Type': 'application/json; charset=utf-8', 'cache-control': 'no-cache'})
2026-08-24 15:38:54 - selenium.webdriver.remote.remote_connection - DEBUG - Finished Request
2026-08-24 15:38:55 - selenium.webdriver.remote.remote_connection - DEBUG - POST http://localhost:59873/session/7ea3109d76211e5fd552f4aa86267cb8/execute/sync {'script': "return document.querySelectorAll('[data-rpa-tag-id]').length > 0", 'args': []}
2026-08-24 15:38:55 - urllib3.connectionpool - DEBUG - http://localhost:59873 "POST /session/7ea3109d76211e5fd552f4aa86267cb8/execute/sync HTTP/1.1" 200 0
2026-08-24 15:38:55 - selenium.webdriver.remote.remote_connection - DEBUG - Remote response: status=200 | data={"value":false} | headers=HTTPHeaderDict({'Content-Length': '15', 'Content-Type': 'application/json; charset=utf-8', 'cache-control': 'no-cache'})
2026-08-24 15:38:55 - selenium.webdriver.remote.remote_connection - DEBUG - Finished Request
2026-08-24 15:38:55 - selenium.webdriver.remote.remote_connection - DEBUG - POST http://localhost:59873/session/7ea3109d76211e5fd552f4aa86267cb8/execute/sync {'script': "return document.querySelectorAll('[data-rpa-tag-id]').length > 0", 'args': []}
2026-08-24 15:38:55 - urllib3.connectionpool - DEBUG - http://localhost:59873 "POST /session/7ea3109d76211e5fd552f4aa86267cb8/execute/sync HTTP/1.1" 200 0
2026-08-24 15:38:55 - selenium.webdriver.remote.remote_connection - DEBUG - Remote response: status=200 | data={"value":false} | headers=HTTPHeaderDict({'Content-Length': '15', 'Content-Type': 'application/json; charset=utf-8', 'cache-control': 'no-cache'})
2026-08-24 15:38:55 - selenium.webdriver.remote.remote_connection - DEBUG - Finished Request
2026-08-24 15:38:56 - selenium.webdriver.remote.remote_connection - DEBUG - POST http://localhost:59873/session/7ea3109d76211e5fd552f4aa86267cb8/execute/sync {'script': "return document.querySelectorAll('[data-rpa-tag-id]').length > 0", 'args': []}
2026-08-24 15:38:56 - urllib3.connectionpool - DEBUG - http://localhost:59873 "POST /session/7ea3109d76211e5fd552f4aa86267cb8/execute/sync HTTP/1.1" 200 0
2026-08-24 15:38:56 - selenium.webdriver.remote.remote_connection - DEBUG - Remote response: status=200 | data={"value":false} | headers=HTTPHeaderDict({'Content-Length': '15', 'Content-Type': 'application/json; charset=utf-8', 'cache-control': 'no-cache'})
2026-08-24 15:38:56 - selenium.webdriver.remote.remote_connection - DEBUG - Finished Request
2026-08-24 15:38:57 - selenium.webdriver.remote.remote_connection - DEBUG - POST http://localhost:59873/session/7ea3109d76211e5fd552f4aa86267cb8/execute/sync {'script': "return document.querySelectorAll('[data-rpa-tag-id]').length > 0", 'args': []}
2026-08-24 15:38:57 - urllib3.connectionpool - DEBUG - http://localhost:59873 "POST /session/7ea3109d76211e5fd552f4aa86267cb8/execute/sync HTTP/1.1" 200 0
2026-08-24 15:38:57 - selenium.webdriver.remote.remote_connection - DEBUG - Remote response: status=200 | data={"value":false} | headers=HTTPHeaderDict({'Content-Length': '15', 'Content-Type': 'application/json; charset=utf-8', 'cache-control': 'no-cache'})
2026-08-24 15:38:57 - selenium.webdriver.remote.remote_connection - DEBUG - Finished Request
2026-08-24 15:38:57 - selenium.webdriver.remote.remote_connection - DEBUG - POST http://localhost:59873/session/7ea3109d76211e5fd552f4aa86267cb8/execute/sync {'script': "return document.querySelectorAll('[data-rpa-tag-id]').length > 0", 'args': []}
2026-08-24 15:38:57 - urllib3.connectionpool - DEBUG - http://localhost:59873 "POST /session/7ea3109d76211e5fd552f4aa86267cb8/execute/sync HTTP/1.1" 200 0
2026-08-24 15:38:57 - selenium.webdriver.remote.remote_connection - DEBUG - Remote response: status=200 | data={"value":false} | headers=HTTPHeaderDict({'Content-Length': '15', 'Content-Type': 'application/json; charset=utf-8', 'cache-control': 'no-cache'})
2026-08-24 15:38:57 - selenium.webdriver.remote.remote_connection - DEBUG - Finished Request
2026-08-24 15:38:58 - selenium.webdriver.remote.remote_connection - DEBUG - POST http://localhost:59873/session/7ea3109d76211e5fd552f4aa86267cb8/execute/sync {'script': "return document.querySelectorAll('[data-rpa-tag-id]').length > 0", 'args': []}
2026-08-24 15:38:58 - urllib3.connectionpool - DEBUG - http://localhost:59873 "POST /session/7ea3109d76211e5fd552f4aa86267cb8/execute/sync HTTP/1.1" 200 0
2026-08-24 15:38:58 - selenium.webdriver.remote.remote_connection - DEBUG - Remote response: status=200 | data={"value":false} | headers=HTTPHeaderDict({'Content-Length': '15', 'Content-Type': 'application/json; charset=utf-8', 'cache-control': 'no-cache'})
2026-08-24 15:38:58 - selenium.webdriver.remote.remote_connection - DEBUG - Finished Request
2026-08-24 15:38:58 - selenium.webdriver.remote.remote_connection - DEBUG - POST http://localhost:59873/session/7ea3109d76211e5fd552f4aa86267cb8/execute/sync {'script': "return document.querySelectorAll('[data-rpa-tag-id]').length > 0", 'args': []}
2026-08-24 15:38:58 - urllib3.connectionpool - DEBUG - http://localhost:59873 "POST /session/7ea3109d76211e5fd552f4aa86267cb8/execute/sync HTTP/1.1" 200 0
2026-08-24 15:38:58 - selenium.webdriver.remote.remote_connection - DEBUG - Remote response: status=200 | data={"value":false} | headers=HTTPHeaderDict({'Content-Length': '15', 'Content-Type': 'application/json; charset=utf-8', 'cache-control': 'no-cache'})
2026-08-24 15:38:58 - selenium.webdriver.remote.remote_connection - DEBUG - Finished Request
2026-08-24 15:38:59 - selenium.webdriver.remote.remote_connection - DEBUG - POST http://localhost:59873/session/7ea3109d76211e5fd552f4aa86267cb8/execute/sync {'script': "return document.querySelectorAll('[data-rpa-tag-id]').length > 0", 'args': []}
2026-08-24 15:38:59 - urllib3.connectionpool - DEBUG - http://localhost:59873 "POST /session/7ea3109d76211e5fd552f4aa86267cb8/execute/sync HTTP/1.1" 200 0
2026-08-24 15:38:59 - selenium.webdriver.remote.remote_connection - DEBUG - Remote response: status=200 | data={"value":false} | headers=HTTPHeaderDict({'Content-Length': '15', 'Content-Type': 'application/json; charset=utf-8', 'cache-control': 'no-cache'})
2026-08-24 15:38:59 - selenium.webdriver.remote.remote_connection - DEBUG - Finished Request
2026-08-24 15:38:59 - selenium.webdriver.remote.remote_connection - DEBUG - POST http://localhost:59873/session/7ea3109d76211e5fd552f4aa86267cb8/execute/sync {'script': "return document.querySelectorAll('[data-rpa-tag-id]').length > 0", 'args': []}
2026-08-24 15:38:59 - urllib3.connectionpool - DEBUG - http://localhost:59873 "POST /session/7ea3109d76211e5fd552f4aa86267cb8/execute/sync HTTP/1.1" 200 0
2026-08-24 15:38:59 - selenium.webdriver.remote.remote_connection - DEBUG - Remote response: status=200 | data={"value":false} | headers=HTTPHeaderDict({'Content-Length': '15', 'Content-Type': 'application/json; charset=utf-8', 'cache-control': 'no-cache'})
2026-08-24 15:38:59 - selenium.webdriver.remote.remote_connection - DEBUG - Finished Request
2026-08-24 15:39:00 - selenium.webdriver.remote.remote_connection - DEBUG - POST http://localhost:59873/session/7ea3109d76211e5fd552f4aa86267cb8/execute/sync {'script': "return document.querySelectorAll('[data-rpa-tag-id]').length > 0", 'args': []}
2026-08-24 15:39:00 - urllib3.connectionpool - DEBUG - http://localhost:59873 "POST /session/7ea3109d76211e5fd552f4aa86267cb8/execute/sync HTTP/1.1" 200 0
2026-08-24 15:39:00 - selenium.webdriver.remote.remote_connection - DEBUG - Remote response: status=200 | data={"value":false} | headers=HTTPHeaderDict({'Content-Length': '15', 'Content-Type': 'application/json; charset=utf-8', 'cache-control': 'no-cache'})
2026-08-24 15:39:00 - selenium.webdriver.remote.remote_connection - DEBUG - Finished Request
2026-08-24 15:39:00 - selenium.webdriver.remote.remote_connection - DEBUG - POST http://localhost:59873/session/7ea3109d76211e5fd552f4aa86267cb8/execute/sync {'script': "return document.querySelectorAll('[data-rpa-tag-id]').length > 0", 'args': []}
2026-08-24 15:39:00 - urllib3.connectionpool - DEBUG - http://localhost:59873 "POST /session/7ea3109d76211e5fd552f4aa86267cb8/execute/sync HTTP/1.1" 200 0
2026-08-24 15:39:00 - selenium.webdriver.remote.remote_connection - DEBUG - Remote response: status=200 | data={"value":false} | headers=HTTPHeaderDict({'Content-Length': '15', 'Content-Type': 'application/json; charset=utf-8', 'cache-control': 'no-cache'})
2026-08-24 15:39:00 - selenium.webdriver.remote.remote_connection - DEBUG - Finished Request
2026-08-24 15:39:01 - selenium.webdriver.remote.remote_connection - DEBUG - POST http://localhost:59873/session/7ea3109d76211e5fd552f4aa86267cb8/execute/sync {'script': "return document.querySelectorAll('[data-rpa-tag-id]').length > 0", 'args': []}
2026-08-24 15:39:01 - urllib3.connectionpool - DEBUG - http://localhost:59873 "POST /session/7ea3109d76211e5fd552f4aa86267cb8/execute/sync HTTP/1.1" 200 0
2026-08-24 15:39:01 - selenium.webdriver.remote.remote_connection - DEBUG - Remote response: status=200 | data={"value":false} | headers=HTTPHeaderDict({'Content-Length': '15', 'Content-Type': 'application/json; charset=utf-8', 'cache-control': 'no-cache'})
2026-08-24 15:39:01 - selenium.webdriver.remote.remote_connection - DEBUG - Finished Request
2026-08-24 15:39:01 - selenium.webdriver.remote.remote_connection - DEBUG - POST http://localhost:59873/session/7ea3109d76211e5fd552f4aa86267cb8/execute/sync {'script': "return document.querySelectorAll('[data-rpa-tag-id]').length > 0", 'args': []}
2026-08-24 15:39:01 - urllib3.connectionpool - DEBUG - http://localhost:59873 "POST /session/7ea3109d76211e5fd552f4aa86267cb8/execute/sync HTTP/1.1" 200 0
2026-08-24 15:39:01 - selenium.webdriver.remote.remote_connection - DEBUG - Remote response: status=200 | data={"value":false} | headers=HTTPHeaderDict({'Content-Length': '15', 'Content-Type': 'application/json; charset=utf-8', 'cache-control': 'no-cache'})
2026-08-24 15:39:01 - selenium.webdriver.remote.remote_connection - DEBUG - Finished Request
2026-08-24 15:39:02 - selenium.webdriver.remote.remote_connection - DEBUG - POST http://localhost:59873/session/7ea3109d76211e5fd552f4aa86267cb8/execute/sync {'script': "return document.querySelectorAll('[data-rpa-tag-id]').length > 0", 'args': []}
2026-08-24 15:39:02 - urllib3.connectionpool - DEBUG - http://localhost:59873 "POST /session/7ea3109d76211e5fd552f4aa86267cb8/execute/sync HTTP/1.1" 200 0
2026-08-24 15:39:02 - selenium.webdriver.remote.remote_connection - DEBUG - Remote response: status=200 | data={"value":false} | headers=HTTPHeaderDict({'Content-Length': '15', 'Content-Type': 'application/json; charset=utf-8', 'cache-control': 'no-cache'})
2026-08-24 15:39:02 - selenium.webdriver.remote.remote_connection - DEBUG - Finished Request
2026-08-24 15:39:03 - selenium.webdriver.remote.remote_connection - DEBUG - POST http://localhost:59873/session/7ea3109d76211e5fd552f4aa86267cb8/execute/sync {'script': "return document.querySelectorAll('[data-rpa-tag-id]').length > 0", 'args': []}
2026-08-24 15:39:03 - urllib3.connectionpool - DEBUG - http://localhost:59873 "POST /session/7ea3109d76211e5fd552f4aa86267cb8/execute/sync HTTP/1.1" 200 0
2026-08-24 15:39:03 - selenium.webdriver.remote.remote_connection - DEBUG - Remote response: status=200 | data={"value":false} | headers=HTTPHeaderDict({'Content-Length': '15', 'Content-Type': 'application/json; charset=utf-8', 'cache-control': 'no-cache'})
2026-08-24 15:39:03 - selenium.webdriver.remote.remote_connection - DEBUG - Finished Request
2026-08-24 15:39:03 - selenium.webdriver.remote.remote_connection - DEBUG - POST http://localhost:59873/session/7ea3109d76211e5fd552f4aa86267cb8/execute/sync {'script': "return document.querySelectorAll('[data-rpa-tag-id]').length > 0", 'args': []}
2026-08-24 15:39:03 - urllib3.connectionpool - DEBUG - http://localhost:59873 "POST /session/7ea3109d76211e5fd552f4aa86267cb8/execute/sync HTTP/1.1" 200 0
2026-08-24 15:39:03 - selenium.webdriver.remote.remote_connection - DEBUG - Remote response: status=200 | data={"value":false} | headers=HTTPHeaderDict({'Content-Length': '15', 'Content-Type': 'application/json; charset=utf-8', 'cache-control': 'no-cache'})
2026-08-24 15:39:03 - selenium.webdriver.remote.remote_connection - DEBUG - Finished Request
2026-08-24 15:39:04 - selenium.webdriver.remote.remote_connection - DEBUG - POST http://localhost:59873/session/7ea3109d76211e5fd552f4aa86267cb8/execute/sync {'script': "return document.querySelectorAll('[data-rpa-tag-id]').length > 0", 'args': []}
2026-08-24 15:39:04 - urllib3.connectionpool - DEBUG - http://localhost:59873 "POST /session/7ea3109d76211e5fd552f4aa86267cb8/execute/sync HTTP/1.1" 200 0
2026-08-24 15:39:04 - selenium.webdriver.remote.remote_connection - DEBUG - Remote response: status=200 | data={"value":false} | headers=HTTPHeaderDict({'Content-Length': '15', 'Content-Type': 'application/json; charset=utf-8', 'cache-control': 'no-cache'})
2026-08-24 15:39:04 - selenium.webdriver.remote.remote_connection - DEBUG - Finished Request
2026-08-24 15:39:04 - selenium.webdriver.remote.remote_connection - DEBUG - POST http://localhost:59873/session/7ea3109d76211e5fd552f4aa86267cb8/execute/sync {'script': "return document.querySelectorAll('[data-rpa-tag-id]').length > 0", 'args': []}
2026-08-24 15:39:04 - urllib3.connectionpool - DEBUG - http://localhost:59873 "POST /session/7ea3109d76211e5fd552f4aa86267cb8/execute/sync HTTP/1.1" 200 0
2026-08-24 15:39:04 - selenium.webdriver.remote.remote_connection - DEBUG - Remote response: status=200 | data={"value":false} | headers=HTTPHeaderDict({'Content-Length': '15', 'Content-Type': 'application/json; charset=utf-8', 'cache-control': 'no-cache'})
2026-08-24 15:39:04 - selenium.webdriver.remote.remote_connection - DEBUG - Finished Request
2026-08-24 15:39:05 - selenium.webdriver.remote.remote_connection - DEBUG - POST http://localhost:59873/session/7ea3109d76211e5fd552f4aa86267cb8/execute/sync {'script': "return document.querySelectorAll('[data-rpa-tag-id]').length > 0", 'args': []}
2026-08-24 15:39:05 - urllib3.connectionpool - DEBUG - http://localhost:59873 "POST /session/7ea3109d76211e5fd552f4aa86267cb8/execute/sync HTTP/1.1" 200 0
2026-08-24 15:39:05 - selenium.webdriver.remote.remote_connection - DEBUG - Remote response: status=200 | data={"value":false} | headers=HTTPHeaderDict({'Content-Length': '15', 'Content-Type': 'application/json; charset=utf-8', 'cache-control': 'no-cache'})
2026-08-24 15:39:05 - selenium.webdriver.remote.remote_connection - DEBUG - Finished Request
2026-08-24 15:39:05 - selenium.webdriver.remote.remote_connection - DEBUG - POST http://localhost:59873/session/7ea3109d76211e5fd552f4aa86267cb8/execute/sync {'script': "return document.querySelectorAll('[data-rpa-tag-id]').length > 0", 'args': []}
2026-08-24 15:39:05 - urllib3.connectionpool - DEBUG - http://localhost:59873 "POST /session/7ea3109d76211e5fd552f4aa86267cb8/execute/sync HTTP/1.1" 200 0
2026-08-24 15:39:05 - selenium.webdriver.remote.remote_connection - DEBUG - Remote response: status=200 | data={"value":false} | headers=HTTPHeaderDict({'Content-Length': '15', 'Content-Type': 'application/json; charset=utf-8', 'cache-control': 'no-cache'})
2026-08-24 15:39:05 - selenium.webdriver.remote.remote_connection - DEBUG - Finished Request
2026-08-24 15:39:06 - selenium.webdriver.remote.remote_connection - DEBUG - POST http://localhost:59873/session/7ea3109d76211e5fd552f4aa86267cb8/execute/sync {'script': "return document.querySelectorAll('[data-rpa-tag-id]').length > 0", 'args': []}
2026-08-24 15:39:06 - urllib3.connectionpool - DEBUG - http://localhost:59873 "POST /session/7ea3109d76211e5fd552f4aa86267cb8/execute/sync HTTP/1.1" 200 0
2026-08-24 15:39:06 - selenium.webdriver.remote.remote_connection - DEBUG - Remote response: status=200 | data={"value":false} | headers=HTTPHeaderDict({'Content-Length': '15', 'Content-Type': 'application/json; charset=utf-8', 'cache-control': 'no-cache'})
2026-08-24 15:39:06 - selenium.webdriver.remote.remote_connection - DEBUG - Finished Request
2026-08-24 15:39:06 - selenium.webdriver.remote.remote_connection - DEBUG - POST http://localhost:59873/session/7ea3109d76211e5fd552f4aa86267cb8/execute/sync {'script': "return document.querySelectorAll('[data-rpa-tag-id]').length > 0", 'args': []}
2026-08-24 15:39:06 - urllib3.connectionpool - DEBUG - http://localhost:59873 "POST /session/7ea3109d76211e5fd552f4aa86267cb8/execute/sync HTTP/1.1" 200 0
2026-08-24 15:39:06 - selenium.webdriver.remote.remote_connection - DEBUG - Remote response: status=200 | data={"value":false} | headers=HTTPHeaderDict({'Content-Length': '15', 'Content-Type': 'application/json; charset=utf-8', 'cache-control': 'no-cache'})
2026-08-24 15:39:06 - selenium.webdriver.remote.remote_connection - DEBUG - Finished Request
2026-08-24 15:39:07 - selenium.webdriver.remote.remote_connection - DEBUG - POST http://localhost:59873/session/7ea3109d76211e5fd552f4aa86267cb8/execute/sync {'script': "return document.querySelectorAll('[data-rpa-tag-id]').length > 0", 'args': []}
2026-08-24 15:39:07 - urllib3.connectionpool - DEBUG - http://localhost:59873 "POST /session/7ea3109d76211e5fd552f4aa86267cb8/execute/sync HTTP/1.1" 200 0
2026-08-24 15:39:07 - selenium.webdriver.remote.remote_connection - DEBUG - Remote response: status=200 | data={"value":false} | headers=HTTPHeaderDict({'Content-Length': '15', 'Content-Type': 'application/json; charset=utf-8', 'cache-control': 'no-cache'})
2026-08-24 15:39:07 - selenium.webdriver.remote.remote_connection - DEBUG - Finished Request
2026-08-24 15:39:07 - selenium.webdriver.remote.remote_connection - DEBUG - POST http://localhost:59873/session/7ea3109d76211e5fd552f4aa86267cb8/execute/sync {'script': "return document.querySelectorAll('[data-rpa-tag-id]').length > 0", 'args': []}
2026-08-24 15:39:07 - urllib3.connectionpool - DEBUG - http://localhost:59873 "POST /session/7ea3109d76211e5fd552f4aa86267cb8/execute/sync HTTP/1.1" 200 0
2026-08-24 15:39:07 - selenium.webdriver.remote.remote_connection - DEBUG - Remote response: status=200 | data={"value":false} | headers=HTTPHeaderDict({'Content-Length': '15', 'Content-Type': 'application/json; charset=utf-8', 'cache-control': 'no-cache'})
2026-08-24 15:39:07 - selenium.webdriver.remote.remote_connection - DEBUG - Finished Request
2026-08-24 15:39:08 - selenium.webdriver.remote.remote_connection - DEBUG - POST http://localhost:59873/session/7ea3109d76211e5fd552f4aa86267cb8/execute/sync {'script': "return document.querySelectorAll('[data-rpa-tag-id]').length > 0", 'args': []}
2026-08-24 15:39:08 - urllib3.connectionpool - DEBUG - http://localhost:59873 "POST /session/7ea3109d76211e5fd552f4aa86267cb8/execute/sync HTTP/1.1" 200 0
2026-08-24 15:39:08 - selenium.webdriver.remote.remote_connection - DEBUG - Remote response: status=200 | data={"value":false} | headers=HTTPHeaderDict({'Content-Length': '15', 'Content-Type': 'application/json; charset=utf-8', 'cache-control': 'no-cache'})
2026-08-24 15:39:08 - selenium.webdriver.remote.remote_connection - DEBUG - Finished Request
2026-08-24 15:39:08 - selenium.webdriver.remote.remote_connection - DEBUG - POST http://localhost:59873/session/7ea3109d76211e5fd552f4aa86267cb8/execute/sync {'script': "return document.querySelectorAll('[data-rpa-tag-id]').length > 0", 'args': []}
2026-08-24 15:39:08 - urllib3.connectionpool - DEBUG - http://localhost:59873 "POST /session/7ea3109d76211e5fd552f4aa86267cb8/execute/sync HTTP/1.1" 200 0
2026-08-24 15:39:08 - selenium.webdriver.remote.remote_connection - DEBUG - Remote response: status=200 | data={"value":false} | headers=HTTPHeaderDict({'Content-Length': '15', 'Content-Type': 'application/json; charset=utf-8', 'cache-control': 'no-cache'})
2026-08-24 15:39:08 - selenium.webdriver.remote.remote_connection - DEBUG - Finished Request
2026-08-24 15:39:09 - selenium.webdriver.remote.remote_connection - DEBUG - POST http://localhost:59873/session/7ea3109d76211e5fd552f4aa86267cb8/execute/sync {'script': "return document.querySelectorAll('[data-rpa-tag-id]').length > 0", 'args': []}
2026-08-24 15:39:09 - urllib3.connectionpool - DEBUG - http://localhost:59873 "POST /session/7ea3109d76211e5fd552f4aa86267cb8/execute/sync HTTP/1.1" 200 0
2026-08-24 15:39:09 - selenium.webdriver.remote.remote_connection - DEBUG - Remote response: status=200 | data={"value":false} | headers=HTTPHeaderDict({'Content-Length': '15', 'Content-Type': 'application/json; charset=utf-8', 'cache-control': 'no-cache'})
2026-08-24 15:39:09 - selenium.webdriver.remote.remote_connection - DEBUG - Finished Request
2026-08-24 15:39:09 - selenium.webdriver.remote.remote_connection - DEBUG - POST http://localhost:59873/session/7ea3109d76211e5fd552f4aa86267cb8/execute/sync {'script': "return document.querySelectorAll('[data-rpa-tag-id]').length > 0", 'args': []}
2026-08-24 15:39:09 - urllib3.connectionpool - DEBUG - http://localhost:59873 "POST /session/7ea3109d76211e5fd552f4aa86267cb8/execute/sync HTTP/1.1" 200 0
2026-08-24 15:39:09 - selenium.webdriver.remote.remote_connection - DEBUG - Remote response: status=200 | data={"value":false} | headers=HTTPHeaderDict({'Content-Length': '15', 'Content-Type': 'application/json; charset=utf-8', 'cache-control': 'no-cache'})
2026-08-24 15:39:09 - selenium.webdriver.remote.remote_connection - DEBUG - Finished Request
2026-08-24 15:39:10 - selenium.webdriver.remote.remote_connection - DEBUG - POST http://localhost:59873/session/7ea3109d76211e5fd552f4aa86267cb8/execute/sync {'script': "return document.querySelectorAll('[data-rpa-tag-id]').length > 0", 'args': []}
2026-08-24 15:39:10 - urllib3.connectionpool - DEBUG - http://localhost:59873 "POST /session/7ea3109d76211e5fd552f4aa86267cb8/execute/sync HTTP/1.1" 200 0
2026-08-24 15:39:10 - selenium.webdriver.remote.remote_connection - DEBUG - Remote response: status=200 | data={"value":false} | headers=HTTPHeaderDict({'Content-Length': '15', 'Content-Type': 'application/json; charset=utf-8', 'cache-control': 'no-cache'})
2026-08-24 15:39:10 - selenium.webdriver.remote.remote_connection - DEBUG - Finished Request
2026-08-24 15:39:10 - selenium.webdriver.remote.remote_connection - DEBUG - POST http://localhost:59873/session/7ea3109d76211e5fd552f4aa86267cb8/execute/sync {'script': "return document.querySelectorAll('[data-rpa-tag-id]').length > 0", 'args': []}
2026-08-24 15:39:10 - urllib3.connectionpool - DEBUG - http://localhost:59873 "POST /session/7ea3109d76211e5fd552f4aa86267cb8/execute/sync HTTP/1.1" 200 0
2026-08-24 15:39:10 - selenium.webdriver.remote.remote_connection - DEBUG - Remote response: status=200 | data={"value":false} | headers=HTTPHeaderDict({'Content-Length': '15', 'Content-Type': 'application/json; charset=utf-8', 'cache-control': 'no-cache'})
2026-08-24 15:39:10 - selenium.webdriver.remote.remote_connection - DEBUG - Finished Request
2026-08-24 15:39:11 - selenium.webdriver.remote.remote_connection - DEBUG - POST http://localhost:59873/session/7ea3109d76211e5fd552f4aa86267cb8/execute/sync {'script': "return document.querySelectorAll('[data-rpa-tag-id]').length > 0", 'args': []}
2026-08-24 15:39:11 - urllib3.connectionpool - DEBUG - http://localhost:59873 "POST /session/7ea3109d76211e5fd552f4aa86267cb8/execute/sync HTTP/1.1" 200 0
2026-08-24 15:39:11 - selenium.webdriver.remote.remote_connection - DEBUG - Remote response: status=200 | data={"value":false} | headers=HTTPHeaderDict({'Content-Length': '15', 'Content-Type': 'application/json; charset=utf-8', 'cache-control': 'no-cache'})
2026-08-24 15:39:11 - selenium.webdriver.remote.remote_connection - DEBUG - Finished Request
2026-08-24 15:39:11 - selenium.webdriver.remote.remote_connection - DEBUG - POST http://localhost:59873/session/7ea3109d76211e5fd552f4aa86267cb8/execute/sync {'script': "return document.querySelectorAll('[data-rpa-tag-id]').length > 0", 'args': []}
2026-08-24 15:39:11 - urllib3.connectionpool - DEBUG - http://localhost:59873 "POST /session/7ea3109d76211e5fd552f4aa86267cb8/execute/sync HTTP/1.1" 200 0
2026-08-24 15:39:11 - selenium.webdriver.remote.remote_connection - DEBUG - Remote response: status=200 | data={"value":false} | headers=HTTPHeaderDict({'Content-Length': '15', 'Content-Type': 'application/json; charset=utf-8', 'cache-control': 'no-cache'})
2026-08-24 15:39:11 - selenium.webdriver.remote.remote_connection - DEBUG - Finished Request
2026-08-24 15:39:12 - selenium.webdriver.remote.remote_connection - DEBUG - POST http://localhost:59873/session/7ea3109d76211e5fd552f4aa86267cb8/execute/sync {'script': "return document.querySelectorAll('[data-rpa-tag-id]').length > 0", 'args': []}
2026-08-24 15:39:12 - urllib3.connectionpool - DEBUG - http://localhost:59873 "POST /session/7ea3109d76211e5fd552f4aa86267cb8/execute/sync HTTP/1.1" 200 0
2026-08-24 15:39:12 - selenium.webdriver.remote.remote_connection - DEBUG - Remote response: status=200 | data={"value":false} | headers=HTTPHeaderDict({'Content-Length': '15', 'Content-Type': 'application/json; charset=utf-8', 'cache-control': 'no-cache'})
2026-08-24 15:39:12 - selenium.webdriver.remote.remote_connection - DEBUG - Finished Request
2026-08-24 15:39:12 - selenium.webdriver.remote.remote_connection - DEBUG - POST http://localhost:59873/session/7ea3109d76211e5fd552f4aa86267cb8/execute/sync {'script': "return document.querySelectorAll('[data-rpa-tag-id]').length > 0", 'args': []}
2026-08-24 15:39:12 - urllib3.connectionpool - DEBUG - http://localhost:59873 "POST /session/7ea3109d76211e5fd552f4aa86267cb8/execute/sync HTTP/1.1" 200 0
2026-08-24 15:39:12 - selenium.webdriver.remote.remote_connection - DEBUG - Remote response: status=200 | data={"value":false} | headers=HTTPHeaderDict({'Content-Length': '15', 'Content-Type': 'application/json; charset=utf-8', 'cache-control': 'no-cache'})
2026-08-24 15:39:12 - selenium.webdriver.remote.remote_connection - DEBUG - Finished Request
2026-08-24 15:39:13 - selenium.webdriver.remote.remote_connection - DEBUG - POST http://localhost:59873/session/7ea3109d76211e5fd552f4aa86267cb8/execute/sync {'script': "return document.querySelectorAll('[data-rpa-tag-id]').length > 0", 'args': []}
2026-08-24 15:39:13 - urllib3.connectionpool - DEBUG - http://localhost:59873 "POST /session/7ea3109d76211e5fd552f4aa86267cb8/execute/sync HTTP/1.1" 200 0
2026-08-24 15:39:13 - selenium.webdriver.remote.remote_connection - DEBUG - Remote response: status=200 | data={"value":false} | headers=HTTPHeaderDict({'Content-Length': '15', 'Content-Type': 'application/json; charset=utf-8', 'cache-control': 'no-cache'})
2026-08-24 15:39:13 - selenium.webdriver.remote.remote_connection - DEBUG - Finished Request
2026-08-24 15:39:13 - selenium.webdriver.remote.remote_connection - DEBUG - POST http://localhost:59873/session/7ea3109d76211e5fd552f4aa86267cb8/execute/sync {'script': "return document.querySelectorAll('[data-rpa-tag-id]').length > 0", 'args': []}
2026-08-24 15:39:13 - urllib3.connectionpool - DEBUG - http://localhost:59873 "POST /session/7ea3109d76211e5fd552f4aa86267cb8/execute/sync HTTP/1.1" 200 0
2026-08-24 15:39:13 - selenium.webdriver.remote.remote_connection - DEBUG - Remote response: status=200 | data={"value":false} | headers=HTTPHeaderDict({'Content-Length': '15', 'Content-Type': 'application/json; charset=utf-8', 'cache-control': 'no-cache'})
2026-08-24 15:39:13 - selenium.webdriver.remote.remote_connection - DEBUG - Finished Request
2026-08-24 15:39:14 - selenium.webdriver.remote.remote_connection - DEBUG - POST http://localhost:59873/session/7ea3109d76211e5fd552f4aa86267cb8/execute/sync {'script': "return document.querySelectorAll('[data-rpa-tag-id]').length > 0", 'args': []}
2026-08-24 15:39:14 - urllib3.connectionpool - DEBUG - http://localhost:59873 "POST /session/7ea3109d76211e5fd552f4aa86267cb8/execute/sync HTTP/1.1" 200 0
2026-08-24 15:39:14 - selenium.webdriver.remote.remote_connection - DEBUG - Remote response: status=200 | data={"value":false} | headers=HTTPHeaderDict({'Content-Length': '15', 'Content-Type': 'application/json; charset=utf-8', 'cache-control': 'no-cache'})
2026-08-24 15:39:14 - selenium.webdriver.remote.remote_connection - DEBUG - Finished Request
2026-08-24 15:39:14 - selenium.webdriver.remote.remote_connection - DEBUG - POST http://localhost:59873/session/7ea3109d76211e5fd552f4aa86267cb8/execute/sync {'script': "return document.querySelectorAll('[data-rpa-tag-id]').length > 0", 'args': []}
2026-08-24 15:39:14 - urllib3.connectionpool - DEBUG - http://localhost:59873 "POST /session/7ea3109d76211e5fd552f4aa86267cb8/execute/sync HTTP/1.1" 200 0
2026-08-24 15:39:14 - selenium.webdriver.remote.remote_connection - DEBUG - Remote response: status=200 | data={"value":false} | headers=HTTPHeaderDict({'Content-Length': '15', 'Content-Type': 'application/json; charset=utf-8', 'cache-control': 'no-cache'})
2026-08-24 15:39:14 - selenium.webdriver.remote.remote_connection - DEBUG - Finished Request
2026-08-24 15:39:15 - selenium.webdriver.remote.remote_connection - DEBUG - POST http://localhost:59873/session/7ea3109d76211e5fd552f4aa86267cb8/execute/sync {'script': "return document.querySelectorAll('[data-rpa-tag-id]').length > 0", 'args': []}
2026-08-24 15:39:15 - urllib3.connectionpool - DEBUG - http://localhost:59873 "POST /session/7ea3109d76211e5fd552f4aa86267cb8/execute/sync HTTP/1.1" 200 0
2026-08-24 15:39:15 - selenium.webdriver.remote.remote_connection - DEBUG - Remote response: status=200 | data={"value":false} | headers=HTTPHeaderDict({'Content-Length': '15', 'Content-Type': 'application/json; charset=utf-8', 'cache-control': 'no-cache'})
2026-08-24 15:39:15 - selenium.webdriver.remote.remote_connection - DEBUG - Finished Request
2026-08-24 15:39:15 - selenium.webdriver.remote.remote_connection - DEBUG - POST http://localhost:59873/session/7ea3109d76211e5fd552f4aa86267cb8/execute/sync {'script': "return document.querySelectorAll('[data-rpa-tag-id]').length > 0", 'args': []}
2026-08-24 15:39:15 - urllib3.connectionpool - DEBUG - http://localhost:59873 "POST /session/7ea3109d76211e5fd552f4aa86267cb8/execute/sync HTTP/1.1" 200 0
2026-08-24 15:39:15 - selenium.webdriver.remote.remote_connection - DEBUG - Remote response: status=200 | data={"value":false} | headers=HTTPHeaderDict({'Content-Length': '15', 'Content-Type': 'application/json; charset=utf-8', 'cache-control': 'no-cache'})
2026-08-24 15:39:15 - selenium.webdriver.remote.remote_connection - DEBUG - Finished Request
2026-08-24 15:39:16 - selenium.webdriver.remote.remote_connection - DEBUG - POST http://localhost:59873/session/7ea3109d76211e5fd552f4aa86267cb8/execute/sync {'script': "return document.querySelectorAll('[data-rpa-tag-id]').length > 0", 'args': []}
2026-08-24 15:39:16 - urllib3.connectionpool - DEBUG - http://localhost:59873 "POST /session/7ea3109d76211e5fd552f4aa86267cb8/execute/sync HTTP/1.1" 200 0
2026-08-24 15:39:16 - selenium.webdriver.remote.remote_connection - DEBUG - Remote response: status=200 | data={"value":false} | headers=HTTPHeaderDict({'Content-Length': '15', 'Content-Type': 'application/json; charset=utf-8', 'cache-control': 'no-cache'})
2026-08-24 15:39:16 - selenium.webdriver.remote.remote_connection - DEBUG - Finished Request
2026-08-24 15:39:17 - selenium.webdriver.remote.remote_connection - DEBUG - POST http://localhost:59873/session/7ea3109d76211e5fd552f4aa86267cb8/execute/sync {'script': "return document.querySelectorAll('[data-rpa-tag-id]').length > 0", 'args': []}
2026-08-24 15:39:17 - urllib3.connectionpool - DEBUG - http://localhost:59873 "POST /session/7ea3109d76211e5fd552f4aa86267cb8/execute/sync HTTP/1.1" 200 0
2026-08-24 15:39:17 - selenium.webdriver.remote.remote_connection - DEBUG - Remote response: status=200 | data={"value":false} | headers=HTTPHeaderDict({'Content-Length': '15', 'Content-Type': 'application/json; charset=utf-8', 'cache-control': 'no-cache'})
2026-08-24 15:39:17 - selenium.webdriver.remote.remote_connection - DEBUG - Finished Request
2026-08-24 15:39:17 - selenium.webdriver.remote.remote_connection - DEBUG - POST http://localhost:59873/session/7ea3109d76211e5fd552f4aa86267cb8/execute/sync {'script': "return document.querySelectorAll('[data-rpa-tag-id]').length > 0", 'args': []}
2026-08-24 15:39:17 - urllib3.connectionpool - DEBUG - http://localhost:59873 "POST /session/7ea3109d76211e5fd552f4aa86267cb8/execute/sync HTTP/1.1" 200 0
2026-08-24 15:39:17 - selenium.webdriver.remote.remote_connection - DEBUG - Remote response: status=200 | data={"value":false} | headers=HTTPHeaderDict({'Content-Length': '15', 'Content-Type': 'application/json; charset=utf-8', 'cache-control': 'no-cache'})
2026-08-24 15:39:17 - selenium.webdriver.remote.remote_connection - DEBUG - Finished Request
2026-08-24 15:39:18 - selenium.webdriver.remote.remote_connection - DEBUG - POST http://localhost:59873/session/7ea3109d76211e5fd552f4aa86267cb8/execute/sync {'script': "return document.querySelectorAll('[data-rpa-tag-id]').length > 0", 'args': []}
2026-08-24 15:39:18 - urllib3.connectionpool - DEBUG - http://localhost:59873 "POST /session/7ea3109d76211e5fd552f4aa86267cb8/execute/sync HTTP/1.1" 200 0
2026-08-24 15:39:18 - selenium.webdriver.remote.remote_connection - DEBUG - Remote response: status=200 | data={"value":false} | headers=HTTPHeaderDict({'Content-Length': '15', 'Content-Type': 'application/json; charset=utf-8', 'cache-control': 'no-cache'})
2026-08-24 15:39:18 - selenium.webdriver.remote.remote_connection - DEBUG - Finished Request
2026-08-24 15:39:18 - selenium.webdriver.remote.remote_connection - DEBUG - POST http://localhost:59873/session/7ea3109d76211e5fd552f4aa86267cb8/execute/sync {'script': "return document.querySelectorAll('[data-rpa-tag-id]').length > 0", 'args': []}
2026-08-24 15:39:18 - urllib3.connectionpool - DEBUG - http://localhost:59873 "POST /session/7ea3109d76211e5fd552f4aa86267cb8/execute/sync HTTP/1.1" 200 0
2026-08-24 15:39:18 - selenium.webdriver.remote.remote_connection - DEBUG - Remote response: status=200 | data={"value":false} | headers=HTTPHeaderDict({'Content-Length': '15', 'Content-Type': 'application/json; charset=utf-8', 'cache-control': 'no-cache'})
2026-08-24 15:39:18 - selenium.webdriver.remote.remote_connection - DEBUG - Finished Request
2026-08-24 15:39:19 - selenium.webdriver.remote.remote_connection - DEBUG - POST http://localhost:59873/session/7ea3109d76211e5fd552f4aa86267cb8/execute/sync {'script': "return document.querySelectorAll('[data-rpa-tag-id]').length > 0", 'args': []}
2026-08-24 15:39:19 - urllib3.connectionpool - DEBUG - http://localhost:59873 "POST /session/7ea3109d76211e5fd552f4aa86267cb8/execute/sync HTTP/1.1" 200 0
2026-08-24 15:39:19 - selenium.webdriver.remote.remote_connection - DEBUG - Remote response: status=200 | data={"value":false} | headers=HTTPHeaderDict({'Content-Length': '15', 'Content-Type': 'application/json; charset=utf-8', 'cache-control': 'no-cache'})
2026-08-24 15:39:19 - selenium.webdriver.remote.remote_connection - DEBUG - Finished Request
2026-08-24 15:39:19 - selenium.webdriver.remote.remote_connection - DEBUG - POST http://localhost:59873/session/7ea3109d76211e5fd552f4aa86267cb8/execute/sync {'script': "return document.querySelectorAll('[data-rpa-tag-id]').length > 0", 'args': []}
2026-08-24 15:39:19 - urllib3.connectionpool - DEBUG - http://localhost:59873 "POST /session/7ea3109d76211e5fd552f4aa86267cb8/execute/sync HTTP/1.1" 200 0
2026-08-24 15:39:19 - selenium.webdriver.remote.remote_connection - DEBUG - Remote response: status=200 | data={"value":false} | headers=HTTPHeaderDict({'Content-Length': '15', 'Content-Type': 'application/json; charset=utf-8', 'cache-control': 'no-cache'})
2026-08-24 15:39:19 - selenium.webdriver.remote.remote_connection - DEBUG - Finished Request
2026-08-24 15:39:20 - selenium.webdriver.remote.remote_connection - DEBUG - POST http://localhost:59873/session/7ea3109d76211e5fd552f4aa86267cb8/execute/sync {'script': "return document.querySelectorAll('[data-rpa-tag-id]').length > 0", 'args': []}
2026-08-24 15:39:20 - urllib3.connectionpool - DEBUG - http://localhost:59873 "POST /session/7ea3109d76211e5fd552f4aa86267cb8/execute/sync HTTP/1.1" 200 0
2026-08-24 15:39:20 - selenium.webdriver.remote.remote_connection - DEBUG - Remote response: status=200 | data={"value":false} | headers=HTTPHeaderDict({'Content-Length': '15', 'Content-Type': 'application/json; charset=utf-8', 'cache-control': 'no-cache'})
2026-08-24 15:39:20 - selenium.webdriver.remote.remote_connection - DEBUG - Finished Request
2026-08-24 15:39:20 - scraper - ERROR - Page failed to become ready even after refresh
2026-08-24 15:39:20 - scraper - INFO - Retry 2/3 for VCSH
2026-08-24 15:39:25 - scraper - INFO - Navigating to https://investor.vanguard.com/etf/profile/overview/vcsh
2026-08-24 15:39:25 - selenium.webdriver.remote.remote_connection - DEBUG - POST http://localhost:59873/session/7ea3109d76211e5fd552f4aa86267cb8/url {'url': 'https://investor.vanguard.com/etf/profile/overview/vcsh'}
2026-08-24 15:39:30 - urllib3.connectionpool - DEBUG - http://localhost:59873 "POST /session/7ea3109d76211e5fd552f4aa86267cb8/url HTTP/1.1" 200 0
2026-08-24 15:39:30 - selenium.webdriver.remote.remote_connection - DEBUG - Remote response: status=200 | data={"value":null} | headers=HTTPHeaderDict({'Content-Length': '14', 'Content-Type': 'application/json; charset=utf-8', 'cache-control': 'no-cache'})
2026-08-24 15:39:30 - selenium.webdriver.remote.remote_connection - DEBUG - Finished Request
2026-08-24 15:39:30 - selenium.webdriver.remote.remote_connection - DEBUG - POST http://localhost:59873/session/7ea3109d76211e5fd552f4aa86267cb8/execute/sync {'script': "\n                var candidates = [\n                    document.querySelector('#onetrust-accept-btn...", 'args': []}
2026-08-24 15:39:30 - urllib3.connectionpool - DEBUG - http://localhost:59873 "POST /session/7ea3109d76211e5fd552f4aa86267cb8/execute/sync HTTP/1.1" 200 0
2026-08-24 15:39:30 - selenium.webdriver.remote.remote_connection - DEBUG - Remote response: status=200 | data={"value":null} | headers=HTTPHeaderDict({'Content-Length': '14', 'Content-Type': 'application/json; charset=utf-8', 'cache-control': 'no-cache'})
2026-08-24 15:39:30 - selenium.webdriver.remote.remote_connection - DEBUG - Finished Request
2026-08-24 15:39:30 - selenium.webdriver.remote.remote_connection - DEBUG - POST http://localhost:59873/session/7ea3109d76211e5fd552f4aa86267cb8/execute/sync {'script': "return document.querySelectorAll('[data-rpa-tag-id]').length > 0", 'args': []}
2026-08-24 15:39:30 - urllib3.connectionpool - DEBUG - http://localhost:59873 "POST /session/7ea3109d76211e5fd552f4aa86267cb8/execute/sync HTTP/1.1" 200 0
2026-08-24 15:39:30 - selenium.webdriver.remote.remote_connection - DEBUG - Remote response: status=200 | data={"value":false} | headers=HTTPHeaderDict({'Content-Length': '15', 'Content-Type': 'application/json; charset=utf-8', 'cache-control': 'no-cache'})
2026-08-24 15:39:30 - selenium.webdriver.remote.remote_connection - DEBUG - Finished Request
2026-08-24 15:39:30 - selenium.webdriver.remote.remote_connection - DEBUG - POST http://localhost:59873/session/7ea3109d76211e5fd552f4aa86267cb8/execute/sync {'script': "return document.querySelectorAll('[data-rpa-tag-id]').length > 0", 'args': []}
2026-08-24 15:39:31 - urllib3.connectionpool - DEBUG - http://localhost:59873 "POST /session/7ea3109d76211e5fd552f4aa86267cb8/execute/sync HTTP/1.1" 200 0
2026-08-24 15:39:31 - selenium.webdriver.remote.remote_connection - DEBUG - Remote response: status=200 | data={"value":false} | headers=HTTPHeaderDict({'Content-Length': '15', 'Content-Type': 'application/json; charset=utf-8', 'cache-control': 'no-cache'})
2026-08-24 15:39:31 - selenium.webdriver.remote.remote_connection - DEBUG - Finished Request
2026-08-24 15:39:32 - selenium.webdriver.remote.remote_connection - DEBUG - POST http://localhost:59873/session/7ea3109d76211e5fd552f4aa86267cb8/execute/sync {'script': "return document.querySelectorAll('[data-rpa-tag-id]').length > 0", 'args': []}
2026-08-24 15:39:32 - urllib3.connectionpool - DEBUG - http://localhost:59873 "POST /session/7ea3109d76211e5fd552f4aa86267cb8/execute/sync HTTP/1.1" 200 0
2026-08-24 15:39:32 - selenium.webdriver.remote.remote_connection - DEBUG - Remote response: status=200 | data={"value":false} | headers=HTTPHeaderDict({'Content-Length': '15', 'Content-Type': 'application/json; charset=utf-8', 'cache-control': 'no-cache'})
2026-08-24 15:39:32 - selenium.webdriver.remote.remote_connection - DEBUG - Finished Request
2026-08-24 15:39:32 - selenium.webdriver.remote.remote_connection - DEBUG - POST http://localhost:59873/session/7ea3109d76211e5fd552f4aa86267cb8/execute/sync {'script': "return document.querySelectorAll('[data-rpa-tag-id]').length > 0", 'args': []}
2026-08-24 15:39:32 - urllib3.connectionpool - DEBUG - http://localhost:59873 "POST /session/7ea3109d76211e5fd552f4aa86267cb8/execute/sync HTTP/1.1" 200 0
2026-08-24 15:39:32 - selenium.webdriver.remote.remote_connection - DEBUG - Remote response: status=200 | data={"value":false} | headers=HTTPHeaderDict({'Content-Length': '15', 'Content-Type': 'application/json; charset=utf-8', 'cache-control': 'no-cache'})
2026-08-24 15:39:32 - selenium.webdriver.remote.remote_connection - DEBUG - Finished Request
2026-08-24 15:39:33 - selenium.webdriver.remote.remote_connection - DEBUG - POST http://localhost:59873/session/7ea3109d76211e5fd552f4aa86267cb8/execute/sync {'script': "return document.querySelectorAll('[data-rpa-tag-id]').length > 0", 'args': []}
2026-08-24 15:39:33 - urllib3.connectionpool - DEBUG - http://localhost:59873 "POST /session/7ea3109d76211e5fd552f4aa86267cb8/execute/sync HTTP/1.1" 200 0
2026-08-24 15:39:33 - selenium.webdriver.remote.remote_connection - DEBUG - Remote response: status=200 | data={"value":false} | headers=HTTPHeaderDict({'Content-Length': '15', 'Content-Type': 'application/json; charset=utf-8', 'cache-control': 'no-cache'})
2026-08-24 15:39:33 - selenium.webdriver.remote.remote_connection - DEBUG - Finished Request
2026-08-24 15:39:34 - selenium.webdriver.remote.remote_connection - DEBUG - POST http://localhost:59873/session/7ea3109d76211e5fd552f4aa86267cb8/execute/sync {'script': "return document.querySelectorAll('[data-rpa-tag-id]').length > 0", 'args': []}
2026-08-24 15:39:34 - urllib3.connectionpool - DEBUG - http://localhost:59873 "POST /session/7ea3109d76211e5fd552f4aa86267cb8/execute/sync HTTP/1.1" 200 0
2026-08-24 15:39:34 - selenium.webdriver.remote.remote_connection - DEBUG - Remote response: status=200 | data={"value":false} | headers=HTTPHeaderDict({'Content-Length': '15', 'Content-Type': 'application/json; charset=utf-8', 'cache-control': 'no-cache'})
2026-08-24 15:39:34 - selenium.webdriver.remote.remote_connection - DEBUG - Finished Request
2026-08-24 15:39:34 - selenium.webdriver.remote.remote_connection - DEBUG - POST http://localhost:59873/session/7ea3109d76211e5fd552f4aa86267cb8/execute/sync {'script': "return document.querySelectorAll('[data-rpa-tag-id]').length > 0", 'args': []}
2026-08-24 15:39:34 - urllib3.connectionpool - DEBUG - http://localhost:59873 "POST /session/7ea3109d76211e5fd552f4aa86267cb8/execute/sync HTTP/1.1" 200 0
2026-08-24 15:39:34 - selenium.webdriver.remote.remote_connection - DEBUG - Remote response: status=200 | data={"value":false} | headers=HTTPHeaderDict({'Content-Length': '15', 'Content-Type': 'application/json; charset=utf-8', 'cache-control': 'no-cache'})
2026-08-24 15:39:34 - selenium.webdriver.remote.remote_connection - DEBUG - Finished Request
2026-08-24 15:39:35 - selenium.webdriver.remote.remote_connection - DEBUG - POST http://localhost:59873/session/7ea3109d76211e5fd552f4aa86267cb8/execute/sync {'script': "return document.querySelectorAll('[data-rpa-tag-id]').length > 0", 'args': []}
2026-08-24 15:39:35 - urllib3.connectionpool - DEBUG - http://localhost:59873 "POST /session/7ea3109d76211e5fd552f4aa86267cb8/execute/sync HTTP/1.1" 200 0
2026-08-24 15:39:35 - selenium.webdriver.remote.remote_connection - DEBUG - Remote response: status=200 | data={"value":false} | headers=HTTPHeaderDict({'Content-Length': '15', 'Content-Type': 'application/json; charset=utf-8', 'cache-control': 'no-cache'})
2026-08-24 15:39:35 - selenium.webdriver.remote.remote_connection - DEBUG - Finished Request
2026-08-24 15:39:35 - selenium.webdriver.remote.remote_connection - DEBUG - POST http://localhost:59873/session/7ea3109d76211e5fd552f4aa86267cb8/execute/sync {'script': "return document.querySelectorAll('[data-rpa-tag-id]').length > 0", 'args': []}
2026-08-24 15:39:35 - urllib3.connectionpool - DEBUG - http://localhost:59873 "POST /session/7ea3109d76211e5fd552f4aa86267cb8/execute/sync HTTP/1.1" 200 0
2026-08-24 15:39:35 - selenium.webdriver.remote.remote_connection - DEBUG - Remote response: status=200 | data={"value":false} | headers=HTTPHeaderDict({'Content-Length': '15', 'Content-Type': 'application/json; charset=utf-8', 'cache-control': 'no-cache'})
2026-08-24 15:39:35 - selenium.webdriver.remote.remote_connection - DEBUG - Finished Request
2026-08-24 15:39:36 - selenium.webdriver.remote.remote_connection - DEBUG - POST http://localhost:59873/session/7ea3109d76211e5fd552f4aa86267cb8/execute/sync {'script': "return document.querySelectorAll('[data-rpa-tag-id]').length > 0", 'args': []}
2026-08-24 15:39:36 - urllib3.connectionpool - DEBUG - http://localhost:59873 "POST /session/7ea3109d76211e5fd552f4aa86267cb8/execute/sync HTTP/1.1" 200 0
2026-08-24 15:39:36 - selenium.webdriver.remote.remote_connection - DEBUG - Remote response: status=200 | data={"value":false} | headers=HTTPHeaderDict({'Content-Length': '15', 'Content-Type': 'application/json; charset=utf-8', 'cache-control': 'no-cache'})
2026-08-24 15:39:36 - selenium.webdriver.remote.remote_connection - DEBUG - Finished Request
2026-08-24 15:39:36 - selenium.webdriver.remote.remote_connection - DEBUG - POST http://localhost:59873/session/7ea3109d76211e5fd552f4aa86267cb8/execute/sync {'script': "return document.querySelectorAll('[data-rpa-tag-id]').length > 0", 'args': []}
2026-08-24 15:39:36 - urllib3.connectionpool - DEBUG - http://localhost:59873 "POST /session/7ea3109d76211e5fd552f4aa86267cb8/execute/sync HTTP/1.1" 200 0
2026-08-24 15:39:36 - selenium.webdriver.remote.remote_connection - DEBUG - Remote response: status=200 | data={"value":false} | headers=HTTPHeaderDict({'Content-Length': '15', 'Content-Type': 'application/json; charset=utf-8', 'cache-control': 'no-cache'})
2026-08-24 15:39:36 - selenium.webdriver.remote.remote_connection - DEBUG - Finished Request
2026-08-24 15:39:37 - selenium.webdriver.remote.remote_connection - DEBUG - POST http://localhost:59873/session/7ea3109d76211e5fd552f4aa86267cb8/execute/sync {'script': "return document.querySelectorAll('[data-rpa-tag-id]').length > 0", 'args': []}
2026-08-24 15:39:37 - urllib3.connectionpool - DEBUG - http://localhost:59873 "POST /session/7ea3109d76211e5fd552f4aa86267cb8/execute/sync HTTP/1.1" 200 0
2026-08-24 15:39:37 - selenium.webdriver.remote.remote_connection - DEBUG - Remote response: status=200 | data={"value":false} | headers=HTTPHeaderDict({'Content-Length': '15', 'Content-Type': 'application/json; charset=utf-8', 'cache-control': 'no-cache'})
2026-08-24 15:39:37 - selenium.webdriver.remote.remote_connection - DEBUG - Finished Request
2026-08-24 15:39:37 - selenium.webdriver.remote.remote_connection - DEBUG - POST http://localhost:59873/session/7ea3109d76211e5fd552f4aa86267cb8/execute/sync {'script': "return document.querySelectorAll('[data-rpa-tag-id]').length > 0", 'args': []}
2026-08-24 15:39:38 - urllib3.connectionpool - DEBUG - http://localhost:59873 "POST /session/7ea3109d76211e5fd552f4aa86267cb8/execute/sync HTTP/1.1" 200 0
2026-08-24 15:39:38 - selenium.webdriver.remote.remote_connection - DEBUG - Remote response: status=200 | data={"value":false} | headers=HTTPHeaderDict({'Content-Length': '15', 'Content-Type': 'application/json; charset=utf-8', 'cache-control': 'no-cache'})
2026-08-24 15:39:38 - selenium.webdriver.remote.remote_connection - DEBUG - Finished Request
2026-08-24 15:39:38 - selenium.webdriver.remote.remote_connection - DEBUG - POST http://localhost:59873/session/7ea3109d76211e5fd552f4aa86267cb8/execute/sync {'script': "return document.querySelectorAll('[data-rpa-tag-id]').length > 0", 'args': []}
2026-08-24 15:39:39 - urllib3.connectionpool - DEBUG - http://localhost:59873 "POST /session/7ea3109d76211e5fd552f4aa86267cb8/execute/sync HTTP/1.1" 200 0
2026-08-24 15:39:39 - selenium.webdriver.remote.remote_connection - DEBUG - Remote response: status=200 | data={"value":false} | headers=HTTPHeaderDict({'Content-Length': '15', 'Content-Type': 'application/json; charset=utf-8', 'cache-control': 'no-cache'})
2026-08-24 15:39:39 - selenium.webdriver.remote.remote_connection - DEBUG - Finished Request
2026-08-24 15:39:39 - selenium.webdriver.remote.remote_connection - DEBUG - POST http://localhost:59873/session/7ea3109d76211e5fd552f4aa86267cb8/execute/sync {'script': "return document.querySelectorAll('[data-rpa-tag-id]').length > 0", 'args': []}
2026-08-24 15:39:39 - urllib3.connectionpool - DEBUG - http://localhost:59873 "POST /session/7ea3109d76211e5fd552f4aa86267cb8/execute/sync HTTP/1.1" 200 0
2026-08-24 15:39:39 - selenium.webdriver.remote.remote_connection - DEBUG - Remote response: status=200 | data={"value":false} | headers=HTTPHeaderDict({'Content-Length': '15', 'Content-Type': 'application/json; charset=utf-8', 'cache-control': 'no-cache'})
2026-08-24 15:39:39 - selenium.webdriver.remote.remote_connection - DEBUG - Finished Request
2026-08-24 15:39:40 - selenium.webdriver.remote.remote_connection - DEBUG - POST http://localhost:59873/session/7ea3109d76211e5fd552f4aa86267cb8/execute/sync {'script': "return document.querySelectorAll('[data-rpa-tag-id]').length > 0", 'args': []}
2026-08-24 15:39:40 - urllib3.connectionpool - DEBUG - http://localhost:59873 "POST /session/7ea3109d76211e5fd552f4aa86267cb8/execute/sync HTTP/1.1" 200 0
2026-08-24 15:39:40 - selenium.webdriver.remote.remote_connection - DEBUG - Remote response: status=200 | data={"value":false} | headers=HTTPHeaderDict({'Content-Length': '15', 'Content-Type': 'application/json; charset=utf-8', 'cache-control': 'no-cache'})
2026-08-24 15:39:40 - selenium.webdriver.remote.remote_connection - DEBUG - Finished Request
2026-08-24 15:39:40 - selenium.webdriver.remote.remote_connection - DEBUG - POST http://localhost:59873/session/7ea3109d76211e5fd552f4aa86267cb8/execute/sync {'script': "return document.querySelectorAll('[data-rpa-tag-id]').length > 0", 'args': []}
2026-08-24 15:39:40 - urllib3.connectionpool - DEBUG - http://localhost:59873 "POST /session/7ea3109d76211e5fd552f4aa86267cb8/execute/sync HTTP/1.1" 200 0
2026-08-24 15:39:40 - selenium.webdriver.remote.remote_connection - DEBUG - Remote response: status=200 | data={"value":false} | headers=HTTPHeaderDict({'Content-Length': '15', 'Content-Type': 'application/json; charset=utf-8', 'cache-control': 'no-cache'})
2026-08-24 15:39:40 - selenium.webdriver.remote.remote_connection - DEBUG - Finished Request
2026-08-24 15:39:41 - selenium.webdriver.remote.remote_connection - DEBUG - POST http://localhost:59873/session/7ea3109d76211e5fd552f4aa86267cb8/execute/sync {'script': "return document.querySelectorAll('[data-rpa-tag-id]').length > 0", 'args': []}
2026-08-24 15:39:41 - urllib3.connectionpool - DEBUG - http://localhost:59873 "POST /session/7ea3109d76211e5fd552f4aa86267cb8/execute/sync HTTP/1.1" 200 0
2026-08-24 15:39:41 - selenium.webdriver.remote.remote_connection - DEBUG - Remote response: status=200 | data={"value":false} | headers=HTTPHeaderDict({'Content-Length': '15', 'Content-Type': 'application/json; charset=utf-8', 'cache-control': 'no-cache'})
2026-08-24 15:39:41 - selenium.webdriver.remote.remote_connection - DEBUG - Finished Request
2026-08-24 15:39:41 - selenium.webdriver.remote.remote_connection - DEBUG - POST http://localhost:59873/session/7ea3109d76211e5fd552f4aa86267cb8/execute/sync {'script': "return document.querySelectorAll('[data-rpa-tag-id]').length > 0", 'args': []}
2026-08-24 15:39:41 - urllib3.connectionpool - DEBUG - http://localhost:59873 "POST /session/7ea3109d76211e5fd552f4aa86267cb8/execute/sync HTTP/1.1" 200 0
2026-08-24 15:39:41 - selenium.webdriver.remote.remote_connection - DEBUG - Remote response: status=200 | data={"value":false} | headers=HTTPHeaderDict({'Content-Length': '15', 'Content-Type': 'application/json; charset=utf-8', 'cache-control': 'no-cache'})
2026-08-24 15:39:41 - selenium.webdriver.remote.remote_connection - DEBUG - Finished Request
2026-08-24 15:39:42 - selenium.webdriver.remote.remote_connection - DEBUG - POST http://localhost:59873/session/7ea3109d76211e5fd552f4aa86267cb8/execute/sync {'script': "return document.querySelectorAll('[data-rpa-tag-id]').length > 0", 'args': []}
2026-08-24 15:39:42 - urllib3.connectionpool - DEBUG - http://localhost:59873 "POST /session/7ea3109d76211e5fd552f4aa86267cb8/execute/sync HTTP/1.1" 200 0
2026-08-24 15:39:42 - selenium.webdriver.remote.remote_connection - DEBUG - Remote response: status=200 | data={"value":false} | headers=HTTPHeaderDict({'Content-Length': '15', 'Content-Type': 'application/json; charset=utf-8', 'cache-control': 'no-cache'})
2026-08-24 15:39:42 - selenium.webdriver.remote.remote_connection - DEBUG - Finished Request
2026-08-24 15:39:42 - selenium.webdriver.remote.remote_connection - DEBUG - POST http://localhost:59873/session/7ea3109d76211e5fd552f4aa86267cb8/execute/sync {'script': "return document.querySelectorAll('[data-rpa-tag-id]').length > 0", 'args': []}
2026-08-24 15:39:42 - urllib3.connectionpool - DEBUG - http://localhost:59873 "POST /session/7ea3109d76211e5fd552f4aa86267cb8/execute/sync HTTP/1.1" 200 0
2026-08-24 15:39:42 - selenium.webdriver.remote.remote_connection - DEBUG - Remote response: status=200 | data={"value":false} | headers=HTTPHeaderDict({'Content-Length': '15', 'Content-Type': 'application/json; charset=utf-8', 'cache-control': 'no-cache'})
2026-08-24 15:39:42 - selenium.webdriver.remote.remote_connection - DEBUG - Finished Request
2026-08-24 15:39:43 - selenium.webdriver.remote.remote_connection - DEBUG - POST http://localhost:59873/session/7ea3109d76211e5fd552f4aa86267cb8/execute/sync {'script': "return document.querySelectorAll('[data-rpa-tag-id]').length > 0", 'args': []}
2026-08-24 15:39:43 - urllib3.connectionpool - DEBUG - http://localhost:59873 "POST /session/7ea3109d76211e5fd552f4aa86267cb8/execute/sync HTTP/1.1" 200 0
2026-08-24 15:39:43 - selenium.webdriver.remote.remote_connection - DEBUG - Remote response: status=200 | data={"value":false} | headers=HTTPHeaderDict({'Content-Length': '15', 'Content-Type': 'application/json; charset=utf-8', 'cache-control': 'no-cache'})
2026-08-24 15:39:43 - selenium.webdriver.remote.remote_connection - DEBUG - Finished Request
2026-08-24 15:39:43 - selenium.webdriver.remote.remote_connection - DEBUG - POST http://localhost:59873/session/7ea3109d76211e5fd552f4aa86267cb8/execute/sync {'script': "return document.querySelectorAll('[data-rpa-tag-id]').length > 0", 'args': []}
2026-08-24 15:39:43 - urllib3.connectionpool - DEBUG - http://localhost:59873 "POST /session/7ea3109d76211e5fd552f4aa86267cb8/execute/sync HTTP/1.1" 200 0
2026-08-24 15:39:43 - selenium.webdriver.remote.remote_connection - DEBUG - Remote response: status=200 | data={"value":false} | headers=HTTPHeaderDict({'Content-Length': '15', 'Content-Type': 'application/json; charset=utf-8', 'cache-control': 'no-cache'})
2026-08-24 15:39:43 - selenium.webdriver.remote.remote_connection - DEBUG - Finished Request
2026-08-24 15:39:44 - selenium.webdriver.remote.remote_connection - DEBUG - POST http://localhost:59873/session/7ea3109d76211e5fd552f4aa86267cb8/execute/sync {'script': "return document.querySelectorAll('[data-rpa-tag-id]').length > 0", 'args': []}
2026-08-24 15:39:44 - urllib3.connectionpool - DEBUG - http://localhost:59873 "POST /session/7ea3109d76211e5fd552f4aa86267cb8/execute/sync HTTP/1.1" 200 0
2026-08-24 15:39:44 - selenium.webdriver.remote.remote_connection - DEBUG - Remote response: status=200 | data={"value":false} | headers=HTTPHeaderDict({'Content-Length': '15', 'Content-Type': 'application/json; charset=utf-8', 'cache-control': 'no-cache'})
2026-08-24 15:39:44 - selenium.webdriver.remote.remote_connection - DEBUG - Finished Request
2026-08-24 15:39:44 - selenium.webdriver.remote.remote_connection - DEBUG - POST http://localhost:59873/session/7ea3109d76211e5fd552f4aa86267cb8/execute/sync {'script': "return document.querySelectorAll('[data-rpa-tag-id]').length > 0", 'args': []}
2026-08-24 15:39:44 - urllib3.connectionpool - DEBUG - http://localhost:59873 "POST /session/7ea3109d76211e5fd552f4aa86267cb8/execute/sync HTTP/1.1" 200 0
2026-08-24 15:39:44 - selenium.webdriver.remote.remote_connection - DEBUG - Remote response: status=200 | data={"value":false} | headers=HTTPHeaderDict({'Content-Length': '15', 'Content-Type': 'application/json; charset=utf-8', 'cache-control': 'no-cache'})
2026-08-24 15:39:44 - selenium.webdriver.remote.remote_connection - DEBUG - Finished Request
2026-08-24 15:39:45 - selenium.webdriver.remote.remote_connection - DEBUG - POST http://localhost:59873/session/7ea3109d76211e5fd552f4aa86267cb8/execute/sync {'script': "return document.querySelectorAll('[data-rpa-tag-id]').length > 0", 'args': []}
2026-08-24 15:39:45 - urllib3.connectionpool - DEBUG - http://localhost:59873 "POST /session/7ea3109d76211e5fd552f4aa86267cb8/execute/sync HTTP/1.1" 200 0
2026-08-24 15:39:45 - selenium.webdriver.remote.remote_connection - DEBUG - Remote response: status=200 | data={"value":false} | headers=HTTPHeaderDict({'Content-Length': '15', 'Content-Type': 'application/json; charset=utf-8', 'cache-control': 'no-cache'})
2026-08-24 15:39:45 - selenium.webdriver.remote.remote_connection - DEBUG - Finished Request
2026-08-24 15:39:45 - selenium.webdriver.remote.remote_connection - DEBUG - POST http://localhost:59873/session/7ea3109d76211e5fd552f4aa86267cb8/execute/sync {'script': "return document.querySelectorAll('[data-rpa-tag-id]').length > 0", 'args': []}
2026-08-24 15:39:45 - urllib3.connectionpool - DEBUG - http://localhost:59873 "POST /session/7ea3109d76211e5fd552f4aa86267cb8/execute/sync HTTP/1.1" 200 0
2026-08-24 15:39:45 - selenium.webdriver.remote.remote_connection - DEBUG - Remote response: status=200 | data={"value":false} | headers=HTTPHeaderDict({'Content-Length': '15', 'Content-Type': 'application/json; charset=utf-8', 'cache-control': 'no-cache'})
2026-08-24 15:39:45 - selenium.webdriver.remote.remote_connection - DEBUG - Finished Request
2026-08-24 15:39:46 - selenium.webdriver.remote.remote_connection - DEBUG - POST http://localhost:59873/session/7ea3109d76211e5fd552f4aa86267cb8/execute/sync {'script': "return document.querySelectorAll('[data-rpa-tag-id]').length > 0", 'args': []}
2026-08-24 15:39:46 - urllib3.connectionpool - DEBUG - http://localhost:59873 "POST /session/7ea3109d76211e5fd552f4aa86267cb8/execute/sync HTTP/1.1" 200 0
2026-08-24 15:39:46 - selenium.webdriver.remote.remote_connection - DEBUG - Remote response: status=200 | data={"value":false} | headers=HTTPHeaderDict({'Content-Length': '15', 'Content-Type': 'application/json; charset=utf-8', 'cache-control': 'no-cache'})
2026-08-24 15:39:46 - selenium.webdriver.remote.remote_connection - DEBUG - Finished Request
2026-08-24 15:39:46 - selenium.webdriver.remote.remote_connection - DEBUG - POST http://localhost:59873/session/7ea3109d76211e5fd552f4aa86267cb8/execute/sync {'script': "return document.querySelectorAll('[data-rpa-tag-id]').length > 0", 'args': []}
2026-08-24 15:39:46 - urllib3.connectionpool - DEBUG - http://localhost:59873 "POST /session/7ea3109d76211e5fd552f4aa86267cb8/execute/sync HTTP/1.1" 200 0
2026-08-24 15:39:46 - selenium.webdriver.remote.remote_connection - DEBUG - Remote response: status=200 | data={"value":false} | headers=HTTPHeaderDict({'Content-Length': '15', 'Content-Type': 'application/json; charset=utf-8', 'cache-control': 'no-cache'})
2026-08-24 15:39:46 - selenium.webdriver.remote.remote_connection - DEBUG - Finished Request
2026-08-24 15:39:47 - selenium.webdriver.remote.remote_connection - DEBUG - POST http://localhost:59873/session/7ea3109d76211e5fd552f4aa86267cb8/execute/sync {'script': "return document.querySelectorAll('[data-rpa-tag-id]').length > 0", 'args': []}
2026-08-24 15:39:47 - urllib3.connectionpool - DEBUG - http://localhost:59873 "POST /session/7ea3109d76211e5fd552f4aa86267cb8/execute/sync HTTP/1.1" 200 0
2026-08-24 15:39:47 - selenium.webdriver.remote.remote_connection - DEBUG - Remote response: status=200 | data={"value":false} | headers=HTTPHeaderDict({'Content-Length': '15', 'Content-Type': 'application/json; charset=utf-8', 'cache-control': 'no-cache'})
2026-08-24 15:39:47 - selenium.webdriver.remote.remote_connection - DEBUG - Finished Request
2026-08-24 15:39:47 - selenium.webdriver.remote.remote_connection - DEBUG - POST http://localhost:59873/session/7ea3109d76211e5fd552f4aa86267cb8/execute/sync {'script': "return document.querySelectorAll('[data-rpa-tag-id]').length > 0", 'args': []}
2026-08-24 15:39:47 - urllib3.connectionpool - DEBUG - http://localhost:59873 "POST /session/7ea3109d76211e5fd552f4aa86267cb8/execute/sync HTTP/1.1" 200 0
2026-08-24 15:39:47 - selenium.webdriver.remote.remote_connection - DEBUG - Remote response: status=200 | data={"value":false} | headers=HTTPHeaderDict({'Content-Length': '15', 'Content-Type': 'application/json; charset=utf-8', 'cache-control': 'no-cache'})
2026-08-24 15:39:47 - selenium.webdriver.remote.remote_connection - DEBUG - Finished Request
2026-08-24 15:39:48 - selenium.webdriver.remote.remote_connection - DEBUG - POST http://localhost:59873/session/7ea3109d76211e5fd552f4aa86267cb8/execute/sync {'script': "return document.querySelectorAll('[data-rpa-tag-id]').length > 0", 'args': []}
2026-08-24 15:39:48 - urllib3.connectionpool - DEBUG - http://localhost:59873 "POST /session/7ea3109d76211e5fd552f4aa86267cb8/execute/sync HTTP/1.1" 200 0
2026-08-24 15:39:48 - selenium.webdriver.remote.remote_connection - DEBUG - Remote response: status=200 | data={"value":false} | headers=HTTPHeaderDict({'Content-Length': '15', 'Content-Type': 'application/json; charset=utf-8', 'cache-control': 'no-cache'})
2026-08-24 15:39:48 - selenium.webdriver.remote.remote_connection - DEBUG - Finished Request
2026-08-24 15:39:48 - selenium.webdriver.remote.remote_connection - DEBUG - POST http://localhost:59873/session/7ea3109d76211e5fd552f4aa86267cb8/execute/sync {'script': "return document.querySelectorAll('[data-rpa-tag-id]').length > 0", 'args': []}
2026-08-24 15:39:48 - urllib3.connectionpool - DEBUG - http://localhost:59873 "POST /session/7ea3109d76211e5fd552f4aa86267cb8/execute/sync HTTP/1.1" 200 0
2026-08-24 15:39:48 - selenium.webdriver.remote.remote_connection - DEBUG - Remote response: status=200 | data={"value":false} | headers=HTTPHeaderDict({'Content-Length': '15', 'Content-Type': 'application/json; charset=utf-8', 'cache-control': 'no-cache'})
2026-08-24 15:39:48 - selenium.webdriver.remote.remote_connection - DEBUG - Finished Request
2026-08-24 15:39:49 - selenium.webdriver.remote.remote_connection - DEBUG - POST http://localhost:59873/session/7ea3109d76211e5fd552f4aa86267cb8/execute/sync {'script': "return document.querySelectorAll('[data-rpa-tag-id]').length > 0", 'args': []}
2026-08-24 15:39:49 - urllib3.connectionpool - DEBUG - http://localhost:59873 "POST /session/7ea3109d76211e5fd552f4aa86267cb8/execute/sync HTTP/1.1" 200 0
2026-08-24 15:39:49 - selenium.webdriver.remote.remote_connection - DEBUG - Remote response: status=200 | data={"value":false} | headers=HTTPHeaderDict({'Content-Length': '15', 'Content-Type': 'application/json; charset=utf-8', 'cache-control': 'no-cache'})
2026-08-24 15:39:49 - selenium.webdriver.remote.remote_connection - DEBUG - Finished Request
2026-08-24 15:39:49 - selenium.webdriver.remote.remote_connection - DEBUG - POST http://localhost:59873/session/7ea3109d76211e5fd552f4aa86267cb8/execute/sync {'script': "return document.querySelectorAll('[data-rpa-tag-id]').length > 0", 'args': []}
2026-08-24 15:39:49 - urllib3.connectionpool - DEBUG - http://localhost:59873 "POST /session/7ea3109d76211e5fd552f4aa86267cb8/execute/sync HTTP/1.1" 200 0
2026-08-24 15:39:49 - selenium.webdriver.remote.remote_connection - DEBUG - Remote response: status=200 | data={"value":false} | headers=HTTPHeaderDict({'Content-Length': '15', 'Content-Type': 'application/json; charset=utf-8', 'cache-control': 'no-cache'})
2026-08-24 15:39:49 - selenium.webdriver.remote.remote_connection - DEBUG - Finished Request
2026-08-24 15:39:50 - selenium.webdriver.remote.remote_connection - DEBUG - POST http://localhost:59873/session/7ea3109d76211e5fd552f4aa86267cb8/execute/sync {'script': "return document.querySelectorAll('[data-rpa-tag-id]').length > 0", 'args': []}
2026-08-24 15:39:50 - urllib3.connectionpool - DEBUG - http://localhost:59873 "POST /session/7ea3109d76211e5fd552f4aa86267cb8/execute/sync HTTP/1.1" 200 0
2026-08-24 15:39:50 - selenium.webdriver.remote.remote_connection - DEBUG - Remote response: status=200 | data={"value":false} | headers=HTTPHeaderDict({'Content-Length': '15', 'Content-Type': 'application/json; charset=utf-8', 'cache-control': 'no-cache'})
2026-08-24 15:39:50 - selenium.webdriver.remote.remote_connection - DEBUG - Finished Request
2026-08-24 15:39:50 - selenium.webdriver.remote.remote_connection - DEBUG - POST http://localhost:59873/session/7ea3109d76211e5fd552f4aa86267cb8/execute/sync {'script': "return document.querySelectorAll('[data-rpa-tag-id]').length > 0", 'args': []}
2026-08-24 15:39:50 - urllib3.connectionpool - DEBUG - http://localhost:59873 "POST /session/7ea3109d76211e5fd552f4aa86267cb8/execute/sync HTTP/1.1" 200 0
2026-08-24 15:39:50 - selenium.webdriver.remote.remote_connection - DEBUG - Remote response: status=200 | data={"value":false} | headers=HTTPHeaderDict({'Content-Length': '15', 'Content-Type': 'application/json; charset=utf-8', 'cache-control': 'no-cache'})
2026-08-24 15:39:50 - selenium.webdriver.remote.remote_connection - DEBUG - Finished Request
2026-08-24 15:39:51 - selenium.webdriver.remote.remote_connection - DEBUG - POST http://localhost:59873/session/7ea3109d76211e5fd552f4aa86267cb8/execute/sync {'script': "return document.querySelectorAll('[data-rpa-tag-id]').length > 0", 'args': []}
2026-08-24 15:39:51 - urllib3.connectionpool - DEBUG - http://localhost:59873 "POST /session/7ea3109d76211e5fd552f4aa86267cb8/execute/sync HTTP/1.1" 200 0
2026-08-24 15:39:51 - selenium.webdriver.remote.remote_connection - DEBUG - Remote response: status=200 | data={"value":false} | headers=HTTPHeaderDict({'Content-Length': '15', 'Content-Type': 'application/json; charset=utf-8', 'cache-control': 'no-cache'})
2026-08-24 15:39:51 - selenium.webdriver.remote.remote_connection - DEBUG - Finished Request
2026-08-24 15:39:52 - selenium.webdriver.remote.remote_connection - DEBUG - POST http://localhost:59873/session/7ea3109d76211e5fd552f4aa86267cb8/execute/sync {'script': "return document.querySelectorAll('[data-rpa-tag-id]').length > 0", 'args': []}
2026-08-24 15:39:52 - urllib3.connectionpool - DEBUG - http://localhost:59873 "POST /session/7ea3109d76211e5fd552f4aa86267cb8/execute/sync HTTP/1.1" 200 0
2026-08-24 15:39:52 - selenium.webdriver.remote.remote_connection - DEBUG - Remote response: status=200 | data={"value":false} | headers=HTTPHeaderDict({'Content-Length': '15', 'Content-Type': 'application/json; charset=utf-8', 'cache-control': 'no-cache'})
2026-08-24 15:39:52 - selenium.webdriver.remote.remote_connection - DEBUG - Finished Request
2026-08-24 15:39:52 - selenium.webdriver.remote.remote_connection - DEBUG - POST http://localhost:59873/session/7ea3109d76211e5fd552f4aa86267cb8/execute/sync {'script': "return document.querySelectorAll('[data-rpa-tag-id]').length > 0", 'args': []}
2026-08-24 15:39:52 - urllib3.connectionpool - DEBUG - http://localhost:59873 "POST /session/7ea3109d76211e5fd552f4aa86267cb8/execute/sync HTTP/1.1" 200 0
2026-08-24 15:39:52 - selenium.webdriver.remote.remote_connection - DEBUG - Remote response: status=200 | data={"value":false} | headers=HTTPHeaderDict({'Content-Length': '15', 'Content-Type': 'application/json; charset=utf-8', 'cache-control': 'no-cache'})
2026-08-24 15:39:52 - selenium.webdriver.remote.remote_connection - DEBUG - Finished Request
2026-08-24 15:39:53 - selenium.webdriver.remote.remote_connection - DEBUG - POST http://localhost:59873/session/7ea3109d76211e5fd552f4aa86267cb8/execute/sync {'script': "return document.querySelectorAll('[data-rpa-tag-id]').length > 0", 'args': []}
2026-08-24 15:39:53 - urllib3.connectionpool - DEBUG - http://localhost:59873 "POST /session/7ea3109d76211e5fd552f4aa86267cb8/execute/sync HTTP/1.1" 200 0
2026-08-24 15:39:53 - selenium.webdriver.remote.remote_connection - DEBUG - Remote response: status=200 | data={"value":false} | headers=HTTPHeaderDict({'Content-Length': '15', 'Content-Type': 'application/json; charset=utf-8', 'cache-control': 'no-cache'})
2026-08-24 15:39:53 - selenium.webdriver.remote.remote_connection - DEBUG - Finished Request
2026-08-24 15:39:53 - selenium.webdriver.remote.remote_connection - DEBUG - POST http://localhost:59873/session/7ea3109d76211e5fd552f4aa86267cb8/execute/sync {'script': "return document.querySelectorAll('[data-rpa-tag-id]').length > 0", 'args': []}
2026-08-24 15:39:53 - urllib3.connectionpool - DEBUG - http://localhost:59873 "POST /session/7ea3109d76211e5fd552f4aa86267cb8/execute/sync HTTP/1.1" 200 0
2026-08-24 15:39:53 - selenium.webdriver.remote.remote_connection - DEBUG - Remote response: status=200 | data={"value":false} | headers=HTTPHeaderDict({'Content-Length': '15', 'Content-Type': 'application/json; charset=utf-8', 'cache-control': 'no-cache'})
2026-08-24 15:39:53 - selenium.webdriver.remote.remote_connection - DEBUG - Finished Request
2026-08-24 15:39:54 - selenium.webdriver.remote.remote_connection - DEBUG - POST http://localhost:59873/session/7ea3109d76211e5fd552f4aa86267cb8/execute/sync {'script': "return document.querySelectorAll('[data-rpa-tag-id]').length > 0", 'args': []}
2026-08-24 15:39:54 - urllib3.connectionpool - DEBUG - http://localhost:59873 "POST /session/7ea3109d76211e5fd552f4aa86267cb8/execute/sync HTTP/1.1" 200 0
2026-08-24 15:39:54 - selenium.webdriver.remote.remote_connection - DEBUG - Remote response: status=200 | data={"value":false} | headers=HTTPHeaderDict({'Content-Length': '15', 'Content-Type': 'application/json; charset=utf-8', 'cache-control': 'no-cache'})
2026-08-24 15:39:54 - selenium.webdriver.remote.remote_connection - DEBUG - Finished Request
2026-08-24 15:39:54 - selenium.webdriver.remote.remote_connection - DEBUG - POST http://localhost:59873/session/7ea3109d76211e5fd552f4aa86267cb8/execute/sync {'script': "return document.querySelectorAll('[data-rpa-tag-id]').length > 0", 'args': []}
2026-08-24 15:39:54 - urllib3.connectionpool - DEBUG - http://localhost:59873 "POST /session/7ea3109d76211e5fd552f4aa86267cb8/execute/sync HTTP/1.1" 200 0
2026-08-24 15:39:54 - selenium.webdriver.remote.remote_connection - DEBUG - Remote response: status=200 | data={"value":false} | headers=HTTPHeaderDict({'Content-Length': '15', 'Content-Type': 'application/json; charset=utf-8', 'cache-control': 'no-cache'})
2026-08-24 15:39:54 - selenium.webdriver.remote.remote_connection - DEBUG - Finished Request
2026-08-24 15:39:55 - selenium.webdriver.remote.remote_connection - DEBUG - POST http://localhost:59873/session/7ea3109d76211e5fd552f4aa86267cb8/execute/sync {'script': "return document.querySelectorAll('[data-rpa-tag-id]').length > 0", 'args': []}
2026-08-24 15:39:55 - urllib3.connectionpool - DEBUG - http://localhost:59873 "POST /session/7ea3109d76211e5fd552f4aa86267cb8/execute/sync HTTP/1.1" 200 0
2026-08-24 15:39:55 - selenium.webdriver.remote.remote_connection - DEBUG - Remote response: status=200 | data={"value":false} | headers=HTTPHeaderDict({'Content-Length': '15', 'Content-Type': 'application/json; charset=utf-8', 'cache-control': 'no-cache'})
2026-08-24 15:39:55 - selenium.webdriver.remote.remote_connection - DEBUG - Finished Request
2026-08-24 15:39:55 - selenium.webdriver.remote.remote_connection - DEBUG - POST http://localhost:59873/session/7ea3109d76211e5fd552f4aa86267cb8/execute/sync {'script': "return document.querySelectorAll('[data-rpa-tag-id]').length > 0", 'args': []}
2026-08-24 15:39:55 - urllib3.connectionpool - DEBUG - http://localhost:59873 "POST /session/7ea3109d76211e5fd552f4aa86267cb8/execute/sync HTTP/1.1" 200 0
2026-08-24 15:39:55 - selenium.webdriver.remote.remote_connection - DEBUG - Remote response: status=200 | data={"value":false} | headers=HTTPHeaderDict({'Content-Length': '15', 'Content-Type': 'application/json; charset=utf-8', 'cache-control': 'no-cache'})
2026-08-24 15:39:55 - selenium.webdriver.remote.remote_connection - DEBUG - Finished Request
2026-08-24 15:39:56 - selenium.webdriver.remote.remote_connection - DEBUG - POST http://localhost:59873/session/7ea3109d76211e5fd552f4aa86267cb8/execute/sync {'script': "return document.querySelectorAll('[data-rpa-tag-id]').length > 0", 'args': []}
2026-08-24 15:39:56 - urllib3.connectionpool - DEBUG - http://localhost:59873 "POST /session/7ea3109d76211e5fd552f4aa86267cb8/execute/sync HTTP/1.1" 200 0
2026-08-24 15:39:56 - selenium.webdriver.remote.remote_connection - DEBUG - Remote response: status=200 | data={"value":false} | headers=HTTPHeaderDict({'Content-Length': '15', 'Content-Type': 'application/json; charset=utf-8', 'cache-control': 'no-cache'})
2026-08-24 15:39:56 - selenium.webdriver.remote.remote_connection - DEBUG - Finished Request
2026-08-24 15:39:56 - selenium.webdriver.remote.remote_connection - DEBUG - POST http://localhost:59873/session/7ea3109d76211e5fd552f4aa86267cb8/execute/sync {'script': "return document.querySelectorAll('[data-rpa-tag-id]').length > 0", 'args': []}
2026-08-24 15:39:56 - urllib3.connectionpool - DEBUG - http://localhost:59873 "POST /session/7ea3109d76211e5fd552f4aa86267cb8/execute/sync HTTP/1.1" 200 0
2026-08-24 15:39:56 - selenium.webdriver.remote.remote_connection - DEBUG - Remote response: status=200 | data={"value":false} | headers=HTTPHeaderDict({'Content-Length': '15', 'Content-Type': 'application/json; charset=utf-8', 'cache-control': 'no-cache'})
2026-08-24 15:39:56 - selenium.webdriver.remote.remote_connection - DEBUG - Finished Request
2026-08-24 15:39:57 - selenium.webdriver.remote.remote_connection - DEBUG - POST http://localhost:59873/session/7ea3109d76211e5fd552f4aa86267cb8/execute/sync {'script': "return document.querySelectorAll('[data-rpa-tag-id]').length > 0", 'args': []}
2026-08-24 15:39:57 - urllib3.connectionpool - DEBUG - http://localhost:59873 "POST /session/7ea3109d76211e5fd552f4aa86267cb8/execute/sync HTTP/1.1" 200 0
2026-08-24 15:39:57 - selenium.webdriver.remote.remote_connection - DEBUG - Remote response: status=200 | data={"value":false} | headers=HTTPHeaderDict({'Content-Length': '15', 'Content-Type': 'application/json; charset=utf-8', 'cache-control': 'no-cache'})
2026-08-24 15:39:57 - selenium.webdriver.remote.remote_connection - DEBUG - Finished Request
2026-08-24 15:39:57 - selenium.webdriver.remote.remote_connection - DEBUG - POST http://localhost:59873/session/7ea3109d76211e5fd552f4aa86267cb8/execute/sync {'script': "return document.querySelectorAll('[data-rpa-tag-id]').length > 0", 'args': []}
2026-08-24 15:39:57 - urllib3.connectionpool - DEBUG - http://localhost:59873 "POST /session/7ea3109d76211e5fd552f4aa86267cb8/execute/sync HTTP/1.1" 200 0
2026-08-24 15:39:57 - selenium.webdriver.remote.remote_connection - DEBUG - Remote response: status=200 | data={"value":false} | headers=HTTPHeaderDict({'Content-Length': '15', 'Content-Type': 'application/json; charset=utf-8', 'cache-control': 'no-cache'})
2026-08-24 15:39:57 - selenium.webdriver.remote.remote_connection - DEBUG - Finished Request
2026-08-24 15:39:58 - selenium.webdriver.remote.remote_connection - DEBUG - POST http://localhost:59873/session/7ea3109d76211e5fd552f4aa86267cb8/execute/sync {'script': "return document.querySelectorAll('[data-rpa-tag-id]').length > 0", 'args': []}
2026-08-24 15:39:58 - urllib3.connectionpool - DEBUG - http://localhost:59873 "POST /session/7ea3109d76211e5fd552f4aa86267cb8/execute/sync HTTP/1.1" 200 0
2026-08-24 15:39:58 - selenium.webdriver.remote.remote_connection - DEBUG - Remote response: status=200 | data={"value":false} | headers=HTTPHeaderDict({'Content-Length': '15', 'Content-Type': 'application/json; charset=utf-8', 'cache-control': 'no-cache'})
2026-08-24 15:39:58 - selenium.webdriver.remote.remote_connection - DEBUG - Finished Request
2026-08-24 15:39:58 - selenium.webdriver.remote.remote_connection - DEBUG - POST http://localhost:59873/session/7ea3109d76211e5fd552f4aa86267cb8/execute/sync {'script': "return document.querySelectorAll('[data-rpa-tag-id]').length > 0", 'args': []}
2026-08-24 15:39:58 - urllib3.connectionpool - DEBUG - http://localhost:59873 "POST /session/7ea3109d76211e5fd552f4aa86267cb8/execute/sync HTTP/1.1" 200 0
2026-08-24 15:39:58 - selenium.webdriver.remote.remote_connection - DEBUG - Remote response: status=200 | data={"value":false} | headers=HTTPHeaderDict({'Content-Length': '15', 'Content-Type': 'application/json; charset=utf-8', 'cache-control': 'no-cache'})
2026-08-24 15:39:58 - selenium.webdriver.remote.remote_connection - DEBUG - Finished Request
2026-08-24 15:39:59 - selenium.webdriver.remote.remote_connection - DEBUG - POST http://localhost:59873/session/7ea3109d76211e5fd552f4aa86267cb8/execute/sync {'script': "return document.querySelectorAll('[data-rpa-tag-id]').length > 0", 'args': []}
2026-08-24 15:39:59 - urllib3.connectionpool - DEBUG - http://localhost:59873 "POST /session/7ea3109d76211e5fd552f4aa86267cb8/execute/sync HTTP/1.1" 200 0
2026-08-24 15:39:59 - selenium.webdriver.remote.remote_connection - DEBUG - Remote response: status=200 | data={"value":false} | headers=HTTPHeaderDict({'Content-Length': '15', 'Content-Type': 'application/json; charset=utf-8', 'cache-control': 'no-cache'})
2026-08-24 15:39:59 - selenium.webdriver.remote.remote_connection - DEBUG - Finished Request
2026-08-24 15:39:59 - selenium.webdriver.remote.remote_connection - DEBUG - POST http://localhost:59873/session/7ea3109d76211e5fd552f4aa86267cb8/execute/sync {'script': "return document.querySelectorAll('[data-rpa-tag-id]').length > 0", 'args': []}
2026-08-24 15:39:59 - urllib3.connectionpool - DEBUG - http://localhost:59873 "POST /session/7ea3109d76211e5fd552f4aa86267cb8/execute/sync HTTP/1.1" 200 0
2026-08-24 15:39:59 - selenium.webdriver.remote.remote_connection - DEBUG - Remote response: status=200 | data={"value":false} | headers=HTTPHeaderDict({'Content-Length': '15', 'Content-Type': 'application/json; charset=utf-8', 'cache-control': 'no-cache'})
2026-08-24 15:39:59 - selenium.webdriver.remote.remote_connection - DEBUG - Finished Request
2026-08-24 15:40:00 - selenium.webdriver.remote.remote_connection - DEBUG - POST http://localhost:59873/session/7ea3109d76211e5fd552f4aa86267cb8/execute/sync {'script': "return document.querySelectorAll('[data-rpa-tag-id]').length > 0", 'args': []}
2026-08-24 15:40:00 - urllib3.connectionpool - DEBUG - http://localhost:59873 "POST /session/7ea3109d76211e5fd552f4aa86267cb8/execute/sync HTTP/1.1" 200 0
2026-08-24 15:40:00 - selenium.webdriver.remote.remote_connection - DEBUG - Remote response: status=200 | data={"value":false} | headers=HTTPHeaderDict({'Content-Length': '15', 'Content-Type': 'application/json; charset=utf-8', 'cache-control': 'no-cache'})
2026-08-24 15:40:00 - selenium.webdriver.remote.remote_connection - DEBUG - Finished Request
2026-08-24 15:40:00 - selenium.webdriver.remote.remote_connection - DEBUG - POST http://localhost:59873/session/7ea3109d76211e5fd552f4aa86267cb8/execute/sync {'script': "return document.querySelectorAll('[data-rpa-tag-id]').length > 0", 'args': []}
2026-08-24 15:40:00 - urllib3.connectionpool - DEBUG - http://localhost:59873 "POST /session/7ea3109d76211e5fd552f4aa86267cb8/execute/sync HTTP/1.1" 200 0
2026-08-24 15:40:00 - selenium.webdriver.remote.remote_connection - DEBUG - Remote response: status=200 | data={"value":false} | headers=HTTPHeaderDict({'Content-Length': '15', 'Content-Type': 'application/json; charset=utf-8', 'cache-control': 'no-cache'})
2026-08-24 15:40:00 - selenium.webdriver.remote.remote_connection - DEBUG - Finished Request
2026-08-24 15:40:00 - scraper - WARNING - Angular did not bootstrap within 30s — will refresh
2026-08-24 15:40:00 - scraper - INFO - Angular stalled — refreshing page (bundle now cached)
2026-08-24 15:40:00 - selenium.webdriver.remote.remote_connection - DEBUG - POST http://localhost:59873/session/7ea3109d76211e5fd552f4aa86267cb8/refresh {}
2026-08-24 15:40:02 - urllib3.connectionpool - DEBUG - http://localhost:59873 "POST /session/7ea3109d76211e5fd552f4aa86267cb8/refresh HTTP/1.1" 200 0
2026-08-24 15:40:02 - selenium.webdriver.remote.remote_connection - DEBUG - Remote response: status=200 | data={"value":null} | headers=HTTPHeaderDict({'Content-Length': '14', 'Content-Type': 'application/json; charset=utf-8', 'cache-control': 'no-cache'})
2026-08-24 15:40:02 - selenium.webdriver.remote.remote_connection - DEBUG - Finished Request
2026-08-24 15:40:02 - selenium.webdriver.remote.remote_connection - DEBUG - POST http://localhost:59873/session/7ea3109d76211e5fd552f4aa86267cb8/execute/sync {'script': "\n                var candidates = [\n                    document.querySelector('#onetrust-accept-btn...", 'args': []}
2026-08-24 15:40:03 - urllib3.connectionpool - DEBUG - http://localhost:59873 "POST /session/7ea3109d76211e5fd552f4aa86267cb8/execute/sync HTTP/1.1" 200 0
2026-08-24 15:40:03 - selenium.webdriver.remote.remote_connection - DEBUG - Remote response: status=200 | data={"value":null} | headers=HTTPHeaderDict({'Content-Length': '14', 'Content-Type': 'application/json; charset=utf-8', 'cache-control': 'no-cache'})
2026-08-24 15:40:03 - selenium.webdriver.remote.remote_connection - DEBUG - Finished Request
2026-08-24 15:40:03 - selenium.webdriver.remote.remote_connection - DEBUG - POST http://localhost:59873/session/7ea3109d76211e5fd552f4aa86267cb8/execute/sync {'script': "return document.querySelectorAll('[data-rpa-tag-id]').length > 0", 'args': []}
2026-08-24 15:40:03 - urllib3.connectionpool - DEBUG - http://localhost:59873 "POST /session/7ea3109d76211e5fd552f4aa86267cb8/execute/sync HTTP/1.1" 200 0
2026-08-24 15:40:03 - selenium.webdriver.remote.remote_connection - DEBUG - Remote response: status=200 | data={"value":false} | headers=HTTPHeaderDict({'Content-Length': '15', 'Content-Type': 'application/json; charset=utf-8', 'cache-control': 'no-cache'})
2026-08-24 15:40:03 - selenium.webdriver.remote.remote_connection - DEBUG - Finished Request
2026-08-24 15:40:03 - selenium.webdriver.remote.remote_connection - DEBUG - POST http://localhost:59873/session/7ea3109d76211e5fd552f4aa86267cb8/execute/sync {'script': "return document.querySelectorAll('[data-rpa-tag-id]').length > 0", 'args': []}
2026-08-24 15:40:05 - urllib3.connectionpool - DEBUG - http://localhost:59873 "POST /session/7ea3109d76211e5fd552f4aa86267cb8/execute/sync HTTP/1.1" 200 0
2026-08-24 15:40:05 - selenium.webdriver.remote.remote_connection - DEBUG - Remote response: status=200 | data={"value":false} | headers=HTTPHeaderDict({'Content-Length': '15', 'Content-Type': 'application/json; charset=utf-8', 'cache-control': 'no-cache'})
2026-08-24 15:40:05 - selenium.webdriver.remote.remote_connection - DEBUG - Finished Request
2026-08-24 15:40:05 - selenium.webdriver.remote.remote_connection - DEBUG - POST http://localhost:59873/session/7ea3109d76211e5fd552f4aa86267cb8/execute/sync {'script': "return document.querySelectorAll('[data-rpa-tag-id]').length > 0", 'args': []}
2026-08-24 15:40:05 - urllib3.connectionpool - DEBUG - http://localhost:59873 "POST /session/7ea3109d76211e5fd552f4aa86267cb8/execute/sync HTTP/1.1" 200 0
2026-08-24 15:40:05 - selenium.webdriver.remote.remote_connection - DEBUG - Remote response: status=200 | data={"value":false} | headers=HTTPHeaderDict({'Content-Length': '15', 'Content-Type': 'application/json; charset=utf-8', 'cache-control': 'no-cache'})
2026-08-24 15:40:05 - selenium.webdriver.remote.remote_connection - DEBUG - Finished Request
2026-08-24 15:40:06 - selenium.webdriver.remote.remote_connection - DEBUG - POST http://localhost:59873/session/7ea3109d76211e5fd552f4aa86267cb8/execute/sync {'script': "return document.querySelectorAll('[data-rpa-tag-id]').length > 0", 'args': []}
2026-08-24 15:40:06 - urllib3.connectionpool - DEBUG - http://localhost:59873 "POST /session/7ea3109d76211e5fd552f4aa86267cb8/execute/sync HTTP/1.1" 200 0
2026-08-24 15:40:06 - selenium.webdriver.remote.remote_connection - DEBUG - Remote response: status=200 | data={"value":false} | headers=HTTPHeaderDict({'Content-Length': '15', 'Content-Type': 'application/json; charset=utf-8', 'cache-control': 'no-cache'})
2026-08-24 15:40:06 - selenium.webdriver.remote.remote_connection - DEBUG - Finished Request
2026-08-24 15:40:06 - selenium.webdriver.remote.remote_connection - DEBUG - POST http://localhost:59873/session/7ea3109d76211e5fd552f4aa86267cb8/execute/sync {'script': "return document.querySelectorAll('[data-rpa-tag-id]').length > 0", 'args': []}
2026-08-24 15:40:06 - urllib3.connectionpool - DEBUG - http://localhost:59873 "POST /session/7ea3109d76211e5fd552f4aa86267cb8/execute/sync HTTP/1.1" 200 0
2026-08-24 15:40:06 - selenium.webdriver.remote.remote_connection - DEBUG - Remote response: status=200 | data={"value":false} | headers=HTTPHeaderDict({'Content-Length': '15', 'Content-Type': 'application/json; charset=utf-8', 'cache-control': 'no-cache'})
2026-08-24 15:40:06 - selenium.webdriver.remote.remote_connection - DEBUG - Finished Request
2026-08-24 15:40:07 - selenium.webdriver.remote.remote_connection - DEBUG - POST http://localhost:59873/session/7ea3109d76211e5fd552f4aa86267cb8/execute/sync {'script': "return document.querySelectorAll('[data-rpa-tag-id]').length > 0", 'args': []}
2026-08-24 15:40:07 - urllib3.connectionpool - DEBUG - http://localhost:59873 "POST /session/7ea3109d76211e5fd552f4aa86267cb8/execute/sync HTTP/1.1" 200 0
2026-08-24 15:40:07 - selenium.webdriver.remote.remote_connection - DEBUG - Remote response: status=200 | data={"value":false} | headers=HTTPHeaderDict({'Content-Length': '15', 'Content-Type': 'application/json; charset=utf-8', 'cache-control': 'no-cache'})
2026-08-24 15:40:07 - selenium.webdriver.remote.remote_connection - DEBUG - Finished Request
2026-08-24 15:40:07 - selenium.webdriver.remote.remote_connection - DEBUG - POST http://localhost:59873/session/7ea3109d76211e5fd552f4aa86267cb8/execute/sync {'script': "return document.querySelectorAll('[data-rpa-tag-id]').length > 0", 'args': []}
2026-08-24 15:40:07 - urllib3.connectionpool - DEBUG - http://localhost:59873 "POST /session/7ea3109d76211e5fd552f4aa86267cb8/execute/sync HTTP/1.1" 200 0
2026-08-24 15:40:07 - selenium.webdriver.remote.remote_connection - DEBUG - Remote response: status=200 | data={"value":false} | headers=HTTPHeaderDict({'Content-Length': '15', 'Content-Type': 'application/json; charset=utf-8', 'cache-control': 'no-cache'})
2026-08-24 15:40:07 - selenium.webdriver.remote.remote_connection - DEBUG - Finished Request
2026-08-24 15:40:08 - selenium.webdriver.remote.remote_connection - DEBUG - POST http://localhost:59873/session/7ea3109d76211e5fd552f4aa86267cb8/execute/sync {'script': "return document.querySelectorAll('[data-rpa-tag-id]').length > 0", 'args': []}
2026-08-24 15:40:08 - urllib3.connectionpool - DEBUG - http://localhost:59873 "POST /session/7ea3109d76211e5fd552f4aa86267cb8/execute/sync HTTP/1.1" 200 0
2026-08-24 15:40:08 - selenium.webdriver.remote.remote_connection - DEBUG - Remote response: status=200 | data={"value":false} | headers=HTTPHeaderDict({'Content-Length': '15', 'Content-Type': 'application/json; charset=utf-8', 'cache-control': 'no-cache'})
2026-08-24 15:40:08 - selenium.webdriver.remote.remote_connection - DEBUG - Finished Request
2026-08-24 15:40:08 - selenium.webdriver.remote.remote_connection - DEBUG - POST http://localhost:59873/session/7ea3109d76211e5fd552f4aa86267cb8/execute/sync {'script': "return document.querySelectorAll('[data-rpa-tag-id]').length > 0", 'args': []}
2026-08-24 15:40:08 - urllib3.connectionpool - DEBUG - http://localhost:59873 "POST /session/7ea3109d76211e5fd552f4aa86267cb8/execute/sync HTTP/1.1" 200 0
2026-08-24 15:40:08 - selenium.webdriver.remote.remote_connection - DEBUG - Remote response: status=200 | data={"value":false} | headers=HTTPHeaderDict({'Content-Length': '15', 'Content-Type': 'application/json; charset=utf-8', 'cache-control': 'no-cache'})
2026-08-24 15:40:08 - selenium.webdriver.remote.remote_connection - DEBUG - Finished Request
2026-08-24 15:40:09 - selenium.webdriver.remote.remote_connection - DEBUG - POST http://localhost:59873/session/7ea3109d76211e5fd552f4aa86267cb8/execute/sync {'script': "return document.querySelectorAll('[data-rpa-tag-id]').length > 0", 'args': []}
2026-08-24 15:40:09 - urllib3.connectionpool - DEBUG - http://localhost:59873 "POST /session/7ea3109d76211e5fd552f4aa86267cb8/execute/sync HTTP/1.1" 200 0
2026-08-24 15:40:09 - selenium.webdriver.remote.remote_connection - DEBUG - Remote response: status=200 | data={"value":false} | headers=HTTPHeaderDict({'Content-Length': '15', 'Content-Type': 'application/json; charset=utf-8', 'cache-control': 'no-cache'})
2026-08-24 15:40:09 - selenium.webdriver.remote.remote_connection - DEBUG - Finished Request
2026-08-24 15:40:10 - selenium.webdriver.remote.remote_connection - DEBUG - POST http://localhost:59873/session/7ea3109d76211e5fd552f4aa86267cb8/execute/sync {'script': "return document.querySelectorAll('[data-rpa-tag-id]').length > 0", 'args': []}
2026-08-24 15:40:10 - urllib3.connectionpool - DEBUG - http://localhost:59873 "POST /session/7ea3109d76211e5fd552f4aa86267cb8/execute/sync HTTP/1.1" 200 0
2026-08-24 15:40:10 - selenium.webdriver.remote.remote_connection - DEBUG - Remote response: status=200 | data={"value":false} | headers=HTTPHeaderDict({'Content-Length': '15', 'Content-Type': 'application/json; charset=utf-8', 'cache-control': 'no-cache'})
2026-08-24 15:40:10 - selenium.webdriver.remote.remote_connection - DEBUG - Finished Request
2026-08-24 15:40:10 - selenium.webdriver.remote.remote_connection - DEBUG - POST http://localhost:59873/session/7ea3109d76211e5fd552f4aa86267cb8/execute/sync {'script': "return document.querySelectorAll('[data-rpa-tag-id]').length > 0", 'args': []}
2026-08-24 15:40:10 - urllib3.connectionpool - DEBUG - http://localhost:59873 "POST /session/7ea3109d76211e5fd552f4aa86267cb8/execute/sync HTTP/1.1" 200 0
2026-08-24 15:40:10 - selenium.webdriver.remote.remote_connection - DEBUG - Remote response: status=200 | data={"value":false} | headers=HTTPHeaderDict({'Content-Length': '15', 'Content-Type': 'application/json; charset=utf-8', 'cache-control': 'no-cache'})
2026-08-24 15:40:10 - selenium.webdriver.remote.remote_connection - DEBUG - Finished Request
2026-08-24 15:40:11 - selenium.webdriver.remote.remote_connection - DEBUG - POST http://localhost:59873/session/7ea3109d76211e5fd552f4aa86267cb8/execute/sync {'script': "return document.querySelectorAll('[data-rpa-tag-id]').length > 0", 'args': []}
2026-08-24 15:40:11 - urllib3.connectionpool - DEBUG - http://localhost:59873 "POST /session/7ea3109d76211e5fd552f4aa86267cb8/execute/sync HTTP/1.1" 200 0
2026-08-24 15:40:11 - selenium.webdriver.remote.remote_connection - DEBUG - Remote response: status=200 | data={"value":false} | headers=HTTPHeaderDict({'Content-Length': '15', 'Content-Type': 'application/json; charset=utf-8', 'cache-control': 'no-cache'})
2026-08-24 15:40:11 - selenium.webdriver.remote.remote_connection - DEBUG - Finished Request
2026-08-24 15:40:11 - selenium.webdriver.remote.remote_connection - DEBUG - POST http://localhost:59873/session/7ea3109d76211e5fd552f4aa86267cb8/execute/sync {'script': "return document.querySelectorAll('[data-rpa-tag-id]').length > 0", 'args': []}
2026-08-24 15:40:11 - urllib3.connectionpool - DEBUG - http://localhost:59873 "POST /session/7ea3109d76211e5fd552f4aa86267cb8/execute/sync HTTP/1.1" 200 0
2026-08-24 15:40:11 - selenium.webdriver.remote.remote_connection - DEBUG - Remote response: status=200 | data={"value":false} | headers=HTTPHeaderDict({'Content-Length': '15', 'Content-Type': 'application/json; charset=utf-8', 'cache-control': 'no-cache'})
2026-08-24 15:40:11 - selenium.webdriver.remote.remote_connection - DEBUG - Finished Request
2026-08-24 15:40:12 - selenium.webdriver.remote.remote_connection - DEBUG - POST http://localhost:59873/session/7ea3109d76211e5fd552f4aa86267cb8/execute/sync {'script': "return document.querySelectorAll('[data-rpa-tag-id]').length > 0", 'args': []}
2026-08-24 15:40:12 - urllib3.connectionpool - DEBUG - http://localhost:59873 "POST /session/7ea3109d76211e5fd552f4aa86267cb8/execute/sync HTTP/1.1" 200 0
2026-08-24 15:40:12 - selenium.webdriver.remote.remote_connection - DEBUG - Remote response: status=200 | data={"value":false} | headers=HTTPHeaderDict({'Content-Length': '15', 'Content-Type': 'application/json; charset=utf-8', 'cache-control': 'no-cache'})
2026-08-24 15:40:12 - selenium.webdriver.remote.remote_connection - DEBUG - Finished Request
2026-08-24 15:40:12 - selenium.webdriver.remote.remote_connection - DEBUG - POST http://localhost:59873/session/7ea3109d76211e5fd552f4aa86267cb8/execute/sync {'script': "return document.querySelectorAll('[data-rpa-tag-id]').length > 0", 'args': []}
2026-08-24 15:40:12 - urllib3.connectionpool - DEBUG - http://localhost:59873 "POST /session/7ea3109d76211e5fd552f4aa86267cb8/execute/sync HTTP/1.1" 200 0
2026-08-24 15:40:12 - selenium.webdriver.remote.remote_connection - DEBUG - Remote response: status=200 | data={"value":false} | headers=HTTPHeaderDict({'Content-Length': '15', 'Content-Type': 'application/json; charset=utf-8', 'cache-control': 'no-cache'})
2026-08-24 15:40:12 - selenium.webdriver.remote.remote_connection - DEBUG - Finished Request
2026-08-24 15:40:13 - selenium.webdriver.remote.remote_connection - DEBUG - POST http://localhost:59873/session/7ea3109d76211e5fd552f4aa86267cb8/execute/sync {'script': "return document.querySelectorAll('[data-rpa-tag-id]').length > 0", 'args': []}
2026-08-24 15:40:13 - urllib3.connectionpool - DEBUG - http://localhost:59873 "POST /session/7ea3109d76211e5fd552f4aa86267cb8/execute/sync HTTP/1.1" 200 0
2026-08-24 15:40:13 - selenium.webdriver.remote.remote_connection - DEBUG - Remote response: status=200 | data={"value":false} | headers=HTTPHeaderDict({'Content-Length': '15', 'Content-Type': 'application/json; charset=utf-8', 'cache-control': 'no-cache'})
2026-08-24 15:40:13 - selenium.webdriver.remote.remote_connection - DEBUG - Finished Request
2026-08-24 15:40:13 - selenium.webdriver.remote.remote_connection - DEBUG - POST http://localhost:59873/session/7ea3109d76211e5fd552f4aa86267cb8/execute/sync {'script': "return document.querySelectorAll('[data-rpa-tag-id]').length > 0", 'args': []}
2026-08-24 15:40:13 - urllib3.connectionpool - DEBUG - http://localhost:59873 "POST /session/7ea3109d76211e5fd552f4aa86267cb8/execute/sync HTTP/1.1" 200 0
2026-08-24 15:40:13 - selenium.webdriver.remote.remote_connection - DEBUG - Remote response: status=200 | data={"value":false} | headers=HTTPHeaderDict({'Content-Length': '15', 'Content-Type': 'application/json; charset=utf-8', 'cache-control': 'no-cache'})
2026-08-24 15:40:13 - selenium.webdriver.remote.remote_connection - DEBUG - Finished Request
2026-08-24 15:40:14 - selenium.webdriver.remote.remote_connection - DEBUG - POST http://localhost:59873/session/7ea3109d76211e5fd552f4aa86267cb8/execute/sync {'script': "return document.querySelectorAll('[data-rpa-tag-id]').length > 0", 'args': []}
2026-08-24 15:40:14 - urllib3.connectionpool - DEBUG - http://localhost:59873 "POST /session/7ea3109d76211e5fd552f4aa86267cb8/execute/sync HTTP/1.1" 200 0
2026-08-24 15:40:14 - selenium.webdriver.remote.remote_connection - DEBUG - Remote response: status=200 | data={"value":false} | headers=HTTPHeaderDict({'Content-Length': '15', 'Content-Type': 'application/json; charset=utf-8', 'cache-control': 'no-cache'})
2026-08-24 15:40:14 - selenium.webdriver.remote.remote_connection - DEBUG - Finished Request
2026-08-24 15:40:14 - selenium.webdriver.remote.remote_connection - DEBUG - POST http://localhost:59873/session/7ea3109d76211e5fd552f4aa86267cb8/execute/sync {'script': "return document.querySelectorAll('[data-rpa-tag-id]').length > 0", 'args': []}
2026-08-24 15:40:14 - urllib3.connectionpool - DEBUG - http://localhost:59873 "POST /session/7ea3109d76211e5fd552f4aa86267cb8/execute/sync HTTP/1.1" 200 0
2026-08-24 15:40:14 - selenium.webdriver.remote.remote_connection - DEBUG - Remote response: status=200 | data={"value":false} | headers=HTTPHeaderDict({'Content-Length': '15', 'Content-Type': 'application/json; charset=utf-8', 'cache-control': 'no-cache'})
2026-08-24 15:40:14 - selenium.webdriver.remote.remote_connection - DEBUG - Finished Request
2026-08-24 15:40:15 - selenium.webdriver.remote.remote_connection - DEBUG - POST http://localhost:59873/session/7ea3109d76211e5fd552f4aa86267cb8/execute/sync {'script': "return document.querySelectorAll('[data-rpa-tag-id]').length > 0", 'args': []}
2026-08-24 15:40:15 - urllib3.connectionpool - DEBUG - http://localhost:59873 "POST /session/7ea3109d76211e5fd552f4aa86267cb8/execute/sync HTTP/1.1" 200 0
2026-08-24 15:40:15 - selenium.webdriver.remote.remote_connection - DEBUG - Remote response: status=200 | data={"value":false} | headers=HTTPHeaderDict({'Content-Length': '15', 'Content-Type': 'application/json; charset=utf-8', 'cache-control': 'no-cache'})
2026-08-24 15:40:15 - selenium.webdriver.remote.remote_connection - DEBUG - Finished Request
2026-08-24 15:40:15 - selenium.webdriver.remote.remote_connection - DEBUG - POST http://localhost:59873/session/7ea3109d76211e5fd552f4aa86267cb8/execute/sync {'script': "return document.querySelectorAll('[data-rpa-tag-id]').length > 0", 'args': []}
2026-08-24 15:40:15 - urllib3.connectionpool - DEBUG - http://localhost:59873 "POST /session/7ea3109d76211e5fd552f4aa86267cb8/execute/sync HTTP/1.1" 200 0
2026-08-24 15:40:15 - selenium.webdriver.remote.remote_connection - DEBUG - Remote response: status=200 | data={"value":false} | headers=HTTPHeaderDict({'Content-Length': '15', 'Content-Type': 'application/json; charset=utf-8', 'cache-control': 'no-cache'})
2026-08-24 15:40:15 - selenium.webdriver.remote.remote_connection - DEBUG - Finished Request
2026-08-24 15:40:16 - selenium.webdriver.remote.remote_connection - DEBUG - POST http://localhost:59873/session/7ea3109d76211e5fd552f4aa86267cb8/execute/sync {'script': "return document.querySelectorAll('[data-rpa-tag-id]').length > 0", 'args': []}
2026-08-24 15:40:16 - urllib3.connectionpool - DEBUG - http://localhost:59873 "POST /session/7ea3109d76211e5fd552f4aa86267cb8/execute/sync HTTP/1.1" 200 0
2026-08-24 15:40:16 - selenium.webdriver.remote.remote_connection - DEBUG - Remote response: status=200 | data={"value":false} | headers=HTTPHeaderDict({'Content-Length': '15', 'Content-Type': 'application/json; charset=utf-8', 'cache-control': 'no-cache'})
2026-08-24 15:40:16 - selenium.webdriver.remote.remote_connection - DEBUG - Finished Request
2026-08-24 15:40:16 - selenium.webdriver.remote.remote_connection - DEBUG - POST http://localhost:59873/session/7ea3109d76211e5fd552f4aa86267cb8/execute/sync {'script': "return document.querySelectorAll('[data-rpa-tag-id]').length > 0", 'args': []}
2026-08-24 15:40:16 - urllib3.connectionpool - DEBUG - http://localhost:59873 "POST /session/7ea3109d76211e5fd552f4aa86267cb8/execute/sync HTTP/1.1" 200 0
2026-08-24 15:40:16 - selenium.webdriver.remote.remote_connection - DEBUG - Remote response: status=200 | data={"value":false} | headers=HTTPHeaderDict({'Content-Length': '15', 'Content-Type': 'application/json; charset=utf-8', 'cache-control': 'no-cache'})
2026-08-24 15:40:16 - selenium.webdriver.remote.remote_connection - DEBUG - Finished Request
2026-08-24 15:40:17 - selenium.webdriver.remote.remote_connection - DEBUG - POST http://localhost:59873/session/7ea3109d76211e5fd552f4aa86267cb8/execute/sync {'script': "return document.querySelectorAll('[data-rpa-tag-id]').length > 0", 'args': []}
2026-08-24 15:40:17 - urllib3.connectionpool - DEBUG - http://localhost:59873 "POST /session/7ea3109d76211e5fd552f4aa86267cb8/execute/sync HTTP/1.1" 200 0
2026-08-24 15:40:17 - selenium.webdriver.remote.remote_connection - DEBUG - Remote response: status=200 | data={"value":false} | headers=HTTPHeaderDict({'Content-Length': '15', 'Content-Type': 'application/json; charset=utf-8', 'cache-control': 'no-cache'})
2026-08-24 15:40:17 - selenium.webdriver.remote.remote_connection - DEBUG - Finished Request
2026-08-24 15:40:17 - selenium.webdriver.remote.remote_connection - DEBUG - POST http://localhost:59873/session/7ea3109d76211e5fd552f4aa86267cb8/execute/sync {'script': "return document.querySelectorAll('[data-rpa-tag-id]').length > 0", 'args': []}
2026-08-24 15:40:17 - urllib3.connectionpool - DEBUG - http://localhost:59873 "POST /session/7ea3109d76211e5fd552f4aa86267cb8/execute/sync HTTP/1.1" 200 0
2026-08-24 15:40:17 - selenium.webdriver.remote.remote_connection - DEBUG - Remote response: status=200 | data={"value":false} | headers=HTTPHeaderDict({'Content-Length': '15', 'Content-Type': 'application/json; charset=utf-8', 'cache-control': 'no-cache'})
2026-08-24 15:40:17 - selenium.webdriver.remote.remote_connection - DEBUG - Finished Request
2026-08-24 15:40:18 - selenium.webdriver.remote.remote_connection - DEBUG - POST http://localhost:59873/session/7ea3109d76211e5fd552f4aa86267cb8/execute/sync {'script': "return document.querySelectorAll('[data-rpa-tag-id]').length > 0", 'args': []}
2026-08-24 15:40:18 - urllib3.connectionpool - DEBUG - http://localhost:59873 "POST /session/7ea3109d76211e5fd552f4aa86267cb8/execute/sync HTTP/1.1" 200 0
2026-08-24 15:40:18 - selenium.webdriver.remote.remote_connection - DEBUG - Remote response: status=200 | data={"value":false} | headers=HTTPHeaderDict({'Content-Length': '15', 'Content-Type': 'application/json; charset=utf-8', 'cache-control': 'no-cache'})
2026-08-24 15:40:18 - selenium.webdriver.remote.remote_connection - DEBUG - Finished Request
2026-08-24 15:40:19 - selenium.webdriver.remote.remote_connection - DEBUG - POST http://localhost:59873/session/7ea3109d76211e5fd552f4aa86267cb8/execute/sync {'script': "return document.querySelectorAll('[data-rpa-tag-id]').length > 0", 'args': []}
2026-08-24 15:40:19 - urllib3.connectionpool - DEBUG - http://localhost:59873 "POST /session/7ea3109d76211e5fd552f4aa86267cb8/execute/sync HTTP/1.1" 200 0
2026-08-24 15:40:19 - selenium.webdriver.remote.remote_connection - DEBUG - Remote response: status=200 | data={"value":false} | headers=HTTPHeaderDict({'Content-Length': '15', 'Content-Type': 'application/json; charset=utf-8', 'cache-control': 'no-cache'})
2026-08-24 15:40:19 - selenium.webdriver.remote.remote_connection - DEBUG - Finished Request
2026-08-24 15:40:19 - selenium.webdriver.remote.remote_connection - DEBUG - POST http://localhost:59873/session/7ea3109d76211e5fd552f4aa86267cb8/execute/sync {'script': "return document.querySelectorAll('[data-rpa-tag-id]').length > 0", 'args': []}
2026-08-24 15:40:19 - urllib3.connectionpool - DEBUG - http://localhost:59873 "POST /session/7ea3109d76211e5fd552f4aa86267cb8/execute/sync HTTP/1.1" 200 0
2026-08-24 15:40:19 - selenium.webdriver.remote.remote_connection - DEBUG - Remote response: status=200 | data={"value":false} | headers=HTTPHeaderDict({'Content-Length': '15', 'Content-Type': 'application/json; charset=utf-8', 'cache-control': 'no-cache'})
2026-08-24 15:40:19 - selenium.webdriver.remote.remote_connection - DEBUG - Finished Request
2026-08-24 15:40:20 - selenium.webdriver.remote.remote_connection - DEBUG - POST http://localhost:59873/session/7ea3109d76211e5fd552f4aa86267cb8/execute/sync {'script': "return document.querySelectorAll('[data-rpa-tag-id]').length > 0", 'args': []}
2026-08-24 15:40:20 - urllib3.connectionpool - DEBUG - http://localhost:59873 "POST /session/7ea3109d76211e5fd552f4aa86267cb8/execute/sync HTTP/1.1" 200 0
2026-08-24 15:40:20 - selenium.webdriver.remote.remote_connection - DEBUG - Remote response: status=200 | data={"value":false} | headers=HTTPHeaderDict({'Content-Length': '15', 'Content-Type': 'application/json; charset=utf-8', 'cache-control': 'no-cache'})
2026-08-24 15:40:20 - selenium.webdriver.remote.remote_connection - DEBUG - Finished Request
2026-08-24 15:40:20 - selenium.webdriver.remote.remote_connection - DEBUG - POST http://localhost:59873/session/7ea3109d76211e5fd552f4aa86267cb8/execute/sync {'script': "return document.querySelectorAll('[data-rpa-tag-id]').length > 0", 'args': []}
2026-08-24 15:40:20 - urllib3.connectionpool - DEBUG - http://localhost:59873 "POST /session/7ea3109d76211e5fd552f4aa86267cb8/execute/sync HTTP/1.1" 200 0
2026-08-24 15:40:20 - selenium.webdriver.remote.remote_connection - DEBUG - Remote response: status=200 | data={"value":false} | headers=HTTPHeaderDict({'Content-Length': '15', 'Content-Type': 'application/json; charset=utf-8', 'cache-control': 'no-cache'})
2026-08-24 15:40:20 - selenium.webdriver.remote.remote_connection - DEBUG - Finished Request
2026-08-24 15:40:21 - selenium.webdriver.remote.remote_connection - DEBUG - POST http://localhost:59873/session/7ea3109d76211e5fd552f4aa86267cb8/execute/sync {'script': "return document.querySelectorAll('[data-rpa-tag-id]').length > 0", 'args': []}
2026-08-24 15:40:21 - urllib3.connectionpool - DEBUG - http://localhost:59873 "POST /session/7ea3109d76211e5fd552f4aa86267cb8/execute/sync HTTP/1.1" 200 0
2026-08-24 15:40:21 - selenium.webdriver.remote.remote_connection - DEBUG - Remote response: status=200 | data={"value":false} | headers=HTTPHeaderDict({'Content-Length': '15', 'Content-Type': 'application/json; charset=utf-8', 'cache-control': 'no-cache'})
2026-08-24 15:40:21 - selenium.webdriver.remote.remote_connection - DEBUG - Finished Request
2026-08-24 15:40:21 - selenium.webdriver.remote.remote_connection - DEBUG - POST http://localhost:59873/session/7ea3109d76211e5fd552f4aa86267cb8/execute/sync {'script': "return document.querySelectorAll('[data-rpa-tag-id]').length > 0", 'args': []}
2026-08-24 15:40:22 - urllib3.connectionpool - DEBUG - http://localhost:59873 "POST /session/7ea3109d76211e5fd552f4aa86267cb8/execute/sync HTTP/1.1" 200 0
2026-08-24 15:40:22 - selenium.webdriver.remote.remote_connection - DEBUG - Remote response: status=200 | data={"value":false} | headers=HTTPHeaderDict({'Content-Length': '15', 'Content-Type': 'application/json; charset=utf-8', 'cache-control': 'no-cache'})
2026-08-24 15:40:22 - selenium.webdriver.remote.remote_connection - DEBUG - Finished Request
2026-08-24 15:40:23 - selenium.webdriver.remote.remote_connection - DEBUG - POST http://localhost:59873/session/7ea3109d76211e5fd552f4aa86267cb8/execute/sync {'script': "return document.querySelectorAll('[data-rpa-tag-id]').length > 0", 'args': []}
2026-08-24 15:40:28 - urllib3.connectionpool - DEBUG - http://localhost:59873 "POST /session/7ea3109d76211e5fd552f4aa86267cb8/execute/sync HTTP/1.1" 200 0
2026-08-24 15:40:28 - selenium.webdriver.remote.remote_connection - DEBUG - Remote response: status=200 | data={"value":false} | headers=HTTPHeaderDict({'Content-Length': '15', 'Content-Type': 'application/json; charset=utf-8', 'cache-control': 'no-cache'})
2026-08-24 15:40:28 - selenium.webdriver.remote.remote_connection - DEBUG - Finished Request
2026-08-24 15:40:28 - selenium.webdriver.remote.remote_connection - DEBUG - POST http://localhost:59873/session/7ea3109d76211e5fd552f4aa86267cb8/execute/sync {'script': "return document.querySelectorAll('[data-rpa-tag-id]').length > 0", 'args': []}
2026-08-24 15:40:28 - urllib3.connectionpool - DEBUG - http://localhost:59873 "POST /session/7ea3109d76211e5fd552f4aa86267cb8/execute/sync HTTP/1.1" 200 0
2026-08-24 15:40:28 - selenium.webdriver.remote.remote_connection - DEBUG - Remote response: status=200 | data={"value":false} | headers=HTTPHeaderDict({'Content-Length': '15', 'Content-Type': 'application/json; charset=utf-8', 'cache-control': 'no-cache'})
2026-08-24 15:40:28 - selenium.webdriver.remote.remote_connection - DEBUG - Finished Request
2026-08-24 15:40:29 - selenium.webdriver.remote.remote_connection - DEBUG - POST http://localhost:59873/session/7ea3109d76211e5fd552f4aa86267cb8/execute/sync {'script': "return document.querySelectorAll('[data-rpa-tag-id]').length > 0", 'args': []}
2026-08-24 15:40:29 - urllib3.connectionpool - DEBUG - http://localhost:59873 "POST /session/7ea3109d76211e5fd552f4aa86267cb8/execute/sync HTTP/1.1" 200 0
2026-08-24 15:40:29 - selenium.webdriver.remote.remote_connection - DEBUG - Remote response: status=200 | data={"value":false} | headers=HTTPHeaderDict({'Content-Length': '15', 'Content-Type': 'application/json; charset=utf-8', 'cache-control': 'no-cache'})
2026-08-24 15:40:29 - selenium.webdriver.remote.remote_connection - DEBUG - Finished Request
2026-08-24 15:40:29 - selenium.webdriver.remote.remote_connection - DEBUG - POST http://localhost:59873/session/7ea3109d76211e5fd552f4aa86267cb8/execute/sync {'script': "return document.querySelectorAll('[data-rpa-tag-id]').length > 0", 'args': []}
2026-08-24 15:40:29 - urllib3.connectionpool - DEBUG - http://localhost:59873 "POST /session/7ea3109d76211e5fd552f4aa86267cb8/execute/sync HTTP/1.1" 200 0
2026-08-24 15:40:29 - selenium.webdriver.remote.remote_connection - DEBUG - Remote response: status=200 | data={"value":false} | headers=HTTPHeaderDict({'Content-Length': '15', 'Content-Type': 'application/json; charset=utf-8', 'cache-control': 'no-cache'})
2026-08-24 15:40:29 - selenium.webdriver.remote.remote_connection - DEBUG - Finished Request
2026-08-24 15:40:30 - selenium.webdriver.remote.remote_connection - DEBUG - POST http://localhost:59873/session/7ea3109d76211e5fd552f4aa86267cb8/execute/sync {'script': "return document.querySelectorAll('[data-rpa-tag-id]').length > 0", 'args': []}
2026-08-24 15:40:30 - urllib3.connectionpool - DEBUG - http://localhost:59873 "POST /session/7ea3109d76211e5fd552f4aa86267cb8/execute/sync HTTP/1.1" 200 0
2026-08-24 15:40:30 - selenium.webdriver.remote.remote_connection - DEBUG - Remote response: status=200 | data={"value":false} | headers=HTTPHeaderDict({'Content-Length': '15', 'Content-Type': 'application/json; charset=utf-8', 'cache-control': 'no-cache'})
2026-08-24 15:40:30 - selenium.webdriver.remote.remote_connection - DEBUG - Finished Request
2026-08-24 15:40:30 - selenium.webdriver.remote.remote_connection - DEBUG - POST http://localhost:59873/session/7ea3109d76211e5fd552f4aa86267cb8/execute/sync {'script': "return document.querySelectorAll('[data-rpa-tag-id]').length > 0", 'args': []}
2026-08-24 15:40:30 - urllib3.connectionpool - DEBUG - http://localhost:59873 "POST /session/7ea3109d76211e5fd552f4aa86267cb8/execute/sync HTTP/1.1" 200 0
2026-08-24 15:40:30 - selenium.webdriver.remote.remote_connection - DEBUG - Remote response: status=200 | data={"value":false} | headers=HTTPHeaderDict({'Content-Length': '15', 'Content-Type': 'application/json; charset=utf-8', 'cache-control': 'no-cache'})
2026-08-24 15:40:30 - selenium.webdriver.remote.remote_connection - DEBUG - Finished Request
2026-08-24 15:40:31 - selenium.webdriver.remote.remote_connection - DEBUG - POST http://localhost:59873/session/7ea3109d76211e5fd552f4aa86267cb8/execute/sync {'script': "return document.querySelectorAll('[data-rpa-tag-id]').length > 0", 'args': []}
2026-08-24 15:40:31 - urllib3.connectionpool - DEBUG - http://localhost:59873 "POST /session/7ea3109d76211e5fd552f4aa86267cb8/execute/sync HTTP/1.1" 200 0
2026-08-24 15:40:31 - selenium.webdriver.remote.remote_connection - DEBUG - Remote response: status=200 | data={"value":false} | headers=HTTPHeaderDict({'Content-Length': '15', 'Content-Type': 'application/json; charset=utf-8', 'cache-control': 'no-cache'})
2026-08-24 15:40:31 - selenium.webdriver.remote.remote_connection - DEBUG - Finished Request
2026-08-24 15:40:31 - selenium.webdriver.remote.remote_connection - DEBUG - POST http://localhost:59873/session/7ea3109d76211e5fd552f4aa86267cb8/execute/sync {'script': "return document.querySelectorAll('[data-rpa-tag-id]').length > 0", 'args': []}
2026-08-24 15:40:31 - urllib3.connectionpool - DEBUG - http://localhost:59873 "POST /session/7ea3109d76211e5fd552f4aa86267cb8/execute/sync HTTP/1.1" 200 0
2026-08-24 15:40:31 - selenium.webdriver.remote.remote_connection - DEBUG - Remote response: status=200 | data={"value":false} | headers=HTTPHeaderDict({'Content-Length': '15', 'Content-Type': 'application/json; charset=utf-8', 'cache-control': 'no-cache'})
2026-08-24 15:40:31 - selenium.webdriver.remote.remote_connection - DEBUG - Finished Request
2026-08-24 15:40:32 - selenium.webdriver.remote.remote_connection - DEBUG - POST http://localhost:59873/session/7ea3109d76211e5fd552f4aa86267cb8/execute/sync {'script': "return document.querySelectorAll('[data-rpa-tag-id]').length > 0", 'args': []}
2026-08-24 15:40:32 - urllib3.connectionpool - DEBUG - http://localhost:59873 "POST /session/7ea3109d76211e5fd552f4aa86267cb8/execute/sync HTTP/1.1" 200 0
2026-08-24 15:40:32 - selenium.webdriver.remote.remote_connection - DEBUG - Remote response: status=200 | data={"value":false} | headers=HTTPHeaderDict({'Content-Length': '15', 'Content-Type': 'application/json; charset=utf-8', 'cache-control': 'no-cache'})
2026-08-24 15:40:32 - selenium.webdriver.remote.remote_connection - DEBUG - Finished Request
2026-08-24 15:40:32 - selenium.webdriver.remote.remote_connection - DEBUG - POST http://localhost:59873/session/7ea3109d76211e5fd552f4aa86267cb8/execute/sync {'script': "return document.querySelectorAll('[data-rpa-tag-id]').length > 0", 'args': []}
2026-08-24 15:40:32 - urllib3.connectionpool - DEBUG - http://localhost:59873 "POST /session/7ea3109d76211e5fd552f4aa86267cb8/execute/sync HTTP/1.1" 200 0
2026-08-24 15:40:32 - selenium.webdriver.remote.remote_connection - DEBUG - Remote response: status=200 | data={"value":false} | headers=HTTPHeaderDict({'Content-Length': '15', 'Content-Type': 'application/json; charset=utf-8', 'cache-control': 'no-cache'})
2026-08-24 15:40:32 - selenium.webdriver.remote.remote_connection - DEBUG - Finished Request
2026-08-24 15:40:33 - selenium.webdriver.remote.remote_connection - DEBUG - POST http://localhost:59873/session/7ea3109d76211e5fd552f4aa86267cb8/execute/sync {'script': "return document.querySelectorAll('[data-rpa-tag-id]').length > 0", 'args': []}
2026-08-24 15:40:33 - urllib3.connectionpool - DEBUG - http://localhost:59873 "POST /session/7ea3109d76211e5fd552f4aa86267cb8/execute/sync HTTP/1.1" 200 0
2026-08-24 15:40:33 - selenium.webdriver.remote.remote_connection - DEBUG - Remote response: status=200 | data={"value":false} | headers=HTTPHeaderDict({'Content-Length': '15', 'Content-Type': 'application/json; charset=utf-8', 'cache-control': 'no-cache'})
2026-08-24 15:40:33 - selenium.webdriver.remote.remote_connection - DEBUG - Finished Request
2026-08-24 15:40:33 - scraper - ERROR - Page failed to become ready even after refresh
2026-08-24 15:40:33 - scraper - INFO - Retry 3/3 for VCSH
2026-08-24 15:40:38 - scraper - INFO - Navigating to https://investor.vanguard.com/etf/profile/overview/vcsh
2026-08-24 15:40:38 - selenium.webdriver.remote.remote_connection - DEBUG - POST http://localhost:59873/session/7ea3109d76211e5fd552f4aa86267cb8/url {'url': 'https://investor.vanguard.com/etf/profile/overview/vcsh'}
2026-08-24 15:40:42 - urllib3.connectionpool - DEBUG - http://localhost:59873 "POST /session/7ea3109d76211e5fd552f4aa86267cb8/url HTTP/1.1" 200 0
2026-08-24 15:40:42 - selenium.webdriver.remote.remote_connection - DEBUG - Remote response: status=200 | data={"value":null} | headers=HTTPHeaderDict({'Content-Length': '14', 'Content-Type': 'application/json; charset=utf-8', 'cache-control': 'no-cache'})
2026-08-24 15:40:42 - selenium.webdriver.remote.remote_connection - DEBUG - Finished Request
2026-08-24 15:40:42 - selenium.webdriver.remote.remote_connection - DEBUG - POST http://localhost:59873/session/7ea3109d76211e5fd552f4aa86267cb8/execute/sync {'script': "\n                var candidates = [\n                    document.querySelector('#onetrust-accept-btn...", 'args': []}
2026-08-24 15:40:42 - urllib3.connectionpool - DEBUG - http://localhost:59873 "POST /session/7ea3109d76211e5fd552f4aa86267cb8/execute/sync HTTP/1.1" 200 0
2026-08-24 15:40:42 - selenium.webdriver.remote.remote_connection - DEBUG - Remote response: status=200 | data={"value":null} | headers=HTTPHeaderDict({'Content-Length': '14', 'Content-Type': 'application/json; charset=utf-8', 'cache-control': 'no-cache'})
2026-08-24 15:40:42 - selenium.webdriver.remote.remote_connection - DEBUG - Finished Request
2026-08-24 15:40:42 - selenium.webdriver.remote.remote_connection - DEBUG - POST http://localhost:59873/session/7ea3109d76211e5fd552f4aa86267cb8/execute/sync {'script': "return document.querySelectorAll('[data-rpa-tag-id]').length > 0", 'args': []}
2026-08-24 15:40:42 - urllib3.connectionpool - DEBUG - http://localhost:59873 "POST /session/7ea3109d76211e5fd552f4aa86267cb8/execute/sync HTTP/1.1" 200 0
2026-08-24 15:40:42 - selenium.webdriver.remote.remote_connection - DEBUG - Remote response: status=200 | data={"value":false} | headers=HTTPHeaderDict({'Content-Length': '15', 'Content-Type': 'application/json; charset=utf-8', 'cache-control': 'no-cache'})
2026-08-24 15:40:42 - selenium.webdriver.remote.remote_connection - DEBUG - Finished Request
2026-08-24 15:40:43 - selenium.webdriver.remote.remote_connection - DEBUG - POST http://localhost:59873/session/7ea3109d76211e5fd552f4aa86267cb8/execute/sync {'script': "return document.querySelectorAll('[data-rpa-tag-id]').length > 0", 'args': []}
2026-08-24 15:40:45 - urllib3.connectionpool - DEBUG - http://localhost:59873 "POST /session/7ea3109d76211e5fd552f4aa86267cb8/execute/sync HTTP/1.1" 200 0
2026-08-24 15:40:45 - selenium.webdriver.remote.remote_connection - DEBUG - Remote response: status=200 | data={"value":false} | headers=HTTPHeaderDict({'Content-Length': '15', 'Content-Type': 'application/json; charset=utf-8', 'cache-control': 'no-cache'})
2026-08-24 15:40:45 - selenium.webdriver.remote.remote_connection - DEBUG - Finished Request
2026-08-24 15:40:45 - selenium.webdriver.remote.remote_connection - DEBUG - POST http://localhost:59873/session/7ea3109d76211e5fd552f4aa86267cb8/execute/sync {'script': "return document.querySelectorAll('[data-rpa-tag-id]').length > 0", 'args': []}
2026-08-24 15:40:45 - urllib3.connectionpool - DEBUG - http://localhost:59873 "POST /session/7ea3109d76211e5fd552f4aa86267cb8/execute/sync HTTP/1.1" 200 0
2026-08-24 15:40:45 - selenium.webdriver.remote.remote_connection - DEBUG - Remote response: status=200 | data={"value":false} | headers=HTTPHeaderDict({'Content-Length': '15', 'Content-Type': 'application/json; charset=utf-8', 'cache-control': 'no-cache'})
2026-08-24 15:40:45 - selenium.webdriver.remote.remote_connection - DEBUG - Finished Request
2026-08-24 15:40:46 - selenium.webdriver.remote.remote_connection - DEBUG - POST http://localhost:59873/session/7ea3109d76211e5fd552f4aa86267cb8/execute/sync {'script': "return document.querySelectorAll('[data-rpa-tag-id]').length > 0", 'args': []}
2026-08-24 15:40:46 - urllib3.connectionpool - DEBUG - http://localhost:59873 "POST /session/7ea3109d76211e5fd552f4aa86267cb8/execute/sync HTTP/1.1" 200 0
2026-08-24 15:40:46 - selenium.webdriver.remote.remote_connection - DEBUG - Remote response: status=200 | data={"value":false} | headers=HTTPHeaderDict({'Content-Length': '15', 'Content-Type': 'application/json; charset=utf-8', 'cache-control': 'no-cache'})
2026-08-24 15:40:46 - selenium.webdriver.remote.remote_connection - DEBUG - Finished Request
2026-08-24 15:40:46 - selenium.webdriver.remote.remote_connection - DEBUG - POST http://localhost:59873/session/7ea3109d76211e5fd552f4aa86267cb8/execute/sync {'script': "return document.querySelectorAll('[data-rpa-tag-id]').length > 0", 'args': []}
2026-08-24 15:40:46 - urllib3.connectionpool - DEBUG - http://localhost:59873 "POST /session/7ea3109d76211e5fd552f4aa86267cb8/execute/sync HTTP/1.1" 200 0
2026-08-24 15:40:46 - selenium.webdriver.remote.remote_connection - DEBUG - Remote response: status=200 | data={"value":false} | headers=HTTPHeaderDict({'Content-Length': '15', 'Content-Type': 'application/json; charset=utf-8', 'cache-control': 'no-cache'})
2026-08-24 15:40:46 - selenium.webdriver.remote.remote_connection - DEBUG - Finished Request
2026-08-24 15:40:47 - selenium.webdriver.remote.remote_connection - DEBUG - POST http://localhost:59873/session/7ea3109d76211e5fd552f4aa86267cb8/execute/sync {'script': "return document.querySelectorAll('[data-rpa-tag-id]').length > 0", 'args': []}
2026-08-24 15:40:47 - urllib3.connectionpool - DEBUG - http://localhost:59873 "POST /session/7ea3109d76211e5fd552f4aa86267cb8/execute/sync HTTP/1.1" 200 0
2026-08-24 15:40:47 - selenium.webdriver.remote.remote_connection - DEBUG - Remote response: status=200 | data={"value":false} | headers=HTTPHeaderDict({'Content-Length': '15', 'Content-Type': 'application/json; charset=utf-8', 'cache-control': 'no-cache'})
2026-08-24 15:40:47 - selenium.webdriver.remote.remote_connection - DEBUG - Finished Request
2026-08-24 15:40:47 - selenium.webdriver.remote.remote_connection - DEBUG - POST http://localhost:59873/session/7ea3109d76211e5fd552f4aa86267cb8/execute/sync {'script': "return document.querySelectorAll('[data-rpa-tag-id]').length > 0", 'args': []}
2026-08-24 15:40:47 - urllib3.connectionpool - DEBUG - http://localhost:59873 "POST /session/7ea3109d76211e5fd552f4aa86267cb8/execute/sync HTTP/1.1" 200 0
2026-08-24 15:40:47 - selenium.webdriver.remote.remote_connection - DEBUG - Remote response: status=200 | data={"value":false} | headers=HTTPHeaderDict({'Content-Length': '15', 'Content-Type': 'application/json; charset=utf-8', 'cache-control': 'no-cache'})
2026-08-24 15:40:47 - selenium.webdriver.remote.remote_connection - DEBUG - Finished Request
2026-08-24 15:40:48 - selenium.webdriver.remote.remote_connection - DEBUG - POST http://localhost:59873/session/7ea3109d76211e5fd552f4aa86267cb8/execute/sync {'script': "return document.querySelectorAll('[data-rpa-tag-id]').length > 0", 'args': []}
2026-08-24 15:40:48 - urllib3.connectionpool - DEBUG - http://localhost:59873 "POST /session/7ea3109d76211e5fd552f4aa86267cb8/execute/sync HTTP/1.1" 200 0
2026-08-24 15:40:48 - selenium.webdriver.remote.remote_connection - DEBUG - Remote response: status=200 | data={"value":false} | headers=HTTPHeaderDict({'Content-Length': '15', 'Content-Type': 'application/json; charset=utf-8', 'cache-control': 'no-cache'})
2026-08-24 15:40:48 - selenium.webdriver.remote.remote_connection - DEBUG - Finished Request
2026-08-24 15:40:48 - selenium.webdriver.remote.remote_connection - DEBUG - POST http://localhost:59873/session/7ea3109d76211e5fd552f4aa86267cb8/execute/sync {'script': "return document.querySelectorAll('[data-rpa-tag-id]').length > 0", 'args': []}
2026-08-24 15:40:48 - urllib3.connectionpool - DEBUG - http://localhost:59873 "POST /session/7ea3109d76211e5fd552f4aa86267cb8/execute/sync HTTP/1.1" 200 0
2026-08-24 15:40:48 - selenium.webdriver.remote.remote_connection - DEBUG - Remote response: status=200 | data={"value":false} | headers=HTTPHeaderDict({'Content-Length': '15', 'Content-Type': 'application/json; charset=utf-8', 'cache-control': 'no-cache'})
2026-08-24 15:40:48 - selenium.webdriver.remote.remote_connection - DEBUG - Finished Request
2026-08-24 15:40:49 - selenium.webdriver.remote.remote_connection - DEBUG - POST http://localhost:59873/session/7ea3109d76211e5fd552f4aa86267cb8/execute/sync {'script': "return document.querySelectorAll('[data-rpa-tag-id]').length > 0", 'args': []}
2026-08-24 15:40:49 - urllib3.connectionpool - DEBUG - http://localhost:59873 "POST /session/7ea3109d76211e5fd552f4aa86267cb8/execute/sync HTTP/1.1" 200 0
2026-08-24 15:40:49 - selenium.webdriver.remote.remote_connection - DEBUG - Remote response: status=200 | data={"value":false} | headers=HTTPHeaderDict({'Content-Length': '15', 'Content-Type': 'application/json; charset=utf-8', 'cache-control': 'no-cache'})
2026-08-24 15:40:49 - selenium.webdriver.remote.remote_connection - DEBUG - Finished Request
2026-08-24 15:40:50 - selenium.webdriver.remote.remote_connection - DEBUG - POST http://localhost:59873/session/7ea3109d76211e5fd552f4aa86267cb8/execute/sync {'script': "return document.querySelectorAll('[data-rpa-tag-id]').length > 0", 'args': []}
2026-08-24 15:40:50 - urllib3.connectionpool - DEBUG - http://localhost:59873 "POST /session/7ea3109d76211e5fd552f4aa86267cb8/execute/sync HTTP/1.1" 200 0
2026-08-24 15:40:50 - selenium.webdriver.remote.remote_connection - DEBUG - Remote response: status=200 | data={"value":false} | headers=HTTPHeaderDict({'Content-Length': '15', 'Content-Type': 'application/json; charset=utf-8', 'cache-control': 'no-cache'})
2026-08-24 15:40:50 - selenium.webdriver.remote.remote_connection - DEBUG - Finished Request
2026-08-24 15:40:50 - selenium.webdriver.remote.remote_connection - DEBUG - POST http://localhost:59873/session/7ea3109d76211e5fd552f4aa86267cb8/execute/sync {'script': "return document.querySelectorAll('[data-rpa-tag-id]').length > 0", 'args': []}
2026-08-24 15:40:50 - urllib3.connectionpool - DEBUG - http://localhost:59873 "POST /session/7ea3109d76211e5fd552f4aa86267cb8/execute/sync HTTP/1.1" 200 0
2026-08-24 15:40:50 - selenium.webdriver.remote.remote_connection - DEBUG - Remote response: status=200 | data={"value":false} | headers=HTTPHeaderDict({'Content-Length': '15', 'Content-Type': 'application/json; charset=utf-8', 'cache-control': 'no-cache'})
2026-08-24 15:40:50 - selenium.webdriver.remote.remote_connection - DEBUG - Finished Request
2026-08-24 15:40:51 - selenium.webdriver.remote.remote_connection - DEBUG - POST http://localhost:59873/session/7ea3109d76211e5fd552f4aa86267cb8/execute/sync {'script': "return document.querySelectorAll('[data-rpa-tag-id]').length > 0", 'args': []}
2026-08-24 15:40:51 - urllib3.connectionpool - DEBUG - http://localhost:59873 "POST /session/7ea3109d76211e5fd552f4aa86267cb8/execute/sync HTTP/1.1" 200 0
2026-08-24 15:40:51 - selenium.webdriver.remote.remote_connection - DEBUG - Remote response: status=200 | data={"value":false} | headers=HTTPHeaderDict({'Content-Length': '15', 'Content-Type': 'application/json; charset=utf-8', 'cache-control': 'no-cache'})
2026-08-24 15:40:51 - selenium.webdriver.remote.remote_connection - DEBUG - Finished Request
2026-08-24 15:40:51 - selenium.webdriver.remote.remote_connection - DEBUG - POST http://localhost:59873/session/7ea3109d76211e5fd552f4aa86267cb8/execute/sync {'script': "return document.querySelectorAll('[data-rpa-tag-id]').length > 0", 'args': []}
2026-08-24 15:40:51 - urllib3.connectionpool - DEBUG - http://localhost:59873 "POST /session/7ea3109d76211e5fd552f4aa86267cb8/execute/sync HTTP/1.1" 200 0
2026-08-24 15:40:51 - selenium.webdriver.remote.remote_connection - DEBUG - Remote response: status=200 | data={"value":false} | headers=HTTPHeaderDict({'Content-Length': '15', 'Content-Type': 'application/json; charset=utf-8', 'cache-control': 'no-cache'})
2026-08-24 15:40:51 - selenium.webdriver.remote.remote_connection - DEBUG - Finished Request
2026-08-24 15:40:52 - selenium.webdriver.remote.remote_connection - DEBUG - POST http://localhost:59873/session/7ea3109d76211e5fd552f4aa86267cb8/execute/sync {'script': "return document.querySelectorAll('[data-rpa-tag-id]').length > 0", 'args': []}
2026-08-24 15:40:52 - urllib3.connectionpool - DEBUG - http://localhost:59873 "POST /session/7ea3109d76211e5fd552f4aa86267cb8/execute/sync HTTP/1.1" 200 0
2026-08-24 15:40:52 - selenium.webdriver.remote.remote_connection - DEBUG - Remote response: status=200 | data={"value":false} | headers=HTTPHeaderDict({'Content-Length': '15', 'Content-Type': 'application/json; charset=utf-8', 'cache-control': 'no-cache'})
2026-08-24 15:40:52 - selenium.webdriver.remote.remote_connection - DEBUG - Finished Request
2026-08-24 15:40:52 - selenium.webdriver.remote.remote_connection - DEBUG - POST http://localhost:59873/session/7ea3109d76211e5fd552f4aa86267cb8/execute/sync {'script': "return document.querySelectorAll('[data-rpa-tag-id]').length > 0", 'args': []}
2026-08-24 15:40:52 - urllib3.connectionpool - DEBUG - http://localhost:59873 "POST /session/7ea3109d76211e5fd552f4aa86267cb8/execute/sync HTTP/1.1" 200 0
2026-08-24 15:40:52 - selenium.webdriver.remote.remote_connection - DEBUG - Remote response: status=200 | data={"value":false} | headers=HTTPHeaderDict({'Content-Length': '15', 'Content-Type': 'application/json; charset=utf-8', 'cache-control': 'no-cache'})
2026-08-24 15:40:52 - selenium.webdriver.remote.remote_connection - DEBUG - Finished Request
2026-08-24 15:40:53 - selenium.webdriver.remote.remote_connection - DEBUG - POST http://localhost:59873/session/7ea3109d76211e5fd552f4aa86267cb8/execute/sync {'script': "return document.querySelectorAll('[data-rpa-tag-id]').length > 0", 'args': []}
2026-08-24 15:40:53 - urllib3.connectionpool - DEBUG - http://localhost:59873 "POST /session/7ea3109d76211e5fd552f4aa86267cb8/execute/sync HTTP/1.1" 200 0
2026-08-24 15:40:53 - selenium.webdriver.remote.remote_connection - DEBUG - Remote response: status=200 | data={"value":false} | headers=HTTPHeaderDict({'Content-Length': '15', 'Content-Type': 'application/json; charset=utf-8', 'cache-control': 'no-cache'})
2026-08-24 15:40:53 - selenium.webdriver.remote.remote_connection - DEBUG - Finished Request
2026-08-24 15:40:53 - selenium.webdriver.remote.remote_connection - DEBUG - POST http://localhost:59873/session/7ea3109d76211e5fd552f4aa86267cb8/execute/sync {'script': "return document.querySelectorAll('[data-rpa-tag-id]').length > 0", 'args': []}
2026-08-24 15:40:53 - urllib3.connectionpool - DEBUG - http://localhost:59873 "POST /session/7ea3109d76211e5fd552f4aa86267cb8/execute/sync HTTP/1.1" 200 0
2026-08-24 15:40:53 - selenium.webdriver.remote.remote_connection - DEBUG - Remote response: status=200 | data={"value":false} | headers=HTTPHeaderDict({'Content-Length': '15', 'Content-Type': 'application/json; charset=utf-8', 'cache-control': 'no-cache'})
2026-08-24 15:40:53 - selenium.webdriver.remote.remote_connection - DEBUG - Finished Request
2026-08-24 15:40:54 - selenium.webdriver.remote.remote_connection - DEBUG - POST http://localhost:59873/session/7ea3109d76211e5fd552f4aa86267cb8/execute/sync {'script': "return document.querySelectorAll('[data-rpa-tag-id]').length > 0", 'args': []}
2026-08-24 15:40:54 - urllib3.connectionpool - DEBUG - http://localhost:59873 "POST /session/7ea3109d76211e5fd552f4aa86267cb8/execute/sync HTTP/1.1" 200 0
2026-08-24 15:40:54 - selenium.webdriver.remote.remote_connection - DEBUG - Remote response: status=200 | data={"value":false} | headers=HTTPHeaderDict({'Content-Length': '15', 'Content-Type': 'application/json; charset=utf-8', 'cache-control': 'no-cache'})
2026-08-24 15:40:54 - selenium.webdriver.remote.remote_connection - DEBUG - Finished Request
2026-08-24 15:40:54 - selenium.webdriver.remote.remote_connection - DEBUG - POST http://localhost:59873/session/7ea3109d76211e5fd552f4aa86267cb8/execute/sync {'script': "return document.querySelectorAll('[data-rpa-tag-id]').length > 0", 'args': []}
2026-08-24 15:40:54 - urllib3.connectionpool - DEBUG - http://localhost:59873 "POST /session/7ea3109d76211e5fd552f4aa86267cb8/execute/sync HTTP/1.1" 200 0
2026-08-24 15:40:54 - selenium.webdriver.remote.remote_connection - DEBUG - Remote response: status=200 | data={"value":false} | headers=HTTPHeaderDict({'Content-Length': '15', 'Content-Type': 'application/json; charset=utf-8', 'cache-control': 'no-cache'})
2026-08-24 15:40:54 - selenium.webdriver.remote.remote_connection - DEBUG - Finished Request
2026-08-24 15:40:55 - selenium.webdriver.remote.remote_connection - DEBUG - POST http://localhost:59873/session/7ea3109d76211e5fd552f4aa86267cb8/execute/sync {'script': "return document.querySelectorAll('[data-rpa-tag-id]').length > 0", 'args': []}
2026-08-24 15:40:55 - urllib3.connectionpool - DEBUG - http://localhost:59873 "POST /session/7ea3109d76211e5fd552f4aa86267cb8/execute/sync HTTP/1.1" 200 0
2026-08-24 15:40:55 - selenium.webdriver.remote.remote_connection - DEBUG - Remote response: status=200 | data={"value":false} | headers=HTTPHeaderDict({'Content-Length': '15', 'Content-Type': 'application/json; charset=utf-8', 'cache-control': 'no-cache'})
2026-08-24 15:40:55 - selenium.webdriver.remote.remote_connection - DEBUG - Finished Request
2026-08-24 15:40:55 - selenium.webdriver.remote.remote_connection - DEBUG - POST http://localhost:59873/session/7ea3109d76211e5fd552f4aa86267cb8/execute/sync {'script': "return document.querySelectorAll('[data-rpa-tag-id]').length > 0", 'args': []}
2026-08-24 15:40:56 - urllib3.connectionpool - DEBUG - http://localhost:59873 "POST /session/7ea3109d76211e5fd552f4aa86267cb8/execute/sync HTTP/1.1" 200 0
2026-08-24 15:40:56 - selenium.webdriver.remote.remote_connection - DEBUG - Remote response: status=200 | data={"value":false} | headers=HTTPHeaderDict({'Content-Length': '15', 'Content-Type': 'application/json; charset=utf-8', 'cache-control': 'no-cache'})
2026-08-24 15:40:56 - selenium.webdriver.remote.remote_connection - DEBUG - Finished Request
2026-08-24 15:40:56 - selenium.webdriver.remote.remote_connection - DEBUG - POST http://localhost:59873/session/7ea3109d76211e5fd552f4aa86267cb8/execute/sync {'script': "return document.querySelectorAll('[data-rpa-tag-id]').length > 0", 'args': []}
2026-08-24 15:40:56 - urllib3.connectionpool - DEBUG - http://localhost:59873 "POST /session/7ea3109d76211e5fd552f4aa86267cb8/execute/sync HTTP/1.1" 200 0
2026-08-24 15:40:56 - selenium.webdriver.remote.remote_connection - DEBUG - Remote response: status=200 | data={"value":false} | headers=HTTPHeaderDict({'Content-Length': '15', 'Content-Type': 'application/json; charset=utf-8', 'cache-control': 'no-cache'})
2026-08-24 15:40:56 - selenium.webdriver.remote.remote_connection - DEBUG - Finished Request
2026-08-24 15:40:57 - selenium.webdriver.remote.remote_connection - DEBUG - POST http://localhost:59873/session/7ea3109d76211e5fd552f4aa86267cb8/execute/sync {'script': "return document.querySelectorAll('[data-rpa-tag-id]').length > 0", 'args': []}
2026-08-24 15:40:57 - urllib3.connectionpool - DEBUG - http://localhost:59873 "POST /session/7ea3109d76211e5fd552f4aa86267cb8/execute/sync HTTP/1.1" 200 0
2026-08-24 15:40:57 - selenium.webdriver.remote.remote_connection - DEBUG - Remote response: status=200 | data={"value":false} | headers=HTTPHeaderDict({'Content-Length': '15', 'Content-Type': 'application/json; charset=utf-8', 'cache-control': 'no-cache'})
2026-08-24 15:40:57 - selenium.webdriver.remote.remote_connection - DEBUG - Finished Request
2026-08-24 15:40:57 - selenium.webdriver.remote.remote_connection - DEBUG - POST http://localhost:59873/session/7ea3109d76211e5fd552f4aa86267cb8/execute/sync {'script': "return document.querySelectorAll('[data-rpa-tag-id]').length > 0", 'args': []}
2026-08-24 15:40:57 - urllib3.connectionpool - DEBUG - http://localhost:59873 "POST /session/7ea3109d76211e5fd552f4aa86267cb8/execute/sync HTTP/1.1" 200 0
2026-08-24 15:40:57 - selenium.webdriver.remote.remote_connection - DEBUG - Remote response: status=200 | data={"value":false} | headers=HTTPHeaderDict({'Content-Length': '15', 'Content-Type': 'application/json; charset=utf-8', 'cache-control': 'no-cache'})
2026-08-24 15:40:57 - selenium.webdriver.remote.remote_connection - DEBUG - Finished Request
2026-08-24 15:40:58 - selenium.webdriver.remote.remote_connection - DEBUG - POST http://localhost:59873/session/7ea3109d76211e5fd552f4aa86267cb8/execute/sync {'script': "return document.querySelectorAll('[data-rpa-tag-id]').length > 0", 'args': []}
2026-08-24 15:40:58 - urllib3.connectionpool - DEBUG - http://localhost:59873 "POST /session/7ea3109d76211e5fd552f4aa86267cb8/execute/sync HTTP/1.1" 200 0
2026-08-24 15:40:58 - selenium.webdriver.remote.remote_connection - DEBUG - Remote response: status=200 | data={"value":false} | headers=HTTPHeaderDict({'Content-Length': '15', 'Content-Type': 'application/json; charset=utf-8', 'cache-control': 'no-cache'})
2026-08-24 15:40:58 - selenium.webdriver.remote.remote_connection - DEBUG - Finished Request
2026-08-24 15:40:58 - selenium.webdriver.remote.remote_connection - DEBUG - POST http://localhost:59873/session/7ea3109d76211e5fd552f4aa86267cb8/execute/sync {'script': "return document.querySelectorAll('[data-rpa-tag-id]').length > 0", 'args': []}
2026-08-24 15:40:58 - urllib3.connectionpool - DEBUG - http://localhost:59873 "POST /session/7ea3109d76211e5fd552f4aa86267cb8/execute/sync HTTP/1.1" 200 0
2026-08-24 15:40:58 - selenium.webdriver.remote.remote_connection - DEBUG - Remote response: status=200 | data={"value":false} | headers=HTTPHeaderDict({'Content-Length': '15', 'Content-Type': 'application/json; charset=utf-8', 'cache-control': 'no-cache'})
2026-08-24 15:40:58 - selenium.webdriver.remote.remote_connection - DEBUG - Finished Request
2026-08-24 15:40:59 - selenium.webdriver.remote.remote_connection - DEBUG - POST http://localhost:59873/session/7ea3109d76211e5fd552f4aa86267cb8/execute/sync {'script': "return document.querySelectorAll('[data-rpa-tag-id]').length > 0", 'args': []}
2026-08-24 15:40:59 - urllib3.connectionpool - DEBUG - http://localhost:59873 "POST /session/7ea3109d76211e5fd552f4aa86267cb8/execute/sync HTTP/1.1" 200 0
2026-08-24 15:40:59 - selenium.webdriver.remote.remote_connection - DEBUG - Remote response: status=200 | data={"value":false} | headers=HTTPHeaderDict({'Content-Length': '15', 'Content-Type': 'application/json; charset=utf-8', 'cache-control': 'no-cache'})
2026-08-24 15:40:59 - selenium.webdriver.remote.remote_connection - DEBUG - Finished Request
2026-08-24 15:40:59 - selenium.webdriver.remote.remote_connection - DEBUG - POST http://localhost:59873/session/7ea3109d76211e5fd552f4aa86267cb8/execute/sync {'script': "return document.querySelectorAll('[data-rpa-tag-id]').length > 0", 'args': []}
2026-08-24 15:40:59 - urllib3.connectionpool - DEBUG - http://localhost:59873 "POST /session/7ea3109d76211e5fd552f4aa86267cb8/execute/sync HTTP/1.1" 200 0
2026-08-24 15:40:59 - selenium.webdriver.remote.remote_connection - DEBUG - Remote response: status=200 | data={"value":false} | headers=HTTPHeaderDict({'Content-Length': '15', 'Content-Type': 'application/json; charset=utf-8', 'cache-control': 'no-cache'})
2026-08-24 15:40:59 - selenium.webdriver.remote.remote_connection - DEBUG - Finished Request
2026-08-24 15:41:00 - selenium.webdriver.remote.remote_connection - DEBUG - POST http://localhost:59873/session/7ea3109d76211e5fd552f4aa86267cb8/execute/sync {'script': "return document.querySelectorAll('[data-rpa-tag-id]').length > 0", 'args': []}
2026-08-24 15:41:00 - urllib3.connectionpool - DEBUG - http://localhost:59873 "POST /session/7ea3109d76211e5fd552f4aa86267cb8/execute/sync HTTP/1.1" 200 0
2026-08-24 15:41:00 - selenium.webdriver.remote.remote_connection - DEBUG - Remote response: status=200 | data={"value":false} | headers=HTTPHeaderDict({'Content-Length': '15', 'Content-Type': 'application/json; charset=utf-8', 'cache-control': 'no-cache'})
2026-08-24 15:41:00 - selenium.webdriver.remote.remote_connection - DEBUG - Finished Request
2026-08-24 15:41:00 - selenium.webdriver.remote.remote_connection - DEBUG - POST http://localhost:59873/session/7ea3109d76211e5fd552f4aa86267cb8/execute/sync {'script': "return document.querySelectorAll('[data-rpa-tag-id]').length > 0", 'args': []}
2026-08-24 15:41:00 - urllib3.connectionpool - DEBUG - http://localhost:59873 "POST /session/7ea3109d76211e5fd552f4aa86267cb8/execute/sync HTTP/1.1" 200 0
2026-08-24 15:41:00 - selenium.webdriver.remote.remote_connection - DEBUG - Remote response: status=200 | data={"value":false} | headers=HTTPHeaderDict({'Content-Length': '15', 'Content-Type': 'application/json; charset=utf-8', 'cache-control': 'no-cache'})
2026-08-24 15:41:00 - selenium.webdriver.remote.remote_connection - DEBUG - Finished Request
2026-08-24 15:41:01 - selenium.webdriver.remote.remote_connection - DEBUG - POST http://localhost:59873/session/7ea3109d76211e5fd552f4aa86267cb8/execute/sync {'script': "return document.querySelectorAll('[data-rpa-tag-id]').length > 0", 'args': []}
2026-08-24 15:41:01 - urllib3.connectionpool - DEBUG - http://localhost:59873 "POST /session/7ea3109d76211e5fd552f4aa86267cb8/execute/sync HTTP/1.1" 200 0
2026-08-24 15:41:01 - selenium.webdriver.remote.remote_connection - DEBUG - Remote response: status=200 | data={"value":false} | headers=HTTPHeaderDict({'Content-Length': '15', 'Content-Type': 'application/json; charset=utf-8', 'cache-control': 'no-cache'})
2026-08-24 15:41:01 - selenium.webdriver.remote.remote_connection - DEBUG - Finished Request
2026-08-24 15:41:01 - selenium.webdriver.remote.remote_connection - DEBUG - POST http://localhost:59873/session/7ea3109d76211e5fd552f4aa86267cb8/execute/sync {'script': "return document.querySelectorAll('[data-rpa-tag-id]').length > 0", 'args': []}
2026-08-24 15:41:01 - urllib3.connectionpool - DEBUG - http://localhost:59873 "POST /session/7ea3109d76211e5fd552f4aa86267cb8/execute/sync HTTP/1.1" 200 0
2026-08-24 15:41:01 - selenium.webdriver.remote.remote_connection - DEBUG - Remote response: status=200 | data={"value":false} | headers=HTTPHeaderDict({'Content-Length': '15', 'Content-Type': 'application/json; charset=utf-8', 'cache-control': 'no-cache'})
2026-08-24 15:41:01 - selenium.webdriver.remote.remote_connection - DEBUG - Finished Request
2026-08-24 15:41:02 - selenium.webdriver.remote.remote_connection - DEBUG - POST http://localhost:59873/session/7ea3109d76211e5fd552f4aa86267cb8/execute/sync {'script': "return document.querySelectorAll('[data-rpa-tag-id]').length > 0", 'args': []}
2026-08-24 15:41:02 - urllib3.connectionpool - DEBUG - http://localhost:59873 "POST /session/7ea3109d76211e5fd552f4aa86267cb8/execute/sync HTTP/1.1" 200 0
2026-08-24 15:41:02 - selenium.webdriver.remote.remote_connection - DEBUG - Remote response: status=200 | data={"value":false} | headers=HTTPHeaderDict({'Content-Length': '15', 'Content-Type': 'application/json; charset=utf-8', 'cache-control': 'no-cache'})
2026-08-24 15:41:02 - selenium.webdriver.remote.remote_connection - DEBUG - Finished Request
2026-08-24 15:41:02 - selenium.webdriver.remote.remote_connection - DEBUG - POST http://localhost:59873/session/7ea3109d76211e5fd552f4aa86267cb8/execute/sync {'script': "return document.querySelectorAll('[data-rpa-tag-id]').length > 0", 'args': []}
2026-08-24 15:41:02 - urllib3.connectionpool - DEBUG - http://localhost:59873 "POST /session/7ea3109d76211e5fd552f4aa86267cb8/execute/sync HTTP/1.1" 200 0
2026-08-24 15:41:02 - selenium.webdriver.remote.remote_connection - DEBUG - Remote response: status=200 | data={"value":false} | headers=HTTPHeaderDict({'Content-Length': '15', 'Content-Type': 'application/json; charset=utf-8', 'cache-control': 'no-cache'})
2026-08-24 15:41:02 - selenium.webdriver.remote.remote_connection - DEBUG - Finished Request
2026-08-24 15:41:03 - selenium.webdriver.remote.remote_connection - DEBUG - POST http://localhost:59873/session/7ea3109d76211e5fd552f4aa86267cb8/execute/sync {'script': "return document.querySelectorAll('[data-rpa-tag-id]').length > 0", 'args': []}
2026-08-24 15:41:03 - urllib3.connectionpool - DEBUG - http://localhost:59873 "POST /session/7ea3109d76211e5fd552f4aa86267cb8/execute/sync HTTP/1.1" 200 0
2026-08-24 15:41:03 - selenium.webdriver.remote.remote_connection - DEBUG - Remote response: status=200 | data={"value":false} | headers=HTTPHeaderDict({'Content-Length': '15', 'Content-Type': 'application/json; charset=utf-8', 'cache-control': 'no-cache'})
2026-08-24 15:41:03 - selenium.webdriver.remote.remote_connection - DEBUG - Finished Request
2026-08-24 15:41:03 - selenium.webdriver.remote.remote_connection - DEBUG - POST http://localhost:59873/session/7ea3109d76211e5fd552f4aa86267cb8/execute/sync {'script': "return document.querySelectorAll('[data-rpa-tag-id]').length > 0", 'args': []}
2026-08-24 15:41:03 - urllib3.connectionpool - DEBUG - http://localhost:59873 "POST /session/7ea3109d76211e5fd552f4aa86267cb8/execute/sync HTTP/1.1" 200 0
2026-08-24 15:41:03 - selenium.webdriver.remote.remote_connection - DEBUG - Remote response: status=200 | data={"value":false} | headers=HTTPHeaderDict({'Content-Length': '15', 'Content-Type': 'application/json; charset=utf-8', 'cache-control': 'no-cache'})
2026-08-24 15:41:03 - selenium.webdriver.remote.remote_connection - DEBUG - Finished Request
2026-08-24 15:41:04 - selenium.webdriver.remote.remote_connection - DEBUG - POST http://localhost:59873/session/7ea3109d76211e5fd552f4aa86267cb8/execute/sync {'script': "return document.querySelectorAll('[data-rpa-tag-id]').length > 0", 'args': []}
2026-08-24 15:41:04 - urllib3.connectionpool - DEBUG - http://localhost:59873 "POST /session/7ea3109d76211e5fd552f4aa86267cb8/execute/sync HTTP/1.1" 200 0
2026-08-24 15:41:04 - selenium.webdriver.remote.remote_connection - DEBUG - Remote response: status=200 | data={"value":false} | headers=HTTPHeaderDict({'Content-Length': '15', 'Content-Type': 'application/json; charset=utf-8', 'cache-control': 'no-cache'})
2026-08-24 15:41:04 - selenium.webdriver.remote.remote_connection - DEBUG - Finished Request
2026-08-24 15:41:04 - selenium.webdriver.remote.remote_connection - DEBUG - POST http://localhost:59873/session/7ea3109d76211e5fd552f4aa86267cb8/execute/sync {'script': "return document.querySelectorAll('[data-rpa-tag-id]').length > 0", 'args': []}
2026-08-24 15:41:04 - urllib3.connectionpool - DEBUG - http://localhost:59873 "POST /session/7ea3109d76211e5fd552f4aa86267cb8/execute/sync HTTP/1.1" 200 0
2026-08-24 15:41:04 - selenium.webdriver.remote.remote_connection - DEBUG - Remote response: status=200 | data={"value":false} | headers=HTTPHeaderDict({'Content-Length': '15', 'Content-Type': 'application/json; charset=utf-8', 'cache-control': 'no-cache'})
2026-08-24 15:41:04 - selenium.webdriver.remote.remote_connection - DEBUG - Finished Request
2026-08-24 15:41:05 - selenium.webdriver.remote.remote_connection - DEBUG - POST http://localhost:59873/session/7ea3109d76211e5fd552f4aa86267cb8/execute/sync {'script': "return document.querySelectorAll('[data-rpa-tag-id]').length > 0", 'args': []}
2026-08-24 15:41:05 - urllib3.connectionpool - DEBUG - http://localhost:59873 "POST /session/7ea3109d76211e5fd552f4aa86267cb8/execute/sync HTTP/1.1" 200 0
2026-08-24 15:41:05 - selenium.webdriver.remote.remote_connection - DEBUG - Remote response: status=200 | data={"value":false} | headers=HTTPHeaderDict({'Content-Length': '15', 'Content-Type': 'application/json; charset=utf-8', 'cache-control': 'no-cache'})
2026-08-24 15:41:05 - selenium.webdriver.remote.remote_connection - DEBUG - Finished Request
2026-08-24 15:41:05 - selenium.webdriver.remote.remote_connection - DEBUG - POST http://localhost:59873/session/7ea3109d76211e5fd552f4aa86267cb8/execute/sync {'script': "return document.querySelectorAll('[data-rpa-tag-id]').length > 0", 'args': []}
2026-08-24 15:41:05 - urllib3.connectionpool - DEBUG - http://localhost:59873 "POST /session/7ea3109d76211e5fd552f4aa86267cb8/execute/sync HTTP/1.1" 200 0
2026-08-24 15:41:05 - selenium.webdriver.remote.remote_connection - DEBUG - Remote response: status=200 | data={"value":false} | headers=HTTPHeaderDict({'Content-Length': '15', 'Content-Type': 'application/json; charset=utf-8', 'cache-control': 'no-cache'})
2026-08-24 15:41:05 - selenium.webdriver.remote.remote_connection - DEBUG - Finished Request
2026-08-24 15:41:06 - selenium.webdriver.remote.remote_connection - DEBUG - POST http://localhost:59873/session/7ea3109d76211e5fd552f4aa86267cb8/execute/sync {'script': "return document.querySelectorAll('[data-rpa-tag-id]').length > 0", 'args': []}
2026-08-24 15:41:06 - urllib3.connectionpool - DEBUG - http://localhost:59873 "POST /session/7ea3109d76211e5fd552f4aa86267cb8/execute/sync HTTP/1.1" 200 0
2026-08-24 15:41:06 - selenium.webdriver.remote.remote_connection - DEBUG - Remote response: status=200 | data={"value":false} | headers=HTTPHeaderDict({'Content-Length': '15', 'Content-Type': 'application/json; charset=utf-8', 'cache-control': 'no-cache'})
2026-08-24 15:41:06 - selenium.webdriver.remote.remote_connection - DEBUG - Finished Request
2026-08-24 15:41:06 - selenium.webdriver.remote.remote_connection - DEBUG - POST http://localhost:59873/session/7ea3109d76211e5fd552f4aa86267cb8/execute/sync {'script': "return document.querySelectorAll('[data-rpa-tag-id]').length > 0", 'args': []}
2026-08-24 15:41:06 - urllib3.connectionpool - DEBUG - http://localhost:59873 "POST /session/7ea3109d76211e5fd552f4aa86267cb8/execute/sync HTTP/1.1" 200 0
2026-08-24 15:41:06 - selenium.webdriver.remote.remote_connection - DEBUG - Remote response: status=200 | data={"value":false} | headers=HTTPHeaderDict({'Content-Length': '15', 'Content-Type': 'application/json; charset=utf-8', 'cache-control': 'no-cache'})
2026-08-24 15:41:06 - selenium.webdriver.remote.remote_connection - DEBUG - Finished Request
2026-08-24 15:41:07 - selenium.webdriver.remote.remote_connection - DEBUG - POST http://localhost:59873/session/7ea3109d76211e5fd552f4aa86267cb8/execute/sync {'script': "return document.querySelectorAll('[data-rpa-tag-id]').length > 0", 'args': []}
2026-08-24 15:41:07 - urllib3.connectionpool - DEBUG - http://localhost:59873 "POST /session/7ea3109d76211e5fd552f4aa86267cb8/execute/sync HTTP/1.1" 200 0
2026-08-24 15:41:07 - selenium.webdriver.remote.remote_connection - DEBUG - Remote response: status=200 | data={"value":false} | headers=HTTPHeaderDict({'Content-Length': '15', 'Content-Type': 'application/json; charset=utf-8', 'cache-control': 'no-cache'})
2026-08-24 15:41:07 - selenium.webdriver.remote.remote_connection - DEBUG - Finished Request
2026-08-24 15:41:07 - selenium.webdriver.remote.remote_connection - DEBUG - POST http://localhost:59873/session/7ea3109d76211e5fd552f4aa86267cb8/execute/sync {'script': "return document.querySelectorAll('[data-rpa-tag-id]').length > 0", 'args': []}
2026-08-24 15:41:07 - urllib3.connectionpool - DEBUG - http://localhost:59873 "POST /session/7ea3109d76211e5fd552f4aa86267cb8/execute/sync HTTP/1.1" 200 0
2026-08-24 15:41:07 - selenium.webdriver.remote.remote_connection - DEBUG - Remote response: status=200 | data={"value":false} | headers=HTTPHeaderDict({'Content-Length': '15', 'Content-Type': 'application/json; charset=utf-8', 'cache-control': 'no-cache'})
2026-08-24 15:41:07 - selenium.webdriver.remote.remote_connection - DEBUG - Finished Request
2026-08-24 15:41:08 - selenium.webdriver.remote.remote_connection - DEBUG - POST http://localhost:59873/session/7ea3109d76211e5fd552f4aa86267cb8/execute/sync {'script': "return document.querySelectorAll('[data-rpa-tag-id]').length > 0", 'args': []}
2026-08-24 15:41:08 - urllib3.connectionpool - DEBUG - http://localhost:59873 "POST /session/7ea3109d76211e5fd552f4aa86267cb8/execute/sync HTTP/1.1" 200 0
2026-08-24 15:41:08 - selenium.webdriver.remote.remote_connection - DEBUG - Remote response: status=200 | data={"value":false} | headers=HTTPHeaderDict({'Content-Length': '15', 'Content-Type': 'application/json; charset=utf-8', 'cache-control': 'no-cache'})
2026-08-24 15:41:08 - selenium.webdriver.remote.remote_connection - DEBUG - Finished Request
2026-08-24 15:41:08 - selenium.webdriver.remote.remote_connection - DEBUG - POST http://localhost:59873/session/7ea3109d76211e5fd552f4aa86267cb8/execute/sync {'script': "return document.querySelectorAll('[data-rpa-tag-id]').length > 0", 'args': []}
2026-08-24 15:41:08 - urllib3.connectionpool - DEBUG - http://localhost:59873 "POST /session/7ea3109d76211e5fd552f4aa86267cb8/execute/sync HTTP/1.1" 200 0
2026-08-24 15:41:08 - selenium.webdriver.remote.remote_connection - DEBUG - Remote response: status=200 | data={"value":false} | headers=HTTPHeaderDict({'Content-Length': '15', 'Content-Type': 'application/json; charset=utf-8', 'cache-control': 'no-cache'})
2026-08-24 15:41:08 - selenium.webdriver.remote.remote_connection - DEBUG - Finished Request
2026-08-24 15:41:09 - selenium.webdriver.remote.remote_connection - DEBUG - POST http://localhost:59873/session/7ea3109d76211e5fd552f4aa86267cb8/execute/sync {'script': "return document.querySelectorAll('[data-rpa-tag-id]').length > 0", 'args': []}
2026-08-24 15:41:09 - urllib3.connectionpool - DEBUG - http://localhost:59873 "POST /session/7ea3109d76211e5fd552f4aa86267cb8/execute/sync HTTP/1.1" 200 0
2026-08-24 15:41:09 - selenium.webdriver.remote.remote_connection - DEBUG - Remote response: status=200 | data={"value":false} | headers=HTTPHeaderDict({'Content-Length': '15', 'Content-Type': 'application/json; charset=utf-8', 'cache-control': 'no-cache'})
2026-08-24 15:41:09 - selenium.webdriver.remote.remote_connection - DEBUG - Finished Request
2026-08-24 15:41:09 - selenium.webdriver.remote.remote_connection - DEBUG - POST http://localhost:59873/session/7ea3109d76211e5fd552f4aa86267cb8/execute/sync {'script': "return document.querySelectorAll('[data-rpa-tag-id]').length > 0", 'args': []}
2026-08-24 15:41:09 - urllib3.connectionpool - DEBUG - http://localhost:59873 "POST /session/7ea3109d76211e5fd552f4aa86267cb8/execute/sync HTTP/1.1" 200 0
2026-08-24 15:41:09 - selenium.webdriver.remote.remote_connection - DEBUG - Remote response: status=200 | data={"value":false} | headers=HTTPHeaderDict({'Content-Length': '15', 'Content-Type': 'application/json; charset=utf-8', 'cache-control': 'no-cache'})
2026-08-24 15:41:09 - selenium.webdriver.remote.remote_connection - DEBUG - Finished Request
2026-08-24 15:41:10 - selenium.webdriver.remote.remote_connection - DEBUG - POST http://localhost:59873/session/7ea3109d76211e5fd552f4aa86267cb8/execute/sync {'script': "return document.querySelectorAll('[data-rpa-tag-id]').length > 0", 'args': []}
2026-08-24 15:41:10 - urllib3.connectionpool - DEBUG - http://localhost:59873 "POST /session/7ea3109d76211e5fd552f4aa86267cb8/execute/sync HTTP/1.1" 200 0
2026-08-24 15:41:10 - selenium.webdriver.remote.remote_connection - DEBUG - Remote response: status=200 | data={"value":false} | headers=HTTPHeaderDict({'Content-Length': '15', 'Content-Type': 'application/json; charset=utf-8', 'cache-control': 'no-cache'})
2026-08-24 15:41:10 - selenium.webdriver.remote.remote_connection - DEBUG - Finished Request
2026-08-24 15:41:10 - selenium.webdriver.remote.remote_connection - DEBUG - POST http://localhost:59873/session/7ea3109d76211e5fd552f4aa86267cb8/execute/sync {'script': "return document.querySelectorAll('[data-rpa-tag-id]').length > 0", 'args': []}
2026-08-24 15:41:10 - urllib3.connectionpool - DEBUG - http://localhost:59873 "POST /session/7ea3109d76211e5fd552f4aa86267cb8/execute/sync HTTP/1.1" 200 0
2026-08-24 15:41:10 - selenium.webdriver.remote.remote_connection - DEBUG - Remote response: status=200 | data={"value":false} | headers=HTTPHeaderDict({'Content-Length': '15', 'Content-Type': 'application/json; charset=utf-8', 'cache-control': 'no-cache'})
2026-08-24 15:41:10 - selenium.webdriver.remote.remote_connection - DEBUG - Finished Request
2026-08-24 15:41:11 - selenium.webdriver.remote.remote_connection - DEBUG - POST http://localhost:59873/session/7ea3109d76211e5fd552f4aa86267cb8/execute/sync {'script': "return document.querySelectorAll('[data-rpa-tag-id]').length > 0", 'args': []}
2026-08-24 15:41:11 - urllib3.connectionpool - DEBUG - http://localhost:59873 "POST /session/7ea3109d76211e5fd552f4aa86267cb8/execute/sync HTTP/1.1" 200 0
2026-08-24 15:41:11 - selenium.webdriver.remote.remote_connection - DEBUG - Remote response: status=200 | data={"value":false} | headers=HTTPHeaderDict({'Content-Length': '15', 'Content-Type': 'application/json; charset=utf-8', 'cache-control': 'no-cache'})
2026-08-24 15:41:11 - selenium.webdriver.remote.remote_connection - DEBUG - Finished Request
2026-08-24 15:41:11 - selenium.webdriver.remote.remote_connection - DEBUG - POST http://localhost:59873/session/7ea3109d76211e5fd552f4aa86267cb8/execute/sync {'script': "return document.querySelectorAll('[data-rpa-tag-id]').length > 0", 'args': []}
2026-08-24 15:41:11 - urllib3.connectionpool - DEBUG - http://localhost:59873 "POST /session/7ea3109d76211e5fd552f4aa86267cb8/execute/sync HTTP/1.1" 200 0
2026-08-24 15:41:11 - selenium.webdriver.remote.remote_connection - DEBUG - Remote response: status=200 | data={"value":false} | headers=HTTPHeaderDict({'Content-Length': '15', 'Content-Type': 'application/json; charset=utf-8', 'cache-control': 'no-cache'})
2026-08-24 15:41:11 - selenium.webdriver.remote.remote_connection - DEBUG - Finished Request
2026-08-24 15:41:12 - selenium.webdriver.remote.remote_connection - DEBUG - POST http://localhost:59873/session/7ea3109d76211e5fd552f4aa86267cb8/execute/sync {'script': "return document.querySelectorAll('[data-rpa-tag-id]').length > 0", 'args': []}
2026-08-24 15:41:12 - urllib3.connectionpool - DEBUG - http://localhost:59873 "POST /session/7ea3109d76211e5fd552f4aa86267cb8/execute/sync HTTP/1.1" 200 0
2026-08-24 15:41:12 - selenium.webdriver.remote.remote_connection - DEBUG - Remote response: status=200 | data={"value":false} | headers=HTTPHeaderDict({'Content-Length': '15', 'Content-Type': 'application/json; charset=utf-8', 'cache-control': 'no-cache'})
2026-08-24 15:41:12 - selenium.webdriver.remote.remote_connection - DEBUG - Finished Request
2026-08-24 15:41:12 - selenium.webdriver.remote.remote_connection - DEBUG - POST http://localhost:59873/session/7ea3109d76211e5fd552f4aa86267cb8/execute/sync {'script': "return document.querySelectorAll('[data-rpa-tag-id]').length > 0", 'args': []}
2026-08-24 15:41:12 - urllib3.connectionpool - DEBUG - http://localhost:59873 "POST /session/7ea3109d76211e5fd552f4aa86267cb8/execute/sync HTTP/1.1" 200 0
2026-08-24 15:41:12 - selenium.webdriver.remote.remote_connection - DEBUG - Remote response: status=200 | data={"value":false} | headers=HTTPHeaderDict({'Content-Length': '15', 'Content-Type': 'application/json; charset=utf-8', 'cache-control': 'no-cache'})
2026-08-24 15:41:12 - selenium.webdriver.remote.remote_connection - DEBUG - Finished Request
2026-08-24 15:41:12 - scraper - WARNING - Angular did not bootstrap within 30s — will refresh
2026-08-24 15:41:12 - scraper - INFO - Angular stalled — refreshing page (bundle now cached)
2026-08-24 15:41:12 - selenium.webdriver.remote.remote_connection - DEBUG - POST http://localhost:59873/session/7ea3109d76211e5fd552f4aa86267cb8/refresh {}
2026-08-24 15:41:17 - urllib3.connectionpool - DEBUG - http://localhost:59873 "POST /session/7ea3109d76211e5fd552f4aa86267cb8/refresh HTTP/1.1" 200 0
2026-08-24 15:41:17 - selenium.webdriver.remote.remote_connection - DEBUG - Remote response: status=200 | data={"value":null} | headers=HTTPHeaderDict({'Content-Length': '14', 'Content-Type': 'application/json; charset=utf-8', 'cache-control': 'no-cache'})
2026-08-24 15:41:17 - selenium.webdriver.remote.remote_connection - DEBUG - Finished Request
2026-08-24 15:41:17 - selenium.webdriver.remote.remote_connection - DEBUG - POST http://localhost:59873/session/7ea3109d76211e5fd552f4aa86267cb8/execute/sync {'script': "\n                var candidates = [\n                    document.querySelector('#onetrust-accept-btn...", 'args': []}
2026-08-24 15:41:17 - urllib3.connectionpool - DEBUG - http://localhost:59873 "POST /session/7ea3109d76211e5fd552f4aa86267cb8/execute/sync HTTP/1.1" 200 0
2026-08-24 15:41:17 - selenium.webdriver.remote.remote_connection - DEBUG - Remote response: status=200 | data={"value":null} | headers=HTTPHeaderDict({'Content-Length': '14', 'Content-Type': 'application/json; charset=utf-8', 'cache-control': 'no-cache'})
2026-08-24 15:41:17 - selenium.webdriver.remote.remote_connection - DEBUG - Finished Request
2026-08-24 15:41:17 - selenium.webdriver.remote.remote_connection - DEBUG - POST http://localhost:59873/session/7ea3109d76211e5fd552f4aa86267cb8/execute/sync {'script': "return document.querySelectorAll('[data-rpa-tag-id]').length > 0", 'args': []}
2026-08-24 15:41:18 - urllib3.connectionpool - DEBUG - http://localhost:59873 "POST /session/7ea3109d76211e5fd552f4aa86267cb8/execute/sync HTTP/1.1" 200 0
2026-08-24 15:41:18 - selenium.webdriver.remote.remote_connection - DEBUG - Remote response: status=200 | data={"value":false} | headers=HTTPHeaderDict({'Content-Length': '15', 'Content-Type': 'application/json; charset=utf-8', 'cache-control': 'no-cache'})
2026-08-24 15:41:18 - selenium.webdriver.remote.remote_connection - DEBUG - Finished Request
2026-08-24 15:41:18 - selenium.webdriver.remote.remote_connection - DEBUG - POST http://localhost:59873/session/7ea3109d76211e5fd552f4aa86267cb8/execute/sync {'script': "return document.querySelectorAll('[data-rpa-tag-id]').length > 0", 'args': []}
2026-08-24 15:41:19 - urllib3.connectionpool - DEBUG - http://localhost:59873 "POST /session/7ea3109d76211e5fd552f4aa86267cb8/execute/sync HTTP/1.1" 200 0
2026-08-24 15:41:19 - selenium.webdriver.remote.remote_connection - DEBUG - Remote response: status=200 | data={"value":false} | headers=HTTPHeaderDict({'Content-Length': '15', 'Content-Type': 'application/json; charset=utf-8', 'cache-control': 'no-cache'})
2026-08-24 15:41:19 - selenium.webdriver.remote.remote_connection - DEBUG - Finished Request
2026-08-24 15:41:20 - selenium.webdriver.remote.remote_connection - DEBUG - POST http://localhost:59873/session/7ea3109d76211e5fd552f4aa86267cb8/execute/sync {'script': "return document.querySelectorAll('[data-rpa-tag-id]').length > 0", 'args': []}
2026-08-24 15:41:20 - urllib3.connectionpool - DEBUG - http://localhost:59873 "POST /session/7ea3109d76211e5fd552f4aa86267cb8/execute/sync HTTP/1.1" 200 0
2026-08-24 15:41:20 - selenium.webdriver.remote.remote_connection - DEBUG - Remote response: status=200 | data={"value":false} | headers=HTTPHeaderDict({'Content-Length': '15', 'Content-Type': 'application/json; charset=utf-8', 'cache-control': 'no-cache'})
2026-08-24 15:41:20 - selenium.webdriver.remote.remote_connection - DEBUG - Finished Request
2026-08-24 15:41:20 - selenium.webdriver.remote.remote_connection - DEBUG - POST http://localhost:59873/session/7ea3109d76211e5fd552f4aa86267cb8/execute/sync {'script': "return document.querySelectorAll('[data-rpa-tag-id]').length > 0", 'args': []}
2026-08-24 15:41:20 - urllib3.connectionpool - DEBUG - http://localhost:59873 "POST /session/7ea3109d76211e5fd552f4aa86267cb8/execute/sync HTTP/1.1" 200 0
2026-08-24 15:41:20 - selenium.webdriver.remote.remote_connection - DEBUG - Remote response: status=200 | data={"value":false} | headers=HTTPHeaderDict({'Content-Length': '15', 'Content-Type': 'application/json; charset=utf-8', 'cache-control': 'no-cache'})
2026-08-24 15:41:20 - selenium.webdriver.remote.remote_connection - DEBUG - Finished Request
2026-08-24 15:41:21 - selenium.webdriver.remote.remote_connection - DEBUG - POST http://localhost:59873/session/7ea3109d76211e5fd552f4aa86267cb8/execute/sync {'script': "return document.querySelectorAll('[data-rpa-tag-id]').length > 0", 'args': []}
2026-08-24 15:41:21 - urllib3.connectionpool - DEBUG - http://localhost:59873 "POST /session/7ea3109d76211e5fd552f4aa86267cb8/execute/sync HTTP/1.1" 200 0
2026-08-24 15:41:21 - selenium.webdriver.remote.remote_connection - DEBUG - Remote response: status=200 | data={"value":false} | headers=HTTPHeaderDict({'Content-Length': '15', 'Content-Type': 'application/json; charset=utf-8', 'cache-control': 'no-cache'})
2026-08-24 15:41:21 - selenium.webdriver.remote.remote_connection - DEBUG - Finished Request
2026-08-24 15:41:21 - selenium.webdriver.remote.remote_connection - DEBUG - POST http://localhost:59873/session/7ea3109d76211e5fd552f4aa86267cb8/execute/sync {'script': "return document.querySelectorAll('[data-rpa-tag-id]').length > 0", 'args': []}
2026-08-24 15:41:21 - urllib3.connectionpool - DEBUG - http://localhost:59873 "POST /session/7ea3109d76211e5fd552f4aa86267cb8/execute/sync HTTP/1.1" 200 0
2026-08-24 15:41:21 - selenium.webdriver.remote.remote_connection - DEBUG - Remote response: status=200 | data={"value":false} | headers=HTTPHeaderDict({'Content-Length': '15', 'Content-Type': 'application/json; charset=utf-8', 'cache-control': 'no-cache'})
2026-08-24 15:41:21 - selenium.webdriver.remote.remote_connection - DEBUG - Finished Request
2026-08-24 15:41:22 - selenium.webdriver.remote.remote_connection - DEBUG - POST http://localhost:59873/session/7ea3109d76211e5fd552f4aa86267cb8/execute/sync {'script': "return document.querySelectorAll('[data-rpa-tag-id]').length > 0", 'args': []}
2026-08-24 15:41:22 - urllib3.connectionpool - DEBUG - http://localhost:59873 "POST /session/7ea3109d76211e5fd552f4aa86267cb8/execute/sync HTTP/1.1" 200 0
2026-08-24 15:41:22 - selenium.webdriver.remote.remote_connection - DEBUG - Remote response: status=200 | data={"value":false} | headers=HTTPHeaderDict({'Content-Length': '15', 'Content-Type': 'application/json; charset=utf-8', 'cache-control': 'no-cache'})
2026-08-24 15:41:22 - selenium.webdriver.remote.remote_connection - DEBUG - Finished Request
2026-08-24 15:41:22 - selenium.webdriver.remote.remote_connection - DEBUG - POST http://localhost:59873/session/7ea3109d76211e5fd552f4aa86267cb8/execute/sync {'script': "return document.querySelectorAll('[data-rpa-tag-id]').length > 0", 'args': []}
2026-08-24 15:41:22 - urllib3.connectionpool - DEBUG - http://localhost:59873 "POST /session/7ea3109d76211e5fd552f4aa86267cb8/execute/sync HTTP/1.1" 200 0
2026-08-24 15:41:22 - selenium.webdriver.remote.remote_connection - DEBUG - Remote response: status=200 | data={"value":false} | headers=HTTPHeaderDict({'Content-Length': '15', 'Content-Type': 'application/json; charset=utf-8', 'cache-control': 'no-cache'})
2026-08-24 15:41:22 - selenium.webdriver.remote.remote_connection - DEBUG - Finished Request
2026-08-24 15:41:23 - selenium.webdriver.remote.remote_connection - DEBUG - POST http://localhost:59873/session/7ea3109d76211e5fd552f4aa86267cb8/execute/sync {'script': "return document.querySelectorAll('[data-rpa-tag-id]').length > 0", 'args': []}
2026-08-24 15:41:23 - urllib3.connectionpool - DEBUG - http://localhost:59873 "POST /session/7ea3109d76211e5fd552f4aa86267cb8/execute/sync HTTP/1.1" 200 0
2026-08-24 15:41:23 - selenium.webdriver.remote.remote_connection - DEBUG - Remote response: status=200 | data={"value":false} | headers=HTTPHeaderDict({'Content-Length': '15', 'Content-Type': 'application/json; charset=utf-8', 'cache-control': 'no-cache'})
2026-08-24 15:41:23 - selenium.webdriver.remote.remote_connection - DEBUG - Finished Request
2026-08-24 15:41:24 - selenium.webdriver.remote.remote_connection - DEBUG - POST http://localhost:59873/session/7ea3109d76211e5fd552f4aa86267cb8/execute/sync {'script': "return document.querySelectorAll('[data-rpa-tag-id]').length > 0", 'args': []}
2026-08-24 15:41:24 - urllib3.connectionpool - DEBUG - http://localhost:59873 "POST /session/7ea3109d76211e5fd552f4aa86267cb8/execute/sync HTTP/1.1" 200 0
2026-08-24 15:41:24 - selenium.webdriver.remote.remote_connection - DEBUG - Remote response: status=200 | data={"value":false} | headers=HTTPHeaderDict({'Content-Length': '15', 'Content-Type': 'application/json; charset=utf-8', 'cache-control': 'no-cache'})
2026-08-24 15:41:24 - selenium.webdriver.remote.remote_connection - DEBUG - Finished Request
2026-08-24 15:41:24 - selenium.webdriver.remote.remote_connection - DEBUG - POST http://localhost:59873/session/7ea3109d76211e5fd552f4aa86267cb8/execute/sync {'script': "return document.querySelectorAll('[data-rpa-tag-id]').length > 0", 'args': []}
2026-08-24 15:41:25 - urllib3.connectionpool - DEBUG - http://localhost:59873 "POST /session/7ea3109d76211e5fd552f4aa86267cb8/execute/sync HTTP/1.1" 200 0
2026-08-24 15:41:25 - selenium.webdriver.remote.remote_connection - DEBUG - Remote response: status=200 | data={"value":false} | headers=HTTPHeaderDict({'Content-Length': '15', 'Content-Type': 'application/json; charset=utf-8', 'cache-control': 'no-cache'})
2026-08-24 15:41:25 - selenium.webdriver.remote.remote_connection - DEBUG - Finished Request
2026-08-24 15:41:25 - selenium.webdriver.remote.remote_connection - DEBUG - POST http://localhost:59873/session/7ea3109d76211e5fd552f4aa86267cb8/execute/sync {'script': "return document.querySelectorAll('[data-rpa-tag-id]').length > 0", 'args': []}
2026-08-24 15:41:25 - urllib3.connectionpool - DEBUG - http://localhost:59873 "POST /session/7ea3109d76211e5fd552f4aa86267cb8/execute/sync HTTP/1.1" 200 0
2026-08-24 15:41:25 - selenium.webdriver.remote.remote_connection - DEBUG - Remote response: status=200 | data={"value":false} | headers=HTTPHeaderDict({'Content-Length': '15', 'Content-Type': 'application/json; charset=utf-8', 'cache-control': 'no-cache'})
2026-08-24 15:41:25 - selenium.webdriver.remote.remote_connection - DEBUG - Finished Request
2026-08-24 15:41:26 - selenium.webdriver.remote.remote_connection - DEBUG - POST http://localhost:59873/session/7ea3109d76211e5fd552f4aa86267cb8/execute/sync {'script': "return document.querySelectorAll('[data-rpa-tag-id]').length > 0", 'args': []}
2026-08-24 15:41:26 - urllib3.connectionpool - DEBUG - http://localhost:59873 "POST /session/7ea3109d76211e5fd552f4aa86267cb8/execute/sync HTTP/1.1" 200 0
2026-08-24 15:41:26 - selenium.webdriver.remote.remote_connection - DEBUG - Remote response: status=200 | data={"value":false} | headers=HTTPHeaderDict({'Content-Length': '15', 'Content-Type': 'application/json; charset=utf-8', 'cache-control': 'no-cache'})
2026-08-24 15:41:26 - selenium.webdriver.remote.remote_connection - DEBUG - Finished Request
2026-08-24 15:41:26 - selenium.webdriver.remote.remote_connection - DEBUG - POST http://localhost:59873/session/7ea3109d76211e5fd552f4aa86267cb8/execute/sync {'script': "return document.querySelectorAll('[data-rpa-tag-id]').length > 0", 'args': []}
2026-08-24 15:41:26 - urllib3.connectionpool - DEBUG - http://localhost:59873 "POST /session/7ea3109d76211e5fd552f4aa86267cb8/execute/sync HTTP/1.1" 200 0
2026-08-24 15:41:26 - selenium.webdriver.remote.remote_connection - DEBUG - Remote response: status=200 | data={"value":false} | headers=HTTPHeaderDict({'Content-Length': '15', 'Content-Type': 'application/json; charset=utf-8', 'cache-control': 'no-cache'})
2026-08-24 15:41:26 - selenium.webdriver.remote.remote_connection - DEBUG - Finished Request
2026-08-24 15:41:27 - selenium.webdriver.remote.remote_connection - DEBUG - POST http://localhost:59873/session/7ea3109d76211e5fd552f4aa86267cb8/execute/sync {'script': "return document.querySelectorAll('[data-rpa-tag-id]').length > 0", 'args': []}
2026-08-24 15:41:27 - urllib3.connectionpool - DEBUG - http://localhost:59873 "POST /session/7ea3109d76211e5fd552f4aa86267cb8/execute/sync HTTP/1.1" 200 0
2026-08-24 15:41:27 - selenium.webdriver.remote.remote_connection - DEBUG - Remote response: status=200 | data={"value":false} | headers=HTTPHeaderDict({'Content-Length': '15', 'Content-Type': 'application/json; charset=utf-8', 'cache-control': 'no-cache'})
2026-08-24 15:41:27 - selenium.webdriver.remote.remote_connection - DEBUG - Finished Request
2026-08-24 15:41:27 - selenium.webdriver.remote.remote_connection - DEBUG - POST http://localhost:59873/session/7ea3109d76211e5fd552f4aa86267cb8/execute/sync {'script': "return document.querySelectorAll('[data-rpa-tag-id]').length > 0", 'args': []}
2026-08-24 15:41:27 - urllib3.connectionpool - DEBUG - http://localhost:59873 "POST /session/7ea3109d76211e5fd552f4aa86267cb8/execute/sync HTTP/1.1" 200 0
2026-08-24 15:41:27 - selenium.webdriver.remote.remote_connection - DEBUG - Remote response: status=200 | data={"value":false} | headers=HTTPHeaderDict({'Content-Length': '15', 'Content-Type': 'application/json; charset=utf-8', 'cache-control': 'no-cache'})
2026-08-24 15:41:27 - selenium.webdriver.remote.remote_connection - DEBUG - Finished Request
2026-08-24 15:41:28 - selenium.webdriver.remote.remote_connection - DEBUG - POST http://localhost:59873/session/7ea3109d76211e5fd552f4aa86267cb8/execute/sync {'script': "return document.querySelectorAll('[data-rpa-tag-id]').length > 0", 'args': []}
2026-08-24 15:41:28 - urllib3.connectionpool - DEBUG - http://localhost:59873 "POST /session/7ea3109d76211e5fd552f4aa86267cb8/execute/sync HTTP/1.1" 200 0
2026-08-24 15:41:28 - selenium.webdriver.remote.remote_connection - DEBUG - Remote response: status=200 | data={"value":false} | headers=HTTPHeaderDict({'Content-Length': '15', 'Content-Type': 'application/json; charset=utf-8', 'cache-control': 'no-cache'})
2026-08-24 15:41:28 - selenium.webdriver.remote.remote_connection - DEBUG - Finished Request
2026-08-24 15:41:28 - selenium.webdriver.remote.remote_connection - DEBUG - POST http://localhost:59873/session/7ea3109d76211e5fd552f4aa86267cb8/execute/sync {'script': "return document.querySelectorAll('[data-rpa-tag-id]').length > 0", 'args': []}
2026-08-24 15:41:28 - urllib3.connectionpool - DEBUG - http://localhost:59873 "POST /session/7ea3109d76211e5fd552f4aa86267cb8/execute/sync HTTP/1.1" 200 0
2026-08-24 15:41:28 - selenium.webdriver.remote.remote_connection - DEBUG - Remote response: status=200 | data={"value":false} | headers=HTTPHeaderDict({'Content-Length': '15', 'Content-Type': 'application/json; charset=utf-8', 'cache-control': 'no-cache'})
2026-08-24 15:41:28 - selenium.webdriver.remote.remote_connection - DEBUG - Finished Request
2026-08-24 15:41:29 - selenium.webdriver.remote.remote_connection - DEBUG - POST http://localhost:59873/session/7ea3109d76211e5fd552f4aa86267cb8/execute/sync {'script': "return document.querySelectorAll('[data-rpa-tag-id]').length > 0", 'args': []}
2026-08-24 15:41:29 - urllib3.connectionpool - DEBUG - http://localhost:59873 "POST /session/7ea3109d76211e5fd552f4aa86267cb8/execute/sync HTTP/1.1" 200 0
2026-08-24 15:41:29 - selenium.webdriver.remote.remote_connection - DEBUG - Remote response: status=200 | data={"value":false} | headers=HTTPHeaderDict({'Content-Length': '15', 'Content-Type': 'application/json; charset=utf-8', 'cache-control': 'no-cache'})
2026-08-24 15:41:29 - selenium.webdriver.remote.remote_connection - DEBUG - Finished Request
2026-08-24 15:41:29 - selenium.webdriver.remote.remote_connection - DEBUG - POST http://localhost:59873/session/7ea3109d76211e5fd552f4aa86267cb8/execute/sync {'script': "return document.querySelectorAll('[data-rpa-tag-id]').length > 0", 'args': []}
2026-08-24 15:41:29 - urllib3.connectionpool - DEBUG - http://localhost:59873 "POST /session/7ea3109d76211e5fd552f4aa86267cb8/execute/sync HTTP/1.1" 200 0
2026-08-24 15:41:29 - selenium.webdriver.remote.remote_connection - DEBUG - Remote response: status=200 | data={"value":false} | headers=HTTPHeaderDict({'Content-Length': '15', 'Content-Type': 'application/json; charset=utf-8', 'cache-control': 'no-cache'})
2026-08-24 15:41:29 - selenium.webdriver.remote.remote_connection - DEBUG - Finished Request
2026-08-24 15:41:30 - selenium.webdriver.remote.remote_connection - DEBUG - POST http://localhost:59873/session/7ea3109d76211e5fd552f4aa86267cb8/execute/sync {'script': "return document.querySelectorAll('[data-rpa-tag-id]').length > 0", 'args': []}
2026-08-24 15:41:30 - urllib3.connectionpool - DEBUG - http://localhost:59873 "POST /session/7ea3109d76211e5fd552f4aa86267cb8/execute/sync HTTP/1.1" 200 0
2026-08-24 15:41:30 - selenium.webdriver.remote.remote_connection - DEBUG - Remote response: status=200 | data={"value":false} | headers=HTTPHeaderDict({'Content-Length': '15', 'Content-Type': 'application/json; charset=utf-8', 'cache-control': 'no-cache'})
2026-08-24 15:41:30 - selenium.webdriver.remote.remote_connection - DEBUG - Finished Request
2026-08-24 15:41:30 - selenium.webdriver.remote.remote_connection - DEBUG - POST http://localhost:59873/session/7ea3109d76211e5fd552f4aa86267cb8/execute/sync {'script': "return document.querySelectorAll('[data-rpa-tag-id]').length > 0", 'args': []}
2026-08-24 15:41:30 - urllib3.connectionpool - DEBUG - http://localhost:59873 "POST /session/7ea3109d76211e5fd552f4aa86267cb8/execute/sync HTTP/1.1" 200 0
2026-08-24 15:41:30 - selenium.webdriver.remote.remote_connection - DEBUG - Remote response: status=200 | data={"value":false} | headers=HTTPHeaderDict({'Content-Length': '15', 'Content-Type': 'application/json; charset=utf-8', 'cache-control': 'no-cache'})
2026-08-24 15:41:30 - selenium.webdriver.remote.remote_connection - DEBUG - Finished Request
2026-08-24 15:41:31 - selenium.webdriver.remote.remote_connection - DEBUG - POST http://localhost:59873/session/7ea3109d76211e5fd552f4aa86267cb8/execute/sync {'script': "return document.querySelectorAll('[data-rpa-tag-id]').length > 0", 'args': []}
2026-08-24 15:41:31 - urllib3.connectionpool - DEBUG - http://localhost:59873 "POST /session/7ea3109d76211e5fd552f4aa86267cb8/execute/sync HTTP/1.1" 200 0
2026-08-24 15:41:31 - selenium.webdriver.remote.remote_connection - DEBUG - Remote response: status=200 | data={"value":false} | headers=HTTPHeaderDict({'Content-Length': '15', 'Content-Type': 'application/json; charset=utf-8', 'cache-control': 'no-cache'})
2026-08-24 15:41:31 - selenium.webdriver.remote.remote_connection - DEBUG - Finished Request
2026-08-24 15:41:31 - selenium.webdriver.remote.remote_connection - DEBUG - POST http://localhost:59873/session/7ea3109d76211e5fd552f4aa86267cb8/execute/sync {'script': "return document.querySelectorAll('[data-rpa-tag-id]').length > 0", 'args': []}
2026-08-24 15:41:31 - urllib3.connectionpool - DEBUG - http://localhost:59873 "POST /session/7ea3109d76211e5fd552f4aa86267cb8/execute/sync HTTP/1.1" 200 0
2026-08-24 15:41:31 - selenium.webdriver.remote.remote_connection - DEBUG - Remote response: status=200 | data={"value":false} | headers=HTTPHeaderDict({'Content-Length': '15', 'Content-Type': 'application/json; charset=utf-8', 'cache-control': 'no-cache'})
2026-08-24 15:41:31 - selenium.webdriver.remote.remote_connection - DEBUG - Finished Request
2026-08-24 15:41:32 - selenium.webdriver.remote.remote_connection - DEBUG - POST http://localhost:59873/session/7ea3109d76211e5fd552f4aa86267cb8/execute/sync {'script': "return document.querySelectorAll('[data-rpa-tag-id]').length > 0", 'args': []}
2026-08-24 15:41:32 - urllib3.connectionpool - DEBUG - http://localhost:59873 "POST /session/7ea3109d76211e5fd552f4aa86267cb8/execute/sync HTTP/1.1" 200 0
2026-08-24 15:41:32 - selenium.webdriver.remote.remote_connection - DEBUG - Remote response: status=200 | data={"value":false} | headers=HTTPHeaderDict({'Content-Length': '15', 'Content-Type': 'application/json; charset=utf-8', 'cache-control': 'no-cache'})
2026-08-24 15:41:32 - selenium.webdriver.remote.remote_connection - DEBUG - Finished Request
2026-08-24 15:41:32 - selenium.webdriver.remote.remote_connection - DEBUG - POST http://localhost:59873/session/7ea3109d76211e5fd552f4aa86267cb8/execute/sync {'script': "return document.querySelectorAll('[data-rpa-tag-id]').length > 0", 'args': []}
2026-08-24 15:41:32 - urllib3.connectionpool - DEBUG - http://localhost:59873 "POST /session/7ea3109d76211e5fd552f4aa86267cb8/execute/sync HTTP/1.1" 200 0
2026-08-24 15:41:32 - selenium.webdriver.remote.remote_connection - DEBUG - Remote response: status=200 | data={"value":false} | headers=HTTPHeaderDict({'Content-Length': '15', 'Content-Type': 'application/json; charset=utf-8', 'cache-control': 'no-cache'})
2026-08-24 15:41:32 - selenium.webdriver.remote.remote_connection - DEBUG - Finished Request
2026-08-24 15:41:33 - selenium.webdriver.remote.remote_connection - DEBUG - POST http://localhost:59873/session/7ea3109d76211e5fd552f4aa86267cb8/execute/sync {'script': "return document.querySelectorAll('[data-rpa-tag-id]').length > 0", 'args': []}
2026-08-24 15:41:33 - urllib3.connectionpool - DEBUG - http://localhost:59873 "POST /session/7ea3109d76211e5fd552f4aa86267cb8/execute/sync HTTP/1.1" 200 0
2026-08-24 15:41:33 - selenium.webdriver.remote.remote_connection - DEBUG - Remote response: status=200 | data={"value":false} | headers=HTTPHeaderDict({'Content-Length': '15', 'Content-Type': 'application/json; charset=utf-8', 'cache-control': 'no-cache'})
2026-08-24 15:41:33 - selenium.webdriver.remote.remote_connection - DEBUG - Finished Request
2026-08-24 15:41:33 - selenium.webdriver.remote.remote_connection - DEBUG - POST http://localhost:59873/session/7ea3109d76211e5fd552f4aa86267cb8/execute/sync {'script': "return document.querySelectorAll('[data-rpa-tag-id]').length > 0", 'args': []}
2026-08-24 15:41:33 - urllib3.connectionpool - DEBUG - http://localhost:59873 "POST /session/7ea3109d76211e5fd552f4aa86267cb8/execute/sync HTTP/1.1" 200 0
2026-08-24 15:41:33 - selenium.webdriver.remote.remote_connection - DEBUG - Remote response: status=200 | data={"value":false} | headers=HTTPHeaderDict({'Content-Length': '15', 'Content-Type': 'application/json; charset=utf-8', 'cache-control': 'no-cache'})
2026-08-24 15:41:33 - selenium.webdriver.remote.remote_connection - DEBUG - Finished Request
2026-08-24 15:41:34 - selenium.webdriver.remote.remote_connection - DEBUG - POST http://localhost:59873/session/7ea3109d76211e5fd552f4aa86267cb8/execute/sync {'script': "return document.querySelectorAll('[data-rpa-tag-id]').length > 0", 'args': []}
2026-08-24 15:41:34 - urllib3.connectionpool - DEBUG - http://localhost:59873 "POST /session/7ea3109d76211e5fd552f4aa86267cb8/execute/sync HTTP/1.1" 200 0
2026-08-24 15:41:34 - selenium.webdriver.remote.remote_connection - DEBUG - Remote response: status=200 | data={"value":false} | headers=HTTPHeaderDict({'Content-Length': '15', 'Content-Type': 'application/json; charset=utf-8', 'cache-control': 'no-cache'})
2026-08-24 15:41:34 - selenium.webdriver.remote.remote_connection - DEBUG - Finished Request
2026-08-24 15:41:34 - selenium.webdriver.remote.remote_connection - DEBUG - POST http://localhost:59873/session/7ea3109d76211e5fd552f4aa86267cb8/execute/sync {'script': "return document.querySelectorAll('[data-rpa-tag-id]').length > 0", 'args': []}
2026-08-24 15:41:34 - urllib3.connectionpool - DEBUG - http://localhost:59873 "POST /session/7ea3109d76211e5fd552f4aa86267cb8/execute/sync HTTP/1.1" 200 0
2026-08-24 15:41:34 - selenium.webdriver.remote.remote_connection - DEBUG - Remote response: status=200 | data={"value":false} | headers=HTTPHeaderDict({'Content-Length': '15', 'Content-Type': 'application/json; charset=utf-8', 'cache-control': 'no-cache'})
2026-08-24 15:41:34 - selenium.webdriver.remote.remote_connection - DEBUG - Finished Request
2026-08-24 15:41:35 - selenium.webdriver.remote.remote_connection - DEBUG - POST http://localhost:59873/session/7ea3109d76211e5fd552f4aa86267cb8/execute/sync {'script': "return document.querySelectorAll('[data-rpa-tag-id]').length > 0", 'args': []}
2026-08-24 15:41:35 - urllib3.connectionpool - DEBUG - http://localhost:59873 "POST /session/7ea3109d76211e5fd552f4aa86267cb8/execute/sync HTTP/1.1" 200 0
2026-08-24 15:41:35 - selenium.webdriver.remote.remote_connection - DEBUG - Remote response: status=200 | data={"value":false} | headers=HTTPHeaderDict({'Content-Length': '15', 'Content-Type': 'application/json; charset=utf-8', 'cache-control': 'no-cache'})
2026-08-24 15:41:35 - selenium.webdriver.remote.remote_connection - DEBUG - Finished Request
2026-08-24 15:41:35 - selenium.webdriver.remote.remote_connection - DEBUG - POST http://localhost:59873/session/7ea3109d76211e5fd552f4aa86267cb8/execute/sync {'script': "return document.querySelectorAll('[data-rpa-tag-id]').length > 0", 'args': []}
2026-08-24 15:41:35 - urllib3.connectionpool - DEBUG - http://localhost:59873 "POST /session/7ea3109d76211e5fd552f4aa86267cb8/execute/sync HTTP/1.1" 200 0
2026-08-24 15:41:35 - selenium.webdriver.remote.remote_connection - DEBUG - Remote response: status=200 | data={"value":false} | headers=HTTPHeaderDict({'Content-Length': '15', 'Content-Type': 'application/json; charset=utf-8', 'cache-control': 'no-cache'})
2026-08-24 15:41:35 - selenium.webdriver.remote.remote_connection - DEBUG - Finished Request
2026-08-24 15:41:36 - selenium.webdriver.remote.remote_connection - DEBUG - POST http://localhost:59873/session/7ea3109d76211e5fd552f4aa86267cb8/execute/sync {'script': "return document.querySelectorAll('[data-rpa-tag-id]').length > 0", 'args': []}
2026-08-24 15:41:36 - urllib3.connectionpool - DEBUG - http://localhost:59873 "POST /session/7ea3109d76211e5fd552f4aa86267cb8/execute/sync HTTP/1.1" 200 0
2026-08-24 15:41:36 - selenium.webdriver.remote.remote_connection - DEBUG - Remote response: status=200 | data={"value":false} | headers=HTTPHeaderDict({'Content-Length': '15', 'Content-Type': 'application/json; charset=utf-8', 'cache-control': 'no-cache'})
2026-08-24 15:41:36 - selenium.webdriver.remote.remote_connection - DEBUG - Finished Request
2026-08-24 15:41:36 - selenium.webdriver.remote.remote_connection - DEBUG - POST http://localhost:59873/session/7ea3109d76211e5fd552f4aa86267cb8/execute/sync {'script': "return document.querySelectorAll('[data-rpa-tag-id]').length > 0", 'args': []}
2026-08-24 15:41:37 - urllib3.connectionpool - DEBUG - http://localhost:59873 "POST /session/7ea3109d76211e5fd552f4aa86267cb8/execute/sync HTTP/1.1" 200 0
2026-08-24 15:41:37 - selenium.webdriver.remote.remote_connection - DEBUG - Remote response: status=200 | data={"value":false} | headers=HTTPHeaderDict({'Content-Length': '15', 'Content-Type': 'application/json; charset=utf-8', 'cache-control': 'no-cache'})
2026-08-24 15:41:37 - selenium.webdriver.remote.remote_connection - DEBUG - Finished Request
2026-08-24 15:41:37 - selenium.webdriver.remote.remote_connection - DEBUG - POST http://localhost:59873/session/7ea3109d76211e5fd552f4aa86267cb8/execute/sync {'script': "return document.querySelectorAll('[data-rpa-tag-id]').length > 0", 'args': []}
2026-08-24 15:41:37 - urllib3.connectionpool - DEBUG - http://localhost:59873 "POST /session/7ea3109d76211e5fd552f4aa86267cb8/execute/sync HTTP/1.1" 200 0
2026-08-24 15:41:37 - selenium.webdriver.remote.remote_connection - DEBUG - Remote response: status=200 | data={"value":false} | headers=HTTPHeaderDict({'Content-Length': '15', 'Content-Type': 'application/json; charset=utf-8', 'cache-control': 'no-cache'})
2026-08-24 15:41:37 - selenium.webdriver.remote.remote_connection - DEBUG - Finished Request
2026-08-24 15:41:38 - selenium.webdriver.remote.remote_connection - DEBUG - POST http://localhost:59873/session/7ea3109d76211e5fd552f4aa86267cb8/execute/sync {'script': "return document.querySelectorAll('[data-rpa-tag-id]').length > 0", 'args': []}
2026-08-24 15:41:38 - urllib3.connectionpool - DEBUG - http://localhost:59873 "POST /session/7ea3109d76211e5fd552f4aa86267cb8/execute/sync HTTP/1.1" 200 0
2026-08-24 15:41:38 - selenium.webdriver.remote.remote_connection - DEBUG - Remote response: status=200 | data={"value":false} | headers=HTTPHeaderDict({'Content-Length': '15', 'Content-Type': 'application/json; charset=utf-8', 'cache-control': 'no-cache'})
2026-08-24 15:41:38 - selenium.webdriver.remote.remote_connection - DEBUG - Finished Request
2026-08-24 15:41:38 - selenium.webdriver.remote.remote_connection - DEBUG - POST http://localhost:59873/session/7ea3109d76211e5fd552f4aa86267cb8/execute/sync {'script': "return document.querySelectorAll('[data-rpa-tag-id]').length > 0", 'args': []}
2026-08-24 15:41:38 - urllib3.connectionpool - DEBUG - http://localhost:59873 "POST /session/7ea3109d76211e5fd552f4aa86267cb8/execute/sync HTTP/1.1" 200 0
2026-08-24 15:41:38 - selenium.webdriver.remote.remote_connection - DEBUG - Remote response: status=200 | data={"value":false} | headers=HTTPHeaderDict({'Content-Length': '15', 'Content-Type': 'application/json; charset=utf-8', 'cache-control': 'no-cache'})
2026-08-24 15:41:38 - selenium.webdriver.remote.remote_connection - DEBUG - Finished Request
2026-08-24 15:41:39 - selenium.webdriver.remote.remote_connection - DEBUG - POST http://localhost:59873/session/7ea3109d76211e5fd552f4aa86267cb8/execute/sync {'script': "return document.querySelectorAll('[data-rpa-tag-id]').length > 0", 'args': []}
2026-08-24 15:41:39 - urllib3.connectionpool - DEBUG - http://localhost:59873 "POST /session/7ea3109d76211e5fd552f4aa86267cb8/execute/sync HTTP/1.1" 200 0
2026-08-24 15:41:39 - selenium.webdriver.remote.remote_connection - DEBUG - Remote response: status=200 | data={"value":false} | headers=HTTPHeaderDict({'Content-Length': '15', 'Content-Type': 'application/json; charset=utf-8', 'cache-control': 'no-cache'})
2026-08-24 15:41:39 - selenium.webdriver.remote.remote_connection - DEBUG - Finished Request
2026-08-24 15:41:39 - selenium.webdriver.remote.remote_connection - DEBUG - POST http://localhost:59873/session/7ea3109d76211e5fd552f4aa86267cb8/execute/sync {'script': "return document.querySelectorAll('[data-rpa-tag-id]').length > 0", 'args': []}
2026-08-24 15:41:39 - urllib3.connectionpool - DEBUG - http://localhost:59873 "POST /session/7ea3109d76211e5fd552f4aa86267cb8/execute/sync HTTP/1.1" 200 0
2026-08-24 15:41:39 - selenium.webdriver.remote.remote_connection - DEBUG - Remote response: status=200 | data={"value":false} | headers=HTTPHeaderDict({'Content-Length': '15', 'Content-Type': 'application/json; charset=utf-8', 'cache-control': 'no-cache'})
2026-08-24 15:41:39 - selenium.webdriver.remote.remote_connection - DEBUG - Finished Request
2026-08-24 15:41:40 - selenium.webdriver.remote.remote_connection - DEBUG - POST http://localhost:59873/session/7ea3109d76211e5fd552f4aa86267cb8/execute/sync {'script': "return document.querySelectorAll('[data-rpa-tag-id]').length > 0", 'args': []}
2026-08-24 15:41:40 - urllib3.connectionpool - DEBUG - http://localhost:59873 "POST /session/7ea3109d76211e5fd552f4aa86267cb8/execute/sync HTTP/1.1" 200 0
2026-08-24 15:41:40 - selenium.webdriver.remote.remote_connection - DEBUG - Remote response: status=200 | data={"value":false} | headers=HTTPHeaderDict({'Content-Length': '15', 'Content-Type': 'application/json; charset=utf-8', 'cache-control': 'no-cache'})
2026-08-24 15:41:40 - selenium.webdriver.remote.remote_connection - DEBUG - Finished Request
2026-08-24 15:41:40 - selenium.webdriver.remote.remote_connection - DEBUG - POST http://localhost:59873/session/7ea3109d76211e5fd552f4aa86267cb8/execute/sync {'script': "return document.querySelectorAll('[data-rpa-tag-id]').length > 0", 'args': []}
2026-08-24 15:41:40 - urllib3.connectionpool - DEBUG - http://localhost:59873 "POST /session/7ea3109d76211e5fd552f4aa86267cb8/execute/sync HTTP/1.1" 200 0
2026-08-24 15:41:40 - selenium.webdriver.remote.remote_connection - DEBUG - Remote response: status=200 | data={"value":false} | headers=HTTPHeaderDict({'Content-Length': '15', 'Content-Type': 'application/json; charset=utf-8', 'cache-control': 'no-cache'})
2026-08-24 15:41:40 - selenium.webdriver.remote.remote_connection - DEBUG - Finished Request
2026-08-24 15:41:41 - selenium.webdriver.remote.remote_connection - DEBUG - POST http://localhost:59873/session/7ea3109d76211e5fd552f4aa86267cb8/execute/sync {'script': "return document.querySelectorAll('[data-rpa-tag-id]').length > 0", 'args': []}
2026-08-24 15:41:41 - urllib3.connectionpool - DEBUG - http://localhost:59873 "POST /session/7ea3109d76211e5fd552f4aa86267cb8/execute/sync HTTP/1.1" 200 0
2026-08-24 15:41:41 - selenium.webdriver.remote.remote_connection - DEBUG - Remote response: status=200 | data={"value":false} | headers=HTTPHeaderDict({'Content-Length': '15', 'Content-Type': 'application/json; charset=utf-8', 'cache-control': 'no-cache'})
2026-08-24 15:41:41 - selenium.webdriver.remote.remote_connection - DEBUG - Finished Request
2026-08-24 15:41:41 - selenium.webdriver.remote.remote_connection - DEBUG - POST http://localhost:59873/session/7ea3109d76211e5fd552f4aa86267cb8/execute/sync {'script': "return document.querySelectorAll('[data-rpa-tag-id]').length > 0", 'args': []}
2026-08-24 15:41:41 - urllib3.connectionpool - DEBUG - http://localhost:59873 "POST /session/7ea3109d76211e5fd552f4aa86267cb8/execute/sync HTTP/1.1" 200 0
2026-08-24 15:41:41 - selenium.webdriver.remote.remote_connection - DEBUG - Remote response: status=200 | data={"value":false} | headers=HTTPHeaderDict({'Content-Length': '15', 'Content-Type': 'application/json; charset=utf-8', 'cache-control': 'no-cache'})
2026-08-24 15:41:41 - selenium.webdriver.remote.remote_connection - DEBUG - Finished Request
2026-08-24 15:41:42 - selenium.webdriver.remote.remote_connection - DEBUG - POST http://localhost:59873/session/7ea3109d76211e5fd552f4aa86267cb8/execute/sync {'script': "return document.querySelectorAll('[data-rpa-tag-id]').length > 0", 'args': []}
2026-08-24 15:41:42 - urllib3.connectionpool - DEBUG - http://localhost:59873 "POST /session/7ea3109d76211e5fd552f4aa86267cb8/execute/sync HTTP/1.1" 200 0
2026-08-24 15:41:42 - selenium.webdriver.remote.remote_connection - DEBUG - Remote response: status=200 | data={"value":false} | headers=HTTPHeaderDict({'Content-Length': '15', 'Content-Type': 'application/json; charset=utf-8', 'cache-control': 'no-cache'})
2026-08-24 15:41:42 - selenium.webdriver.remote.remote_connection - DEBUG - Finished Request
2026-08-24 15:41:42 - selenium.webdriver.remote.remote_connection - DEBUG - POST http://localhost:59873/session/7ea3109d76211e5fd552f4aa86267cb8/execute/sync {'script': "return document.querySelectorAll('[data-rpa-tag-id]').length > 0", 'args': []}
2026-08-24 15:41:42 - urllib3.connectionpool - DEBUG - http://localhost:59873 "POST /session/7ea3109d76211e5fd552f4aa86267cb8/execute/sync HTTP/1.1" 200 0
2026-08-24 15:41:42 - selenium.webdriver.remote.remote_connection - DEBUG - Remote response: status=200 | data={"value":false} | headers=HTTPHeaderDict({'Content-Length': '15', 'Content-Type': 'application/json; charset=utf-8', 'cache-control': 'no-cache'})
2026-08-24 15:41:42 - selenium.webdriver.remote.remote_connection - DEBUG - Finished Request
2026-08-24 15:41:43 - selenium.webdriver.remote.remote_connection - DEBUG - POST http://localhost:59873/session/7ea3109d76211e5fd552f4aa86267cb8/execute/sync {'script': "return document.querySelectorAll('[data-rpa-tag-id]').length > 0", 'args': []}
2026-08-24 15:41:43 - urllib3.connectionpool - DEBUG - http://localhost:59873 "POST /session/7ea3109d76211e5fd552f4aa86267cb8/execute/sync HTTP/1.1" 200 0
2026-08-24 15:41:43 - selenium.webdriver.remote.remote_connection - DEBUG - Remote response: status=200 | data={"value":false} | headers=HTTPHeaderDict({'Content-Length': '15', 'Content-Type': 'application/json; charset=utf-8', 'cache-control': 'no-cache'})
2026-08-24 15:41:43 - selenium.webdriver.remote.remote_connection - DEBUG - Finished Request
2026-08-24 15:41:43 - selenium.webdriver.remote.remote_connection - DEBUG - POST http://localhost:59873/session/7ea3109d76211e5fd552f4aa86267cb8/execute/sync {'script': "return document.querySelectorAll('[data-rpa-tag-id]').length > 0", 'args': []}
2026-08-24 15:41:43 - urllib3.connectionpool - DEBUG - http://localhost:59873 "POST /session/7ea3109d76211e5fd552f4aa86267cb8/execute/sync HTTP/1.1" 200 0
2026-08-24 15:41:43 - selenium.webdriver.remote.remote_connection - DEBUG - Remote response: status=200 | data={"value":false} | headers=HTTPHeaderDict({'Content-Length': '15', 'Content-Type': 'application/json; charset=utf-8', 'cache-control': 'no-cache'})
2026-08-24 15:41:43 - selenium.webdriver.remote.remote_connection - DEBUG - Finished Request
2026-08-24 15:41:44 - selenium.webdriver.remote.remote_connection - DEBUG - POST http://localhost:59873/session/7ea3109d76211e5fd552f4aa86267cb8/execute/sync {'script': "return document.querySelectorAll('[data-rpa-tag-id]').length > 0", 'args': []}
2026-08-24 15:41:44 - urllib3.connectionpool - DEBUG - http://localhost:59873 "POST /session/7ea3109d76211e5fd552f4aa86267cb8/execute/sync HTTP/1.1" 200 0
2026-08-24 15:41:44 - selenium.webdriver.remote.remote_connection - DEBUG - Remote response: status=200 | data={"value":false} | headers=HTTPHeaderDict({'Content-Length': '15', 'Content-Type': 'application/json; charset=utf-8', 'cache-control': 'no-cache'})
2026-08-24 15:41:44 - selenium.webdriver.remote.remote_connection - DEBUG - Finished Request
2026-08-24 15:41:44 - selenium.webdriver.remote.remote_connection - DEBUG - POST http://localhost:59873/session/7ea3109d76211e5fd552f4aa86267cb8/execute/sync {'script': "return document.querySelectorAll('[data-rpa-tag-id]').length > 0", 'args': []}
2026-08-24 15:41:44 - urllib3.connectionpool - DEBUG - http://localhost:59873 "POST /session/7ea3109d76211e5fd552f4aa86267cb8/execute/sync HTTP/1.1" 200 0
2026-08-24 15:41:44 - selenium.webdriver.remote.remote_connection - DEBUG - Remote response: status=200 | data={"value":false} | headers=HTTPHeaderDict({'Content-Length': '15', 'Content-Type': 'application/json; charset=utf-8', 'cache-control': 'no-cache'})
2026-08-24 15:41:44 - selenium.webdriver.remote.remote_connection - DEBUG - Finished Request
2026-08-24 15:41:45 - selenium.webdriver.remote.remote_connection - DEBUG - POST http://localhost:59873/session/7ea3109d76211e5fd552f4aa86267cb8/execute/sync {'script': "return document.querySelectorAll('[data-rpa-tag-id]').length > 0", 'args': []}
2026-08-24 15:41:45 - urllib3.connectionpool - DEBUG - http://localhost:59873 "POST /session/7ea3109d76211e5fd552f4aa86267cb8/execute/sync HTTP/1.1" 200 0
2026-08-24 15:41:45 - selenium.webdriver.remote.remote_connection - DEBUG - Remote response: status=200 | data={"value":false} | headers=HTTPHeaderDict({'Content-Length': '15', 'Content-Type': 'application/json; charset=utf-8', 'cache-control': 'no-cache'})
2026-08-24 15:41:45 - selenium.webdriver.remote.remote_connection - DEBUG - Finished Request
2026-08-24 15:41:45 - selenium.webdriver.remote.remote_connection - DEBUG - POST http://localhost:59873/session/7ea3109d76211e5fd552f4aa86267cb8/execute/sync {'script': "return document.querySelectorAll('[data-rpa-tag-id]').length > 0", 'args': []}
2026-08-24 15:41:45 - urllib3.connectionpool - DEBUG - http://localhost:59873 "POST /session/7ea3109d76211e5fd552f4aa86267cb8/execute/sync HTTP/1.1" 200 0
2026-08-24 15:41:45 - selenium.webdriver.remote.remote_connection - DEBUG - Remote response: status=200 | data={"value":false} | headers=HTTPHeaderDict({'Content-Length': '15', 'Content-Type': 'application/json; charset=utf-8', 'cache-control': 'no-cache'})
2026-08-24 15:41:45 - selenium.webdriver.remote.remote_connection - DEBUG - Finished Request
2026-08-24 15:41:46 - selenium.webdriver.remote.remote_connection - DEBUG - POST http://localhost:59873/session/7ea3109d76211e5fd552f4aa86267cb8/execute/sync {'script': "return document.querySelectorAll('[data-rpa-tag-id]').length > 0", 'args': []}
2026-08-24 15:41:46 - urllib3.connectionpool - DEBUG - http://localhost:59873 "POST /session/7ea3109d76211e5fd552f4aa86267cb8/execute/sync HTTP/1.1" 200 0
2026-08-24 15:41:46 - selenium.webdriver.remote.remote_connection - DEBUG - Remote response: status=200 | data={"value":false} | headers=HTTPHeaderDict({'Content-Length': '15', 'Content-Type': 'application/json; charset=utf-8', 'cache-control': 'no-cache'})
2026-08-24 15:41:46 - selenium.webdriver.remote.remote_connection - DEBUG - Finished Request
2026-08-24 15:41:46 - selenium.webdriver.remote.remote_connection - DEBUG - POST http://localhost:59873/session/7ea3109d76211e5fd552f4aa86267cb8/execute/sync {'script': "return document.querySelectorAll('[data-rpa-tag-id]').length > 0", 'args': []}
2026-08-24 15:41:46 - urllib3.connectionpool - DEBUG - http://localhost:59873 "POST /session/7ea3109d76211e5fd552f4aa86267cb8/execute/sync HTTP/1.1" 200 0
2026-08-24 15:41:46 - selenium.webdriver.remote.remote_connection - DEBUG - Remote response: status=200 | data={"value":false} | headers=HTTPHeaderDict({'Content-Length': '15', 'Content-Type': 'application/json; charset=utf-8', 'cache-control': 'no-cache'})
2026-08-24 15:41:46 - selenium.webdriver.remote.remote_connection - DEBUG - Finished Request
2026-08-24 15:41:47 - selenium.webdriver.remote.remote_connection - DEBUG - POST http://localhost:59873/session/7ea3109d76211e5fd552f4aa86267cb8/execute/sync {'script': "return document.querySelectorAll('[data-rpa-tag-id]').length > 0", 'args': []}
2026-08-24 15:41:47 - urllib3.connectionpool - DEBUG - http://localhost:59873 "POST /session/7ea3109d76211e5fd552f4aa86267cb8/execute/sync HTTP/1.1" 200 0
2026-08-24 15:41:47 - selenium.webdriver.remote.remote_connection - DEBUG - Remote response: status=200 | data={"value":false} | headers=HTTPHeaderDict({'Content-Length': '15', 'Content-Type': 'application/json; charset=utf-8', 'cache-control': 'no-cache'})
2026-08-24 15:41:47 - selenium.webdriver.remote.remote_connection - DEBUG - Finished Request
2026-08-24 15:41:47 - selenium.webdriver.remote.remote_connection - DEBUG - POST http://localhost:59873/session/7ea3109d76211e5fd552f4aa86267cb8/execute/sync {'script': "return document.querySelectorAll('[data-rpa-tag-id]').length > 0", 'args': []}
2026-08-24 15:41:47 - urllib3.connectionpool - DEBUG - http://localhost:59873 "POST /session/7ea3109d76211e5fd552f4aa86267cb8/execute/sync HTTP/1.1" 200 0
2026-08-24 15:41:47 - selenium.webdriver.remote.remote_connection - DEBUG - Remote response: status=200 | data={"value":false} | headers=HTTPHeaderDict({'Content-Length': '15', 'Content-Type': 'application/json; charset=utf-8', 'cache-control': 'no-cache'})
2026-08-24 15:41:47 - selenium.webdriver.remote.remote_connection - DEBUG - Finished Request
2026-08-24 15:41:48 - selenium.webdriver.remote.remote_connection - DEBUG - POST http://localhost:59873/session/7ea3109d76211e5fd552f4aa86267cb8/execute/sync {'script': "return document.querySelectorAll('[data-rpa-tag-id]').length > 0", 'args': []}
2026-08-24 15:41:48 - urllib3.connectionpool - DEBUG - http://localhost:59873 "POST /session/7ea3109d76211e5fd552f4aa86267cb8/execute/sync HTTP/1.1" 200 0
2026-08-24 15:41:48 - selenium.webdriver.remote.remote_connection - DEBUG - Remote response: status=200 | data={"value":false} | headers=HTTPHeaderDict({'Content-Length': '15', 'Content-Type': 'application/json; charset=utf-8', 'cache-control': 'no-cache'})
2026-08-24 15:41:48 - selenium.webdriver.remote.remote_connection - DEBUG - Finished Request
2026-08-24 15:41:48 - scraper - ERROR - Page failed to become ready even after refresh
2026-08-24 15:41:48 - scraper - ERROR - All 3 attempts failed for VCSH
2026-08-24 15:41:48 - scraper - ERROR - Required product VCSH failed — aborting
2026-08-24 15:41:48 - selenium.webdriver.remote.remote_connection - DEBUG - DELETE http://localhost:59873/session/7ea3109d76211e5fd552f4aa86267cb8 {}
2026-08-24 15:41:48 - urllib3.connectionpool - DEBUG - http://localhost:59873 "DELETE /session/7ea3109d76211e5fd552f4aa86267cb8 HTTP/1.1" 200 0
2026-08-24 15:41:48 - selenium.webdriver.remote.remote_connection - DEBUG - Remote response: status=200 | data={"value":null} | headers=HTTPHeaderDict({'Content-Length': '14', 'Content-Type': 'application/json; charset=utf-8', 'cache-control': 'no-cache'})
2026-08-24 15:41:48 - selenium.webdriver.remote.remote_connection - DEBUG - Finished Request
2026-08-24 15:41:52 - scraper - INFO - Browser closed
2026-08-24 15:41:52 - __main__ - ERROR - Failed to scrape ETF data
